4.1989e-07,6.2369e-07,4.839e-07,9.1829e-09,0.0039911
0.001485,2.7436e-07,0.001736,4.987e-05,2.5855e-07
0.0025071,3.483e-05,0.00031041,1.1403e-05,3.6405e-09
4.7169e-06,4.507e-08,0.0001787,1.601e-05,0.0037946
0.0023671,3.6663e-05,7.3214e-05,3.7969e-06,0.00045349
0.0027272,2.3566e-09,1.2065e-07,5.4197e-07,1.406e-05
0.0026525,3.3789e-07,0.00011793,3.4684e-07,7.0899e-09
1.5168e-05,3.6141e-05,0.0036796,0,0.00011981
0.0025885,1.0858e-09,1.4493e-06,6.2083e-06,0.00021349
0.00015196,0.003403,0.0028392,7.5423e-06,3.741e-06
0.00036095,8.5032e-05,6.9331e-05,5.7763e-05,0.0033581
1.7236e-07,1.0499e-08,2.1412e-08,5.8587e-07,0.0039919
0.00092518,2.5609e-06,0.0025027,0.00010773,4.1277e-07
1.9836e-06,0.0062524,0.0010937,0.0026632,0.00066742
0.00035739,8.8029e-05,0.0030385,0.00069107,9.3701e-05
0.0016248,4.284e-06,0.0015526,6.6867e-10,2.7557e-07
7.3528e-05,6.2915e-06,1.2978e-05,0.00023859,0.0038065
4.9526e-06,5.2769e-07,3.1143e-06,0.00031279,0.0038984
0.00011651,1.0499e-09,1.0357e-08,0.00040977,0.0037133
0.00073192,2.3329e-05,0.00036472,0.009527,1.2204e-06
0.00011341,0.00015276,0.0013042,0.0030764,0.00161
0,1.1349e-05,0.0013138,0.00011235,0.0025879
1.468e-07,7.9606e-05,0.0038055,1.3478e-07,2.2084e-09
0.00073176,1.6513e-06,4.4256e-05,5.0914e-09,0.0028784
6.0175e-07,1.7566e-05,0.0029051,0.00034051,0.00086332
0.0018293,0.00035616,0.00091477,0.00099026,2.1467e-05
0.0012617,5.4655e-05,0.00049368,3.7383e-05,0.0016137
1.1296e-07,4.8997e-06,0.0038223,0,1.8607e-08
0.0024382,6.7119e-08,8.8054e-07,1.5672e-07,0.00043485
0.00023084,3.1449e-07,8.4332e-06,5.1243e-06,0.0036454
3.8764e-05,1.3743e-09,1.8897e-06,4.7926e-06,0.0039325
0,0.0032082,0.0017398,0.0048628,0.00012611
0.0026715,3.3688e-05,2.0769e-05,2.5743e-08,6.5912e-05
0.0024818,3.2868e-07,6.0064e-07,1.1468e-05,0.00036856
1.9831e-05,0.012013,0.00044287,0.0011792,0.00036105
0.00043353,1.258e-07,2.5933e-07,0.00018729,0.0033098
6.2903e-06,4.6416e-11,2.3411e-08,1.6896e-06,0.0039827
0.0026535,0.00026905,4.0231e-05,5.6856e-05,1.3272e-06
0.0001888,4.6638e-06,0.0035275,2.6508e-06,3.1975e-05
4.123e-05,9.9918e-06,0.0037553,0,8.8384e-06
0.0023741,3.7541e-05,9.4392e-06,0.0016752,6.4588e-05
0.0027132,4.0099e-05,2.288e-06,7.0193e-05,4.2228e-06
1.5804e-05,0.00026438,0.00032616,0.0084836,0.0013072
0.0026312,6.9385e-09,6.8007e-06,2.8303e-07,0.0001472
3.8331e-06,2.5606e-08,3.306e-05,0.014826,3.8898e-06
0.00041944,7.6686e-07,0.0023894,8.9232e-05,0.00086179
0.0021612,8.7182e-05,0.00037156,0.00021481,0.00037422
0,4.5847e-06,0.00013588,0.014146,8.2134e-05
0.0017609,1.944e-07,1.5727e-06,1.4697e-05,0.0014182
2.0998e-05,3.2772e-06,3.1703e-05,0.0071792,0.0020159
0.0024979,7.9857e-06,1.7751e-05,0.0001027,0.00030104
9.2391e-05,3.7598e-07,2.3927e-06,0.00044879,0.0037355
0.0014488,0.00020514,9.9724e-05,0.00044654,0.0016078
0.0024505,0.0009473,0.00017343,0,1.3976e-05
0.0018452,0.0015532,0.00011728,0.0029336,3.171e-05
8.4631e-05,0.013969,1.8885e-05,0.0020838,8.2533e-06
7.0529e-05,0.0010173,0.0020131,0.00012627,0.0015146
0.0023946,0.00085917,6.5293e-05,0.00076586,2.5258e-05
0.0027136,5.4288e-09,1.6331e-06,3.2733e-08,3.2419e-05
1.8366e-05,2.0886e-06,0.0012513,4.1298e-06,0.0026574
0.0022035,2.0769e-07,1.115e-07,1.0353e-05,0.00077528
0.0022552,5.1743e-05,1.736e-05,0.00010517,0.00064448
7.193e-06,0.0011331,0.0033943,2.6247e-05,0.00016429
0.0018127,0.0019264,0.00047703,0.0014823,2.2921e-06
0.00070914,0.0025111,0.00022622,0.0015446,0.0017197
2.1551e-05,0.00016218,0.0010442,3.87e-05,0.0028222
2.7505e-06,0.00014897,0.00018344,0.0012878,0.0034188
2.6614e-05,0.00017713,0.003672,0.00012625,4.4249e-05
0.0026933,0.00021501,9.8443e-06,7.1645e-06,9.9908e-07
0.0026612,2.801e-05,9.4381e-05,7.9045e-06,3.2922e-06
0.0023329,0.0021069,3.4052e-05,4.0026e-06,5.7258e-05
7.4732e-05,1.2236e-06,1.0749e-05,0.006678,0.0020934
1.1732e-07,0.00057775,0.00015173,0.013871,3.7203e-06
1.5483e-06,2.6601e-05,0.0038136,6.5357e-06,1.692e-07
1.9139e-07,1.3872e-06,0.0038229,3.3527e-07,1.5826e-08
2.8068e-05,1.7806e-05,0.003779,3.258e-06,5.5761e-07
0.00017703,0.0048245,0.0023584,0.00049902,3.9063e-06
0.00099873,0.00016581,9.2344e-05,0.00011616,0.0023692
0.0027011,7.5314e-08,8.7417e-06,3.0936e-05,3.4958e-05
0.0020229,2.6278e-07,0.00098144,1.1121e-05,1.3878e-05
1.4463e-05,0.00037238,7.5842e-05,1.0526e-06,0.0038042
1.3827e-06,4.4511e-05,0.0038114,2.6778e-10,2.4246e-07
0.0020605,0.00021554,0.00071822,6.3289e-06,0.00018445
0.00028059,0.00029136,0.0033648,2.3387e-06,6.6088e-07
7.6981e-05,1.0431e-05,0.0003296,4.2446e-05,0.0035222
0.0020672,0.0002863,7.2883e-05,0.0013454,0.00047522
0.002733,7.3126e-08,3.9324e-06,1.5045e-06,1.3528e-06
0.0025947,0.00012937,0.00015996,1.0507e-06,9.805e-06
0.0023521,0.0009189,0.00020027,2.0593e-05,0.00013068
0.0022782,0.00010092,0.00049497,0.00030885,4.638e-05
0.0026907,2.7682e-08,2.6232e-10,4.6106e-07,6.7485e-05
0.0019123,0.001356,0.00021428,0.001386,0.0002912
0.0013155,0.00206,0,0.0058932,1.9471e-05
0.0026627,2.9016e-07,5.5542e-06,0.00027796,2.8575e-05
4.6659e-06,0.0016027,0.00028358,0.0078456,0.001223
1.1265e-05,0.00087352,0.0016145,0.0011891,0.001768
0.00040842,4.3665e-05,0.0031473,0.00037043,1.5118e-06
0.00073965,6.609e-06,0.00018559,0,0.0027181
0.0026295,4.8354e-08,5.8194e-08,2.7819e-07,0.00015675
4.2701e-05,0.0048379,0.0001896,0.001436,0.0022116
7.0296e-05,3.4914e-05,0.0036615,0.00019067,7.7601e-06
0.002407,7.2753e-07,5.5854e-05,0.00095198,0.00016936
7.4571e-06,5.0631e-07,0.0036607,4.2324e-05,0.00014789
2.38e-07,7.7276e-05,0.0038059,3.8058e-08,1.4815e-10
0.0027367,8.0884e-07,2.1594e-08,3.6018e-07,1.816e-07
0.00025521,4.461e-05,4.7353e-05,0.00017283,0.0035141
2.0383e-05,0.00014641,0.0027586,0.0038731,1.6399e-05
0.00022764,9.0034e-05,0.0034546,9.8414e-05,5.8981e-06
2.4549e-05,1.4589e-05,0.0012931,0.0089005,0.00023262
0.0023258,1.7256e-05,7.7343e-05,0.00010037,0.00048826
0.0021923,0.002,3.7479e-05,0.00061271,0.00012183
3.8553e-06,0.002065,0.00068238,0.0068065,0.00097581
1.0116e-05,5.593e-06,0.0037946,2.1524e-11,1.4252e-05
0.0020865,3.9273e-05,0.00086014,2.8722e-05,3.3891e-05
0.0020415,0.00023045,0.00091795,5.7746e-08,1.8054e-06
1.1684e-07,5.1194e-06,0.0037292,1.3201e-05,9.3716e-05
5.2363e-05,0.0021314,0.0031867,2.3711e-05,8.0943e-05
0.0027331,2.4661e-09,4.9396e-06,3.8273e-07,4.0885e-07
0.001097,8.1636e-05,0.0002889,0.0071652,0.00016315
0.0023655,7.2358e-05,0.00047037,0.00012692,3.6077e-09
0.00021512,4.0899e-07,0.00054764,3.1626e-05,0.0030982
2.6297e-07,0.00021506,0.0037633,3.0468e-05,3.9536e-06
0.0013658,4.3141e-07,9.1399e-06,2.1639e-07,0.0019904
3.1712e-05,6.2618e-05,0.0017212,0.00034198,0.0020431
3.2858e-06,0.016685,4.8913e-05,4.0878e-05,8.8099e-07
3.7202e-05,3.4802e-05,4.5976e-07,0.014565,5.0546e-05
0.0026874,7.9405e-05,1.7932e-05,1.908e-05,2.9839e-05
0.00050105,0.0025454,0.0024695,1.5241e-07,8.4264e-05
4.448e-05,6.1876e-06,0.0033395,0.0010728,0.00015341
0.0010831,6.4531e-08,1.4183e-05,1.1145e-05,0.0023947
0.00267,0.00014121,1.0005e-06,0.00011152,3.3774e-05
0,4.6931e-05,0.003808,1.4393e-05,1.4675e-06
4.2051e-05,6.5896e-09,0.0015773,0.006974,0.00042687
0.0021048,1.8107e-08,1.0794e-08,9.6876e-07,0.00092193
0.0027214,7.3964e-05,2.8008e-06,1.6698e-06,1.9379e-06
0.0004294,1.0731e-06,1.1589e-08,0.00068184,0.0031841
8.9186e-05,0.00016495,0.0031687,0.00099037,0.00025121
0.0027245,2.7459e-07,1.7192e-05,1.0765e-08,2.8722e-07
0.0024262,2.9438e-05,0.0004181,3.3628e-05,8.9101e-07
2.2635e-05,1.6023e-06,0.00026907,7.4499e-07,0.0036778
0.0025747,0.00035436,4.9492e-05,0.00037658,1.3966e-06
1.2019e-07,2.2493e-06,7.8871e-06,2.5232e-06,0.0039827
3.2896e-05,1.5502e-05,1.7068e-05,3.7524e-07,0.0039228
2.7671e-05,0.0076191,0.00091788,0.0045094,4.5789e-07
0.0022029,6.9188e-05,0.00065566,6.6133e-06,7.6425e-05
0.0026596,1.8202e-06,4.3435e-05,5.8141e-05,5.1594e-05
1.3506e-07,0.00034632,0.0035897,6.2388e-08,0.00016252
0.0001067,0.00065544,0.00053352,0.0017001,0.0026727
0.0027332,5.1222e-13,2.3185e-06,5.9977e-08,3.1553e-06
6.6406e-05,1.1485e-12,1.1956e-08,5.2345e-07,0.0038953
6.1992e-06,8.0337e-05,1.8963e-06,0.00054608,0.003817
0.0024938,6.699e-07,0.00033273,3.091e-06,6.3444e-06
9.0386e-05,9.2026e-13,7.0111e-08,1.1482e-05,0.0038574
0.0016936,1.2148e-06,7.5793e-07,0.00034284,0.0014296
0.0023257,5.2221e-08,0.00049566,0.00028398,6.7766e-06
0.0023194,0.00052857,2.2065e-05,0.00019234,0.00041056
2.8648e-05,2.3751e-06,1.7402e-05,0.00017576,0.003885
0.00083018,5.2221e-07,5.5415e-05,0.00062293,0.0025575
0.0026806,2.5016e-05,6.9448e-05,2.4112e-06,3.1826e-06
3.7574e-06,6.6507e-08,6.3925e-09,1.1694e-07,0.0039868
0.0005302,2.696e-05,0.00014584,0.00018816,0.0030102
0.0019027,4.9191e-06,0.00037848,0.0020638,0.00027096
5.0312e-06,9.7614e-10,0.0038166,2.6266e-08,3.2453e-08
0.00040974,3.3677e-07,0.00075954,5.796e-07,0.0026014
0.0017609,1.944e-07,1.5727e-06,1.4697e-05,0.0014182
0.0022043,0.003277,0,6.3859e-06,4.5461e-06
0.0020021,0.00046064,0.00067079,0.00075256,6.2842e-05
0.00252,5.6991e-06,0.00029298,5.1128e-06,7.9974e-06
0.00013836,9.2873e-06,0.0033289,0.0011723,3.4159e-07
0.00032443,0.0047167,0,0.00036928,0.0023113
0.0016419,0.0015231,0.00010092,0.0028587,0.00037248
0.00011164,3.0777e-06,2.7256e-07,0.00050556,0.0036938
0.00093494,2.1953e-09,2.6869e-06,0.00011598,0.0025949
3.911e-05,0.0025453,0.0031819,4.3794e-05,2.5972e-06
0.0027251,1.8022e-06,5.7401e-06,1.5256e-05,6.9028e-06
1.9029e-05,1.2435e-05,0.0036229,5.2166e-07,0.00017877
0.001219,0.004301,0.0011458,6.5848e-06,4.4816e-06
0.0017709,6.9514e-06,0.0012732,7.4825e-05,5.8286e-05
0,0.00031954,7.6566e-06,0.013555,0.00029932
5.2261e-05,0.014399,0,0.0013106,0.00018005
2.4193e-07,2.0604e-07,0.00011578,5.6059e-07,0.0038709
0.0024818,3.2868e-07,6.0064e-07,1.1468e-05,0.00036856
5.4883e-06,0.0015451,0.00022714,0.011857,0.0002261
2.4577e-07,1.5608e-08,1.8258e-06,3.5846e-07,0.00399
0.00031972,3.3472e-05,0,0.00015524,0.0034768
0.0026748,6.4635e-11,9.4268e-06,2.3473e-05,7.4621e-05
8.8321e-05,0.0043863,0.00024301,0.0096071,1.9461e-05
2.9775e-07,4.5508e-05,0.00039574,8.9868e-05,0.0035441
4.0685e-05,8.049e-05,0.0014827,0.007925,0.00025539
0.0022033,0.0021487,0.00018992,0.00018908,2.4413e-05
0.0017169,0.0018504,0.00072862,7.0306e-06,0.00029013
0.00050875,0.00231,0.0023995,0.00066564,2.4286e-05
0.0027368,5.1781e-07,0,5.5235e-08,1.4401e-07
0.0010861,0.0001811,0.00049862,0.0067954,3.5222e-05
0.0014405,1.8624e-07,2.9361e-05,3.5265e-06,0.0018595
0.0024141,0.00025942,9.9335e-05,7.7301e-05,0.0002857
1.2935e-06,1.2e-07,0.0035692,0.00098167,2.3331e-06
0.00010709,0.0002934,0.002388,0.00033122,0.0011856
0.00010638,0.00011187,0.0035949,1.9254e-05,5.2183e-05
0.0010487,0.0070867,0.00075988,4.2782e-06,1.0695e-06
0.0026941,4.9437e-05,2.4256e-05,2.6707e-06,2.4979e-05
0.00034132,0.0023956,3.7148e-05,0.010772,2.3513e-05
0.0026856,1.6131e-05,6.9342e-06,7.7072e-05,4.3367e-05
0.0017863,0.00040955,0.00084494,0.0015059,7.214e-06
0.0026158,3.2688e-10,0.00012459,1.8445e-05,4.1858e-05
0.0026285,1.134e-09,2.4648e-05,3.7372e-06,0.00013149
0.0018362,0.00021546,0.00090347,0.0010984,2.7448e-05
0.002087,1.8237e-06,0.00029426,0.0019205,0.00012896
2.2731e-06,3.716e-07,1.5579e-05,5.5643e-06,0.0039712
0.0019454,0.00025718,0.0007634,0.0011154,2.4987e-08
0.0027138,5.572e-06,1.4097e-06,3.5121e-05,2.1717e-05
0.00018195,1.2264e-07,9.0715e-06,6.1822e-05,0.003701
0.00079678,0.00011247,6.9581e-05,0.0081032,0.000573
1.9464e-06,0.00064012,5.2766e-05,0.014131,2.0551e-05
0.00056378,0.001856,0.0024723,3.6445e-07,0.00015192
0.002216,8.6445e-05,4.3242e-06,0.00010368,0.00070747
9.604e-06,0.0020423,0.0022424,1.2587e-05,0.0011532
0.001546,1.6453e-06,0.0016058,0.00011663,2.9145e-05
0.0026786,5.3781e-05,4.4005e-05,3.1614e-05,1.8126e-05
8.0307e-05,0.012792,0.00080153,9.4495e-05,4.0329e-06
0.0026992,1.7073e-12,1.1292e-06,1.8975e-08,5.4039e-05
8.1631e-06,1.1853e-05,6.2681e-07,8.5517e-06,0.0039747
1.9398e-05,5.6526e-06,0.0004376,3.0223e-06,0.003505
0.0022989,8.2716e-08,0.00048092,2.1945e-06,0.00013632
0.0026034,0.00010965,4.7032e-05,0.00035716,2.4902e-05
0.0026497,6.2573e-07,2.134e-05,7.2956e-06,0.00010294
0.00036105,0.00020899,9.3971e-05,0.011968,0.00013117
0.00034306,0.00025447,4.3087e-05,0.0032931,0.0025101
0.0022967,2.0006e-08,0.00061157,2.2986e-06,3.0719e-06
6.8131e-05,8.8236e-08,8.3108e-07,0.0018909,0.0033885
0.00017613,0.00028303,0.0002854,0.00032736,0.0032837
0.0019345,4.159e-06,0.00028365,0.0018655,0.00037667
0.00056454,6.3623e-07,0.0030336,3.4755e-06,3.0726e-07
0.0016382,0.0053656,0.00022979,0.00010289,7.3244e-05
0.00048833,0.00023425,3.2375e-06,5.7746e-06,0.00322
2.1052e-07,5.1842e-08,2.4586e-06,0.010858,0.0010979
0.0022153,4.5063e-05,0.00048641,0.00090734,8.6216e-07
0.00010231,0.00074551,0.0035126,5.9124e-07,7.9826e-09
0.002725,1.0256e-05,6.3245e-06,3.0788e-05,3.3873e-07
5.7008e-05,6.0064e-05,0.00032372,0.01263,0.00019357
2.4059e-05,2.1801e-09,1.6416e-06,6.4144e-07,0.0039554
0.002701,1.8255e-05,3.5244e-05,1.1848e-05,8.2635e-06
0.00024086,0.0026652,0.0028766,2.8217e-05,3.0165e-06
0.002734,8.565e-08,1.5473e-07,4.5309e-06,3.0141e-06
0.0027149,7.0047e-06,2.5206e-05,1.1801e-05,1.1222e-06
0.0026098,3.8024e-06,0.00017355,6.3151e-06,1.8386e-06
5.7531e-06,0.014033,0.0002356,0.0015903,1.3564e-05
0.00010428,8.5707e-11,1.9344e-05,4.8682e-07,0.0038199
8.3419e-09,2.8333e-11,4.516e-10,4.4452e-07,0.0039922
0.00055858,2.7407e-10,2.3432e-07,1.9387e-07,0.0031773
6.0195e-09,1.245e-08,8.9067e-07,3.5897e-08,0.0039914
0.0007448,1.1774e-05,0.0014644,0.00022042,0.0013155
0.0025848,3.7248e-07,2.7807e-06,1.0228e-09,0.000219
0.002688,3.0352e-05,5.6857e-05,3.2612e-07,4.8301e-06
0.002692,8.3811e-06,5.4887e-06,0.00021719,9.6302e-08
0.002683,8.8623e-05,9.4434e-06,0.00017325,1.944e-06
2.1211e-05,1.7599e-05,0.0037829,1.399e-05,3.7108e-06
0.0026112,5.9422e-09,4.6246e-07,4.1476e-07,0.00018295
9.6947e-05,0.0090721,0.0016127,9.8664e-05,6.7345e-06
0.002167,5.0342e-10,7.2996e-08,8.7604e-07,0.0008312
0.002728,1.1414e-05,2.227e-07,6.5588e-06,8.5379e-06
7.0969e-06,0.00019475,0.0037419,1.8084e-06,2.868e-05
0.0026154,0.00060481,2.3633e-06,4.8829e-05,1.9676e-05
0.00094699,1.7464e-06,0.00017401,3.2502e-09,0.0024289
1.6246e-06,7.1773e-08,4.0427e-07,1.5636e-05,0.0039854
0.0015259,0.0075032,0,3.6648e-07,1.5773e-06
0.0026847,2.2955e-06,4.8741e-05,1.7796e-05,2.0107e-05
0.00083086,7.5295e-06,1.2434e-06,0.0032575,0.0019098
1.1679e-05,7.2551e-07,0.0038071,1.3962e-07,6.2879e-09
0.0027238,3.2607e-07,1.2565e-05,2.0174e-05,6.7555e-07
0.0019948,9.9531e-05,2.0821e-05,0.0034142,0.00012826
6.3953e-05,9.1326e-05,0.0036802,3.1309e-05,2.6613e-05
0.00024228,0.014436,8.1994e-05,0.00045323,3.6894e-05
9.9224e-05,2.4528e-06,0.0036727,4.3261e-05,8.0126e-07
0.0025912,0.00077256,1.7842e-05,4.5223e-05,3.5962e-07
5.8508e-06,0.0015961,0.0013545,0.0071128,0.00029983
0.0026896,6.4015e-08,1.67e-05,4.5926e-05,3.9425e-05
0.0021238,2.6033e-06,1.1089e-07,0.00025048,0.00082708
0.00051124,4.404e-06,2.2288e-05,0.011438,0.00017615
2.042e-05,0.0076294,0.00015036,2.5554e-05,0.0020041
0.00017883,0.00030874,0.0033388,0.00063357,3.9769e-06
0.0026964,1.2444e-06,6.3984e-06,3.705e-05,4.2472e-05
0.00030288,4.3195e-09,9.9337e-05,0.01285,2.4701e-05
7.8489e-06,2.52e-07,1.1651e-07,3.6048e-07,0.0039806
0.00016893,0.0004305,0.0016457,1.5111e-06,0.001926
4.267e-07,3.4951e-05,1.2034e-05,0.014738,4.5875e-05
5.274e-05,0.0058702,0.002327,2.9522e-05,9.706e-05
0.002732,1.767e-05,3.0495e-06,7.7994e-09,3.0273e-08
0.0019957,4.9476e-08,0.0010345,1.6012e-06,7.1208e-07
7.8829e-05,4.0407e-07,3.8551e-06,1.645e-05,0.0038689
0.0027276,6.2328e-08,1.5424e-07,3.9323e-08,1.3608e-05
3.068e-07,0.010979,0.0013484,4.8582e-06,3.7306e-08
3.3276e-05,6.8287e-06,2.8451e-05,0.00097823,0.003652
0.00037508,0.00013082,0.0014913,0.006619,9.461e-05
0,0.00060025,0.0030407,4.4792e-07,0.00067617
1.2922e-07,1.8646e-09,6.9489e-06,0,0.0039849
0.0015072,6.6953e-08,3.8834e-06,3.0787e-05,0.0017816
0,0.0060854,0.0007144,0.0030681,0.00099787
0.00010616,1.2232e-05,0.0036629,2.7862e-05,2.6756e-06
2.4834e-06,3.0964e-10,3.3786e-09,9.97e-09,0.0039887
0.0027303,7.0298e-09,8.5e-06,7.3803e-09,9.8191e-07
0.00054791,2.9385e-07,8.1922e-09,1.6985e-05,0.0031885
3.5789e-06,0.015402,0.00028744,0.00024014,1.4879e-07
5.6723e-05,3.1981e-06,0.0019324,0.00014426,0.0018528
2.6477e-07,1.9152e-06,1.1283e-05,9.483e-06,0.0039772
0.00013524,1.669e-05,0.0028778,9.4573e-07,0.00078614
0.00033177,0,0.00038623,0.007572,0.0010886
2.1991e-05,0.00015895,0.0037349,2.3912e-05,1.6779e-05
0.0027342,8.6544e-08,2.4865e-08,1.0093e-06,3.8487e-06
0.0017703,0.00090586,0.0010291,1.5163e-05,0.0001185
0.00013269,0.0076897,0.0019037,7.4576e-06,2.2141e-07
4.1556e-05,2.5608e-05,0.0037347,9.8344e-05,5.5803e-08
0.0019649,0.0010303,0.00076447,0.00031874,8.2294e-07
0.0026567,7.7793e-06,5.3026e-07,0.00015668,7.3101e-05
0.00029736,0.0038834,0.0023294,0.00079246,1.9032e-06
0,0.0091456,0.0017613,2.5179e-06,1.3291e-06
0.0002084,0.0078817,0.0014487,9.6231e-05,0.00029605
6.6583e-05,0.00015843,0.0036946,5.6605e-07,1.3837e-07
0.0024386,0.00027218,1.6514e-05,9.364e-05,0.00032903
0.0027335,2.1379e-11,2.4652e-09,7.0712e-06,3.2477e-06
0.00041178,0.00015818,0.0031931,1.8374e-05,1.5607e-05
0.0027111,4.4975e-05,3.8588e-06,1.9525e-05,1.7984e-05
0.0012135,9.5669e-05,0.0020908,1.4042e-05,1.2946e-05
0.0020181,0.001005,0,0.0030287,5.5814e-06
0.0006859,6.0767e-06,0.0021715,0.00047714,0.00059606
0.0005653,0.00082062,0.0024956,0.0013467,1.0386e-05
5.0564e-05,0.0037102,0.0029065,7.7944e-07,1.0907e-05
6.7945e-06,1.2444e-11,9.3436e-10,1.0021e-06,0.0039822
0.001686,0.00014948,4.03e-05,5.5343e-05,0.0014411
0.001103,2.3038e-06,7.519e-06,4.5723e-07,0.002375
0.0022213,1.1805e-05,0.00048551,0.00088994,5.5795e-06
0.0024134,5.3203e-05,0.00042148,6.5469e-05,2.0816e-06
0.0024493,3.6883e-07,2.0758e-05,2.1077e-05,0.00039224
0.0027108,1.0813e-09,7.1918e-07,1.6896e-08,3.7525e-05
3.6981e-07,1.3476e-07,0.0001889,0.014005,6.4829e-05
0.0014036,1.0209e-05,1.2068e-05,2.0686e-06,0.0019294
5.6406e-05,9.4649e-05,0.0037164,9.1648e-07,7.224e-06
5.8922e-06,0.00035081,3.4707e-05,0.014327,4.9364e-05
0.0002301,3.4566e-12,2.5874e-06,1.991e-06,0.0036535
8.7196e-05,0.00067272,0.0035346,5.8716e-05,7.0589e-07
0.0014825,1.0716e-09,2.5933e-07,1.756e-08,0.0018296
9.355e-05,0.00011651,6.1071e-06,0.00032155,0.0037365
1.1572e-06,0.014792,0.00048771,1.6531e-06,1.4174e-06
0.0003003,0.00015087,9.5943e-05,0.0026058,0.0027247
2.4269e-05,3.2961e-07,0.0037892,1.8203e-06,1.0968e-08
0.0011678,0.005149,0.00089918,0.0004945,7.2455e-06
0.0018387,2.8195e-07,4.3736e-05,3.411e-11,0.0012647
0.0017874,0.00054117,0.00052632,0.0026192,1.0717e-05
0.0017994,0.00060135,0.0011716,8.865e-06,5.6774e-07
1.6457e-05,0.0034726,0.0028256,0.00074794,1.9692e-06
0.00049409,0.00011892,4.9392e-05,1.1473e-05,0.003189
0.002442,2.3968e-05,3.6994e-05,0.00052982,0.00024501
1.0426e-05,0.00052562,0.0036538,3.7774e-05,2.8404e-05
1.59e-08,5.3362e-06,5.993e-05,0.00060414,0.0037676
3.2452e-06,6.7371e-09,1.8168e-09,0.0001069,0.0039591
5.0945e-05,0.0044336,0.00039343,0.00082559,0.0022445
1.0264e-05,2.6297e-10,1.5672e-08,2.2666e-05,0.0039713
0.0020002,1.2141e-10,0.0010178,3.3298e-07,1.1955e-05
0.0011091,0.00015385,0.00058305,1.1763e-05,0.0017264
4.6688e-05,6.7505e-05,0.0037166,6.0112e-05,1.1751e-05
0.0013357,0.00068769,0.0013772,0.0013266,9.1002e-05
0,5.8421e-05,0.0028044,8.5318e-07,0.0010503
0.0019742,0.0010153,0.00069671,0.00054286,1.8169e-06
2.1899e-05,5.1415e-05,0.003743,3.6688e-05,3.0399e-05
7.4401e-06,0.0016851,0.00017587,0.0055714,0.0019177
1.7405e-06,1.2427e-09,0.00011754,0,0.0038671
0.002155,2.9711e-06,0.00057053,0.00042251,0.00013997
9.248e-05,1.2812e-09,5.7762e-08,7.6113e-07,0.0038572
8.9415e-07,0.00049115,0.003583,0.00036058,3.8389e-05
0.00064054,8.8995e-07,1.0635e-06,3.6842e-06,0.0030557
0,1.7716e-06,0.0033867,3.3874e-11,0.00045584
0.0026993,2.9627e-05,4.3213e-06,3.0065e-06,4.2656e-05
3.0265e-06,1.0798e-05,5.9066e-05,7.2315e-05,0.0039045
8.0522e-05,0.00011031,0.0035322,3.8642e-07,0.00016083
0.0026831,9.9151e-07,3.7404e-06,0.00023244,1.2591e-05
0,0.00020635,0.001266,0.00039356,0.0025171
0.0026502,8.0518e-05,1.34e-05,0.00034392,2.0825e-06
0.00016769,1.6302e-05,7.4937e-07,0.00093734,0.0034935
0.0011068,0.00041583,0.00038521,0.0036091,0.00091675
7.1096e-05,4.2341e-06,0.00042117,0.0067116,0.0016605
0.0023938,6.0103e-06,1.929e-06,0.00033021,0.0004092
0.0020993,1.0291e-07,1.293e-06,8.8155e-08,0.00092876
0.0027262,6.7403e-06,1.1773e-05,4.5817e-06,7.2942e-07
0.0027058,4.2209e-07,0,0.00016858,4.8509e-07
0.0025641,3.0622e-08,0.00017076,1.0589e-05,7.1088e-05
9.2165e-06,1.3477e-07,7.6262e-08,1.3122e-07,0.0039787
0.00010193,4.9865e-06,2.4975e-06,0.00030333,0.0037591
0.00049035,0.0049719,0.001756,0.00047781,0.00014684
0.00037005,0.0052433,0.00037562,0.0029283,0.0010471
1.2349e-05,2.0448e-07,3.95e-06,5.6366e-05,0.0039551
0.00020865,3.0723e-06,1.0331e-05,3.1346e-07,0.0036764
0.0025746,0.00012523,0.00019609,2.8996e-07,2.6654e-06
7.7316e-05,0.015994,0.00010666,2.2264e-05,2.9646e-09
2.5951e-05,0.00065226,0.00046739,0.010793,0.00043862
8.7823e-06,0.002384,0.0027752,0.00065432,0.0003468
0.0020966,2.3138e-05,4.7305e-05,0.00021218,0.00082284
0.0020438,4.8371e-08,0.00096821,5.4218e-08,2.4887e-07
0.0026433,6.1205e-05,2.4754e-05,0.00035983,6.3459e-07
6.6492e-07,2.198e-08,4.0681e-06,1.2857e-05,0.0039837
0.00022341,1.9958e-06,1.5435e-06,7.2217e-07,0.0036642
0.0017137,4.013e-09,2.9156e-08,3.1576e-06,0.0014917
1.0817e-06,1.9974e-05,4.759e-05,5.9607e-07,0.0039362
0.00096833,8.6837e-05,7.8458e-05,0.00039953,0.0023711
0.00015574,6.5962e-07,0.00092067,0.00014008,0.0027664
6.3103e-06,0.00098015,0.0035907,3.9649e-08,3.4365e-06
5.2753e-05,1.4803e-07,2.141e-05,7.3719e-05,0.0038734
1.197e-06,4.6446e-05,0.0033687,0.00049935,0.00032933
2.1849e-06,3.8115e-12,3.1105e-07,0.0010684,0.0037043
7.1334e-06,2.1868e-06,5.371e-07,0.00018859,0.0039306
4.5099e-05,0.0031592,0.0030043,2.8025e-07,4.6431e-05
0.0018596,0.0002765,7.6785e-05,2.1234e-05,0.0011289
0.0025,2.4527e-06,3.9461e-08,2.7343e-06,0.00034443
0.00028096,2.6932e-06,0.00017661,1.442e-05,0.0033936
0.0026577,1.5755e-07,1.623e-06,4.2823e-06,0.00011279
0.0018029,0.00030664,0.00033955,0.0012908,0.00059212
0.0021914,7.1723e-06,8.7181e-05,0.0001123,0.00067331
5.0645e-08,0.00091569,0.0033474,0.00039503,0.00017653
0.0025626,0.00014005,3.8243e-05,1.1752e-05,0.00017842
5.0113e-09,9.1377e-05,0.0037634,5.1977e-09,4.1424e-05
0.0026507,1.2886e-07,1.0591e-07,1.0722e-07,0.00012576
0,1.6771e-06,0.00019931,0.00017013,0.0037385
0.00052253,0.00017099,9.6126e-05,0.00051939,0.0029512
0.0012417,0.00025669,0.0020151,4.2893e-05,5.3513e-06
0.00020311,0.00068617,0.00338,1.9543e-07,5.429e-06
0.0020047,6.5342e-05,0.00087896,2.0912e-07,0.00013503
0.00028095,2.0296e-05,0.0034252,4.062e-10,1.4631e-06
0.00062426,0.0015443,0.00050266,0.00033194,0.0021052
0.00015061,9.5975e-09,3.9055e-06,5.3883e-05,0.0037542
0,0.0035087,0.0029838,0.00014791,1.2149e-05
0.0018861,0.0011697,6.8789e-05,0.0033093,1.2884e-05
0.00044068,7.8789e-06,0.00076613,0.0020148,0.0020112
0.0016839,1.9914e-06,0.0014192,7.992e-08,5.3839e-05
0.00026168,0.0050296,3.456e-06,0.0053364,0.0010028
7.5742e-06,1.13e-06,0.00013021,2.885e-07,0.003845
0.00066919,0.00044986,0.0027863,1.1793e-06,8.1226e-07
2.3896e-05,1.7436e-05,0.0037735,4.8903e-05,3.194e-07
0.0002369,1.2684e-06,5.32e-07,7.2869e-07,0.0036457
0.00014651,9.3214e-07,0.0035679,5.7966e-08,5.3106e-05
0.0026734,5.5274e-05,3.8931e-05,6.7402e-05,2.124e-05
0.0023625,1.8097e-06,9.5438e-06,3.9731e-05,0.00052536
1.326e-05,0.00018294,0.0033221,0.0017205,3.1046e-06
0.0021305,0.00015745,4.0389e-05,0.00272,8.1037e-05
4.5889e-07,4.2451e-05,0.0037833,1.8933e-08,3.1442e-05
0.0015066,1.7425e-08,0.00042161,4.7785e-05,0.0013418
3.3054e-05,0.0034523,0.0029892,4.7818e-08,1.0885e-05
0.00020945,0.0013054,0.003199,0.00013288,4.2309e-06
0.0026589,5.1591e-08,8.2097e-05,2.271e-06,2.7657e-05
0.0026339,6.8979e-07,2.0191e-05,0.00010821,0.00010032
0.0003477,0.00026127,0.00026784,7.7862e-06,0.003142
5.2837e-06,2.1616e-06,0.0001565,1.2309e-05,0.0038174
0.00072872,8.8401e-05,0.0014364,0.0050123,7.4001e-05
2.5858e-05,6.919e-09,7.9378e-09,0.0010045,0.0036871
0.0013468,2.5348e-05,0.0019315,4.7287e-06,3.9188e-06
0.0023295,8.2192e-05,0.00053308,5.7904e-05,3.1015e-06
0.0027296,1.902e-06,3.8679e-06,3.2904e-06,5.4661e-06
0.0024818,3.2868e-07,6.0064e-07,1.1468e-05,0.00036856
0.0013264,5.9077e-07,7.168e-06,3.4594e-05,0.0020407
2.6176e-05,2.63e-05,0.0037636,4.4275e-05,6.4936e-06
6.6499e-06,7.0468e-05,0.0037984,1.6481e-07,7.6062e-09
0.0027083,7.3686e-10,2.8688e-05,8.3371e-08,1.1941e-05
0.00029935,5.0366e-07,9.6886e-07,4.3401e-05,0.003543
0.0011187,0.00086896,0.0018885,0.00069202,1.3379e-08
3.0009e-07,0.0091412,0.0017596,1.6335e-05,5.0887e-08
2.6741e-05,0.00038526,0.0035091,0.0007462,3.5015e-08
0.0026378,7.0626e-07,8.4567e-07,0.0002024,8.975e-05
0.00080308,5.1169e-05,5.3581e-05,0.010143,5.1818e-05
0.0026917,6.0251e-05,1.6108e-05,8.6387e-05,1.2148e-05
0.0026063,0.00024227,5.9674e-05,0.00012031,3.929e-05
0.0027352,4.3459e-10,6.9832e-08,4.0461e-06,1.533e-06
0.0027323,1.1245e-05,2.7222e-06,2.3644e-06,7.6104e-07
2.029e-06,0.0058521,0.0023918,0.00021184,5.906e-05
2.6584e-06,1.3848e-09,2.4769e-09,1.0149e-08,0.0039885
8.0897e-06,0.00098061,0.0034701,0.000295,4.8081e-05
0.00016335,0.0002343,0.0015383,0.0071908,0.00017777
8.1394e-05,4.716e-11,7.3604e-09,1.5741e-07,0.0038736
0.0027304,1.153e-10,1.6313e-06,2.2256e-05,2.0591e-06
0,3.8305e-05,0.0015804,1.7724e-05,0.0023285
0.0011652,1.1244e-05,5.5274e-05,0.00023451,0.0021699
3.0738e-06,3.7974e-11,4.2924e-09,4.5312e-07,0.0039877
0.0026526,2.913e-06,3.0581e-05,1.4348e-07,9.0463e-05
2.8081e-07,4.8126e-07,0.0038231,3.9157e-09,2.4314e-09
0.00010458,0.0021954,0.00028838,0.00016699,0.0029778
1.2274e-05,2.0295e-06,0.0038047,5.2188e-06,2.0696e-10
0.00019103,1.6724e-07,0.0011265,0.0095126,4.1137e-06
0.00010342,5.9044e-08,2.0778e-07,1.2633e-07,0.0038412
2.0973e-06,2.3414e-09,7.5297e-06,9.0975e-10,0.0039814
0.00038898,0.009734,0.0010593,4.6385e-05,1.6842e-05
0.0023884,1.5263e-08,0.00021858,9.6467e-11,0.00028025
0.0026591,2.7509e-07,1.2815e-06,1.9623e-06,0.00011174
0.0001883,1.8778e-06,4.384e-06,0.0019987,0.0031804
0.0010178,0.00082441,0.0021862,5.1496e-05,1.7439e-05
0.00031948,1.0478e-06,0.00093701,4.8679e-06,0.0025464
0.0021629,3.8228e-08,5.8278e-06,5.069e-05,0.00081785
4.7001e-05,1.7858e-08,1.342e-07,0.00022537,0.0038636
0.00037954,3.3071e-07,0.003269,1.3669e-06,2.5073e-05
0.00084305,2.5291e-05,1.3482e-08,6.4623e-06,0.0027549
6.8393e-05,0.0029173,0.0028861,5.8912e-06,0.00019137
2.844e-06,0.00035896,0.0010264,0,0.0028321
9.3991e-07,0.0020797,0.0033126,1.325e-05,3.9466e-05
0.00023965,0.010377,5.1661e-05,0.0041904,3.1807e-05
7.8506e-05,8.1434e-05,0.0027371,0.00037853,0.00089999
4.9429e-06,1.4797e-06,0.003798,6.1369e-05,2.8335e-06
0.0025193,2.9553e-06,0.00022064,6.758e-08,8.6425e-05
7.6388e-06,4.5642e-06,0.0035183,0.0009828,4.4808e-05
0.0024928,3.5103e-06,0.00034032,1.0362e-07,5.2398e-09
0.000282,4.0449e-07,0.0032471,0.00010223,0.00016331
0.00066426,3.1625e-05,0.0028688,2.8541e-05,1.3008e-05
6.4095e-06,3.4459e-08,4.772e-11,5.1627e-06,0.0039816
1.6766e-06,0.0001745,0.0037279,0.00019912,3.4797e-06
3.0814e-06,1.7192e-10,6.9974e-10,3.5158e-05,0.0039785
0.0027317,8.2611e-07,5.2537e-06,5.1341e-06,6.9722e-07
0.00019994,7.1081e-05,0.0034833,1.7289e-06,4.6551e-05
3.1175e-05,0.0001839,0.0037038,0.00012735,2.5077e-06
0.0008974,0.0036184,0.0017547,1.1517e-07,1.1534e-08
0.0026952,6.0552e-05,1.9062e-05,8.6804e-06,2.4572e-05
0.0027186,1.5106e-05,4.8705e-06,4.022e-05,7.4835e-06
0.001878,0.0011992,0.00090798,6.6579e-06,2.1045e-05
0.0027368,8.2887e-12,2.3459e-10,1.0909e-10,3.3295e-07
0.00022697,0.0046434,0.0023954,0.00020891,1.2278e-05
1.2469e-06,0.00020064,0.00040891,0.011636,0.00041756
1.8126e-05,1.0359e-06,0.0037459,9.6466e-07,5.4199e-05
1.4248e-05,1.1493e-07,0.00021549,0,0.0037465
1.1733e-05,0.00013884,0.0037758,3.0187e-07,1.0815e-07
0.0024676,2.8276e-06,0.00010437,0.0004563,0.00016177
0.0027008,6.7966e-09,3.654e-05,1.6917e-06,1.4175e-05
4.4379e-05,0.00068205,0.0035776,2.6618e-05,2.4647e-05
0.00017716,1.8892e-06,8.4678e-06,0.00017533,0.0036779
0.0027144,2.9943e-07,4.2257e-06,0,2.8438e-05
0.0017684,0.0051817,0.00011644,3.0917e-07,7.2342e-05
1.6032e-07,0.0014601,0.00094524,6.8465e-05,0.0026435
4.0564e-07,2.5848e-07,6.2713e-05,0.00011852,0.0038946
0.000219,0.00069364,0.0033513,3.9395e-05,9.5922e-08
0.00016971,1.6644e-06,1.4779e-05,1.1253e-05,0.003726
0.00024267,1.668e-05,0.00026238,0.012603,4.0326e-06
0.00012145,2.6741e-05,0.003548,0.00025217,3.7197e-05
0,0.00061765,0,0.014443,6.5365e-07
0.0016939,0.00024915,0.0013765,8.7546e-05,2.3081e-06
1.0542e-06,0.0070474,0.0016082,0.0011487,0.00034802
0.0020604,0.0026098,0.00015541,0.00029076,0.00013327
0.0023448,0.00091341,0.00021553,0.00049054,1.5623e-06
8.4386e-05,2.9232e-07,0.0036361,1.2302e-07,7.2626e-05
0.0023594,0.00017745,0.00047901,2.8737e-05,1.2997e-06
0.0011391,0.0080198,2.5708e-05,0.0013237,6.4988e-05
0.00021253,8.0682e-06,0.0027341,0.00011944,0.00079387
0.0012711,5.412e-06,2.442e-05,0.00033353,0.0020226
0.0018273,0.00017973,0.00021331,0.0036667,8.5521e-05
1.3138e-05,0.00071633,0.003635,1.4003e-06,8.8687e-06
3.9097e-05,8.0831e-07,1.2999e-05,4.214e-07,0.0039214
0.0010565,4.8637e-06,6.9691e-05,0.0043376,0.0012222
9.5939e-06,1.7564e-05,0.0038061,6.9468e-07,2.5524e-08
5.2497e-06,3.8884e-05,0.0038071,1.1419e-06,1.0737e-07
4.6919e-05,0.014836,0.00014127,5.9392e-07,0.00028628
4.2994e-08,1.523e-06,0.003818,1.9094e-05,4.0062e-07
0.0011751,0.00032632,0.00060909,0.001784,0.0010905
2.1312e-06,1.4024e-05,0.0038174,9.3617e-09,1.1975e-07
0.002044,3.8915e-06,0.00014662,0.0031665,1.3526e-05
0.00078938,5.302e-08,8.3321e-07,0.00036999,0.0027415
0.0024983,0.00088845,6.0752e-05,7.8021e-06,7.3736e-05
0.0012874,1.1114e-06,1.3834e-06,6.0119e-05,0.0020968
5.7568e-05,0.0041831,0.0015111,0.0043785,0.00018053
0.00024044,4.7987e-07,2.8236e-07,1.1902e-07,0.0036412
0.0021539,9.9424e-05,0.00036919,0.0014582,5.3334e-05
5.4453e-06,0.0011782,0.0034272,0.00047579,2.1419e-06
1.6064e-07,7.5874e-08,1.0902e-05,0.012593,0.00062696
0.0027107,2.8261e-06,2.889e-05,1.1446e-07,7.5804e-06
0.00063142,5.818e-05,0.0015896,5.9926e-05,0.0013819
0.00097099,0.0056281,0.001096,1.1665e-05,0.00010468
0.00025133,0.0044897,0.0024391,8.5804e-05,3.6482e-08
0.0026789,4.8669e-07,4.8895e-07,2.8544e-06,8.3382e-05
4.0305e-06,0.0017117,0.0033764,0.00021111,2.2119e-06
1.0094e-07,6.2204e-07,5.1185e-06,5.9563e-05,0.0039708
0.00086617,8.3064e-09,2.6889e-07,0.0099519,7.8283e-05
0.0004833,0.0005318,0.0025824,0.0016997,1.3313e-05
4.7677e-08,6.0982e-07,0,0.00011539,0.0039614
0.0027357,7.2926e-08,1.9275e-08,1.7681e-07,1.8445e-06
0.002429,3.3058e-05,2.183e-05,0.00015517,0.00037733
0.00017504,0.00042123,0.0034824,6.5592e-06,1.1278e-07
0.0023265,3.1255e-06,0.00012904,0.0015464,5.1472e-05
1.5116e-05,1.3058e-06,0.00040472,3.277e-06,0.0035465
0.00080464,0.00036408,0.0025484,0.00015715,3.0256e-05
0,0.0030643,0.00061256,0.009744,3.6961e-05
0,1.2417e-05,0.0035303,9.6586e-05,0.00027762
0.002698,2.0758e-09,5.0939e-05,1.3438e-05,9.7345e-08
0.0026366,2.4974e-11,6.0879e-11,1.4923e-08,0.00014643
0.00083805,9.7709e-05,0.00060791,9.8866e-05,0.0020859
9.7103e-07,0.0010999,9.2871e-05,5.464e-05,0.0036207
0.0016712,3.9085e-06,3.8726e-06,3.3244e-06,0.0015488
3.389e-05,0.0030155,1.3193e-08,3.3391e-05,0.0032247
1.0637e-06,6.484e-09,5.1182e-07,6.8764e-08,0.0039902
1.5006e-07,2.2096e-09,2.7769e-07,5.929e-08,0.0039918
0,0.0002753,0.0036999,0.00023592,1.6402e-06
0.0018273,0.00017973,0.00021331,0.0036667,8.5521e-05
2.9146e-05,0.00020235,0.0037097,0.00010821,1.6849e-08
0.00036578,4.3791e-07,0.0032617,7.646e-07,5.29e-05
1.6624e-07,2.6943e-08,1.6632e-08,5.1766e-08,0.0039921
0.0011037,0.0023533,0.00040119,0.00022457,0.0013501
0.00047048,9.0362e-08,0.00063599,7.1941e-05,0.0026228
4.9974e-07,6.3601e-05,0.0038037,3.0449e-06,4.2737e-06
0.0015577,2.4378e-05,1.1691e-06,1.3157e-06,0.0017129
0.00099972,0.0049472,1.8693e-05,0.0050415,8.2286e-06
0.000298,0.00049816,9.595e-05,5.7249e-05,0.0033251
1.2062e-06,7.9069e-05,0.003802,8.3099e-06,3.5485e-08
0.0027367,5.3301e-09,4.1111e-07,2.6954e-09,1.1603e-10
2.7355e-07,1.4415e-06,3.5763e-06,5.189e-07,0.0039877
6.0326e-05,1.3012e-08,6.2979e-06,9.9992e-07,0.0038975
0.0024746,2.4239e-05,0.0003363,7.5751e-05,5.6783e-06
2.2261e-06,4.4812e-11,1.1013e-08,1.8548e-07,0.003989
0.0022679,0.00064721,0.00045847,6.5936e-06,5.1522e-05
0,0.0008503,0.00012082,0.00029117,0.0035886
1.2034e-08,1.471e-05,0.0038042,1.3788e-06,1.643e-05
0.0013643,0.005737,0.00062247,1.1303e-06,2.6226e-06
0.00023108,1.1417e-05,0.00037579,4.8898e-06,0.0032589
6.0049e-05,3.9533e-06,0.00029811,1.6102e-07,0.0035925
0.0012646,0.004366,0.001011,0.00021475,7.9479e-06
4.1571e-05,0.016236,0,5.8366e-05,9.705e-05
1.9231e-06,0.00074752,0.0011537,0.0081015,0.00045157
8.0915e-05,0.00062836,0.0035136,0.00013616,2.1593e-05
0.00025597,0.0083165,0.0014848,9.9662e-05,8.587e-05
0.00018182,0.0027288,0.0028225,6.167e-08,0.00013814
3.3105e-05,0.015965,0.0001587,4.6535e-05,1.0513e-05
0.0026896,6.1949e-10,5.7021e-09,3.1215e-07,6.9098e-05
0.00015458,4.8972e-08,6.067e-05,4.4161e-06,0.0037023
7.3884e-07,6.8166e-07,1.145e-05,8.5869e-05,0.0039563
0.0014068,0.0016506,0.001485,1.8031e-07,1.4102e-06
2.7262e-05,6.6299e-06,0.00066571,0.012225,2.6773e-07
5.3739e-06,3.2976e-05,4.6568e-07,0.014921,2.427e-06
0.00050561,3.3573e-05,1.3335e-05,0.00057899,0.0030788
0,0.0017239,0.0017623,2.1463e-05,0.001741
0.0018499,4.4356e-05,0.0012117,1.0405e-07,1.8424e-05
0.0024042,2.8044e-07,0.0003812,1.3732e-10,8.7402e-05
1.8914e-07,5.1479e-06,0.0038117,4.6327e-06,9.7034e-06
0.00021295,7.5628e-07,0.0035256,1.0402e-07,3.9124e-07
0.00079874,0.003947,0.0018124,1.2004e-06,6.0763e-06
0.00059274,0.0016521,1.7374e-05,1.2705e-05,0.0027176
0.00012954,2.5522e-06,1.7974e-05,0.0060899,0.0021622
0.001904,6.516e-09,1.1393e-07,2.9946e-06,0.0012142
0.00029978,4.4162e-06,5.2254e-05,0.0075826,0.0014801
5.0211e-05,1.2137e-07,0.0036725,2.093e-10,8.4484e-05
0.0023669,0.00026923,0.00038836,0.00015132,3.0795e-05
0.00055701,0.0001855,0.0019301,4.6236e-10,0.001121
2.5811e-05,0.0040132,0.0028749,1.3088e-05,5.4783e-06
0.0021647,8.0894e-07,1.2346e-05,9.2369e-07,0.00082147
0.0001407,8.9575e-05,0.00030582,0.012926,4.247e-06
0.0013418,5.3289e-05,0.0019304,8.8733e-09,6.9462e-06
3.2868e-05,0.0026696,0.0011471,0.0024771,0.001459
6.204e-05,1.6416e-06,0.00039954,9.4771e-05,0.003459
0.0023209,0.0015726,0.00022553,2.2613e-07,1.481e-06
0.00059925,1.9243e-06,4.0112e-06,0.0021053,0.0025529
1.1308e-05,0.0022506,0.0017614,0.0056604,9.9873e-05
0.0020991,5.6748e-07,1.3465e-05,0.00043225,0.00080116
4.4858e-05,4.287e-05,0.0036922,2.5238e-05,5.4944e-05
0.0025493,2.3497e-07,0.00022413,4.3772e-05,2.8088e-05
1.8001e-05,5.5462e-05,0.0012515,7.1019e-06,0.0026444
2.7591e-05,1.786e-07,2.1958e-05,3.0435e-07,0.003929
0.00022779,3.3922e-06,0.0034896,5.5443e-07,1.5586e-05
3.1639e-06,1.8616e-07,3.4893e-07,1.3826e-05,0.0039836
0.002733,1.4137e-07,2.6766e-10,3.7595e-07,5.7781e-06
0.0018906,4.2018e-08,2.619e-06,1.4796e-05,0.0012279
0.000148,0.00010252,0.0028156,8.5271e-06,0.00081018
0.0013971,5.6507e-05,0.00025497,0.0034825,0.00074755
0.00093098,6.826e-05,0.0024607,1.0443e-06,4.8805e-05
5.8685e-07,2.5527e-07,5.1139e-06,5.7154e-05,0.0039709
2.2327e-07,0.0059424,0.0024721,4.8533e-05,8.149e-08
0.00024996,1.0671e-07,0.0021621,0.00010425,0.0013424
0.0024561,2.9825e-06,5.4008e-05,0.001317,1.8845e-06
3.4365e-06,6.367e-07,7.1596e-06,1.9679e-08,0.0039797
0.0026025,0.00040607,1.2392e-06,2.6309e-05,9.2344e-05
0.0025806,4.9342e-07,8.2338e-05,2.7354e-06,0.00014136
0,0.00022323,0.00086477,0.011228,4.6801e-05
1.9864e-05,1.1097e-06,0.0031608,4.7481e-06,0.00066158
0.00026636,1.8699e-05,0.0034424,1.3865e-05,1.4104e-06
0.00048092,0.0039921,0.0021064,0.00019253,0.00010112
6.8456e-09,2.9521e-11,3.7779e-10,9.5018e-07,0.0039921
0.00089698,1.1722e-05,0.0020451,1.2214e-07,0.00054582
1.9013e-06,9.8028e-06,0.0038174,1.7634e-06,9.4866e-07
0.0027239,3.9816e-07,1.147e-05,4.9403e-06,5.7181e-06
0.00092425,5.5917e-06,0.0023186,1.6306e-07,0.00022189
0.0018506,0.00016364,9.2291e-05,0.0043048,1.1728e-05
3.1154e-05,1.8e-07,2.8006e-05,0.00026509,0.003847
0.0026792,1.6771e-08,3.4854e-07,5.9677e-07,8.3832e-05
0.0016342,1.3092e-06,1.8232e-05,6.2365e-07,0.0015891
0.0022958,0.00012092,9.557e-05,0.00013927,0.00047828
0.0018588,4.7394e-06,0.00021983,1.3053e-05,0.0010469
0.0027298,8.0883e-06,1.851e-07,1.259e-05,5.0633e-06
0.0025178,1.6849e-07,0.00026998,6.7669e-07,3.7607e-05
3.8713e-05,8.3014e-05,0.0026331,0.0027181,0.00044313
0.0018211,0.00086092,0.00014935,0.0032633,0.00010844
0.00014371,6.7695e-07,1.2581e-07,2.5119e-06,0.0037818
0.0013774,0.0019379,0.0014558,8.288e-06,5.1764e-06
5.5115e-06,4.5738e-08,4.9989e-05,3.5556e-06,0.0039311
0.00045257,0.0033777,0.0023624,6.5341e-08,7.0963e-05
0.002737,2.2211e-13,2.782e-11,3.9108e-09,7.5845e-08
0.00095673,0.00052157,0.0023563,4.8155e-06,1.2604e-05
6.4169e-06,5.8115e-07,0.0038138,2.3045e-07,6.8654e-07
0.0015129,1.4297e-05,3.2475e-06,0.001792,0.0013016
0.00028265,0.0025099,0.00027011,0.01016,1.724e-06
2.5197e-06,3.2973e-05,0.00099556,0.00023128,0.0028798
0.0013027,4.7147e-05,0.001794,0.00057001,5.608e-05
0.0017479,0.003745,0.00051013,0.00010708,6.9833e-07
1.379e-05,0.0088575,0.0018082,2.1002e-08,7.265e-07
0.00060715,4.0997e-06,0.0029719,9.3708e-06,1.9129e-07
0.0022068,6.8979e-05,1.9986e-05,5.9599e-05,0.00072041
0.00060391,6.2544e-05,0.0029656,2.1193e-07,2.0772e-07
0.0025899,0.0005353,8.299e-05,2.5538e-06,1.3887e-06
0.0027152,7.8151e-08,2.359e-05,5.2377e-07,7.0613e-06
6.6935e-07,9.2489e-05,0.0038013,9.3848e-08,5.3519e-07
0.00014257,0.015874,0,6.8922e-05,3.2023e-05
0.00041783,3.8432e-07,9.2422e-05,1.229e-05,0.003283
0.00016491,1.9035e-05,0.00021527,6.3229e-06,0.0035209
0.0023183,3.6861e-09,0.00053373,0,5.3527e-05
0.0025208,0.00024733,0.00010271,0.00052657,9.7864e-06
0.0022512,6.1353e-05,0.00066333,5.7144e-06,9.6254e-08
0.00058275,0.00020162,0.0028241,6.1762e-06,0.00014458
1.1489e-05,6.1385e-07,4.7527e-07,1.4762e-06,0.0039745
0.0018321,6.2685e-07,8.1559e-05,0.00079687,0.0010224
0,4.6617e-05,9.9586e-05,0.00064914,0.0037045
0.00096366,0.010679,0,0.00021769,1.6726e-05
0.00049671,0.012508,0.00022234,0.00030912,1.1019e-05
4.6147e-06,0.00038107,0.0036758,0.00019717,5.5002e-06
0.00022504,0.0036668,0.0014264,6.8383e-05,0.001294
3.0293e-05,1.0905e-07,3.1098e-07,5.3978e-05,0.0039334
0.0026528,4.9991e-06,6.3672e-05,6.0202e-08,5.5159e-05
1.9732e-06,4.5032e-07,0.0037128,0.00037941,1.1717e-05
0.00083879,1.46e-05,1.7307e-08,7.0751e-06,0.0027635
0.002617,1.4268e-07,2.5894e-07,1.4665e-05,0.00017083
0.00080064,0.0041184,0.000206,0.0059093,6.6875e-05
0.0023585,0.00028638,0.00046316,3.5422e-06,1.9519e-07
1.388e-05,1.5348e-05,1.184e-05,7.1957e-09,0.0039561
0.0027334,1.7387e-05,1.9142e-07,3.6363e-06,7.2041e-08
0.0027315,1.4405e-07,7.591e-06,4.4469e-09,4.7116e-08
0.0026445,0.00049287,6.6553e-06,3.4245e-05,2.938e-06
0.0013967,2.1126e-06,0.00038124,0.0027632,0.00082064
0.00017707,1.849e-07,0.00014255,1.0159e-06,0.0035849
0,0.0114,0.00099267,0.0010171,3.3303e-06
0.0026663,2.2195e-09,6.622e-08,3.9736e-07,0.00010302
5.3172e-05,9.1392e-07,0.0036799,0,7.2297e-05
5.3182e-05,1.1574e-06,0.0035915,1.5195e-05,0.0001605
0.0009004,1.3268e-05,0.0025547,2.9032e-05,7.5062e-07
0.0012472,0.0081405,0.00024628,9.4075e-07,7.7754e-07
0.0005406,0.00010782,0.0023937,0.00025301,0.00061169
4.9636e-06,0.0037643,0.0027963,0.0006744,3.2428e-07
0.0025895,4.0538e-10,1.4748e-08,2.1892e-07,0.00021506
0.00080419,3.7337e-05,0.0015135,0.0032573,0.00036276
0.0017141,0.00066342,0.00025454,0.00010355,0.0010427
8.5836e-06,3.4432e-09,4.9029e-07,2.0795e-07,0.0039792
0.0025177,1.9038e-06,1.1985e-05,5.8419e-09,0.00030693
0.0027096,3.9378e-05,4.5115e-06,6.5965e-05,8.4926e-06
0.00032432,7.9655e-05,0.0033492,0,3.5876e-06
0,0.0017862,0.003421,8.8449e-08,1.692e-07
0.0020047,6.5342e-05,0.00087896,2.0912e-07,0.00013503
4.2482e-05,0.00012701,8.2876e-05,5.563e-05,0.0037991
0.0023623,0.0020262,4.4106e-05,5.1113e-05,1.0271e-05
0.002506,4.1349e-07,0.00017884,1.7164e-07,0.00015015
0.00070394,6.241e-08,1.054e-06,6.268e-06,0.0029627
0.0018523,0.004162,0.00029819,1.1261e-07,8.9067e-08
0.00016241,1.6407e-09,0.00037845,2.8898e-05,0.0033526
6.3302e-06,0.00016686,4.5112e-05,0.00019796,0.003844
0.00015794,2.6935e-06,2.8658e-05,0.014011,3.5153e-08
0.00051156,1.1488e-05,0.00038067,1.3001e-06,0.0028456
7.8879e-05,5.6246e-07,0.0037032,2.9577e-05,2.6254e-06
5.7841e-05,0.00013729,0.0037117,6.8201e-07,5.6945e-09
0.00014266,0.0027599,0.00036146,0.0093698,0.0002623
0.00099356,2.8139e-05,0.0023726,0.00016702,1.4662e-05
2.2419e-06,1.3129e-08,1.8822e-06,3.6841e-08,0.0039871
0.0024042,1.457e-05,8.9875e-06,0.00023575,0.0004099
1.141e-09,8.8283e-13,2.22e-09,4.2528e-09,0.0039923
2.9244e-08,9.8811e-07,0.0016222,0.0013042,0.001951
0.00037306,1.1e-07,3.6654e-07,6.8238e-06,0.0034459
0.0022925,2.8907e-06,5.1216e-06,9.444e-05,0.00061725
0.0012356,0.001009,0.001629,0.00078066,4.4015e-05
0.0007465,0.0052142,0.00018084,0.0054936,2.5072e-05
0.00042597,0.00044425,0.00033951,0.0044852,0.0017175
0.00025159,0.00048367,0.003007,0.0012532,3.8157e-05
0.0023792,0.00061166,0.00023098,0.00029112,5.9379e-05
0.00048084,0.0012509,0.0024803,8.7352e-05,0.00038366
0.0015297,6.7218e-05,7.5091e-05,5.7553e-05,0.0016515
0.0023217,2.0214e-06,7.7935e-06,0.002034,5.5536e-05
2.3151e-05,3.4876e-05,0.00050943,8.1391e-05,0.0033968
1.1308e-05,1.7604e-05,0.0038039,1.0693e-08,2.4184e-11
1.5264e-05,4.7907e-07,0.00060906,0.011187,0.00035486
9.9898e-05,0.00013248,0.0034636,0.00042951,8.4602e-05
6.8395e-05,7.9669e-06,7.137e-07,0.0011489,0.003584
3.5913e-05,6.2355e-05,0.0015444,7.7232e-06,0.0023107
0.0010434,5.0766e-05,0.0019628,6.0926e-10,0.00040903
3.4042e-06,2.5753e-09,2.5986e-07,8.327e-06,0.0039849
2.8255e-05,0.0011069,0.0027816,9.1948e-06,0.00078397
0.0027279,1.1266e-07,3.2368e-07,1.01e-06,1.2726e-05
0.00031305,4.8501e-06,1.1024e-05,8.3814e-06,0.0035208
0.002298,2.9225e-06,2.637e-05,0.00011991,0.00058019
3.5852e-05,4.3938e-05,0.0023044,2.3678e-05,0.0015174
1.8964e-05,0.0023171,0.00087419,9.9343e-05,0.0024804
0.0026617,1.504e-05,2.0557e-05,2.3387e-05,7.8572e-05
0.0023262,2.9691e-05,0.00013667,0.0016805,2.0401e-06
0.0006326,4.3392e-09,2.9891e-05,8.2938e-05,0.0030163
0.0027196,8.2517e-09,2.0617e-07,8.2187e-07,2.4896e-05
0.00052259,0.00013271,0.0030382,3.7587e-05,1.6612e-05
0.0023313,0.00044614,0.00041596,0.00017107,6.9815e-06
0.0010122,2.8017e-08,1.7376e-07,1.0938e-07,0.0025156
0.00049607,0.00035739,0.0022226,0.00039266,0.00075941
3.2229e-06,0.0020144,0.0033136,4.5455e-06,5.2734e-05
0.00059605,0.0039172,0.002025,5.9899e-08,8.7159e-05
0.0021766,8.7599e-05,1.7446e-05,0.0022345,0.00018352
3.1139e-06,3.9301e-07,0.0037849,0.00013173,7.0379e-07
6.7731e-05,2.5074e-06,0.0022708,0.0042691,0.000385
8.2116e-05,4.8754e-05,0.0036885,1.3332e-05,6.2928e-06
0.0027353,8.8541e-07,4.9391e-08,6.7097e-06,4.8181e-07
0.0027283,4.0223e-06,6.7707e-06,6.2434e-07,4.587e-06
1.3854e-06,9.1506e-07,0.0038212,9.2977e-07,8.6019e-08
0.0026682,1.0494e-06,9.542e-05,2.1137e-07,4.8979e-07
0.0022752,8.0471e-06,6.8098e-06,0.00013083,0.00062982
0.0024749,0.00022258,4.0275e-05,6.5097e-05,0.00027052
0.001721,0.0056266,9.8497e-05,1.4057e-05,5.1842e-05
3.8174e-05,3.4579e-06,0.0037507,0,1.9666e-05
0.0025748,5.8812e-06,9.3327e-06,0.00015318,0.0001847
0.00034974,3.445e-06,0.003163,0.00066471,1.823e-06
1.7543e-06,2.752e-05,0.0013337,2.0995e-06,0.0025902
0.00059574,1.2457e-05,0.0027035,1.3197e-05,0.00029417
1.3508e-05,2.3899e-06,9.3623e-05,3.5458e-08,0.0038743
0.0012686,3.6218e-05,0.0020402,2.4549e-07,3.0904e-06
0.00049966,5.8252e-07,0.0022111,0.0035093,2.0142e-05
0.00056212,5.9835e-08,0.0030339,3.6095e-06,3.6731e-06
0.0025054,6.8582e-05,0.00030343,1.7543e-05,1.7731e-07
9.8605e-06,0.00023016,0.0037364,2.8311e-06,2.1809e-05
0.00014684,2.9852e-06,0.0010508,0.00015024,0.0026402
3.6284e-05,3.0463e-08,1.3761e-06,0.00050107,0.0038045
1.2379e-07,0.0001716,0.0037843,1.7496e-06,2.3724e-08
0.00011563,3.6331e-06,0.0035345,0.00047506,5.8527e-06
0,4.6367e-07,0.00079111,0.011529,9.5896e-05
0.0025439,0.0011582,7.4778e-06,5.2415e-06,1.103e-09
0.0016761,0.00024793,0.0014252,1.7145e-07,1.1074e-06
0.002194,3.3e-06,0.00054471,2.8539e-06,0.00022178
0.0022994,9.9609e-05,0.00010283,0.0011511,0.00020099
1.012e-07,6.6273e-06,1.9803e-05,6.9322e-06,0.0039681
0.00074661,2.7481e-06,1.0718e-05,0.0018239,0.0024057
0.002368,2.0551e-09,0.00042284,0.00028465,2.0974e-05
0.0024962,1.5471e-07,0.00022007,1.3647e-05,0.00011777
0.00041631,0.00075284,0.0025279,0.0020305,2.7873e-05
0.002736,5.0785e-08,1.0989e-06,8.1846e-10,3.236e-07
0.00034252,2.2981e-05,1.7603e-06,3.1005e-05,0.0034772
0.00014593,0.0017594,0.00077813,0.0093658,5.8881e-05
9.5e-05,5.3643e-05,1.5952e-06,0.00028683,0.0037631
0.00029202,0.0077741,0.0012341,8.1892e-05,0.00042731
4.2162e-07,9.5588e-05,0.0038014,3.5438e-07,5.8839e-09
0.0025109,1.4213e-06,1.9004e-05,1.7681e-05,0.00030498
1.4544e-06,0.0001311,0.0037918,1.1172e-06,2.0105e-08
6.9617e-07,0.016439,0.00010419,5.8714e-05,4.9897e-08
0.0012231,2.7737e-06,0.002059,5.9577e-05,4.1876e-05
2.885e-07,1.3564e-05,0.0024385,0.0035269,0.00050339
0.0021784,1.9351e-06,2.3731e-05,1.4898e-05,0.00078568
2.9298e-06,0.013246,0.0001633,0.00041434,0.0005914
6.413e-06,0.00092277,0.0034982,0.00035227,1.9532e-05
0.00095626,1.9564e-12,1.6538e-08,0,0.0025975
0.0027355,1.3818e-06,8.2804e-07,1.9804e-06,4.2099e-07
0.0025863,0.00015154,1.2527e-06,1.4604e-05,0.00017903
0.0011897,5.5836e-07,0.00017209,1.774e-05,0.0020725
0.00052105,5.8228e-05,0.0015641,0.0013294,0.0012315
0.00010539,0.00059789,0.0035403,1.8136e-06,9.3157e-07
0.0011223,0.00056218,1.7345e-05,0.0020065,0.0016706
6.6059e-05,2.1033e-05,0.0031593,3.4687e-07,0.00059225
3.5327e-06,3.4043e-05,0.0019848,3.7154e-06,0.0019058
0.002184,0.0023697,0.00021006,1.5071e-05,2.5948e-05
7.8208e-06,2.1519e-07,1.2175e-05,7.3338e-06,0.0039662
0.00064082,8.5526e-07,9.0263e-06,0.00059792,0.0028887
0.00018252,3.9199e-05,0.0029793,1.097e-05,0.00060321
0.0026552,6.8913e-05,6.7154e-06,0.00019576,4.3931e-05
0.0026801,0.00017118,3.9736e-05,3.6938e-07,1.1029e-06
0.002651,2.2507e-05,0.00010075,5.3281e-05,7.45e-07
0.00020803,0.0079191,0.00022356,0.0058456,3.5903e-05
3.609e-05,3.4133e-06,0.0023862,2.2281e-08,0.0014474
0.0017816,0.00019705,0.00015716,0.0019763,0.00065685
0.0020324,0.00075048,0.00012913,7.6641e-07,0.00071619
2.624e-06,0.00015394,0.0037587,8.8693e-05,4.1475e-06
0.0015506,0.00023109,0.0015995,2.2863e-05,1.8323e-08
5.5567e-05,1.209e-05,2.85e-05,0.010802,0.0010019
0.0027219,6.4936e-09,2.1469e-07,4.6925e-07,2.1733e-05
0.0002069,0.014169,0.00031028,0.00012068,1.4416e-06
0.00074737,0.00030967,0.00020014,4.5922e-06,0.0026192
0.0027309,1.6918e-05,3.7233e-06,1.8724e-08,1.0549e-06
0.0016051,4.9584e-07,0.0012088,0.00091938,0.00014402
0.0026576,0.00010632,1.6299e-05,0.00012141,4.1407e-05
0.002736,6.2772e-07,6.943e-07,2.402e-06,3.5079e-08
0.0012213,5.1786e-06,7.309e-05,0.0005282,0.0019927
0.00060134,0.0020338,0.0020065,0.00077451,0.00033551
0.0027364,1.6242e-08,4.1068e-08,2.2733e-06,3.1488e-07
0.0026246,0.00020257,0.00010496,1.9962e-05,1.3743e-06
0.0010104,0.00032918,0.0011613,0.0033873,0.00032645
0.0023515,4.3506e-05,0.00045001,3.478e-05,7.2923e-05
3.6525e-05,0.0053671,0.0025391,8.0553e-05,3.9909e-06
1.1713e-07,3.7603e-08,7.5095e-08,2.716e-07,0.003992
5.6599e-05,0.00038242,0.0036015,9.6057e-05,3.38e-05
5.9758e-07,0.00034896,0.0017213,0.0045751,0.00089369
0.0002694,2.3379e-06,0.0033776,0.00026818,8.1376e-07
9.812e-08,0.0033474,0.0030594,2.5711e-05,3.5437e-06
1.5379e-09,1.8508e-05,0.0038187,8.272e-07,5.2589e-07
0.0020765,0.0011154,0.00013143,0.00016942,0.00051873
9.3618e-05,1.0521e-07,0.0036925,5.1866e-07,1.999e-07
8.211e-05,2.8297e-07,0.0019797,0.0067788,1.9061e-07
0.0016203,0.0028495,0.00046465,0.0013061,0.00012561
0.0026705,0,1.872e-05,0.0002829,2.1207e-06
0.0025107,2.4462e-05,0.00023195,2.5635e-05,7.5282e-05
1.55e-05,2.0582e-06,1.8735e-05,1.9742e-05,0.0039444
0.0020541,4.5642e-07,0.00065075,2.7363e-05,0.00030929
0,0.0024865,0.0032358,6.6206e-05,1.1234e-05
7.7e-06,2.3697e-10,5.9459e-08,1.5453e-06,0.0039806
0.00019903,0.00041157,0.0032493,0.00057113,6.0484e-05
8.3829e-07,1.6889e-05,0.00029303,0.002622,0.0029829
0.0020001,0.0035403,1.5155e-06,9.5835e-05,0.00021498
0.00019268,1.8713e-07,0.0018166,4.4229e-05,0.0018027
0,3.8288e-05,2.0496e-05,1.2216e-06,0.0039616
4.1557e-05,1.173e-06,1.0191e-05,0.00013509,0.0038848
1.1306e-07,0.00074894,0.003629,4.4326e-05,1.5047e-05
4.6098e-08,3.5871e-11,8.8842e-08,3.6441e-06,0.0039912
0.0024093,0.0019256,1.3274e-05,1.7223e-05,6.5622e-06
0.0019607,0.0019893,0.0005015,0.00016441,9.6962e-05
0.00051181,0.00034593,0.00076899,0.0088632,1.094e-06
0.0023722,0.00051259,0.00032856,0.00020422,1.4103e-05
0.00017072,2.7255e-06,6.915e-06,0.0001843,0.0036864
0.0023805,0.0012557,3.8979e-05,4.7477e-05,0.0001713
0.0022049,0.0032331,1.0879e-05,1.3469e-05,7.1267e-07
0.00094262,0.0012399,0.00051657,0.00038896,0.0016828
0.00061174,9.487e-07,0.0017565,0.00010726,0.0012372
0.0027355,2.5657e-09,1.927e-07,5.4749e-07,1.9194e-06
0.002515,3.8805e-06,0.0003088,1.22e-06,2.4535e-07
0.0027369,7.893e-10,1.4186e-07,8.257e-11,1.8098e-08
0.0001137,1.5163e-08,6.9593e-09,5.1542e-09,0.0038265
4.8507e-05,0.00028139,0.003672,6.3994e-05,4.2926e-06
0.0027336,1.3018e-11,5.5531e-08,3.9258e-08,4.9497e-06
0.0027164,2.1125e-09,1.2745e-08,7.8638e-09,2.9996e-05
9.3656e-06,5.1102e-05,0.00014202,0.0038036,0.0028054
0.0025384,2.1375e-05,0.00024754,1.6084e-05,2.1983e-05
0.0024048,1.4988e-10,2.0631e-05,2.5993e-05,0.0004561
0.0027186,2.4317e-05,1.7115e-05,2.839e-06,2.5699e-06
0.0017307,0.00013625,0.00070993,0.0023938,5.7004e-05
2.8186e-05,9.8412e-06,0.0030842,0.001329,0.00037464
0.00045965,1.6542e-08,2.7644e-07,2.8295e-06,0.0033208
4.8756e-07,6.4802e-06,0.0038188,9.7645e-06,2.2553e-07
3.44e-11,2.1344e-06,0.0038228,1.1433e-08,3.2123e-07
0.0024673,7.1901e-08,0.00022047,5.2032e-06,0.0001618
0.0024336,0.00011672,7.4944e-05,0.00036949,0.00023845
0.0026506,1.1519e-05,0.00010321,4.6155e-05,3.2081e-06
0.0013947,0.0036739,0.00080447,2.0125e-05,0.00024847
3.5057e-07,8.677e-05,0.0038035,3.3989e-07,1.9052e-09
6.6572e-08,4.3661e-05,2.5948e-06,3.2338e-05,0.0039706
0.0010364,1.4519e-06,3.5794e-05,9.1924e-05,0.0024185
0.00042789,1.521e-05,5.3187e-05,1.8335e-05,0.0033042
7.4967e-09,2.8009e-11,4.0353e-09,4.6355e-05,0.00398
0.0027269,4.9229e-10,4.6876e-10,2.5661e-08,1.4674e-05
1.6022e-05,0.00013238,0.00034091,0.00055165,0.003435
8.9633e-06,1.2912e-10,1.0388e-09,9.8328e-06,0.0039766
6.8635e-05,0.0057174,0.0019944,4.1917e-05,0.00045381
0.0015428,1.1485e-07,7.98e-07,1.2168e-08,0.001741
0.00012403,1.5633e-06,0.00013634,0.00095012,0.0034157
0.00010677,0.0025602,0.0001509,1.5868e-05,0.0030726
0.00050022,0.013109,0.00016579,1.7285e-05,1.2693e-06
7.5521e-07,1.0974e-05,0.0022309,8.9686e-09,0.0016593
2.1392e-06,5.0324e-07,0.0035595,2.3383e-08,0.00027249
0,0.008227,0.0016847,0.0010343,2.2584e-05
0.0016973,0.0041232,0.00052332,5.0291e-07,8.3463e-08
2.3016e-06,5.0452e-05,0.00081791,0.011348,0.000101
0.00030611,6.3177e-08,5.3534e-08,0.00013653,0.0035094
1.4083e-06,0.00025699,0.0003431,0.0026074,0.0028772
0.0027088,5.6743e-09,1.7112e-05,9.9005e-06,2.0637e-05
7.1077e-06,8.1371e-06,1.1941e-05,6.5047e-05,0.0039503
2.0863e-05,1.2214e-06,1.0958e-07,4.8945e-05,0.0039485
1.7318e-05,0.007463,0.002118,2.2597e-07,6.6945e-08
0.0026634,2.7128e-06,1.2316e-06,3.4445e-06,0.00010449
0.0005127,4.5751e-05,0.0020358,0.0005053,0.00097353
0.00022227,0.0029131,0.0021496,0.0027674,1.4366e-06
0.00011845,0.013053,0.00048877,0.00016776,0.00019408
0.0025953,2.4571e-08,1.9248e-08,6.416e-08,0.00020664
0.00050661,3.8974e-05,0.0031068,1.4247e-08,3.4362e-07
0.0026119,8.6835e-07,2.0003e-06,9.8432e-05,0.00015406
0.0015161,0.0011693,0.00011312,0.0051914,5.1526e-06
0.00028724,3.7285e-06,2.2638e-06,0.00037303,0.0034708
0.0013134,0.00015574,0.0017558,3.2091e-05,0.00019808
0.0023217,0.001412,2.4348e-05,2.5196e-05,0.00024147
1.1064e-05,0.0038231,0.0027418,3.0459e-07,0.00021402
2.6727e-06,0.00010486,9.9528e-05,0.00020147,0.0038062
0.00021279,0.01412,0,0.001346,2.0625e-06
0.0027319,2.2324e-09,7.2469e-09,1.1063e-07,7.4453e-06
0.0004253,0.00061997,0.0022294,0.0033732,2.989e-08
2.9371e-05,0.0028212,0.0030737,0.00027954,2.1083e-06
0.0014902,0.0065088,0.00021675,0.00011123,3.1636e-05
0.0001533,0.010321,0.00014524,0.0005091,0.0010537
9.5968e-07,1.2038e-07,1.3219e-06,3.5062e-05,0.0039802
9.6029e-06,0.00016456,0.00062223,0.0037368,0.0022948
0.00017559,0.003843,0.0026798,3.8897e-05,2.3805e-05
0.0023176,3.324e-07,4.5471e-05,3.3599e-05,0.00055532
0.0012543,0.0011207,0.00090417,0.00030996,0.00087247
6.4739e-06,2.0428e-06,0.0037743,1.829e-06,4.1048e-05
0.0027364,1.5718e-07,2.834e-07,1.2635e-06,2.6112e-07
0.00083957,0.0078411,0.00059634,0.00094227,4.9674e-05
0.0013238,2.5584e-09,4.3363e-06,0,0.0020568
0.0011621,0.00026463,0.0021298,4.1987e-05,4.4473e-08
0.0016233,0.0055844,0,3.0728e-06,0.00031004
1.1015e-05,4.0829e-06,0.0033821,7.9442e-07,0.00044373
1.2443e-05,3.6071e-07,8.2639e-06,2.5635e-07,0.0039654
2.1624e-07,1.8378e-06,0.00025845,3.8572e-07,0.0037216
0.0010484,0.00018265,0.0012026,0.0015651,0.00074769
0.0025287,7.836e-05,0.00013243,0.00038955,4.3483e-05
0.0026583,1.5353e-06,4.4197e-05,5.322e-05,5.4132e-05
0.00033748,1.2643e-06,0.0033509,2.9438e-06,2.6506e-07
0.0018577,3.5512e-09,3.2333e-06,9.8782e-08,0.0012792
