4.3678e-07,0,8.7951e-10,1.1223e-07,0.0043855
7.3945e-05,8.9254e-07,2.1471e-05,0.0047844,0.00068377
1.4836e-08,7.8693e-06,0.0047896,0.0043879,1.1952e-05
0.0022181,0,7.0171e-05,1.1008e-05,0
0.0021874,1.0467e-05,0.00015666,5.0463e-05,7.1352e-06
0.00061839,0,1.8767e-13,5.7324e-10,0.0031704
6.6165e-05,1.2549e-06,7.4839e-06,0.0057302,6.9692e-08
9.7566e-06,0.0091905,0.0039605,2.2268e-06,9.1266e-12
0.00036508,3.3611e-08,2.6456e-07,0.00058701,0.0032326
0.0011274,0.0055844,0.00012189,6.4738e-05,0
0.0016,0.0030659,0.00018022,6.3662e-05,1.8867e-06
0.0022303,0,0,7.1055e-07,1.6008e-08
0.0022306,0,0,0,0
7.4518e-05,0.0041719,0.011464,1.3412e-05,0
0.0022269,0,0,9.7725e-06,0
0.00030789,1.5367e-07,0,0.0049548,0.00010255
0.0014113,1.3714e-06,3.854e-06,0.0010197,0.00085261
0.0018637,0,3.4796e-07,1.8582e-06,0.00071997
3.1032e-07,0,1.1327e-08,4.613e-06,0.0043824
0.0022298,1.2218e-08,1.6472e-09,3.5303e-08,1.4911e-06
0.00032104,0,2.7439e-07,3.3544e-06,0.0037525
1.8523e-08,1.485e-09,1.5993e-08,0.00013557,0.0042857
1.8574e-06,0.0090126,0.0025014,0.00057,5.6249e-08
0.00024798,0,7.1194e-09,1.1554e-07,0.0038987
0.0010547,0.0042694,0.0016227,0.00045089,1.1536e-07
4.6346e-07,0.0041541,0.0098741,0.00071676,8.0913e-11
0.00064382,0,3.1369e-09,2.6198e-08,0.0031203
9.1631e-06,0.0043151,0.0074229,0.0013803,3.4483e-08
4.4965e-05,0.00077761,0.017223,0,9.2597e-07
0.0020875,0,0.00025091,5.6928e-08,0.00022307
0.00047373,0,5.1489e-14,0,0.0034548
0.0022299,3.6778e-09,0,0,1.2829e-06
1.6896e-05,0,8.2352e-07,3.1903e-05,0.0043293
0.0021137,0,0,2.4863e-09,0.00022986
0,0.0003779,1.6867e-05,0.0051458,0.00042068
3.508e-05,1.2898e-09,1.8358e-06,0,0.004317
0.00032031,0,6.6665e-11,2.4658e-07,0.0037563
0.0021129,5.7185e-06,9.6253e-06,0.00010418,0.00014965
1.0677e-05,0.0007091,0.016694,0.00029077,1.2137e-06
0.0021808,2.1954e-05,1.3589e-05,0.00011632,1.3941e-07
0.00050568,0.0056683,0.0040573,0.00043531,8.2332e-07
0.0022306,0,0,0,0
0.0022202,3.2995e-05,4.5979e-06,9.4481e-06,3.3787e-08
2.2033e-05,0,3.3283e-09,5.8228e-06,0.0043388
0.00022317,2.2892e-08,7.8626e-07,0.0038285,0.0011051
0.00048492,9.3574e-06,0.00072179,0.0040763,0.00023526
0.0022302,4.0253e-10,0,4.3298e-07,4.7986e-07
0.0020135,0.0010494,0.00012885,4.8959e-06,3.3633e-11
0.00023158,0,1.6688e-08,6.9744e-07,0.0039305
0.00017373,0,7.6139e-06,1.5864e-05,0.0040312
0.0022294,0,2.3508e-10,1.1088e-07,2.3203e-06
0.0019433,0,9.8707e-09,2.0872e-07,0.00056473
0.0022047,0,1.8142e-05,9.6309e-06,3.95e-05
0.0021886,3.2987e-05,0.00026081,1.2877e-05,1.8222e-08
0,0.0045553,0.00039684,0.0034837,6.0744e-07
0.002133,0.00021757,5.1853e-05,0.00013231,6.6811e-08
0.00028736,0,7.3606e-05,0.0031433,0.0014706
0.0020247,5.4637e-06,4.8819e-06,0.00052018,1.5533e-05
0.0022261,0,1.3936e-09,4.5071e-08,8.8334e-06
0.0022273,0,2.1796e-05,1.7518e-06,5.8414e-08
0.0022306,6.4721e-12,0,0,0
0.0021806,0,2.1212e-05,9.6441e-06,8.6124e-05
0.00074471,0.007279,0.00083217,5.0055e-07,0
0.0022159,0,9.3055e-06,2.8472e-05,5.5677e-06
0.0021628,1.1767e-05,1.4954e-05,0.00011181,4.2454e-05
3.4955e-05,0.011467,8.6343e-05,7.0018e-09,0
0,0.011636,0,1.9092e-05,1.1347e-05
8.3475e-05,5.5767e-05,9.4323e-05,0.0056252,3.3357e-06
0,0,0,0,0
0.0022231,0,1.4749e-07,1.7882e-05,1.4644e-06
1.4135e-05,0.0017075,0.015986,9.0993e-07,1.7459e-09
0.0022227,1.3291e-11,0,2.0214e-05,4.5268e-07
0.0022297,4.5104e-09,2.9819e-08,1.6388e-06,4.468e-07
0.0012224,3.4192e-05,0.00022001,0.0025548,2.2035e-05
0.0021188,2.5998e-07,0,3.4534e-05,0.00019406
0.00045376,0.0092771,7.3975e-05,3.205e-10,6.3866e-12
6.1383e-05,0.010869,0.00046906,0.00011202,2.4217e-08
2.0327e-06,0,5.8664e-08,2.3027e-06,0.0043807
3.6336e-08,0.0047025,0.011282,2.2029e-08,4.1651e-11
0.001309,0,0,1.1428e-06,0.0018115
0.00019659,0.010438,0.00033771,1.22e-05,1.2673e-07
3.5089e-08,0.00017712,0.011653,0.0021671,9.8306e-07
0.001463,0.003388,0.0002356,0.00023105,1.3395e-05
0.00025529,0.009539,0.00093712,0.00012304,1.0664e-08
0.00097318,4.2868e-05,1.5823e-05,0.0024302,0.00064877
0,0,0,0,0
0.002193,1.6645e-06,2.9476e-08,0,7.334e-05
2.1232e-05,0.00052964,0.0012351,0.005198,0
0.0003026,0.0048743,0.0011001,0.0022966,3.7501e-06
0.0021981,0.00014299,3.862e-05,3.2372e-07,1.1073e-06
0,0,1.2712e-06,1.2142e-06,0.0043852
0.0022304,2.0877e-07,0,2.9778e-07,6.4362e-09
0.0022266,1.2851e-08,3.2009e-09,1.6016e-08,7.7434e-06
6.3037e-05,2.0047e-10,0,4.4436e-06,0.0042592
5.2572e-07,0.011311,0.00062013,2.4773e-06,6.5609e-13
0.00029141,0.00098783,0.0020318,0.003485,0.00038339
0.0021615,2.5557e-06,1.9087e-05,0.00016475,8.1466e-06
7.4655e-05,0.00021526,0.0014207,0.005157,5.3678e-09
0.0022306,0,3.7174e-11,8.306e-09,0
4.0965e-05,0.0067415,0.0051639,0.00077776,8.2747e-07
0.00011378,0.010825,0.00040722,1.4681e-05,1.3374e-09
1.9224e-05,2.1593e-07,3.3277e-05,0.0053492,0.00036961
5.4908e-06,0,1.1271e-07,4.0987e-05,0.0043452
0.0018832,0.0016381,0,9.3095e-05,1.1169e-08
0.0022306,0,0,0,0
0.0022235,0,0,2.6783e-07,1.3648e-05
0.00053121,9.7312e-09,2.2132e-07,6.2062e-05,0.0032957
2.9261e-08,1.247e-10,1.1504e-09,3.4607e-05,0.0043607
1.9882e-10,0,3.9656e-13,1.2085e-08,0.0043864
0.0022283,9.8462e-06,4.6911e-07,7.8407e-07,2.2994e-08
0.0021938,0.00017854,3.4755e-06,4.3004e-06,1.3539e-06
0.00011729,0.0012007,0.010845,0.0015864,5.6363e-06
0.0019949,0.00031513,0.00063707,0.00026056,3.6986e-06
0.0021422,8.6823e-06,1.2447e-05,0.00017691,3.6287e-05
6.992e-07,2.6803e-09,4.1133e-07,0.0034423,0.0018295
0.0016769,1.7272e-05,1.9483e-05,0.0014506,9.1224e-07
1.5548e-05,0.010774,0.0013653,2.9757e-07,2.7813e-12
0.00014428,0,4.3608e-05,0.00070813,0.0035668
5.0627e-06,1.2655e-06,7.5219e-05,0.0058703,4.7257e-07
0.002192,0.00018013,6.7784e-06,9.1114e-06,2.3429e-08
0.00074012,9.5016e-06,0.00067284,0.0028622,0.00064608
7.7402e-05,6.2541e-05,0.0017953,0.0051093,1.8175e-07
0.0020821,0,6.1322e-12,9.4492e-09,0.00029205
4.9375e-07,9.1739e-06,0.00018017,0.0058457,3.4743e-07
0.00014384,0.0095503,0.0019823,8.5159e-05,8.3923e-10
0.0021472,4.5365e-09,4.7343e-08,1.0044e-05,0.00015649
0,0,0,0,0
0.00028427,2.8203e-05,0,0.0051408,3.9603e-07
0.001805,8.9081e-05,3.1201e-05,0.001068,3.3735e-06
0.00022022,0,3.6891e-13,1.5123e-08,0.0039533
0.002185,0,3.1312e-07,0,8.9572e-05
4.6597e-07,3.0898e-07,1.9723e-06,0.0056401,0.00019782
0.0020903,0,5.912e-09,2.3418e-06,0.00027414
1.6822e-06,0,2.4177e-08,6.9145e-08,0.004383
0,0,0,0,0
0,0,0,0,0
0.00090155,0.0019777,0.0077935,7.989e-05,4.1367e-07
1.8393e-07,1.8931e-11,6.2261e-09,0.00044311,0.0040571
0.0010259,2.948e-07,1.3265e-06,0.00063594,0.0018965
1.1974e-05,0.010157,0.0023903,3.7568e-07,4.7921e-13
0.0022305,8.8582e-08,0,3.1007e-07,2.1966e-09
0.00069383,0.0071586,0.0014238,1.0672e-05,2.3539e-12
0.0009809,1.198e-06,6.184e-06,0.00023089,0.0022842
0.00053765,0.0072152,0.00077486,0.00059896,9.8495e-08
0.0022162,0,3.0813e-05,2.8431e-05,1.0713e-08
0.00044899,0,6.3664e-08,2.936e-05,0.0034817
0.00080942,0.00039416,0.011024,0.00011158,2.6966e-07
0.0022201,0,1.0916e-05,1.4681e-05,7.2787e-06
4.6655e-11,0,4.4431e-11,3.8652e-08,0.0043864
4.2982e-05,0,0,6.9897e-06,0.0042967
0.0022261,2.2634e-05,0,5.095e-07,0
0,0.00023966,0.016262,0.00038656,0.00022732
0,0,1.2248e-10,2.5074e-07,0.0043862
0.00010383,0,2.1564e-11,3.297e-09,0.0041822
3.2703e-08,1.9355e-09,8.6486e-08,0.0058617,3.4709e-05
0.0021732,9.7104e-05,6.5617e-05,8.036e-05,1.5613e-06
0.0019257,0,8.1685e-12,1.6065e-08,0.00059958
4.1031e-05,0,8.7735e-10,1.1061e-08,0.0043057
0.00059882,0.0085388,3.295e-05,1.2951e-06,5.3148e-09
0.0022065,0.00010876,4.6589e-06,6.8777e-06,4.7076e-07
0.0022237,1.1238e-08,7.1553e-09,2.9801e-07,1.3392e-05
1.346e-06,0,3.2802e-13,2.4827e-08,0.0043837
6.2262e-06,0.011114,0.00088542,4.0169e-06,1.0258e-08
0.00018113,0,5.3344e-10,1.8575e-08,0.0040302
0.0019767,0,2.8185e-10,1.4789e-07,0.00049906
0.0013931,1.3994e-05,0.00023433,0.0019134,0.00016673
0.0022063,3.7675e-07,6.1144e-06,6.2177e-05,1.0052e-07
0.00025571,1.3291e-06,0.00016402,0.0051583,1.5502e-05
0,1.5816e-05,0.00011107,0.0027821,0.0022893
0.00081728,0.0021907,0.0013899,0.0021966,4.2214e-06
0.00075383,0,1.7466e-09,2.1609e-08,0.002904
1.334e-05,1.2355e-13,4.5155e-11,7.9321e-10,0.0043602
4.7463e-05,5.5193e-09,3.6428e-07,0.0016906,0.0030379
0.0015553,0.0025282,0.00087369,0.00023512,2.6983e-06
5.8359e-06,1.2441e-05,0.00022913,0.0057754,2.942e-05
0.0021622,3.3348e-05,0,0.0001642,9.9337e-10
0.00011666,0.0091629,0.0026673,0.00013811,1.0899e-09
0.00014862,0,1.2327e-07,0.0015027,0.0029785
0.0021495,0,0,0.00021467,0
6.1611e-08,2.5835e-06,0.018842,4.1778e-06,2.9356e-09
0.00087857,0.0053602,0.0023351,0.00014369,3.5783e-08
0.0021573,0,0,3.8059e-09,0.00014411
0.00010941,0.0090139,0.0033589,1.584e-05,3.6125e-08
0.0019873,0,2.0281e-08,6.6437e-06,0.00047357
0.0021314,0.00051271,1.102e-05,2.8572e-07,4.8798e-08
0.00028449,0,0,4.9901e-07,0.0038266
0.00088199,1.1833e-06,1.1179e-05,0.0035611,5.2762e-06
0.00093555,0.0051766,0.0024519,4.8921e-05,1.3076e-10
5.033e-07,0.010786,0.0014719,8.3573e-07,2.0709e-09
0,0,0,0,0
0.0022177,4.8219e-06,0.00010082,0,1.8359e-08
0.0021695,0.00018771,1.648e-05,2.3021e-05,2.8757e-05
9.6281e-06,0,4.6916e-15,1.5913e-11,0.0043675
0.00039884,1.5147e-07,1.6249e-05,0.0014594,0.0025148
8.1239e-08,0,1.6394e-12,1.4284e-09,0.0043863
0.00223,2.4166e-08,0,1.2103e-06,2.0549e-07
0.0012721,6.1999e-05,0.00056683,0.0007238,0.0011925
0.00013144,0.0011062,0.00010625,0.0048779,6.7385e-05
0.0014694,0.00073931,0.00026677,0.00082967,0.00054178
0.0006725,1.9601e-06,0,0.0039847,0.00010506
0.00047727,0.00019282,0.00022159,0.0044522,1.8786e-05
0.0022306,0,0,0,0
0.0021888,0,0,2.5975e-05,6.2844e-05
0.0022306,1.0775e-08,0,8.3999e-08,0
4.2144e-07,0,0.00010893,6.5896e-05,0.0043113
2.1185e-07,0,4.4882e-10,5.1022e-07,0.0043856
0.0021986,2.4664e-07,5.588e-07,2.2747e-05,4.5739e-05
0.0022301,2.4947e-08,5.2146e-09,9.3982e-08,8.7658e-07
0.0022229,0,0,4.7598e-08,1.5145e-05
0.00013232,0.0016672,0.0032662,0.0036913,1.2993e-06
0.0022275,2.7078e-06,8.4524e-07,2.6111e-06,2.9091e-06
0.0019686,0,9.7463e-09,2.6016e-07,0.00051508
0.0017494,8.8361e-05,0.0023322,0.00040838,6.7634e-05
0.0016801,0.0028373,3.6216e-05,1.4333e-05,7.4794e-08
8.7154e-07,2.7272e-05,0.0024524,0.0047139,0.00030457
0.001377,3.1242e-06,6.5837e-06,0.00091342,0.00099776
0.0007508,0.0069489,0,8.825e-05,0.00024015
1.4082e-08,0,6.4603e-10,1.3382e-07,0.0043863
0.0022302,5.8974e-11,7.0045e-11,3.1632e-08,7.9414e-07
6.8937e-05,6.6558e-08,8.5537e-07,0.0051238,0.0004468
3.2368e-07,0,1.2075e-09,1.0186e-08,0.0043858
0.00011053,0.00087,0.015621,0.00028231,2.8336e-07
0.00016498,0,8.5239e-06,1.6772e-05,0.0040475
1.7977e-08,2.95e-09,7.0112e-08,0.0018477,0.0030146
0.00064331,5.6757e-07,6.9728e-07,0.0042007,2.4724e-06
2.9563e-09,0,1.4463e-09,1.1593e-06,0.0043855
0.0021559,0.00021548,4.1187e-05,6.7596e-05,6.3574e-06
0.0021635,2.1472e-05,0.0003149,6.8039e-05,1.1792e-07
0.0001655,7.5535e-11,2.4029e-10,1.6209e-08,0.004061
4.9155e-05,2.4296e-08,2.5758e-06,0.0054548,0.00023957
0.0022247,0,7.852e-07,4.9842e-08,1.1278e-05
3.6085e-05,0,2.3507e-08,2.918e-07,0.0043152
0.0001429,0.0010716,0.013756,0.00067893,3.5831e-07
1.6781e-05,0.00078478,0.017119,0.00010476,3.881e-09
0.00038729,0.0095651,0.0001709,3.0178e-07,1.2218e-09
0.0012721,9.6462e-11,1.682e-08,5.6926e-07,0.0018844
0.0022297,5.5886e-07,0,2.0272e-06,2.1737e-08
1.4678e-06,7.474e-09,1.0313e-07,0.0054276,0.00035415
0.0020337,3.4871e-06,0,0.00051937,2.8904e-07
7.4684e-06,0.00030052,0.0024406,0.0049724,9.0395e-09
0.0019108,0,3.9844e-07,2.7237e-07,0.00062848
0.0022305,0,0,1.8463e-08,8.8553e-08
0.0018522,0.0012565,0.00074491,0.00013454,1.2421e-07
0.00038047,1.5557e-07,3.1543e-06,0.0043348,0.00041937
9.8318e-10,2.0614e-11,1.8925e-09,0.00032565,0.0041447
0.0020689,0.00048126,0.00023607,6.804e-05,3.2263e-05
0.0012271,5.1267e-05,0,0.0026319,1.7316e-07
0.00055842,1.1906e-08,6.5305e-06,0.00021433,0.0031277
0.00042358,0,8.8628e-09,1.2624e-07,0.0035534
2.8228e-09,0,5.3981e-13,2.7978e-07,0.0043862
0.0022162,0,4.0583e-06,2.8803e-06,2.5171e-05
8.4859e-06,0,4.1928e-09,7.5398e-06,0.0043641
1.9287e-07,0,4.4403e-09,2.0206e-07,0.0043859
0.0022168,6.4261e-05,1.5095e-07,2.814e-06,8.2818e-07
0.0022283,1.4055e-09,3.13e-09,4.362e-06,1.2824e-06
9.9749e-05,1.393e-06,6.0832e-06,0.0054995,0.00010557
0.0012537,1.4643e-05,1.8653e-05,0.0011755,0.0010386
0.0022244,0,0,5.3941e-08,1.2048e-05
0.00011846,0.010436,0.00043872,0.0001886,5.2997e-12
0.0017344,2.0602e-08,0,0.0010522,0.00019457
0,0,0,0,0
9.7811e-05,0.0098264,0.0012317,0.00030259,1.7718e-07
0.0020195,4.6214e-05,2.6888e-05,0.00052371,2.7441e-06
1.0444e-06,0,4.0158e-08,2.9983e-06,0.0043821
3.4463e-05,0,5.8496e-07,1.2715e-07,0.0043184
0.00073034,4.3487e-09,3.568e-07,9.1706e-06,0.0029433
4.3886e-05,1.9403e-05,0.00026659,0.0040528,0.0012221
0.0018204,0,6.1793e-07,0,0.0008065
1.5204e-07,9.7968e-08,0.00013232,0.0058645,1.5727e-06
0.0022306,0,0,1.7869e-09,3.3849e-08
0.00072225,0.0017049,0.0062299,0.0011789,2.9814e-06
0.0021127,0.0002659,8.2884e-06,0.00016571,7.2379e-06
3.3042e-06,0.011672,0,7.0796e-06,3.8683e-11
0.00095138,0.0022474,0.0022987,0.0015254,6.1794e-06
0.0022293,3.5132e-07,0,3.1108e-06,1.8124e-08
7.4038e-05,2.0183e-07,1.1012e-05,0.005554,0.000115
3.0365e-08,0,7.2525e-08,1.8332e-06,0.004385
0.0022305,0,0,2.2155e-07,0
0.00022671,0.00012264,1.2197e-05,0.00096483,0.0031755
0.0021734,0.00029545,0,2.3146e-06,5.7187e-11
0,0,0.011265,0.0023768,1.8835e-06
0.00029014,0,9.9204e-10,3.3501e-08,0.0038158
4.4099e-06,1.1345e-06,3.2447e-05,0.005868,1.3443e-05
0.0022193,5.5962e-05,1.0678e-06,1.3093e-06,0
0.00011591,0.0086059,0.0039922,6.2396e-06,1.3383e-09
0.0018012,2.237e-06,1.1152e-06,0.0011353,3.3202e-07
0.002076,3.5991e-05,0.0012487,0,0
0.0020548,0.00075243,0.00018023,2.9307e-05,9.7124e-08
9.5856e-08,1.4322e-09,1.4038e-07,0.0057532,0.0001151
0.00073359,0,1.4696e-06,2.832e-05,0.0029225
0.0020245,4.7384e-10,2.4335e-09,4.08e-08,0.00040515
2.8494e-05,0.008136,0.00090867,0.0014394,1.1673e-06
0.0012742,2.4426e-07,1.0212e-05,0.0022513,0.00020694
0.0021639,0.00017132,0.00013332,4.7476e-05,6.1824e-07
0.002175,1.2186e-05,0.00013405,5.4175e-05,3.3355e-05
9.568e-05,0,1.3708e-06,1.2865e-06,0.004197
0.0012124,2.4309e-07,0,0.00021639,0.0018416
0.0021354,5.131e-08,3.228e-07,0.00019645,4.1335e-05
0.0016433,0.00045902,5.5435e-05,0.0013022,3.2952e-06
0.0017796,0,1.0221e-07,1.262e-06,0.00088594
7.9419e-05,2.9747e-07,2.876e-05,3.6421e-05,0.0041964
0,0,0,0,0
4.6837e-05,0.00031483,5.3972e-05,0.0056085,1.2638e-07
3.4024e-06,8.2897e-06,0.00065314,0.0056906,7.7211e-08
0.0014213,0.004038,0.0002663,2.0494e-05,9.2401e-07
3.9198e-05,0.0037259,0.0093238,0.0010026,6.734e-08
0.0022252,1.4574e-07,0,9.2456e-06,3.6844e-06
0.0017673,0.00064346,0.00055006,0.00072946,3.6064e-07
9.9777e-05,3.2242e-07,3.9149e-06,0.0037317,0.0014188
0.00049956,2.3092e-05,9.5579e-05,0.00011075,0.0032909
0.00039292,0.0082594,0.0020538,5.4696e-05,6.3034e-11
0.00040651,7.0054e-05,0.0019036,0.0035942,0.00044976
3.0127e-07,7.623e-07,0.00021599,0.0058394,2.4504e-07
0.0022296,5.6734e-10,0,7.9377e-07,1.3009e-06
2.9857e-07,1.7224e-05,0.0002187,0.0058304,6.9081e-08
0.00057707,0.00010783,5.8636e-05,0.0035344,0.00057369
0.0001104,9.1792e-06,7.4502e-06,0.0056078,1.0187e-06
0.0022306,4.1591e-09,0,1.2068e-09,1.8885e-09
0.0020702,5.9649e-06,3.1155e-06,0.00036094,4.4562e-05
0.0010539,0,0,4.544e-07,0.0023136
0.00013331,0.0032859,0.0026448,0.003062,4.4499e-06
0.0021654,1.6722e-08,0,0.00017056,1.6168e-06
0.0007033,0.0056628,0.0024688,0.00041338,2.1834e-09
0.0018884,1.1099e-08,8.5657e-07,0.00079822,8.0016e-05
0.0022152,5.6158e-08,0,3.8926e-05,1.2659e-06
0.0011933,0.00081482,0.0021727,0.001654,1.1595e-06
0.0021028,0.00057429,0.00014402,3.3267e-06,0
0.00075983,0,3.5982e-06,5.0465e-06,0.0028876
0.0021836,0,1.6842e-11,2.8842e-08,9.2323e-05
0.0022306,5.1817e-08,0,2.3796e-08,1.2715e-09
0.0022304,1.7441e-07,0,3.2573e-07,2.4085e-09
0.0022299,1.2614e-06,4.3185e-07,6.6392e-07,2.19e-07
0.00025833,0,0,1.7738e-06,0.0038771
0,0,6.9862e-10,8.6997e-07,0.0043858
0.00087282,0,0,1.7111e-07,0.0026699
0.0022298,2.5882e-07,0,1.821e-06,3.1375e-09
0.002069,1.2433e-06,0,0.00042342,2.9207e-06
2.816e-05,3.0565e-05,0.00074847,0.0055788,3.9096e-06
9.7099e-07,0,5.2028e-12,0,0.0043845
2.6934e-07,0.0051726,0.0078259,0.00084476,1.8879e-11
0.0021471,0,0,8.054e-07,0.00016354
0.0012306,3.8105e-07,4.8652e-06,0.00065358,0.0014799
0.00028784,0.0002569,0,0.0050135,2.1608e-06
1.9181e-05,1.4247e-09,0,1.1313e-06,0.0043479
0.0022299,4.777e-08,0,1.3256e-06,2.5989e-07
0.0021521,0.00030427,8.153e-05,2.8272e-05,2.7678e-07
1.1906e-05,0,1.7959e-07,8.2901e-09,0.004363
0,0.00068542,0.0025161,0.00063219,0.003075
8.4806e-05,0.010256,0.00086979,0.00022029,9.8686e-06
0.00010913,0,0.0043033,0.0042713,4.6315e-08
2.9385e-05,0,7.0893e-06,2.2305e-05,0.0043104
0.0022297,0,0,1.2454e-07,1.7007e-06
2.2534e-06,0.0030283,0.0080704,0.0017514,6.9846e-05
1.5448e-05,0.0019703,0.011944,0.001131,1.2839e-10
0.00026885,0,0,6.5959e-09,0.0038577
0.00014492,0.010787,0.00025129,1.9584e-07,0
0.0022176,0,0,0,2.545e-05
3.4117e-08,0,9.3835e-10,3.2204e-06,0.004384
0.0022306,0,5.7367e-08,0,0
1.3541e-05,3.5526e-05,0.0049854,0.0042925,2.7181e-07
0.000704,2.7669e-08,2.7139e-07,2.8771e-05,0.0029806
4.0001e-08,0,2.9252e-10,3.2681e-08,0.0043863
0.00095599,0.0063946,0.00012172,0.00010469,3.8674e-06
0.00025658,0.0089189,0.0015855,0.00022829,9.7284e-07
2.3518e-05,0.00015462,0.008105,0.0032254,2.6908e-06
0.0022267,0,0,3.94e-08,7.534e-06
0.0022034,8.6129e-05,5.5343e-05,8.0897e-06,2.3105e-06
0.0010816,0,3.2924e-10,4.9154e-10,0.0022595
0.002124,2.5535e-05,0.00085971,0,0
0.0022306,1.4813e-08,0,0,0
2.634e-05,4.795e-06,0.007649,1.1894e-05,0.002545
0.0020363,0.001003,1.1135e-05,3.9098e-06,6.2616e-07
0.0014764,2.5624e-08,1.0309e-08,1.9056e-06,0.0014816
0.00010003,0.0108,0.00043289,5.3448e-05,1.618e-06
0.0022306,0,0,3.5539e-10,1.1933e-09
0.0022289,6.6718e-06,0,1.1944e-06,9.6524e-11
1.7951e-08,0.0082083,0,0.0017646,3.9755e-09
0.0020945,1.5653e-05,0,0.00034698,4.1726e-06
0.0019678,0.0013451,3.0041e-05,5.606e-06,1.4906e-06
4.5317e-06,0,9.4527e-16,1.0407e-11,0.0043775
0.0012841,3.7464e-08,0,3.9821e-08,0.0018613
0.0021121,0,1.576e-07,3.4577e-09,0.00023293
0.00072035,1.5266e-05,1.1753e-05,0.003989,3.1032e-08
0.00059693,4.1991e-10,3.356e-08,2.322e-05,0.0031953
0.00046768,0,1.1606e-08,2.692e-06,0.0034647
0.0022306,0,0,1.2085e-09,2.2891e-08
0.0022042,0,0,2.0108e-05,3.6982e-05
0.0016174,2.1554e-05,3.3677e-05,0.00077528,0.00061433
0.0006615,0.0010973,0.0014672,0.0031425,1.1341e-07
0.00067999,0,5.8993e-13,1.0883e-09,0.0030492
0.0021823,8.6367e-05,6.2014e-06,8.1203e-05,9.0858e-07
4.8133e-07,0,5.3838e-07,1.4851e-05,0.0043743
8.8609e-07,0.00049885,0.0043676,0.004286,1.2189e-08
8.2627e-06,2.0392e-06,1.4962e-05,0.0058778,2.3186e-06
3.3255e-06,0,3.2947e-06,0.00012711,0.0042847
7.7342e-05,0,4.516e-10,9.6537e-06,0.0042272
1.1725e-08,6.5535e-09,5.1984e-07,0.0056676,0.00017876
0.0021262,5.1503e-05,0.00013659,5.9811e-05,0.00010983
0.0021542,0,0,2.1972e-08,0.00015011
0.0022306,0,0,1.4657e-11,6.4009e-12
0.0010558,0,0.0013753,0.0014846,0.00088829
4.7589e-05,0.011378,0,3.8254e-05,5.406e-13
0.0015488,0.00019282,0.0038243,0.00049109,1.4463e-05
0.00081206,0,0.00026002,0.0025214,0.00085722
0.0016086,0.0029358,0,0.00016557,4.7597e-09
0.0016588,0.0028225,0.0002747,3.6094e-06,3.3419e-09
3.9543e-05,7.0349e-07,1.0077e-05,0.0057762,1.7844e-05
0.002162,0,0,1.1459e-07,0.00013475
0.0002535,3.8437e-05,8.4331e-05,0.005007,0.00013677
6.3428e-05,0.0023407,0.01367,0.00027466,1.0774e-06
0.00073235,0,0.0086135,0.0011654,7.7747e-05
0.0022137,0,1.2318e-06,1.5127e-06,3.1831e-05
0.00030279,0,1.9872e-05,2.3043e-05,0.0037692
0,0,0.00069907,0.0055496,0.0001039
0.002187,9.5854e-10,0,2.0594e-05,7.0386e-05
0.0022304,0,0,9.076e-09,3.2026e-07
3.1073e-06,0.011116,3.2432e-05,0.00027831,2.232e-07
0.0022298,2.3596e-06,2.3072e-08,8.2497e-07,1.0598e-09
7.1323e-05,0.0086519,0.0041356,5.6215e-05,1.2319e-09
0.0022007,0,0.00020211,1.5738e-05,1.5395e-07
1.2729e-05,0,0,5.3181e-08,0.0043613
0.0014693,6.8921e-08,2.4995e-08,0.0015309,0.00036049
7.1487e-05,2.7956e-06,1.1918e-06,0.0057148,1.9252e-06
0.0020776,0,0.00021275,0.00033436,3.0669e-06
0.00032047,0,0,4.6907e-08,0.0037562
3.7589e-05,8.9018e-05,0.0014297,0.0028732,0.0018136
0.00096333,0.00011192,7.0612e-05,0.0032773,6.225e-07
0.0021945,0,0,8.0138e-09,7.0976e-05
0.00012846,0.00022111,0.00061281,0.0047072,0.00041383
0.0010446,0.0037377,0.0008656,0.00096244,1.5644e-05
0.00021568,0.00041094,0.00045583,0.0049867,1.8971e-07
0.00023067,0,4.4138e-09,9.7374e-07,0.0039321
0.0022306,1.7779e-10,0,0,7.4335e-11
0.001032,0,9.3632e-07,4.4413e-07,0.0023565
0.00029577,0.0025789,0.0016042,0.0033179,1.9826e-06
0.0022303,1.2028e-10,0,2.339e-07,4.7182e-07
0.0020787,0.00078163,2.4074e-05,1.4999e-07,1.9485e-08
0.00019059,0.00030248,0.0011196,0.0047629,0.00010197
0.0022292,7.1735e-09,0,3.2229e-06,2.3616e-07
0.00056877,0,1.8618e-07,1.0785e-05,0.0032599
2.0098e-08,2.0735e-08,1.802e-06,0.0058136,7.0049e-05
0.00063001,1.3726e-07,4.1763e-06,0.0032155,0.00075935
1.5971e-07,0.0097073,0.0031457,2.2008e-05,6.7917e-12
0.00046436,0,0,1.5633e-05,0.0034616
1.2742e-06,0.0098491,0.002824,4.8235e-05,7.7794e-09
0.0022306,8.7889e-09,0,8.1436e-12,7.2657e-11
8.4789e-07,0,3.1765e-10,4.5822e-09,0.0043847
0.0022158,0,3.524e-11,7.9297e-08,2.9016e-05
0.0015159,0.00011954,0.0001581,0.00038682,0.0010366
0.0022012,0,5.1262e-09,3.4257e-08,5.7847e-05
0.00097372,0.0051303,0.00069763,0.0005207,4.5906e-08
0.0015844,0,9.0468e-08,0.00051613,0.00088744
1.2874e-06,0.0081292,0,0.0018011,8.1951e-08
0.00079566,0.0067473,0.00079184,0.00014643,9.8724e-08
0,0,0,0,0
0.00082866,0,2.7123e-10,1.8619e-08,0.0027568
0.00014659,0,9.9175e-08,4.4494e-06,0.0040948
0.00036018,7.9378e-05,2.225e-05,0.0022805,0.0019502
0.0018053,0.0016321,0.00060534,0.00010705,4.4387e-06
0.0015257,0,1.6432e-05,0.00032007,0.0011446
0,0,0,0,0
5.1759e-09,2.4668e-05,0.00047063,0.0057486,3.2903e-09
2.7848e-08,1.5054e-06,9.9461e-05,0.0058758,5.7437e-07
0.00039197,4.6412e-05,5.2562e-05,0.0022001,0.0019527
0.0022225,0,1.1595e-08,1.0635e-07,1.5821e-05
0.0019059,0.00042665,0.00030431,0,0.00040776
0.00079597,1.0974e-08,0,2.1113e-05,0.0028055
6.7458e-09,0.002963,0.014001,2.6251e-05,1.0423e-10
1.968e-09,1.1804e-13,0,3.6629e-06,0.0043837
0.0022305,2.9234e-07,2.6352e-09,5.1658e-09,3.3983e-09
0.0022261,2.3265e-05,0,3.7974e-08,1.8045e-10
0.0001157,0,2.38e-09,3.1093e-08,0.0041589
0.0021351,1.6982e-07,0,0.00025052,1.6895e-06
0.0022286,2.4777e-09,0,1.8201e-06,2.5666e-06
5.0525e-07,0,1.364e-11,5.1527e-07,0.004385
0.00038813,0,4.2346e-11,1.4808e-08,0.0036231
0.0022161,0,0,5.6616e-08,2.8492e-05
2.1312e-05,0,1.2356e-06,1.8935e-06,0.0043428
2.0539e-06,0,0,8.0067e-06,0.0043764
0,0,2.2114e-10,1.3071e-08,0.0043864
1.8164e-06,4.2661e-05,0,0.0054008,0.00035739
1.9969e-06,7.1833e-05,0.00017706,0.0058112,2.1564e-07
0.0022241,3.3793e-05,0,0,0
1.0848e-06,0,2.921e-10,2.4213e-07,0.0043841
0.0022074,0,0,3.1495e-07,4.5421e-05
0.0016707,0.0011538,0.000364,0.00065956,9.4213e-05
2.7449e-08,0.011704,0,1.569e-08,6.0511e-14
7.4607e-11,0,0,2.1419e-11,0.0043864
0.0019638,1.9999e-09,0,0.0005983,8.0437e-05
0.0021242,6.2541e-08,0,3.0003e-06,0.00020696
0.0020971,0,0.0011028,3.8277e-06,3.2427e-06
5.6792e-06,0,0,2.5581e-09,0.0043752
8.0885e-06,0,3.0563e-06,0.00085392,0.0037359
0.0022304,0,0,0,3.2988e-07
4.6794e-08,0,2.5163e-07,0.00072508,0.003848
0.0022306,0,0,0,0
0.0022186,5.8739e-05,2.7101e-07,1.9053e-06,5.9893e-10
5.8669e-06,0.0055415,0.0064229,0.0010832,4.159e-09
0.0010592,0.0060993,5.3757e-05,6.6652e-06,1.7567e-07
0.00035318,0.00011837,0.00038552,0.0047925,0
0.00015033,5.0437e-06,0.0011269,0.0050948,4.4535e-05
0.00050505,9.7401e-06,3.846e-05,0.0044622,6.7995e-05
5.7625e-06,0,3.2304e-12,5.1123e-09,0.0043751
0.0022003,6.0779e-05,7.3503e-05,2.642e-05,1.1395e-08
0.0022306,0,0,0,0
0.000117,1.9888e-08,1.6952e-07,0.00068964,0.0036443
0.0020519,0.00025907,6.1438e-06,0.000321,1.4473e-05
0.0022303,0,1.5339e-07,2.336e-09,5.155e-07
1.358e-05,0.0054154,0.0093308,0.00021549,1.7106e-09
0.0022304,0,0,0,3.0992e-07
0.001775,0,8.4478e-08,0.0012068,0
0.0018799,0,0.0029349,0,7.0501e-06
7.1092e-05,0.00043732,0.00037331,0.0053707,8.7433e-06
6.205e-05,0.00013,0.00068312,0.0054328,2.3544e-05
0,0,0,0,0
8.1027e-05,1.507e-07,1.1496e-05,0.005471,0.00016278
0.0022112,8.7663e-06,9.406e-06,3.8267e-05,4.1587e-06
0.00063535,4.1682e-12,0,1.2589e-08,0.003137
0.00079736,0.0017342,0.0080634,0.00039482,4.113e-10
0.0016726,0.0029049,3.6537e-05,0,6.6813e-10
0.002215,7.0138e-05,7.4881e-07,5.704e-06,4.6049e-08
0.0021818,2.2317e-06,1.2834e-05,0.00011723,5.1516e-06
3.8631e-08,1.0966e-09,1.9341e-06,0.0058721,2.649e-05
0.0022101,0,0,8.4347e-10,4.0336e-05
0.0021744,0,9.6772e-07,0.00014848,0
0.0020261,2.1764e-05,2.0762e-05,0.00051222,8.8932e-06
3.2489e-05,0,1.2634e-08,5.13e-05,0.0042844
0,3.8822e-06,0.00029822,0.002725,0.0022926
0.0018012,0.0021898,6.4271e-05,1.1822e-05,1.7719e-08
1.4828e-05,0.005281,0.0025078,0.0024135,3.0555e-06
0.00033891,0.0017895,0.00058102,0.0035341,0.00029049
2.4508e-06,2.8101e-06,0.00049821,0.0057424,1.6053e-06
0.0022188,0,0,1.682e-07,2.308e-05
0.00043632,0.00062396,9.5529e-05,0.0041665,0.00017917
0.0013095,0.0014064,0.0053993,3.8221e-05,0
7.5123e-07,5.2354e-09,0,2.251e-05,0.0043682
0.0022194,0,2.3706e-06,2.1806e-06,1.9826e-05
4.4237e-07,7.3195e-06,0.0058609,0.0039528,8.5199e-05
0.0013668,0.0012973,0,0.001633,2.2068e-09
0.00098107,1.6901e-07,3.2594e-07,0.0031249,0.00013712
0.001683,2.1231e-06,5.2313e-06,0.0014163,2.3302e-05
1.7684e-06,0.011517,0.00027769,2.5994e-06,4.8958e-12
0.0021404,0.00046074,2.2171e-06,5.6973e-06,2.5252e-09
0.00088577,1.2601e-05,6.495e-06,0.0017358,0.0013497
0.00080079,0,1.054e-11,9.2641e-11,0.0028117
0.0022291,2.7971e-07,3.2711e-08,3.2431e-06,3.59e-07
0.0022213,5.2177e-06,2.155e-07,2.1537e-05,1.7548e-07
0.00071888,0,1.3911e-10,1.0056e-08,0.0029727
0.0022252,2.7674e-06,7.9414e-07,4.2796e-06,6.148e-06
0.0019714,0.0013451,1.6249e-05,2.0154e-06,1.9234e-07
0.00038399,0.0066778,0.0025037,0.00072888,5.1557e-06
0.0021387,0,0,8.6689e-05,0.00011643
1.3394e-06,8.5302e-08,2.0681e-05,0.0058123,6.4002e-05
2.5266e-06,9.7639e-09,7.5568e-08,0.00015448,0.0042667
1.6658e-08,7.6097e-08,5.8416e-06,0.0059054,8.8926e-07
0.0003585,1.1885e-06,0.0003162,0.00029553,0.003388
0.0004112,0,3.6407e-11,5.6954e-09,0.0035778
0.0014977,0.0022254,0.00083367,0.00055644,2.0246e-07
0.00048911,0,5.5489e-10,9.9039e-08,0.0034245
0.0021121,4.9705e-05,0.00019774,0.00021092,1.1739e-05
0.0022305,0,2.2005e-08,5.6413e-10,8.7256e-08
0.0017083,3.5202e-07,8.3304e-06,0.00063188,0.00055593
0.00013082,0.010687,0.00052975,6.1072e-07,3.5797e-10
3.7404e-05,1.3797e-07,7.3127e-05,0.0029884,0.0020773
3.534e-06,0,8.7228e-07,3.0716e-05,0.0043565
0.00020112,4.2086e-09,1.9071e-06,3.6926e-06,0.0039877
9.3668e-06,0.0024844,0.014102,0.00021169,2.5621e-10
0.0016614,0.0029829,5.3175e-06,7.1801e-08,4.3178e-10
0,0,5.3466e-10,1.6021e-09,0.0043864
8.8772e-07,0.0046002,0.0027538,0.0027207,3.0587e-07
0.00032943,0.0072792,0.003793,0.00017189,6.9284e-07
2.779e-05,0,1.1726e-06,2.4088e-05,0.0043136
0.0022289,5.0918e-08,6.2479e-08,3.5993e-06,6.7556e-07
0.0022291,0,8.47e-11,1.7586e-10,2.9297e-06
0.00067128,4.2532e-06,1.544e-05,0.00077891,0.0024829
0.0022306,0,0,0,0
0.0016896,0.0008636,0.0023364,0.0002649,9.9187e-08
0,3.3536e-07,7.1062e-07,0.0055572,0.00026054
4.3902e-08,0,2.0013e-08,3.9491e-05,0.004357
1.2221e-05,0,7.9249e-06,0.00017729,0.0042289
0.0021231,0.00043007,8.4558e-05,3.8323e-05,2.1374e-06
0.0019043,0,0.00013184,5.6196e-05,0.0005693
1.3651e-07,2.7135e-08,4.6633e-06,0.0059035,2.3817e-06
0,0,0,0,0
0.00092495,0,4.6876e-11,7.6228e-08,0.0025675
0.0021983,0.00015414,0,7.7937e-06,1.9219e-09
0.0022306,0,0,4.688e-09,1.5555e-09
1.8511e-06,0.0004411,0.017536,0.00018722,1.2478e-08
1.0776e-06,0.0027657,0.014377,4.485e-06,7.6737e-07
0.0012917,0.0031523,0.0019424,0.00027446,9.4395e-06
0.0021505,1.7244e-10,0,1.4333e-05,0.00014683
0.0022046,3.9469e-06,1.3099e-06,6.2033e-05,3.182e-06
0.001152,0.0026983,0.0013685,0.0010555,7.8515e-06
3.5789e-05,8.5332e-07,0.00078052,0.0053301,0.00017721
0.0022088,0,5.6152e-07,4.9916e-05,5.6963e-06
0.0016613,0.002864,6.8101e-05,4.083e-05,4.755e-10
3.53e-07,0.00011417,0.013223,0.0017073,6.0915e-08
2.0048e-07,0.0015097,0.013029,0.0010641,1.8829e-08
0.002149,0,6.0829e-05,1.5298e-05,0.00013485
1.2219e-05,8.3153e-07,1.0915e-05,0.0058672,3.7774e-06
0.00021148,0,5.8038e-08,7.8776e-07,0.0039699
0.00023155,0.01044,0,2.4496e-05,8.9673e-11
0.00010706,0.00051517,0.0027583,0.0044263,5.5296e-05
6.0366e-06,0.01023,0.0023239,1.7245e-07,6.7463e-12
0.0022264,0,0,2.4976e-10,8.2052e-06
1.2455e-09,0,1.0073e-12,5.7533e-08,0.0043864
0,0,5.4432e-13,6.2527e-09,0.0043864
0.0022299,1.0303e-06,0,1.3037e-06,1.3478e-08
2.5659e-05,0,1.0934e-05,0.0003187,0.0040968
5.6112e-07,7.1539e-05,0.0040474,0.0046029,3.0582e-08
0.0022278,1.2444e-05,0,1.1358e-06,3.6878e-10
0.0022306,0,0,3.3763e-08,7.87e-09
8.2968e-07,0,5.486e-14,2.9247e-10,0.0043848
0.0022009,2.3733e-05,7.9614e-06,5.5187e-05,6.5914e-06
0.0021058,2.4473e-07,8.0544e-05,4.195e-06,0.00022351
0.002114,9.6762e-07,3.7707e-05,0.00025964,2.7443e-05
1.8596e-05,6.3215e-05,1.0732e-05,0.0058082,1.1762e-05
8.4213e-06,5.6138e-09,4.1219e-07,0.0056782,0.00015435
0.0021737,4.6785e-06,5.9622e-07,5.7078e-05,6.7673e-05
0.00015472,0.010816,0.000122,2.8161e-07,7.645e-09
5.3238e-05,0,1.9266e-08,0,0.0042817
1.5676e-05,0,3.749e-06,1.7522e-05,0.0043417
0.0020233,0,5.4615e-06,0.00047957,5.0402e-05
8.6505e-05,2.876e-07,0,0.0056313,3.5637e-05
0.00057308,9.8858e-06,0.013552,2.0646e-05,8.8483e-05
5.6028e-06,0.010046,0.00063803,0.00062208,7.2414e-09
0.00095243,0,0,3.3389e-06,0.002511
0.0020544,0,0.0014634,7.8198e-06,2.2661e-07
1.041e-05,2.7582e-09,4.5376e-09,6.0995e-06,0.0043614
1.4066e-07,0,0,2.1349e-05,0.0043703
1.4586e-07,1.5167e-05,0.00091539,0.0056134,2.1352e-07
2.4392e-08,0,4.9656e-14,6.6136e-10,0.0043864
1.0373e-06,3.7908e-06,0.0019865,0.0047126,0.00042236
1.502e-05,0.00721,0.0027205,0.0013763,2.4333e-07
3.5789e-06,1.3598e-07,4.9569e-06,0.0058938,2.7148e-06
0.0021221,0,0,1.8264e-07,0.00021311
0.0022214,0,0,5.8441e-08,1.807e-05
2.2246e-05,0,4.7694e-08,1.1618e-06,0.0043418
0.0022064,6.1841e-05,5.4799e-06,3.1194e-05,1.7386e-08
2.1332e-06,0,9.3375e-06,4.0141e-06,0.0043771
0.0007563,0.0077288,1.0267e-05,1.9208e-07,6.2881e-10
0.0010888,0,2.1913e-10,1.6139e-07,0.0022452
0.0022283,1.1593e-05,0,1.0206e-07,0
0.0021356,2.5593e-08,2.7584e-07,0.00025151,0
0.0019523,0.00010896,0.00028082,0.00057444,1.4618e-05
1.5699e-06,0,7.6109e-11,3.3055e-08,0.0043833
2.6835e-06,0,0.014279,0.0013866,3.0711e-05
0.0018378,0,0,6.0556e-07,0.00077199
4.2335e-05,6.3411e-05,0.01269,0.0017883,3.7547e-07
0.0022301,2.1481e-06,1.9212e-07,0,3.2395e-08
2.391e-06,0,8.1518e-07,0.00057102,0.0039576
0.0022219,0,0,0,1.71e-05
0.0018938,1.1231e-08,0,7.0798e-06,0.00065703
0.00030112,0,8.0043e-09,6.6207e-05,0.0037451
0.00026303,5.2884e-07,3.2452e-05,0.0015173,0.002735
0.0022298,0,0,1.5919e-08,1.5395e-06
0.0003574,0.00014598,0.0017436,0.004313,2.1493e-05
0.00086745,0,5.1965e-08,7.8024e-08,0.0026805
0.001386,0.00025887,0.0017253,0.0015479,1.3559e-05
0.0022295,0,0,1.1515e-10,2.1327e-06
4.7489e-11,0,6.0664e-13,1.9394e-07,0.0043863
0,0,4.3243e-14,3.3085e-08,0.0043864
9.9662e-05,5.0097e-06,6.8527e-06,0.0056372,1.9496e-06
0.00094945,0,1.0342e-09,1.4086e-07,0.0025192
0.0022303,0,4.4281e-08,0,5.9254e-07
0.0017976,0.0022609,2.7991e-06,4.5611e-06,0
0.0022297,0,0,2.6136e-09,1.8373e-06
0.00043552,0,0.00011305,0.003803,0.00068037
0.0022303,1.3232e-06,9.9548e-09,0,2.8556e-09
0.00014875,0.0062771,0.0056912,0.000561,1.1983e-06
0.0001337,7.6451e-08,5.5423e-08,0.0013329,0.0031339
0.0016116,1.9918e-08,7.9815e-08,3.2248e-05,0.0011933
0.00024945,0,7.7519e-12,1.2112e-08,0.0038959
0.0020972,0,0,1.6235e-05,0.00025025
0.0012225,0.0052806,0,4.4283e-06,1.8342e-12
0.001986,4.9161e-07,9.2378e-05,0.00061865,0
2.0767e-05,0,0,1.3333e-07,0.0043455
0.0022191,1.4938e-07,2.8957e-08,3.0316e-05,4.1593e-08
2.9016e-05,4.6491e-05,9.8786e-05,0.0031517,0.0019492
1.2599e-07,0,5.13e-14,5.1779e-10,0.0043862
0.0022302,0,1.0583e-06,6.3252e-07,0
0.0022213,2.7203e-06,2.3549e-06,1.3955e-05,6.342e-06
8.9933e-07,3.144e-10,8.454e-09,0.00068458,0.0038764
0,0,0,0,0
0.002221,0,0,9.5097e-07,1.8086e-05
0.0013131,2.6315e-07,9.87e-07,0.00096963,0.0010841
0.0022306,0,0,0,0
0,0,0,0,0
0.0019856,0.00038875,0.00015357,0.00039758,5.1033e-06
5.2041e-07,0,1.5573e-11,3.4716e-08,0.0043854
5.4078e-05,0,5.2386e-08,7.3473e-06,0.0042746
8.953e-06,7.0379e-11,0,3.6608e-08,0.0043688
0.0021494,1.3173e-06,0,0.00021185,1.9709e-06
0.0021685,2.3692e-07,0,0.00016181,1.8077e-06
0.0021498,8.6924e-07,1.771e-06,8.9717e-06,0.00015151
0.0019073,2.8139e-06,0,0.00085401,7.4819e-07
0.0015906,9.495e-10,9.7122e-10,7.8073e-05,0.0012007
7.4804e-06,5.2198e-10,2.4959e-07,0.00291,0.0022113
1.5717e-06,0.00091647,0.016808,0.00017612,3.527e-09
1.1008e-07,0.008638,0.0049214,5.6404e-06,4.705e-14
5.446e-08,0,3.4691e-08,2.9045e-05,0.0043647
0.0022274,1.6952e-05,0,1.5587e-09,1.6591e-12
1.3423e-08,5.5476e-10,1.2863e-07,0.0025458,0.0024964
0.00072805,0.00050137,0.0095068,0.00073815,7.7555e-06
0.0021791,1.1474e-07,8.0686e-06,0.00010055,2.4686e-05
6.1685e-09,1.073e-09,1.4928e-07,0.00298,0.002174
0.0021756,8.7914e-10,9.7038e-07,1.6696e-05,9.542e-05
6.1204e-06,0,0,2.4052e-09,0.0043744
0.0022295,5.6133e-06,0,1.241e-07,8.4467e-11
1.8135e-05,0.0029908,0.0038738,0.0031362,6.5807e-07
0.0022287,0,0,4.9942e-06,0
0.00032657,0.0004478,0.00025838,0.004731,4.1081e-06
0.0022057,0,0,4.9363e-06,4.5244e-05
0,0,7.1885e-08,5.3685e-07,0.004386
0.0022235,0,3.9957e-09,1.7401e-07,1.3848e-05
0.001159,0,2.7907e-09,4.4891e-07,0.0021069
0.0014805,3.7452e-08,9.2775e-07,0.00010215,0.001399
0,0.0046045,0.003844,0.0023794,2.4015e-07
4.8358e-06,0.0066006,0.0076806,0.00015726,5.17e-09
2.2706e-06,3.5618e-07,2.0843e-05,0.00059016,0.0039388
0.0022291,0,0,4.5075e-08,2.8071e-06
0.0022221,0,1.3957e-10,1.147e-07,1.6587e-05
0.0022229,2.1535e-06,0,1.7873e-05,9.943e-07
1.0003e-05,0.00059036,0.017824,0,0
3.1972e-07,5.5251e-11,3.3033e-10,4.9119e-06,0.0043821
0.0010473,5.5514e-05,0.00020468,0.0029513,6.7428e-05
0.00011402,4.3506e-06,0.00015646,0.0024975,0.0022701
0.0021229,0.00054934,2.0805e-05,3.8483e-07,6.6329e-07
0.0022255,4.3646e-06,6.3928e-07,1.101e-05,0
1.6319e-06,1.4962e-10,2.2012e-08,2.989e-05,0.004361
2.6829e-06,0.00097019,0.0045547,0.0039846,6.969e-08
0.0022022,5.4796e-06,7.557e-07,4.5057e-06,5.0238e-05
0.0018595,0,1.553e-08,7.2018e-06,0.00072432
0,1.2032e-06,0.00049183,0.0057494,3.3348e-06
0.0022304,0,1.1982e-06,0,0
2.1541e-05,0.0037638,0.011529,0.00033963,5.5603e-09
8.8839e-06,0,2.2455e-09,4.3806e-07,0.0043686
0.00030104,0.0020088,0.011878,0,0.0002791
1.2084e-05,0.0039188,0.0098388,0.00081579,1.2412e-08
0.0022306,0,0,0,0
7.7228e-06,0.0094184,0.00066247,0.0009258,6.3722e-11
0.0019644,0,0,2.6742e-07,0.00052318
0.0018621,0,0.00028635,0.00076571,8.9595e-05
0,4.336e-07,8.3763e-08,6.5768e-05,0.0043374
0.0021271,0,1.8451e-13,1.8724e-12,0.0002035
0,0,2.3268e-08,2.2592e-05,0.0043696
0.00076695,8.1803e-08,8.4957e-07,0.0035467,0.000245
0,0.0058256,0.0094506,5.8601e-06,7.2e-07
6.6944e-06,0.00031833,0.0042222,0.004391,1.2127e-05
1.3981e-05,0,2.3097e-11,2.0789e-08,0.0043589
0.002229,6.8745e-06,6.1976e-08,6.8816e-07,7.9265e-09
0.0022306,0,0,0,0
3.4136e-06,0,2.2033e-09,8.4604e-09,0.0043797
0.00019144,0,2.8812e-08,1.5192e-06,0.0040088
5.721e-07,7.284e-08,2.1213e-06,0.005889,1.2897e-05
1.8343e-06,6.1433e-09,3.7788e-07,0.0004012,0.0040849
7.9174e-05,0.01127,2.8916e-05,8.6544e-08,6.7475e-12
0.0022257,2.3516e-06,4.2548e-06,1.2806e-06,6.6944e-06
0.0022285,1.3599e-06,7.4877e-08,4.6846e-06,1.311e-08
9.5034e-05,2.6464e-06,3.8118e-06,0.0029915,0.0019768
0,1.8277e-08,0,0.0059078,5.2327e-07
0.00041968,0.00089164,0.010527,0.0010487,1.1016e-07
0.00021332,1.6157e-07,6.9604e-07,0.0009854,0.0032352
0.0021863,0,0,1.3832e-07,8.7003e-05
0.002127,0,3.1561e-08,3.2941e-07,0.00020343
0.0021357,0,0,2.3855e-07,0.00018642
0.0019106,0.00011517,7.9349e-05,0.00051264,0.00018705
0.00094715,4.5812e-06,1.6137e-06,0.00032536,0.0022802
0.0001116,2.9774e-12,0,5.8582e-11,0.0041669
0.0022163,4.5627e-08,0,3.7171e-05,4.4609e-07
0.0019538,1.6272e-08,0,0.00073131,1.4389e-06
3.4388e-06,3.1849e-05,0.00023994,0.0058081,5.5618e-08
0.0022305,4.1709e-10,0,8.0291e-08,1.7677e-08
0.0019544,9.795e-09,2.7002e-08,2.6928e-05,0.00052307
0.0022159,0,6.6532e-09,8.3494e-07,2.8281e-05
0,9.8245e-05,0,0.0038409,0.0014981
0.0021996,2.9806e-09,0,8.149e-05,3.8146e-07
0.0022101,3.3961e-05,3.2189e-06,3.6271e-06,2.4073e-05
0.0001693,0.010276,0.0008445,7.9052e-06,1.9134e-10
0.0020593,0,6.1522e-10,1.6065e-06,0.00033554
0.00075355,0,4.9862e-05,0.0038774,1.4413e-05
0,0,0,0,0
0.0010069,4.7123e-05,0,0.003217,5.5773e-07
0.00031943,1.4604e-06,0,0.0046227,0.00032585
2.9944e-08,0,1.1967e-10,1.4381e-06,0.0043853
5.9701e-07,7.7172e-06,0.013166,0.0017701,6.1302e-06
0.00072965,0,1.283e-07,2.2952e-06,0.0029498
0.0022027,0,0,4.4564e-08,5.4808e-05
0.0014407,0,5.2175e-08,3.7308e-06,0.0015504
1.1537e-05,6.8318e-11,2.0091e-09,3.2249e-06,0.0043613
5.736e-07,0.011691,1.5648e-05,1.6691e-08,1.7265e-13
0.00087634,0.0059273,0,0.00059491,0
0,1.5892e-08,2.3608e-07,0.0052228,0.00050904
8.5667e-08,0,2.0174e-06,0.00020328,0.0042349
0.00017593,0,1.891e-06,1.2238e-05,0.0040309
0.00030066,7.4827e-06,0,0.0051039,3.2765e-06
0.0022014,1.4176e-07,5.3589e-08,7.5891e-05,9.0715e-07
0.0022306,0,0,0,0
0.0022066,0,7.9713e-08,6.3574e-05,0
0.0022297,4.7257e-06,0,0,0
7.1292e-06,0.011346,0.00038908,3.9964e-05,2.5797e-09
0,0,0,0,0
9.8589e-07,7.851e-08,2.4773e-06,0.0050105,0.00066418
0.00029551,0.010137,2.6295e-05,1.7931e-07,1.2045e-12
5.0923e-07,1.0774e-07,1.7829e-06,0.0015486,0.0032353
0.002048,0,8.1245e-09,0,0.00035901
0.00010328,0,1.2278e-07,6.3862e-05,0.0041359
0,2.8359e-06,1.7997e-06,0.0058209,6.3577e-05
0.00076291,9.7717e-07,0.00058832,0,0.002749
4.091e-07,6.3078e-06,3.7263e-05,0.0058924,1.8204e-07
0.0022306,0,0,9.6438e-10,2.5744e-08
1.4076e-05,0.0015888,0.016163,5.4103e-06,1.133e-09
2.5788e-05,8.7388e-05,0.0028682,0.0048967,6.0753e-07
0.0022306,0,0,9.066e-10,6.1111e-08
0.0011395,0.00039201,0.00046235,0.0023097,0.00017646
0.002144,0,3.6575e-06,2.8757e-05,0.00014807
0.0022291,5.9561e-10,1.806e-08,3.9067e-06,0
0.00048679,0.0072377,0.0030723,2.7241e-06,2.1971e-08
0.0017544,0.0020751,0.00018319,0.00014919,5.2904e-06
0.0021637,0,5.5115e-10,1.4331e-07,0.00013143
0.0022305,1.2783e-07,0,2.5944e-07,5.7957e-09
1.5635e-06,5.5472e-07,1.3314e-05,0.0058933,4.9441e-06
0.00023122,0.0016613,0.0025424,0.0036604,3.6487e-07
0.0020049,0,0,3.1791e-07,0.00044351
0.0017543,2.4102e-10,0,1.6749e-05,0.00092424
0,0.0005387,0,0.005631,4.1098e-06
0.0016645,1.0331e-06,2.7873e-07,0.0013835,8.5685e-05
5.0527e-06,2.3629e-06,4.2936e-07,0.0022384,0.0027137
0.0017007,5.7356e-07,2.4684e-06,0.0013953,5.4097e-06
0.0013147,7.5914e-06,1.9688e-05,0.00049187,0.0014284
5.6338e-05,0,7.9309e-12,1.7248e-10,0.0042756
0.00040749,8.0559e-07,2.7344e-06,0.0047952,2.4279e-05
0.0019811,0.0012938,0,7.8117e-06,1.6645e-11
0.0022268,0,0,1.5228e-08,7.5138e-06
0.0021767,0,0,4.9643e-08,0.00010587
2.5636e-10,0,4.957e-14,3.9992e-12,0.0043864
0.0022085,0,0.00018651,0,0
9.5071e-09,0,1.9542e-11,8.2941e-07,0.0043858
0.0013359,1.3648e-05,0.00021186,0.0012899,0.00074734
1.2737e-07,7.2123e-08,7.1798e-06,0.0059023,2.7189e-06
0,0,0,0,0
0.0018479,0.0019716,5.5221e-05,1.1677e-06,4.0568e-11
2.9817e-05,0.00060009,0.01154,0.0019114,6.373e-08
0.002133,0,0,2.8899e-05,0.00017045
2.3487e-05,0.00011459,0.0053113,0.0041008,1.7621e-05
0.00012579,0,0.0013174,0.0051624,1.7764e-07
0,0,0,6.3389e-09,0.0043864
0.00098837,2.5071e-07,0,2.5763e-06,0.0024408
0.0011047,0,0,5.3117e-08,0.0022141
1.077e-06,0.011218,0.00076312,3.4956e-06,1.8165e-10
0.002228,3.6799e-06,1.2797e-07,4.3935e-06,4.0495e-07
1.8368e-05,0,1.3854e-07,4.8879e-06,0.0043466
0.0022208,0,7.2203e-05,3.3634e-06,0
0.0022286,0,6.0692e-07,2.9674e-08,3.765e-06
0.0022263,0,3.5073e-06,1.0231e-05,0
1.5255e-05,2.9876e-05,0.015161,0.0011013,1.5552e-06
8.0465e-06,0,2.4318e-05,0.0057477,9.7898e-05
0.0022305,3.0152e-07,1.5506e-07,9.7621e-10,5.9023e-10
0.00012789,0.0096711,0.002072,3.8303e-05,7.1181e-09
0.0021252,9.7393e-06,0,0.00027429,2.211e-08
0.0022231,8.9428e-11,0,9.6494e-07,1.4076e-05
2.779e-06,0,3.3859e-12,6.6721e-10,0.0043809
0.0016378,1.9105e-05,1.9837e-05,0.0012721,0.00020953
0.001928,0,0,2.1006e-07,0.00059495
0,0,0,0,0
1.0244e-07,0.0069811,0.0075767,1.0277e-05,3.6634e-14
0.00067383,0.0070695,0.00033981,0.00044821,2.1726e-08
4.84e-07,0.011607,0.00015211,4.7085e-08,2.1884e-12
0.00026314,0,0.0037558,0.0006528,0.0025108
0.0022306,0,0,0,0
8.4123e-05,9.8481e-08,2.7406e-06,0.00056052,0.0038042
0.0019209,0.00096936,4.5769e-06,0.00032935,1.3421e-07
7.1555e-06,0.01061,0.0014641,7.4573e-05,1.6755e-12
6.8459e-05,0,8.0975e-07,0.00021481,0.0040921
0.00071807,0,0,1.2773e-07,0.0029742
0.0020098,0.0010758,0.00013265,2.7304e-07,0
0,0,0.005211,0.004276,0
0.00035388,3.4627e-05,0.00014905,0.0024143,0.0018505
5.5183e-06,0,3.9512e-11,6.8216e-09,0.0043756
6.3286e-09,6.5861e-05,0.014082,0.0014636,2.2066e-10
0.00046079,0.0092768,0,0,3.4778e-06
0.0022289,7.5972e-10,0,1.9679e-06,1.8351e-06
0.0020803,0.00035779,0.00025105,0.00013553,2.4317e-06
0.0022305,0,0,1.3802e-07,0
0.0022306,1.3287e-07,0,0,0
4.2589e-05,6.0161e-08,4.389e-06,0.0053306,0.00034425
6.9778e-05,4.8238e-11,2.7892e-11,2.8461e-05,0.0042281
1.1876e-05,0.00020055,1.047e-05,0.0057722,2.5874e-07
4.1338e-05,0,9.7128e-08,2.6316e-06,0.0043031
0.0021309,0,6.4587e-05,0.00021815,1.8971e-05
0.0021278,7.3659e-06,0,0.00026861,4.7609e-08
0.00047184,3.9909e-06,1.9206e-05,0,0.0034526
0,0,0.0046232,0.0044047,4.12e-05
0.00038595,2.1307e-06,0.0014052,0.00053852,0.0029001
0.0022058,2.4171e-06,0,6.4479e-05,7.4153e-09
0.0011985,7.2615e-10,3.7633e-09,0.00012075,0.0019399
4.3361e-07,1.9487e-06,4.9481e-05,0.0058261,4.8091e-05
0.0022281,5.7664e-10,0,3.4971e-06,2.3794e-06
0.0022305,2.1395e-07,2.7467e-09,3.4589e-08,1.8801e-09
5.1052e-08,3.6898e-09,3.72e-05,0.0054226,0.00035201
5.6742e-07,0,3.3443e-10,3.9534e-07,0.004385
5.3051e-06,0,5.3026e-10,1.4187e-05,0.0043654
0.00095102,3.227e-07,0,0.0033838,4.0391e-06
0.00059692,0,1.3543e-10,5.2587e-08,0.0032125
0.0009278,1.19e-05,2.8762e-05,0.003332,7.7113e-05
0.0021532,7.8869e-06,1.2278e-05,0.00018376,9.88e-06
0.0021861,6.433e-06,0.00031237,1.6574e-05,4.45e-08
0.00028634,0,0,1.1086e-06,0.0038225
0.00029914,0.0095353,0.00084731,3.6644e-05,2.092e-07
0.0022157,0,0,4.9866e-06,2.5592e-05
0.00024911,0.00074387,0.01267,0.00090307,4.8045e-07
0.0022299,0,0,6.5056e-07,8.3756e-07
0.0020961,0.00063095,0.00010426,4.5628e-06,3.8854e-07
7.7816e-05,0.0001366,6.387e-05,0.0056128,5.1344e-07
0.0018932,1.9541e-08,6.1042e-07,1.0892e-05,0.00065517
0.0022303,3.0635e-09,0,7.6334e-07,1.9404e-08
0.0022263,0,4.5953e-11,5.0309e-10,8.4052e-06
0.002223,2.5797e-05,2.0663e-06,6.2839e-06,8.8898e-09
0.0022095,2.9055e-06,6.6188e-07,5.3833e-05,3.2252e-07
0.0018319,0.001816,0.00042749,4.8597e-06,4.037e-07
0.0021997,0.00013499,6.3586e-06,1.1739e-05,2.6122e-09
0.0022263,0,0,2.9479e-11,8.4481e-06
0.0020194,1.615e-11,0,8.2112e-07,0.0004147
1.1336e-08,4.3147e-14,6.5946e-11,1.4919e-06,0.0043853
0.002228,0,1.6216e-07,9.4054e-09,5.1399e-06
7.6771e-07,2.8972e-08,1.1275e-07,0.0056421,0.00019623
3.6577e-05,0,0,1.1557e-06,0.0043136
0.0022301,1.1483e-08,0,7.7385e-08,9.0789e-07
0.0022032,3.8602e-08,2.0688e-07,1.8112e-05,4.033e-05
0.0014757,7.0941e-06,1.0983e-05,0.0005286,0.0010869
7.4591e-05,0,1.2246e-08,6.1051e-08,0.0042397
0.0022306,0,0,0,0
0.0022182,1.4542e-06,3.825e-06,2.8296e-05,1.8986e-06
0.00031459,5.7374e-08,2.9454e-06,0.0017636,0.0024578
0.0013061,0,0,3.9863e-08,0.001818
6.8652e-05,2.0782e-07,1.418e-06,0.0057259,1.5111e-07
0.0017824,0.00048051,0.00079391,0.0006421,3.9874e-05
7.4268e-06,0,3.3963e-07,0,0.0043717
0.0020865,0.00069989,8.8148e-05,2.3695e-07,2.7289e-07
7.8447e-05,0,0,9.4813e-07,0.0042314
0.0021092,0.00032797,0.00019683,9.3028e-05,1.0422e-06
1.0913e-05,0.0037266,0.00030183,0.0038976,4.5674e-06
0.0022186,5.2394e-05,4.8501e-06,1.3956e-06,1.7085e-06
0.00016857,1.7587e-11,1.9103e-10,0.00021533,0.0038951
0.00042519,0,3.6847e-05,0.0012853,0.0025875
0.0021834,3.755e-08,4.3187e-08,1.0001e-05,8.5377e-05
0.0022306,0,0,0,0
0.002208,3.664e-07,0,5.958e-05,3.0562e-11
4.4354e-06,2.2071e-12,0,3.1594e-09,0.0043777
0.0022224,9.9892e-06,0,1.6601e-05,1.2337e-09
3.875e-10,0,4.7094e-12,1.6873e-07,0.0043863
9.6343e-08,2.54e-08,2.0889e-08,0.0058609,3.5134e-05
0.00085676,0,0.00026012,0.00089899,0.0019737
8.0266e-07,0.00016028,0.017975,0.0001942,7.7345e-09
2.3848e-05,2.8326e-05,0.0052568,0.0034226,0.00056537
4.6905e-07,0.0028095,0.014325,1.0259e-06,1.0554e-12
0.0016645,0.0001245,4.3854e-06,0.0014331,1.6205e-06
1.2504e-07,1.058e-08,5.5419e-06,0.0058788,2.0532e-05
2.1037e-05,3.2403e-05,0.00014023,0.0057847,5.8057e-06
2.717e-08,7.9556e-17,0,3.8879e-10,0.0043864
9.4141e-05,0.001045,0.0031668,0.0041334,4.5198e-06
0.0022021,0,0,7.1309e-05,3.1766e-06
0.0010371,0,0,2.1679e-07,0.0023469
0.0022306,6.6998e-16,0,0,0
2.4493e-05,2.6493e-08,0,0.0053187,0.00038974
0.0020718,0,0,2.2744e-06,0.00031052
2.1006e-07,0,8.2134e-09,3.4531e-05,0.0043604
0.0021752,8.1899e-09,0,0.00013717,7.0615e-06
0.0017853,0.0022469,0.0001282,4.1365e-06,7.0014e-07
0.00049585,0,0,0.00027009,0.0032108
5.3946e-07,6.5445e-08,1.7147e-06,0.00067877,0.003881
0.0022306,0,0,7.6936e-10,0
0,5.1965e-08,0,0.0058985,7.3999e-06
0.0016346,9.0018e-13,0,1.1159e-08,0.0011719
9.0592e-05,0,2.7457e-06,7.8726e-06,0.0042018
0.002224,3.9895e-06,0,1.5378e-05,4.5634e-09
0.0021872,5.1308e-11,0,1.3685e-07,8.5123e-05
0.0015143,0,0.0018066,0.0006218,0.00052672
0.0022302,7.4731e-09,0,1.973e-07,6.1151e-07
0,0,0,0,0
2.9155e-06,4.8081e-06,3.3496e-05,0.0058815,4.7509e-06
3.5785e-06,2.4078e-07,9.0721e-06,0.0047731,0.00083373
1.1909e-06,3.6178e-07,1.4412e-05,0.0058897,8.1868e-06
0.00013234,1.1503e-06,2.7058e-06,0.005554,1.8781e-06
0.0015666,0.003121,0.00051603,1.7007e-05,3.3931e-06
0.0015301,2.9747e-05,0.00012639,0.0016681,9.862e-05
0.0020657,0.00012213,1.9829e-05,0.00036898,0
0.0017358,0,1.1547e-07,1.021e-06,0.00097223
0.0022184,2.4251e-08,0,9.1681e-06,1.7111e-05
0.0022305,0,0,6.1131e-08,4.5996e-08
0.0021433,0,6.9948e-08,5.3421e-05,0.0001319
5.5445e-05,0.0068012,0.0047694,0.00083395,3.0858e-08
0.00030325,0,0.00056308,0.0045728,0.00026437
4.5045e-07,0.00040496,0.0024652,0.0049306,1.2454e-08
0.0021926,0.00019919,0,0,0
0.0012244,0.001151,0.0064888,5.1347e-05,4.9451e-09
0.0022306,0,0,7.5232e-10,1.1813e-09
5.0766e-06,0.011657,3.297e-05,1.5369e-09,5.1812e-14
0.0017742,0.00058201,0.0027142,6.4846e-05,1.2039e-08
0.00019023,3.7188e-06,2.1425e-05,0.0053961,0
0.00070512,2.8746e-07,8.1653e-06,0,0.0029978
9.2023e-05,3.1978e-06,0.0032998,0.0027836,0.0013703
1.7122e-07,0,2.1463e-09,4.7547e-06,0.0043825
