2.5731e-06,1.8326e-11,3.2831e-10,8.0948e-06,0.0035864
0.0015268,7.0347e-05,0.00021827,0.0045227,2.5458e-06
0.002093,0.00010622,1.5543e-08,3.5692e-06,1.2383e-06
0.0014709,1.0374e-05,2.3115e-06,7.3948e-06,0.0011055
0.001973,6.798e-05,0.00054965,3.5276e-05,0.00015645
1.6761e-05,4.3143e-08,6.4674e-07,3.1944e-06,0.0035635
0.0006022,0.0043426,1.5066e-05,6.6304e-07,4.5994e-08
0.00038658,2.0407e-05,0.024858,1.1434e-05,7.4999e-05
0.0021225,3.9587e-06,3.574e-05,2.246e-06,8.2514e-06
0.0020109,5.287e-05,0.0014591,3.2437e-06,3.8606e-06
0.0013496,1.6538e-07,1.5834e-05,1.1485e-06,0.0013157
5.875e-08,3.8051e-09,1.2172e-07,1.019e-05,0.0035902
0.0018475,5.1886e-05,0.0038789,9.4587e-07,2.7803e-06
4.0177e-05,4.1708e-05,0.023402,0.0013697,0.00052794
0.00021548,1.2487e-08,1.1906e-06,0.00045556,0.0031335
0.0021213,1.3919e-05,1.0083e-07,3.6567e-05,1.2321e-06
0.00047314,3.6962e-06,1.3348e-05,9.3678e-05,0.0027717
0.00082259,2.48e-06,0.00038547,0.001652,0.0018134
0.00023015,3.5981e-06,4.1351e-05,4.2786e-05,0.0031887
0.0015178,0.00010832,0.00067121,0.0031132,0.00023918
0.00064005,3.7597e-05,1.3863e-05,4.1903e-05,0.002481
0.00013753,0.0018478,8.7142e-06,0.0018185,0.0018818
2.4348e-05,0.0058438,0.00064554,3.7479e-05,3.5328e-06
0.0020774,9.6852e-09,3.5662e-08,4.0554e-07,9.1068e-05
4.935e-07,4.3438e-06,1.1519e-05,0.011185,0.0012384
0.00047984,0.00013916,0.023442,5.0089e-05,1.625e-06
0.00034341,5.3975e-06,0.00012736,0.002144,0.0025456
0.00010664,7.5495e-05,0.028509,6.5536e-06,9.6385e-05
0.0020108,1.0048e-05,6.9654e-06,2.866e-07,0.00019672
0.00014005,3.2365e-08,4.773e-06,3.142e-05,0.0033493
4.9605e-06,2.5724e-08,8.7323e-11,3.3786e-06,0.0035834
0.0021084,1.2776e-06,4.1965e-06,0.0001117,1.4276e-05
0.0021293,3.9777e-08,4.4008e-09,6.8442e-08,3.6939e-06
0.0021143,2.794e-07,6.4641e-06,3.3682e-07,2.8052e-05
4.5689e-05,1.0453e-05,1.1469e-05,0.0059347,0.0022614
0.0021285,2.7698e-06,5.1819e-07,1.5329e-05,1.9734e-07
2.0082e-08,3.6727e-09,1.1714e-09,1.012e-06,0.0035922
0.0020264,8.1115e-05,0.0011227,1.4988e-06,5.393e-09
0.0001536,0.0056191,1.3021e-06,5.0088e-07,6.5302e-07
1.7225e-05,3.4677e-06,0.00016144,7.9396e-06,0.0035412
0.0021215,4.2481e-07,0.00012454,2.7066e-07,2.3079e-06
0.0020534,4.5124e-05,0.00089724,9.207e-06,8.9776e-10
0.00094945,1.1463e-05,0.00070282,0.0087086,7.5667e-05
0.0020898,2.7055e-07,1.0528e-06,6.1943e-05,5.7016e-05
2.275e-05,0.0010223,1.2632e-05,0.013353,0.00014169
1.5371e-06,1.3756e-07,9.5535e-06,0.00079547,0.0034216
0.0019452,6.8891e-06,0.00030298,0.00046102,0.00017842
0.00087967,2.6635e-06,1.9624e-05,0.0099875,8.2558e-06
0.0021286,5.1585e-09,1.2341e-06,7.1011e-07,4.6609e-06
0.00077257,1.663e-07,3.0668e-11,1.5117e-06,0.00229
0.0017792,2.7855e-05,0.00015839,6.0731e-05,0.0005464
0.002037,2.2558e-07,7.5851e-06,0.00031677,9.1832e-05
0.002031,7.0231e-07,0.001281,5.2753e-05,1.091e-05
0.0012415,0.00024515,0.011776,1.8598e-06,3.5085e-06
0.0013376,0.0016091,0.00086374,0.0012445,2.3335e-05
5.3704e-05,0.0036738,0.010806,6.5004e-06,8.2115e-05
6.8689e-06,1.0166e-06,2.8239e-07,0.0001516,0.0035484
0.0020393,1.6343e-06,9.6475e-06,0.0007298,0
0.0021275,8.9048e-07,1.0965e-07,8.3132e-09,6.1806e-06
4.1598e-06,5.611e-05,6.0855e-06,0.00022949,0.0035033
0.0019827,1.5678e-08,5.954e-07,4.0508e-07,0.0002506
0.0019772,0.00015241,7.2246e-05,2.7905e-05,0.00015554
0.00054125,0.00052727,0.019379,0.00017598,0.00010767
0.0019468,1.5499e-05,0.00010964,0.0013181,1.2715e-05
0.00098556,0.0025609,9.0799e-07,0.0010443,0.00019308
3.4119e-05,0.0059035,9.932e-05,9.4258e-05,2.4166e-06
5.0896e-06,1.1433e-07,1.9477e-08,1.3916e-06,0.0035835
7.0909e-05,0.0057453,0.00048944,3.3683e-05,2.1676e-06
0.0021246,1.6003e-05,1.2259e-05,2.7522e-06,1.8369e-07
0.00196,0.0003464,1.1661e-05,1.9451e-06,8.1818e-05
0.0020512,4.9525e-06,0.0011157,7.8171e-06,2.7963e-06
2.9068e-05,1.6258e-05,6.9824e-07,0.00041686,0.0034462
8.3518e-08,6.398e-05,6.6608e-06,0.014252,0.00056015
0.0007005,0.00012434,0.0049355,0.0064666,0.0004137
6.1978e-05,0.0056668,0.00094519,8.75e-05,2.1178e-07
0.0017531,0.00065586,0.00085805,0.00051989,4.1141e-05
0.00054527,0.003385,0.00015031,0.0025345,0.00011622
0.00082611,6.3389e-06,4.2583e-05,0.00010254,0.00217
9.2746e-05,4.5106e-08,1.4432e-05,6.6894e-06,0.0034331
0.0013156,1.1408e-05,0.0050404,1.0706e-06,0.00079002
5.0595e-08,0.0060561,6.852e-08,9.9226e-08,4.7279e-07
0.0017978,0.00086152,3.6783e-07,0.00023697,1.6845e-06
1.2746e-05,0.00602,1.1304e-06,1.6564e-07,3.6883e-07
3.1333e-05,0.0059656,7.7062e-07,6.3145e-06,6.8032e-08
0.00027071,0.0052685,3.1808e-07,7.4144e-07,1.1264e-05
8.6051e-05,0.0037269,0.00027447,2.0759e-05,0.0012012
0.0015604,2.0187e-07,0.0083167,3.9851e-05,5.2393e-08
0.0020325,0.00018087,0.0001084,0.00021501,1.9836e-06
2.0733e-05,0.0059948,7.065e-07,3.8262e-06,1.1259e-06
0.0020846,2.1385e-05,1.2313e-07,5.4659e-06,6.5294e-05
2.2275e-05,6.3999e-07,2.0395e-08,1.1258e-05,0.0035522
0.002092,1.9111e-06,1.8267e-05,3.7826e-05,5.5403e-05
4.9053e-05,0.00062566,0.0016569,0.012327,0.00035955
0.002125,3.0066e-09,3.1174e-06,1.2303e-06,1.0326e-05
1.1804e-06,0.0014,1.0524e-05,0.011497,0.00034414
7.8023e-07,6.4681e-07,1.0691e-06,0.0039616,0.0027586
0.0019338,0.00053284,6.3421e-05,4.3093e-05,8.2336e-07
5.2142e-05,6.9343e-05,0.00021651,1.8375e-05,0.0034348
0.0015732,9.678e-06,7.9962e-07,5.2649e-05,0.00092419
1.4532e-05,0.0056316,0.00013664,0.00015521,0.0001796
6.5459e-06,7.401e-05,6.6181e-06,5.1427e-05,0.003526
0.001636,0.001277,8.1658e-06,0.00017721,3.9591e-05
0.00019537,2.2697e-05,9.1287e-06,3.9165e-05,0.0032405
0.001277,0.0024278,2.8616e-06,1.422e-08,1.4197e-08
0.0021298,4.627e-08,4.7405e-09,9.011e-09,2.8975e-06
0.0015761,6.6168e-05,0.00097896,0.00053637,0.00067186
3.8965e-06,8.4396e-06,0.00015256,0.0026877,0.0029989
0.00047281,9.0815e-05,2.9278e-06,0.00020755,0.0026978
1.2894e-07,1.0164e-06,1.7632e-07,2.009e-05,0.0035874
0.00086002,1.5787e-05,0.005027,0.00081236,0.0013864
0.0018262,3.319e-05,0.0043012,3.63e-06,7.1559e-07
4.0579e-05,0.00034964,2.9758e-06,0.0043517,0.0024023
0.0019393,0.00054423,2.4259e-07,3.2803e-07,1.1452e-06
0.0014097,0.0020416,2.2985e-05,9.6349e-06,1.0508e-06
0.0021284,2.8662e-07,2.5937e-09,2.3987e-06,4.6537e-06
5.8672e-07,0.0060444,4.5555e-06,4.9643e-06,4.9528e-06
1.0453e-05,0.0054047,0.00102,0.0010549,3.0764e-05
0.0021268,1.2929e-05,7.8799e-07,4.1564e-07,1.0082e-07
0.0014463,0.0010982,1.1285e-05,0.00017448,0.00046554
0.0015835,0.0014766,0.00020444,6.7282e-05,1.0312e-05
0.0018646,2.3724e-06,0.0015963,7.1668e-06,0.00026387
3.3373e-08,0.00026185,0.014944,0.0081947,1.7102e-06
0.00016816,4.4344e-06,4.7265e-07,4.5592e-06,0.0033054
9.7375e-05,0.0030372,1.6975e-06,0.0035705,0.00087686
0.00015256,0.0050388,0.00068449,0.0010334,5.1232e-05
0.0018583,0.00044883,0.00031519,0.00073142,4.5421e-06
0.0020929,3.5074e-07,3.5703e-05,0.00023944,1.0561e-05
0.0021314,3.8824e-09,9.758e-08,2.0817e-07,1.4425e-07
0.00010394,0.0057201,1.4623e-06,7.1391e-05,9.5257e-06
0.0019884,7.1337e-07,1.0303e-08,5.4376e-08,0.00024073
0.0017839,0.00020612,0.002822,0.00064415,4.6422e-06
0.0020146,0.00027711,8.493e-05,8.3249e-06,2.1248e-05
5.0959e-05,1.4162e-06,2.6494e-05,4.569e-05,0.0034931
1.997e-05,1.7175e-06,2.6957e-06,8.0401e-05,0.0035406
0.0021314,4.4554e-08,4.838e-10,8.0967e-08,1.1752e-07
0.00046766,4.0163e-07,2.8621e-07,0.0010594,0.0025815
0.0018265,0.00072217,0.00029883,0.00010518,2.9434e-05
0.002131,1.116e-08,1.7179e-11,4.5278e-09,9.2231e-07
0.0019976,0.00036716,9.3814e-06,1.5287e-05,3.6495e-06
0.00018837,0.0033849,2.3521e-06,5.8586e-05,0.0012548
0.0021291,3.2203e-06,1.694e-06,1.6545e-06,1.6807e-06
1.5474e-06,5.7932e-08,7.5653e-06,0.0018728,0.0031956
0.0011811,1.0412e-06,3.3452e-07,0.00026212,0.0015461
0.00053127,0.0019959,0.011764,0.00076381,3.4204e-06
0.0018644,1.0437e-05,3.9737e-05,8.6269e-05,0.00042136
0.0021196,1.6918e-07,5.8937e-06,1.2769e-05,1.6701e-05
1.8531e-06,1.3103e-05,1.6148e-06,0.0040785,0.0027247
8.5627e-05,1.1416e-05,0.018058,0.00052987,0.0012587
0.0020844,3.1848e-07,1.4289e-07,4.2206e-07,7.9148e-05
0.00030825,2.9933e-07,4.3932e-09,6.0473e-06,0.0030715
6.9795e-05,1.7116e-05,0.0002938,4.2448e-05,0.0034221
0.0021086,5.6067e-05,1.7168e-05,7.6785e-06,1.8024e-06
0.0018579,8.7153e-06,9.7001e-08,0.00025876,0.00040158
0.0021272,8.0913e-07,1.0761e-05,1.02e-05,3.4673e-06
0.0020983,9.016e-06,0.00028114,8.0116e-05,1.6252e-06
0.0020647,1.6434e-07,1.7408e-05,0.00028214,5.1322e-05
6.982e-07,2.2696e-08,2.6021e-06,3.7109e-05,0.0035832
0.00013176,6.9575e-05,1.3541e-05,0.0001522,0.0032956
0.0015733,0.0015458,0.00017656,5.925e-06,2.607e-06
6.956e-05,0.00047655,4.7931e-08,2.1218e-05,0.0031881
0.0014657,0.00036167,0.0046393,0.00041372,0.00028867
4.362e-05,2.8638e-07,8.6285e-10,7.1514e-06,0.0035173
0.00018061,0.0003392,0.010404,3.0854e-05,0.0018869
1.0109e-07,5.0837e-10,3.2182e-11,2.5306e-06,0.0035918
0.0016039,1.0002e-07,9.5042e-06,6.0017e-06,0.00088684
0.0020557,0.00017781,9.7659e-05,4.7284e-05,1.1251e-06
0.001656,0.00016623,0.0047394,0.00033338,8.9148e-05
0.0020258,0.00024712,0.0001741,3.6443e-05,3.9627e-06
0.0015046,2.6299e-06,0.00012408,0.0015158,0.00072243
1.7334e-05,0.0060062,2.2143e-07,1.8044e-06,5.4934e-07
0.00056505,3.1879e-06,1.9977e-05,0.00010077,0.0026148
0.0021017,5.1533e-10,4.835e-05,0.00018274,6.3138e-06
0.00012708,0.0019712,4.3403e-05,0.0001961,0.002163
9.6396e-05,0.0054113,0.0018606,3.0309e-05,7.581e-07
0.001999,6.1199e-05,6.2471e-05,0.00084646,2.1553e-06
8.7665e-05,0.0016412,2.8674e-05,0.011382,7.7418e-05
2.4306e-05,0.0059878,1.0803e-06,4.1294e-08,7.6073e-09
0.0020826,1.2875e-06,5.0632e-07,1.0755e-06,8.1353e-05
4.1892e-06,7.2309e-06,3.8845e-07,0.016852,4.1375e-05
0.00035471,0.0032167,9.1774e-05,0.0048798,5.1344e-05
1.7689e-05,0.0058901,3.7013e-06,0.00010736,4.6228e-05
0.0021143,2.794e-07,6.4641e-06,3.3682e-07,2.8052e-05
6.28e-05,0.0045527,0.0008758,0.00084377,0.00050874
5.0315e-06,6.0941e-09,2.7101e-06,2.6079e-05,0.0035782
4.1083e-05,0.0058172,7.2388e-07,2.0182e-05,6.8709e-05
0.0020728,1.9516e-09,1.0957e-08,3.5917e-08,9.8923e-05
0.00015253,0.004509,0.00060476,0.0019485,0.00018245
3.3143e-05,0.00045718,0.014169,0.0053027,0.00052642
9.7314e-06,3.4415e-06,9.6672e-06,0.00020367,0.0035301
0.0020684,0.00016344,6.8314e-06,4.13e-05,3.8296e-08
0.00017294,0.005446,4.2531e-06,1.654e-05,6.7024e-05
0.00092537,0.0012458,0.00078171,0.00014499,0.0011739
0.0013766,7.0495e-09,3.129e-10,2.7943e-07,0.0012724
0.0021102,5.3555e-05,2.0717e-08,4.4062e-07,4.015e-06
0.00069236,2.4333e-05,1.2408e-06,1.6783e-06,0.0024106
0.0020466,0.00020933,0.00012822,1.1857e-05,1.8541e-06
0.0015147,0.001259,2.0322e-05,0.00086196,0.00010955
4.2626e-06,0.0060228,6.1315e-08,2.0083e-06,1.2717e-05
0.0016226,0.00034636,0.0055768,6.5082e-06,1.1206e-05
0.00211,6.0867e-05,3.2104e-09,1.0105e-08,2.5011e-07
0.00024023,0.0053554,7.561e-05,1.0674e-05,4.07e-07
0,3.4105e-05,4.1922e-05,0.016836,3.1274e-05
0.0020547,4.9127e-07,4.9784e-06,1.0806e-05,0.00012631
0.0014819,3.3424e-05,0.0089271,0.00023583,1.4666e-06
0.0021299,3.5651e-09,1.4668e-06,3.8971e-08,2.5004e-06
0.0014074,0.00010063,2.6252e-07,0.00022511,0.0011135
0.001877,3.2355e-06,0.00026165,0.0015394,7.3761e-05
1.0608e-05,3.4118e-08,7.66e-08,8.0134e-06,0.0035729
0.00011899,1.0184e-06,9.5322e-06,0.00028445,0.0033305
0.0020588,1.394e-05,0.00099475,5.9349e-07,1.3509e-09
0.0017706,5.5143e-07,4.3598e-05,0.002851,4.2419e-06
5.6566e-05,3.405e-06,2.9786e-07,0.00036365,0.0034187
0.0015576,1.8406e-05,0.0016417,0.0035996,1.2007e-05
5.8043e-06,2.6261e-05,3.6588e-05,0.012249,0.00099001
0.0015518,0.0013755,2.71e-05,0.00056934,3.8643e-05
0.0021248,1.3905e-07,1.6461e-05,1.8987e-05,5.3105e-06
2.1568e-05,2.543e-05,8.9685e-05,0.0018419,0.0031439
0.0014337,1.5878e-05,1.4641e-07,1.793e-07,0.0011666
0.0019047,0.00064269,3.4317e-06,1.9579e-07,7.0721e-07
0.00039094,2.0661e-05,0.00056903,0.006608,0.0014681
0.00093512,8.1414e-05,2.4311e-07,9.6805e-05,0.0019478
0.00010103,0.002826,0.00052482,0.00077341,0.0015235
1.3702e-06,1.5016e-06,2.8165e-07,4.1107e-05,0.0035806
7.6987e-05,0.005822,1.1022e-05,4.7668e-06,7.4161e-06
0.0020912,4.9575e-05,4.2378e-05,0.00012955,6.5389e-06
0.0015327,3.0711e-08,3.786e-08,2.2296e-07,0.0010092
0.00040149,2.6171e-06,2.2638e-05,0.0037538,0.0021232
0.0010349,0.00057275,0.00055604,0.00068546,0.0013007
0.0021276,2.1588e-06,1.0091e-06,1.1126e-06,5.0256e-06
0.0002611,1.9186e-05,0.00010972,0.01446,9.1193e-05
4.6547e-08,1.9743e-07,1.6656e-07,6.1898e-05,0.0035793
0.0015957,8.974e-05,4.5078e-05,7.4397e-05,0.00082913
0.0021178,6.0065e-06,1.0636e-05,7.5141e-06,1.6734e-05
0.0020003,3.6136e-06,0.0018996,4.8351e-06,8.1974e-08
4.8999e-06,0.0060422,2.471e-08,7.2927e-08,5.4268e-07
4.997e-05,0.00036046,1.1222e-05,0.0015159,0.0029748
0.0020939,4.0939e-06,4.1358e-05,2.6028e-05,5.0711e-05
0.0020499,0.00023182,1.0921e-06,1.982e-08,1.9441e-09
0.0018615,0.00032785,1.8258e-05,0.00098449,5.1826e-05
2.2038e-06,0.00014709,0.027722,0.00024209,0.00027072
0.00019153,1.2217e-09,6.0229e-07,5.1071e-05,0.0032589
0.0021191,1.7255e-05,5.8026e-05,2.2276e-06,3.5396e-06
0.0012482,0.00032202,0.01103,0.0001526,5.4384e-07
0.0020895,7.3859e-05,0.0002191,6.2725e-06,6.3902e-07
0.0021158,2.5119e-06,1.0223e-07,4.8796e-06,2.4038e-05
0.0021242,4.4694e-06,1.096e-07,5.809e-06,8.5406e-06
7.5589e-05,0.0050537,0.0014109,0.0014308,5.3292e-06
0.0020341,8.5592e-08,2.5406e-07,1.2299e-07,0.00016416
2.5436e-07,2.799e-08,2.8167e-09,0.00010765,0.0035694
0.0011752,3.191e-07,5.0775e-06,1.1305e-06,0.0016108
4.2078e-09,1.5918e-08,6.5988e-08,1.6185e-05,0.0035891
0.0018604,3.4728e-07,2.9475e-05,5.0619e-05,0.00044274
0.0021228,4.7014e-11,2.49e-10,2.8727e-08,1.4626e-05
0.00028338,0.0046703,5.2924e-05,6.3535e-05,0.00032551
0.0021242,1.9676e-06,3.2447e-05,7.4415e-06,5.9744e-06
0.0018844,0.00069672,2.5301e-07,8.9659e-07,3.0767e-06
2.7339e-05,0.005973,1.2031e-05,3.6492e-06,1.6314e-06
0.0021228,9.604e-09,2.5121e-06,2.6498e-08,1.4471e-05
3.4263e-06,0.0049861,0.00079909,0.0025279,6.811e-06
0.0020133,0.00013176,9.3256e-08,2.6508e-06,0.00012047
0.0021312,2.6844e-07,4.1615e-10,9.048e-07,2.3567e-07
3.0698e-05,0.0024716,8.3696e-05,0.0014465,0.0017614
0.0020001,0.00031461,0.00012158,2.8722e-05,1.4856e-05
0.0020776,4.5075e-09,1.6674e-09,9.3611e-07,9.0715e-05
5.303e-06,2.0831e-06,1.1711e-08,9.3504e-08,0.0035823
0.0020804,5.0577e-05,4.2829e-06,2.497e-05,5.0361e-05
0.0019119,0.0001703,1.114e-07,6.3293e-05,0.00025587
0.0017738,1.9987e-08,8.0529e-11,1.4751e-05,0.00059975
0.00012263,0.0039157,0.0092358,3.2985e-06,3.2559e-06
0.00098968,1.7289e-07,2.4874e-05,7.2819e-06,0.00192
0.00092225,0.0023869,0.00089555,0.0010597,0.00029715
0.00011515,0.0057298,2.4301e-07,1.9668e-08,2.0014e-08
0.0016636,4.472e-05,0.0028012,2.4661e-05,0.00043565
0.0014176,0.001745,4.6556e-06,0.00016163,0.00013388
0.0020985,8.3826e-05,4.3563e-05,1.6571e-06,5.909e-07
1.3816e-05,7.8497e-05,3.1322e-05,0.010324,0.0013506
0.0018103,0.00090645,7.7517e-06,1.0482e-05,6.4312e-07
0.00213,1.6421e-08,3.9174e-07,4.2892e-06,1.6385e-06
0.00013593,0.0034718,4.2203e-07,4.4479e-05,0.0012948
2.5064e-06,0.0060407,1.3605e-05,1.795e-05,1.5531e-07
0.00044382,0.0012562,0.00052717,0.0091945,0.00010771
2.3857e-06,1.7793e-09,2.8668e-07,4.5417e-05,0.0035789
0.0011254,0.0004877,9.3947e-05,0.002274,0.0009181
4.2926e-05,4.7699e-06,4.3337e-08,0.00021025,0.0034731
0.0019802,1.3951e-06,0.0001361,8.2143e-07,0.00023841
4.5097e-06,5.1115e-05,6.1804e-05,0.0013782,0.003258
0.0010583,0.0030486,1.8962e-07,2.5207e-08,6.3379e-07
8.3683e-06,0.0060333,9.5604e-08,2.5575e-09,7.4736e-09
0.0019845,0.00041366,3.3448e-06,8.6587e-06,2.8853e-07
0.0016509,0.00014745,0.00020367,4.6057e-05,0.00068964
0.0021301,1.7711e-08,1.728e-05,1.8409e-06,1.0697e-07
0.00016065,0.0021735,0.017541,9.2185e-05,1.1119e-06
0.00018224,2.199e-05,1.3836e-06,0.00043563,0.0031806
2.4601e-05,0.00049563,0.0023936,0.0030926,0.0023329
2.6998e-08,8.1301e-08,3.5052e-08,0.0063261,0.0022636
5.5892e-07,1.6332e-09,1.8197e-06,8.4538e-07,0.0035911
0.0021228,2.5987e-10,3.0112e-06,4.5882e-06,1.3387e-05
0.0020895,2.3e-05,6.0314e-05,1.3001e-05,4.7461e-05
0.0021019,6.6252e-05,2.1051e-05,1.7316e-07,8.1573e-06
4.0977e-06,4.5638e-07,1.1892e-10,4.2536e-08,0.0035853
0.0021265,3.1221e-06,4.9318e-07,3.3207e-08,6.5418e-06
0.00061788,6.582e-08,8.5928e-06,2.3722e-05,0.0025451
5.7308e-06,0.0060398,5.5989e-07,6.8605e-07,3.9672e-07
5.6994e-06,1.0221e-05,1.9225e-05,0.003664,0.002805
5.4089e-06,0.005237,5.6048e-05,0.0018721,7.7632e-05
0.00055074,0.0044731,1.129e-05,2.4886e-06,9.4029e-06
0.0017139,2.7445e-08,0.00013605,0.0030668,4.418e-05
9.3538e-05,0.005199,0.0026921,4.1717e-05,3.3721e-05
0.0021035,6.93e-05,5.2429e-05,4.4925e-07,2.0566e-08
0.0016979,0.00012964,0.00053058,2.0069e-05,0.00058891
0.0017541,0.00081495,1.1274e-05,0.00069559,5.3574e-06
3.591e-05,0.004814,0.0050942,2.2588e-05,8.7639e-05
0.0017897,0.0008631,2.3316e-05,0.00029091,3.9803e-07
0.0021309,3.2019e-07,3.817e-08,1.4215e-06,4.8063e-07
6.9118e-05,0.0051077,0.00026348,0.0013618,0.00013034
0.00198,2.0803e-06,3.8362e-06,0.0010163,4.0196e-05
0.0012823,0.0016957,0.00046354,1.4751e-05,0.00036937
0.0013313,0.00093908,0.00024962,0.0013213,0.00048554
0.002117,4.137e-07,3.9754e-06,3.8128e-05,1.5695e-05
0.0020604,2.7039e-07,8.0883e-06,4.6772e-07,0.00011864
5.066e-05,0.0052927,0.0024274,0.00038482,8.6883e-06
0.0021297,2.591e-07,1.0048e-07,1.5979e-06,2.6141e-06
0.0020803,2.8747e-06,0.00073526,7.5998e-07,1.3892e-07
0.0016729,0.00017167,0.0015603,0.0011703,0.00024644
0.0021171,3.2865e-05,2.1172e-07,1.312e-06,4.4691e-06
0.001435,0.00019976,0.0049816,0.0020948,4.3956e-05
0.001418,0.00076739,0.0063773,7.5174e-05,9.2018e-08
8.7393e-07,5.037e-08,7.8387e-10,1.3183e-06,0.0035907
0.00087768,8.7525e-07,4.3798e-05,0.00014905,0.0020764
0.0017288,0.00095707,1.6611e-06,1.0568e-05,0.00010865
0.00035009,0.00015984,0.010999,0.0042456,0.00075419
0.00053252,0.0018279,0.009187,0.00022279,0.00051021
0.0016176,2.2523e-07,2.1389e-07,1.1385e-06,0.0008657
0.0020135,6.3283e-08,2.7727e-08,2.5403e-08,0.00019881
0.00038015,2.2236e-05,0.0016409,0.00021516,0.0027052
0.0021238,1.5499e-06,1.1332e-05,5.848e-07,1.0732e-05
0.0021285,1.2553e-06,1.3598e-07,1.3678e-05,1.3935e-06
6.6414e-06,0.0015031,0.00028592,0.0059258,0.0014123
0.00021114,1.0348e-05,1.0563e-06,1.0169e-05,0.0032282
0.00041331,0.0048679,2.8012e-06,2.3743e-05,3.4445e-06
9.9675e-06,4.6964e-08,1.7385e-08,6.6116e-08,0.0035756
0.0006108,2.2073e-05,2.1544e-05,0.002126,0.0021009
0.0018121,0.00054505,2.2815e-05,0.00086659,3.0485e-05
0.0017215,1.2835e-06,0.002085,0.0017545,8.2601e-05
0.00058119,0.0015073,0.012733,6.8043e-06,0.00025695
0.0018423,0.0008006,2.6323e-05,2.7679e-05,3.7879e-06
0.00013704,5.2633e-08,2.8434e-09,4.0417e-05,0.003353
0.0020711,4.9556e-06,0.00019587,0.00033565,5.904e-06
7.9476e-05,0.0058305,3.9924e-06,1.7058e-09,2.5583e-09
3.3926e-06,0.0060346,3.8353e-06,2.188e-05,2.571e-06
0.0018266,2.0111e-05,3.4974e-09,2.5952e-06,0.00050137
0.001938,4.3056e-07,5.602e-06,1.0254e-05,0.00032317
1.8803e-07,0.0060453,3.3089e-05,9.7979e-06,8.3009e-07
6.5809e-08,3.5283e-05,4.1552e-08,0.0026554,0.0030137
0.00086057,1.2769e-06,5.5057e-06,0.00081956,0.0019685
1.0677e-05,0.00035459,0.027718,5.1723e-05,0.0001738
7.107e-05,3.0087e-07,1.4386e-06,0.00042051,0.003384
3.1676e-05,2.0534e-06,7.9425e-08,5.0998e-06,0.0035368
0.0021254,2.1964e-07,3.7931e-05,2.0744e-06,5.4816e-06
0.0020009,0.00026304,0.00054069,4.0387e-06,1.2622e-06
0.0009576,0.00081203,0.0017075,0.0018117,0.00092053
0.0006772,3.938e-08,1.7897e-07,8.7691e-06,0.0024492
0.0020813,1.3287e-06,0.00029873,0.00023619,8.458e-10
5.1905e-07,0.0060508,1.5606e-05,5.0339e-06,1.8087e-08
1.0677e-05,1.8218e-05,0.00012344,0.0048202,0.0025371
2.6563e-06,3.8502e-09,1.0154e-05,3.9652e-06,0.003586
0.0020772,6.508e-06,2.8705e-06,4.7568e-07,8.7269e-05
0.00034203,6.1436e-10,1.1483e-07,9.89e-07,0.0030158
1.8663e-05,0.00163,3.3542e-05,0.011736,0.00012541
0.0019339,2.8497e-09,4.8666e-05,4.1716e-05,0.00031868
1.9367e-06,6.1199e-06,2.5297e-08,0.00010599,0.0035633
0.00013626,0.005669,1.5866e-07,1.227e-07,4.5523e-07
1.9673e-05,0.0018927,3.3949e-06,0.00013334,0.0024084
0.0020352,0.00025798,1.9608e-06,3.5096e-05,1.7052e-06
0.0020706,7.6149e-08,1.8165e-06,1.4124e-05,9.9454e-05
3.685e-07,0.00018501,2.6852e-06,0.004222,0.002595
0.0016998,4.0011e-05,0.0009754,0.00012528,0.00056563
0.00017694,0.0027851,0.0023154,0.00041991,0.0012886
0.00074259,0.0038019,0.00045169,0.0001111,1.0832e-05
7.2953e-08,3.9902e-10,1.2646e-09,2.1469e-07,0.0035923
0.002117,2.2512e-08,0.00012123,3.9686e-05,2.2759e-06
0.0012986,6.6598e-08,1.4394e-05,9.7454e-07,0.0014019
0.0016358,0.0013409,0.00030158,2.589e-05,2.0255e-07
0.0019615,0.00045738,9.9945e-06,3.2266e-06,1.3402e-05
0.0021293,1.3519e-07,7.2829e-07,3.6696e-07,3.551e-06
1.8566e-06,2.4858e-09,1.6658e-07,1.7335e-05,0.0035857
5.8505e-06,5.4733e-09,7.1402e-07,8.7661e-06,0.0035807
0.00051039,0.0042127,7.4503e-06,0.0005037,0.00012702
6.2105e-06,0.0013719,6.3782e-08,0.0013613,0.0024824
1.4024e-06,8.4301e-08,5.9779e-08,5.9261e-05,0.0035776
0.0014229,0.0015192,3.2825e-06,5.8167e-05,0.00028071
0.0021236,2.0936e-05,6.9845e-10,1.1887e-08,9.0383e-07
5.5702e-05,0.0058821,8.4578e-05,8.8046e-07,7.7849e-09
0.0011922,0.00015832,6.7721e-05,0.0025793,0.00093973
3.8029e-05,0.00030474,0.0001001,0.0013209,0.0030587
0.00081006,9.3681e-05,4.869e-06,1.5066e-05,0.0021679
0.00092617,0.0034168,4.3158e-05,1.1896e-07,2.1263e-09
0.0019684,1.413e-06,0.00061457,0.00093694,6.8659e-06
9.6479e-06,2.7136e-08,2.4186e-07,2.5382e-05,0.0035708
0.00070589,0.000504,0.00035692,0.00042014,0.0019747
0.00032899,1.3933e-08,1.3585e-07,4.0142e-05,0.0030295
0.00070066,2.8465e-05,4.2767e-06,0.0097556,0.00034512
0.00026572,1.6794e-07,1.747e-06,0.00018205,0.0031061
4.317e-07,1.5988e-06,1.4739e-06,1.1178e-07,0.0035906
0.0017847,0.00094033,0.00015541,4.1687e-05,1.9118e-07
3.4771e-09,1.6675e-07,1.9959e-08,3.2539e-06,0.0035917
0.00029213,0.00022661,0.00013291,0.0080313,0.0012636
1.4834e-06,1.2827e-10,4.0244e-10,1.3151e-06,0.0035897
4.9734e-06,7.2824e-05,0.0033933,0.0091788,0.0012237
4.1564e-05,0.0059334,1.1572e-05,7.0013e-07,1.8118e-06
4.8896e-06,4.0671e-07,1.0024e-05,0.000135,0.0035545
0.00086459,1.2213e-05,1.983e-06,4.6208e-05,0.0021181
0.0017921,0.00019682,6.0991e-05,5.3564e-06,0.00044725
0.0021314,1.9851e-08,6.3263e-07,7.0625e-07,3.06e-08
0.00079866,7.7233e-05,1.2374e-06,0.00021783,0.0021547
0.0018261,3.3085e-06,0.00027265,2.2226e-05,0.0004769
6.3635e-09,6.7592e-07,7.6923e-06,0.00069582,0.003445
0.0010687,0.000546,0.0044717,3.8926e-05,0.0009463
9.8475e-05,0.0054157,5.105e-05,0.00078055,4.4661e-05
0.0016972,8.1042e-07,1.7371e-05,1.6236e-05,0.00072608
2.9171e-05,7.379e-07,6.5493e-08,1.7676e-06,0.0035425
0.0012923,0.00092346,7.1664e-06,0.00012432,0.00083983
0.0012031,0.0025291,9.4801e-06,0.00014607,3.2979e-05
0.0019672,2.3075e-05,0.00012664,0.00017955,0.0002111
0.0015492,1.3924e-08,1.5816e-07,1.4263e-05,0.00097841
0.0012566,0.0023028,2.91e-07,6.92e-05,9.4212e-05
2.6199e-05,0.003889,0.0010147,0.00023609,0.0010757
2.4458e-07,8.5017e-11,3.353e-10,2.2122e-05,0.0035874
9.2076e-05,0.0049335,0.00081533,0.0019425,9.7098e-06
0.0019011,1.9875e-05,1.1941e-05,0.00022031,0.00032894
0.00023397,0.0011082,0.0078902,0.0071492,0.00013418
0.0021092,3.5139e-06,1.2012e-08,5.7339e-08,3.5466e-05
0.0016869,0.00049215,0.0011445,6.9716e-05,0.00031162
4.9814e-05,6.863e-06,5.2751e-11,1.4001e-07,0.0035044
0.00045842,0.0046639,0.00037184,7.5518e-07,1.0894e-05
0.0019604,4.0561e-05,0.00099938,0.00044926,5.5314e-05
0.0019364,0.00045597,9.4684e-07,1.9231e-05,5.4335e-05
0.0021068,2.035e-05,3.1352e-08,1.2889e-06,2.9311e-05
0.0021022,5.5505e-05,2.9298e-05,1.7828e-05,9.3672e-06
0.0018856,2.9634e-05,2.6545e-05,5.4876e-06,0.00039275
3.6398e-05,0.0056245,3.0575e-05,4.3638e-05,0.00018256
0.0019652,5.8559e-06,5.6681e-06,0.0013152,7.7396e-09
7.2988e-05,0.0056177,4.6585e-07,4.7085e-05,0.00012765
0.0012368,2.0008e-09,3.6561e-06,3.9512e-07,0.0015076
0.0019755,0.00039034,1.0529e-06,0.00013895,2.1848e-06
0.00068016,0.00057295,0.0019256,0.0054399,0.00074283
0.00045542,6.0232e-08,6.8278e-05,7.8226e-06,0.0028154
0.00059085,9.5672e-08,6.8907e-06,2.7629e-05,0.00259
0.00032998,0.0051085,1.8612e-06,3.5038e-07,6.2e-06
4.8494e-08,3.8691e-08,5.1427e-08,4.7731e-05,0.0035823
5.3221e-05,0.0048884,4.9251e-05,0.0027507,2.0068e-05
1.017e-06,3.0861e-07,2.8314e-08,0.00049017,0.0034876
0.00069632,0.00088393,7.5361e-05,0.0013233,0.001608
5.9363e-06,0.0060376,1.7042e-06,1.9318e-06,9.626e-07
0.0021078,3.0995e-05,9.7077e-06,6.3601e-05,7.1708e-06
0.0021293,1.2189e-07,1.7451e-05,3.1774e-07,1.674e-06
0.0011032,9.9785e-06,2.1046e-05,5.222e-06,0.0017237
0.0002246,0.0054101,3.8848e-06,2.0629e-07,4.6884e-06
0.0014581,0.00028125,0.0029498,0.0029828,3.2613e-06
0.00052156,4.1624e-05,4.8828e-06,0.00020542,0.002645
0.00074081,2.7891e-07,3.5446e-07,5.5136e-06,0.0023425
0.0012824,0.0015669,7.5835e-05,0.0020279,6.7162e-05
4.699e-06,0.0060405,1.7032e-07,8.8479e-06,3.0673e-08
6.3812e-05,0.0058065,1.7134e-05,0.00017466,2.4399e-06
0.0015301,5.652e-07,0.00052839,1.0833e-06,0.00095249
0.0018366,1.2613e-05,1.4417e-05,0.0023233,0
0.0020934,1.924e-05,0.00045541,2.3219e-06,5.1589e-08
0.0014989,0.00010945,0.0037502,0.0010888,0.00034238
0.0021315,1.8591e-09,5.0277e-08,4.7082e-09,2.5284e-09
0.0021177,1.3685e-07,0.00013139,3.1535e-05,1.5115e-06
2.4139e-05,0.00021498,0.00017669,0.0024214,0.0028954
0.00026012,1.2571e-08,2.4916e-07,9.7977e-07,0.0031538
9.3941e-05,0.0049943,0.00047903,0.00054359,0.0003029
0.00039026,7.7039e-06,0.00068742,0.0055867,0.0016779
0.0013407,1.4791e-06,3.2138e-06,8.322e-06,0.0013299
0.0020529,5.4441e-07,4.7798e-06,9.9704e-08,0.00013168
0.00042664,4.1164e-07,9.5614e-05,0.0038186,0.0020601
0.0019866,7.9588e-06,6.6161e-09,3.8663e-07,0.00023954
4.0016e-07,6.1561e-10,6.6359e-11,3.2026e-07,0.0035917
0.0021165,6.1855e-07,2.2855e-06,5.9789e-07,2.4507e-05
0.0020936,0.00010372,2.0067e-05,4.8643e-07,2.3124e-08
1.7061e-06,9.85e-05,3.2541e-07,0.0045744,0.0025703
0.00091055,0.0034647,1.6006e-05,1.0403e-06,8.3651e-07
0.00026775,1.2058e-05,8.6357e-06,1.0717e-05,0.0031308
5.4309e-08,2.3063e-09,8.8837e-10,1.5034e-06,0.0035921
0.001057,0.0018324,4.4677e-08,3.564e-05,0.00071676
0.00053998,3.8429e-05,0.0042279,0.00046611,0.0020767
0.0021098,1.554e-07,3.8633e-10,3.6037e-08,3.6484e-05
0.00146,2.4604e-05,8.2963e-08,2.7526e-05,0.0011114
0.0014646,4.202e-06,4.9473e-05,0.0036258,0.00035439
0.0020179,6.4941e-06,0.00035617,6.9585e-05,0.0001322
0.0011712,4.2371e-05,6.3506e-06,1.1739e-05,0.0015902
0.0021021,1.9863e-06,0.00019221,9.8183e-05,5.7752e-06
0.00024363,5.3668e-06,1.0374e-05,0.00057802,0.0030561
0.0020572,4.1292e-05,1.3716e-08,3.9434e-06,9.9904e-05
0.0013852,3.2732e-05,1.2866e-06,2.0124e-06,0.0012379
3.0198e-05,0.0038949,0.0012922,0.003709,0.00030422
4.1171e-06,4.7565e-06,0.0014325,6.1306e-05,0.0034055
1.388e-05,0.00015918,0.00095979,0.012741,0.00068845
0.00029188,0.0045933,0.0019883,8.6595e-05,0.00012997
0.0013424,0.00086333,4.4075e-06,3.7109e-05,0.00080959
1.5315e-05,0.0039839,0.0073374,7.6368e-05,0.0003461
0.0014943,1.2372e-08,5.3182e-08,2.9042e-06,0.0010733
2.8732e-05,0.0041655,0.0001098,0.0049017,3.1322e-05
0.0020347,0.00023447,2.1017e-05,1.2819e-06,2.1442e-05
0.001833,0.00079087,5.081e-05,0.00013406,0
0.0018394,0.00021979,0.0010639,6.0981e-05,0.00022708
1.5904e-08,1.0863e-10,4.6947e-09,4.2422e-09,0.0035924
5.1804e-06,0.0055705,0.0023734,3.382e-05,4.9174e-07
1.2093e-07,1.1412e-09,4.4549e-10,5.4553e-05,0.0035808
0.0021187,8.1307e-06,4.6912e-08,3.8001e-08,1.6791e-05
0.0017107,0.00010828,0.00012457,0.001462,0.00032369
0.0015885,0.0014153,1.9782e-06,0.00032297,7.7097e-06
0.0019681,0.0004632,4.7914e-06,4.2657e-07,1.5939e-08
0.002124,5.7308e-06,2.4491e-05,2.1536e-06,6.0102e-06
0.0021018,1.0856e-05,7.5043e-06,5.5579e-06,4.1648e-05
0.00051606,0.00032241,9.0857e-05,0.0021877,0.0020615
0.0021302,5.8043e-08,6.0108e-06,1.0681e-07,1.4504e-06
1.1264e-05,0.0042268,0.00014857,0.0041033,0.00018767
2.619e-07,6.618e-07,1.9332e-05,0.016819,5.6644e-05
4.5374e-07,4.7056e-06,0.0016381,5.0341e-06,0.0034
7.9154e-05,6.3069e-08,0.00049354,1.4353e-05,0.0033994
0.0020882,5.7571e-05,1.3123e-06,1.2717e-05,3.5986e-05
0.0017527,2.7758e-06,0.0001215,2.1208e-05,0.00061849
0.0011977,3.2041e-05,0.00013846,7.8769e-07,0.0015388
9.2647e-05,0.0055406,0.001305,3.2269e-07,3.9305e-07
3.029e-05,3.9554e-06,1.5062e-08,3.8034e-06,0.0035383
0.0020234,8.9652e-06,0.0012201,1.1174e-06,3.6669e-05
0.0012093,0.0025618,0.00027284,1.5502e-05,3.2212e-07
9.3353e-08,0.0043528,2.7512e-07,0.0038393,0.00020425
5.4022e-08,8.3791e-09,7.9613e-08,2.0604e-05,0.003588
0.00020318,0.0054326,1.5569e-05,6.0836e-06,2.4899e-05
0.001888,2.7822e-05,0.00029861,3.2235e-05,0.00035285
0.0021275,8.2455e-06,1.8413e-08,6.2919e-06,5.327e-07
0.00022024,0.0037729,0.00091846,0.0036194,0.00011797
2.3706e-06,0.00517,0.00013498,0.0014464,0.00020284
0.000104,0.0057613,1.0464e-06,1.4268e-08,1.1431e-08
3.1169e-05,3.0921e-07,9.836e-06,0.0019124,0.0031369
0.00021555,0.00078109,0.00033088,0.0074081,0.0011719
0.0021069,3.84e-05,1.1504e-05,5.025e-05,6.9028e-06
0.00045715,0.0032857,1.4732e-06,0.00077017,0.00071131
0.00055912,8.8449e-05,1.8042e-07,8.7398e-05,0.0025793
0.00062867,0.00042788,0.0058851,1.3446e-05,0.0016012
0.0020416,0.00016928,6.0459e-07,2.0382e-05,4.6781e-05
0.00038776,4.9914e-07,1.0139e-05,1.6601e-05,0.002934
0.0015919,0.00042493,0.0017399,0.00092208,0.00026422
0.00023679,0.0026558,0.0043993,0.0047564,0.00011457
3.8123e-07,2.0788e-07,4.0877e-07,3.0956e-06,0.003591
0.0015894,0.00054873,4.4429e-07,8.8159e-05,0.00056971
0.00149,0.00069864,0.0041507,0.00075031,3.3203e-05
1.377e-06,0.0060016,0.00019739,3.1078e-06,7.2784e-06
2.6076e-06,7.5546e-08,6.1114e-09,0.00031489,0.0035219
1.6596e-05,0.004022,0.010264,4.2839e-06,8.074e-07
0.0020202,0.00015305,2.2112e-06,2.8497e-05,9.0586e-05
0.0017167,4.6774e-06,2.1977e-06,0.0030632,5.2732e-05
0.0016336,0.0013161,6.4044e-05,0.00014535,2.0818e-05
0.00076226,2.2591e-06,0.00035816,2.5028e-05,0.0022601
6.0011e-05,0.0058563,6.7144e-05,1.2104e-05,7.7187e-06
0.0021146,7.9052e-07,7.7988e-05,3.1055e-06,1.8401e-05
4.0578e-06,0.0059452,0.00039526,2.7528e-05,8.4121e-06
0.0012172,0.00053348,4.2326e-05,2.5355e-05,0.0012144
0.0021059,1.8986e-06,0.00025945,5.7657e-05,1.3531e-07
2.2937e-06,2.0966e-05,0.03108,4.9456e-05,6.0133e-07
5.5668e-05,7.2251e-05,1.0789e-07,0.0036068,0.0026982
0.0021095,6.2387e-05,1.2679e-08,1.346e-09,5.7635e-08
0.0017978,0.00043927,2.75e-05,3.3711e-05,0.00029176
0.00067111,0.0038695,0.0013658,2.6688e-05,4.1209e-06
5.0194e-05,0.002453,0.0023895,0.0084003,1.4489e-05
0.0021203,1.2505e-07,4.9391e-06,2.4492e-06,1.7828e-05
1.8229e-05,0.0059683,0.00015199,2.1398e-05,2.1824e-08
0.00069163,0.00053768,0.00012062,0.0016156,0.0017547
0.0017949,2.6486e-06,0.00013239,0.00038173,0.00047048
0.00060458,8.8315e-05,0.0019917,0.01016,0.00015873
9.4802e-10,9.1594e-11,9.3054e-07,1.5054e-05,0.0035892
0.0021128,4.8112e-05,9.0361e-06,4.9312e-06,9.9942e-07
0.0021038,2.7541e-06,3.9797e-08,3.9486e-06,4.4313e-05
0.0015034,7.6384e-05,0.0086764,8.5819e-05,1.2381e-07
0.0020231,2.3405e-05,0.00013776,0.00072828,2.457e-08
2.6976e-06,1.0493e-07,7.4912e-11,1.5336e-05,0.0035846
2.7366e-05,0.00027348,6.4649e-06,0.00014721,0.0033525
0.0021089,3.3924e-05,1.3425e-06,5.5299e-05,6.2539e-06
1.3276e-05,0.00063244,0.0022656,0.0020153,0.0025118
0.002121,2.6437e-05,1.4899e-05,1.4704e-06,2.2898e-08
0.0021315,9.8978e-11,1.3954e-09,1.4675e-09,9.7549e-08
9.6491e-06,4.9426e-08,0.00019388,0.0012743,0.0032863
1.0289e-05,2.2586e-06,7.6912e-06,0.011103,0.0012409
0.00070422,2.5406e-05,3.9075e-05,0.00010895,0.0023631
0.00070006,8.9488e-06,0.019689,0.00032866,7.9688e-05
4.7111e-06,1.0312e-06,1.4266e-05,3.0003e-05,0.003576
7.3997e-05,0.0024295,4.4172e-07,0.00051017,0.0019196
0.001983,0.00031702,1.751e-05,2.8083e-05,5.4395e-05
0.0018434,0.00071531,0.00012304,7.1688e-05,3.2256e-05
0.00039076,0.004538,7.4156e-05,0.0011072,1.3219e-06
0.0020322,0.00025673,1.7544e-06,3.6367e-06,1.422e-05
3.4957e-06,1.0941e-07,2.0704e-08,1.968e-05,0.0035824
2.1032e-05,0.0056135,0.00039035,0.0007017,3.5475e-05
9.7297e-05,0.0033462,0.00013294,0.0011237,0.0011926
0.0013367,8.7577e-07,0.00014761,0.00058869,0.0011985
0.0016267,0.00017669,1.6111e-05,4.2713e-05,0.00073527
0.0010422,0.0029651,0.00010026,0.00016644,3.098e-05
0.0011289,3.1362e-05,0.00043691,1.0246e-05,0.0016189
4.6685e-05,0.0056563,0.0010031,0.00011654,1.9459e-05
0.0016106,0.0014763,4.4214e-07,1.1169e-05,0
4.2527e-07,0.0058089,7.9949e-07,1.2798e-05,0.00014373
5.0656e-05,1.2603e-07,1.3935e-06,8.4056e-07,0.0035067
0.0012689,1.2864e-05,9.5378e-07,3.9894e-06,0.0014453
2.0101e-06,6.7011e-08,1.0957e-07,3.4024e-05,0.0035819
0.0021263,9.2214e-06,4.2993e-07,1.138e-07,3.1873e-06
5.2683e-08,9.7565e-07,1.9031e-06,0.0002139,0.0035467
0.00023394,0.00011973,0.00011245,0.0048006,0.002106
0.001847,0.00013192,0.0027802,0.00037186,4.3479e-06
0.001138,0.00047035,0.00052655,0.00077755,0.0011718
6.9795e-05,3.4644e-07,6.9409e-10,5.9104e-07,0.0034745
0.0018163,1.5529e-05,2.4399e-05,0.0024665,1.2308e-06
1.8634e-07,3.5484e-07,7.8881e-07,0.0042689,0.0026952
7.6362e-07,0.0014625,0.0012309,0.00019059,0.0025425
0.0013874,4.7186e-05,0.01006,0.00030992,7.1294e-06
0.00014757,5.3513e-06,4.8644e-06,0.0034456,0.0026163
2.7905e-05,0.00012022,8.3379e-08,0.00028218,0.0034149
9.2815e-05,0.00016809,0.00010141,8.0706e-06,0.003323
0.0021303,5.7646e-07,7.8621e-06,4.3183e-07,7.911e-07
2.0657e-05,1.7581e-07,2.4835e-09,2.1947e-06,0.0035571
7.9047e-06,4.8301e-05,1.5665e-08,3.1226e-05,0.0035439
0.0021301,3.8645e-06,2.028e-09,1.6775e-07,4.7318e-08
0.0017336,0.0010426,2.6961e-06,1.8325e-05,4.8101e-05
2.8814e-05,0.00032777,4.5202e-05,0.014143,0.0003737
3.6791e-06,1.7287e-08,3.4237e-07,0.00023672,0.0035365
9.512e-06,9.5991e-05,0.00082307,0.00018421,0.0033864
3.4784e-05,4.0091e-05,1.2787e-08,0.00013267,0.0034822
0.0019863,1.0441e-10,1.0615e-12,8.6027e-07,0.00024455
0.00026299,0.00066726,1.0057e-05,0.00011008,0.0027292
0.0003832,1.7411e-08,2.4503e-09,1.3084e-06,0.0029463
0.0021238,8.4778e-06,3.5037e-06,2.1065e-05,3.2346e-06
0.00048755,0.0046219,2.0522e-06,7.5428e-05,1.3442e-05
0.00016516,0.00027497,0.0010271,0.01434,2.127e-05
0.0017489,7.1482e-08,1.4729e-06,6.0559e-07,0.0006446
0.0020755,1.8588e-06,9.3301e-05,0.00039305,0
0.0021301,1.749e-07,2.3899e-09,9.2436e-09,2.3395e-06
0.00025257,0.00072723,0.02152,0.0009712,6.2963e-05
0.00021248,3.5765e-07,5.9609e-09,0.00026102,0.0031793
0.00061941,0.00081939,0.0016256,0.006951,0.00041607
0.00046345,0.0043377,2.3476e-06,1.8675e-06,0.00023799
0.001783,6.9822e-06,0.0041769,5.285e-05,9.2992e-05
0.0021284,2.6032e-07,8.5686e-09,2.5672e-06,4.5249e-06
4.7064e-06,0.0059526,0.00041486,2.3138e-05,1.613e-06
6.0588e-06,6.0978e-06,5.5549e-07,4.1026e-06,0.0035777
0.0020056,0.00016587,5.8754e-09,2.1967e-07,0.00011387
0.00063391,1.8137e-08,3.1576e-08,6.3416e-05,0.0025108
4.0274e-08,0.0013065,0.0023575,0.01017,0.00041094
6.6805e-05,0.00012155,0.00024028,0.015439,0.00013748
1.2932e-05,3.6392e-09,3.6589e-08,4.2349e-05,0.0035618
0.0021039,1.1668e-06,2.7141e-07,9.6542e-07,4.5626e-05
4.2778e-05,3.5408e-06,2.991e-07,0.0018456,0.0031306
0.00048569,6.8799e-09,1.0099e-11,9.5785e-07,0.0027737
0.0002182,3.2829e-06,5.7372e-09,2.5289e-05,0.0032175
0.00033208,1.3954e-05,5.8322e-05,0.00027232,0.0029606
0.0020868,0.00010588,7.2111e-05,6.3814e-06,3.0408e-06
0.0014123,4.6608e-06,1.0227e-06,7.8966e-05,0.0011927
0.0021092,6.1423e-05,7.4038e-08,8.857e-07,1.0686e-06
6.5471e-05,3.9768e-09,1.0914e-06,4.3245e-05,0.0034729
0.00092276,1.6893e-07,3.0079e-09,3.1794e-06,0.0020365
2.8426e-08,3.546e-08,2.3668e-07,7.6486e-07,0.0035922
1.0969e-05,0.0021083,0.0047727,0.0083811,1.5722e-05
1.5302e-06,2.5021e-09,1.485e-08,9.2684e-07,0.0035897
0.0011618,8.1709e-08,1.4671e-05,1.4355e-06,0.0016323
1.4939e-05,0.0059821,8.367e-08,1.9379e-06,1.8861e-05
0.00083354,1.493e-06,4.8474e-06,3.2412e-06,0.0021855
0.0021017,8.793e-06,1.3533e-05,1.3392e-05,4.066e-05
0.00047091,1.8728e-06,9.7025e-05,0.013242,5.2125e-06
0.0014932,0.00016883,7.808e-05,0.00011266,0.0009431
0.00046872,0.0046993,7.9706e-06,1.1757e-05,1.1943e-05
0.00032533,0.00016558,0.0024489,0.0096878,0.00063019
5.7678e-06,7.3494e-09,1.7891e-08,1.679e-05,0.0035792
0.0021216,5.0676e-08,2.8587e-08,1.0202e-06,1.6533e-05
6.4787e-07,0.0028125,0.012076,6.2499e-05,0.00052489
0.0020328,0.00020695,1.7458e-06,4.106e-07,4.3449e-05
0.0015464,0.00072661,2.174e-06,3.9201e-06,0.00055421
0.0016915,0.00034333,0.00026481,0.0023845,6.831e-06
3.9683e-05,0.0033276,3.4623e-06,0.0048618,0.00053043
0.0021217,4.2822e-08,2.1944e-06,2.1396e-07,1.6223e-05
0.0020835,6.0855e-08,0.00019777,3.1768e-07,5.8218e-05
0.0015853,0.0015056,0.00018139,1.3881e-05,3.9109e-06
0.0021116,4.7794e-05,3.7417e-06,6.1869e-07,4.6879e-06
0.0021269,6.4552e-08,5.6059e-08,7.2283e-06,6.186e-06
0.00010464,0.00015932,5.6314e-05,2.5831e-06,0.0033146
0.00025559,0.0052369,0.00016356,1.4885e-05,3.3769e-05
0.0020857,5.3843e-06,3.2124e-06,0.00017325,3.7287e-05
0.00011857,9.6029e-07,3.6579e-07,1.0358e-06,0.0033918
0.0020899,0.00011353,2.4325e-05,1.4238e-07,6.3869e-08
0.00060566,2.9884e-06,0.0024972,3.13e-05,0.0022769
0.0020305,4.5448e-07,5.2515e-06,4.824e-05,0.0001593
0.0021313,2.7349e-13,5.7134e-09,4.7819e-11,4.0195e-07
0.0021277,7.0464e-08,2.6973e-07,6.2341e-06,4.9892e-06
0.00019977,0.00010377,1.9211e-06,9.092e-06,0.0031921
0.00056251,4.3526e-08,1.7062e-07,0.00061751,0.0025147
0.00073716,0.0018146,0.0066657,0.0016684,0.0001588
4.3132e-06,7.3936e-06,4.3668e-07,0.0012423,0.0033198
0.00023618,1.2403e-06,2.4495e-07,0.00024504,0.0031422
0.0021266,1.3555e-05,2.6828e-08,1.0362e-06,2.3467e-08
3.7989e-05,0.005942,3.678e-05,4.2836e-08,9.49e-10
0.0021256,2.7725e-06,4.9214e-09,4.621e-08,8.2878e-06
0.0012305,0.0018947,2.2965e-07,0.00011618,0.00037032
0.0017044,0.00098192,2.495e-07,2.2173e-05,0.00013274
0.0019658,0.00044863,0.00011529,2.5301e-07,1.4534e-08
0.0021035,6.0772e-05,5.6618e-05,1.1299e-07,4.5942e-06
0.0012343,0.00025042,1.1539e-07,0.00074838,0.0012065
0.00012259,1.3094e-07,1.039e-05,0.0060862,0.0021062
0.00011947,2.0643e-06,0.00026173,8.2906e-06,0.0033581
0.00023771,0.0048771,7.8322e-07,0.00024892,0.00024686
0.00054592,0.00028044,0.021632,1.8639e-06,2.4231e-05
0.0021227,3.8148e-06,2.9446e-05,4.0516e-05,7.9918e-07
0.0020892,0.00010166,9.2599e-05,9.1522e-07,2.286e-07
0.00063623,0.00015124,6.3745e-05,0.00020226,0.0023807
5.019e-06,1.4143e-05,1.9581e-07,3.6873e-05,0.0035679
0.0003924,1.0932e-05,0.0030542,0.0006854,0.0024303
0.00010318,5.266e-06,1.0481e-05,7.4983e-05,0.0033985
0.00038395,0.0004447,0.0093078,0.0049784,0.00056825
0.0019738,3.0657e-05,0.0021102,2.6123e-05,5.0329e-08
0.00037287,0.0026518,0.0036878,0.0034824,0.00023679
0.00025016,1.4237e-06,1.169e-07,0.0011126,0.0029363
4.5334e-05,1.4119e-07,9.9019e-07,2.0023e-05,0.0035117
0.0020673,4.953e-08,1.4766e-07,1.3474e-06,0.00010789
0.00015972,0.00018381,7.9942e-05,0.0055397,0.0020415
0.0015598,0.00025404,0.00019771,1.0921e-05,0.000788
0.0016213,4.3851e-05,2.6946e-08,2.9349e-06,0.00083328
0.0017642,0.00096976,8.2961e-05,0.0001431,4.4342e-06
0.0020158,0.0002833,0.00017353,5.955e-06,5.8629e-06
0.00031124,0.00074293,2.4855e-09,2.2725e-05,0.0026225
0.0021275,3.7023e-07,3.9167e-06,1.4047e-08,6.1847e-06
0.0021315,1.2104e-08,3.3152e-09,4.6771e-08,3.6977e-08
0.00053994,0.0045109,2.4457e-05,5.4151e-06,3.0969e-06
7.2403e-05,8.5133e-06,2.3029e-08,2.1593e-05,0.0034609
0.0017345,1.5146e-05,4.4168e-07,3.2433e-05,0.00065322
0.0002787,4.0136e-06,0.00027697,0.013364,0.00028162
0.0021309,9.1651e-08,1.7794e-06,7.0567e-07,6.3609e-07
0.0010269,5.9852e-05,1.6186e-06,7.4098e-06,0.0018244
4.4196e-05,1.185e-07,1.3014e-06,2.8091e-06,0.0035172
0.0010023,0.0032056,4.6006e-08,3.1974e-06,1.2841e-06
0.0018378,0.00083428,2.9944e-08,3.8822e-07,1.0199e-07
0.00038753,0.0048625,0.00013473,4.3089e-05,3.0875e-05
7.0868e-06,0.00062339,0.025409,0.00141,0
0.0015657,2.541e-08,3.3138e-08,1.2136e-05,0.000951
4.1199e-06,5.4304e-06,1.6214e-07,0.0010612,0.0033594
0.0021226,1.4316e-06,6.2358e-05,3.3248e-05,9.9834e-08
1.139e-07,8.4425e-11,1.5473e-08,3.994e-06,0.0035914
8.725e-05,8.6946e-08,2.1135e-08,5.3932e-07,0.0034453
0.001919,1.2953e-05,3.7905e-05,0.00012632,0.00031966
0.0017818,1.9442e-06,0.0043817,5.2413e-05,7.4671e-05
0.0020521,0.00021033,6.5079e-07,6.126e-06,7.6863e-06
0.0013524,1.9801e-07,2.2849e-07,8.6851e-06,0.0013112
1.4952e-05,2.8676e-05,1.1192e-05,0.00085282,0.0033699
0.00038342,0.0017521,0.0021517,0.0052334,0.00056104
0.0021172,1.1326e-06,7.4818e-07,3.8036e-07,2.338e-05
0.00065108,1.2536e-06,1.5664e-06,1.3833e-06,0.0024939
0.002128,8.8513e-06,1.4152e-07,6.6232e-07,4.7594e-07
2.3232e-05,3.4695e-06,6.6042e-08,0.0004638,0.0034538
3.4056e-07,0.0058887,7.6915e-06,0.00017185,6.2314e-05
0.0015895,1.8939e-06,2.0726e-06,0.0036598,0.0001435
0.0014422,0.001343,1.222e-06,5.3984e-05,0.00035371
0.0021071,4.7493e-05,6.5547e-06,2.7322e-05,6.5872e-06
0.0014688,0.0015914,0.00072792,0.00017431,5.3026e-05
8.4135e-05,0.00059779,0.001428,0.001009,0.0027204
0.0021194,1.5194e-06,4.1227e-05,4.61e-05,5.1198e-06
0.0018603,5.2551e-07,1.3728e-05,2.4683e-05,0.00045007
0.0020862,1.0989e-06,8.1915e-08,1.2923e-06,7.5452e-05
1.5415e-07,8.387e-09,1.8218e-11,1.1813e-05,0.0035897
3.5937e-07,6.1153e-06,0.00036777,0.0024749,0.0030262
0.00015813,1.8339e-05,2.2927e-05,0.0025523,0.0027764
0.0020812,4.3345e-11,2.7435e-05,1.5995e-05,7.832e-05
0.0020576,7.2676e-05,0.00062343,3.2564e-05,3.1982e-06
0.00023043,0.0015019,0.001699,0.0050299,0.0010619
0.00011106,0.00022428,1.6887e-06,0.00024015,0.0032216
0.0015504,0.0011678,0.0012194,2.7965e-05,0.00014099
0.0018058,8.2513e-06,0.0004074,0.0014466,0.00019354
5.696e-06,1.4249e-07,2.5224e-06,2.426e-05,0.0035774
0.00012174,0.00062259,9.0313e-05,0.00024805,0.0029556
0.0019351,0.00027367,8.9515e-05,0.00071306,8.7751e-06
2.1872e-06,3.0493e-06,1.0194e-05,0.00016527,0.0035511
2.6328e-06,0.0058368,0.0010997,1.948e-07,4.7508e-09
3.5346e-07,3.2311e-08,6.1789e-06,2.3625e-06,0.0035907
0.00035573,0.0048931,0.00052996,0.0001148,5.9366e-06
0.0003251,4.467e-05,1.7477e-06,0.00035268,0.0029438
0.00012183,4.5434e-07,7.6914e-08,0.0046661,0.0024068
0.0021308,6.4321e-08,3.9569e-08,3.4724e-06,4.6963e-07
4.0892e-06,2.7295e-06,6.8674e-06,4.1778e-05,0.0035744
0.0014179,5.0802e-06,0.00062756,0.0051886,3.7924e-05
0.0018918,3.3993e-05,1.0087e-05,2.0593e-06,0.00038234
3.3942e-05,1.7163e-07,1.4078e-06,7.1099e-06,0.0035335
0.002129,5.4151e-08,1.6317e-05,4.2307e-06,1.4369e-06
7.0663e-06,6.9077e-07,1.3341e-09,0.00025149,0.0035273
5.594e-08,0.0060521,1.4793e-05,5.5692e-06,2.8949e-08
0.0019382,2.5946e-05,0.00030136,8.4125e-06,0.00027409
0.0021307,1.9455e-06,6.6834e-09,1.1595e-06,5.4301e-08
0.0010571,5.8698e-05,8.6667e-06,0.00018094,0.001737
0.0021215,2.6279e-07,2.081e-06,4.433e-05,7.2335e-06
0.0014962,0.0013413,3.6567e-06,0.00015453,0.00024234
0.0014685,0.00068104,0.005864,9.2614e-05,2.1506e-05
0.00065308,1.2539e-05,0.00091528,3.1202e-06,0.0023787
0.00078128,1.6969e-05,3.2142e-05,0.00035378,0.0021876
0.0002131,8.2795e-06,8.6527e-06,0.0076866,0.0016129
0.00062947,0.0042645,7.957e-09,4.9247e-06,1.217e-06
0.0017771,2.3198e-07,6.922e-05,1.3191e-05,0.00058647
0.0016218,0.00081129,0.00012868,0.0013072,8.8639e-05
7.3949e-08,1.4024e-07,3.1026e-06,1.8622e-05,0.003588
0.0020898,0.00010468,4.3708e-06,1.7573e-06,7.4106e-06
0.0021305,1.9021e-09,1.0776e-10,7.6899e-10,1.6537e-06
0.00023199,3.9385e-05,3.2384e-07,1.489e-05,0.003175
4.9907e-05,0.0004177,0.00069221,9.038e-05,0.0031622
0.002107,6.521e-05,2.2186e-05,3.3196e-07,1.0113e-07
0.001758,0.00052563,0.00022739,0.00070177,0.00014438
0.0016573,6.4691e-07,3.5484e-05,0.00013315,0.0007669
0.0020868,3.5632e-06,0.0006372,3.8292e-07,5.5996e-08
0.00038084,8.7232e-07,0.025681,1.3963e-05,1.2734e-06
0.0020107,1.9617e-06,8.0567e-05,7.1196e-06,0.00019174
0.0011432,0.001866,0.00012815,1.1183e-05,0.00054202
3.8555e-07,1.9024e-10,6.9505e-11,1.3905e-05,0.0035889
0.00010753,4.3944e-06,1.787e-05,0.0039765,0.0025714
2.1844e-05,0.0057201,0.00077614,0.00020218,3.1531e-05
1.443e-06,0.006053,1.1071e-07,8.9135e-09,3.9488e-10
5.4554e-06,2.1565e-06,0.00028442,1.4204e-05,0.0035464
0.0021282,3.5742e-06,1.3873e-05,4.1752e-07,1.8124e-06
0.0018386,0.00067583,6.4034e-05,0.00016268,5.1337e-05
0.0013074,0.00058321,0.0050976,8.0236e-05,0.00044153
0.0016569,1.2333e-05,1.3929e-05,2.3401e-06,0.00079045
0.00073238,5.8024e-09,5.1334e-09,9.7599e-06,0.0023561
7.7298e-05,0.0025927,0.0024069,0.0021358,0.0011997
0.0010284,0.0030792,2.1974e-05,4.5933e-05,2.0772e-05
0.00049819,7.6518e-06,9.8512e-06,6.5341e-05,0.0027334
0.0021268,7.2854e-06,1.2867e-05,8.6209e-06,3.8172e-07
0.0017401,0.00097009,3.1521e-08,5.0966e-06,8.3277e-05
0.0001415,9.3503e-06,4.1826e-07,7.8768e-06,0.0033467
0.0015268,5.6506e-05,4.5115e-07,0.0014772,0.00067545
1.8003e-05,6.2924e-05,0.00012402,0.015747,0.00020315
0.0018796,4.3051e-07,6.7962e-06,3.443e-05,0.00041632
0.0021143,6.5099e-08,7.6921e-07,4.0804e-07,2.8774e-05
0.0018369,7.1062e-06,6.1205e-08,2.0921e-05,0.00048788
0.0016071,5.6422e-05,0.0068775,0.0002911,2.7982e-07
0.0021274,1.3332e-09,9.8525e-13,2.6574e-10,6.9345e-06
0.0018416,2.8624e-05,2.7662e-06,5.3862e-05,0.00046006
0.0018275,0.00014237,0.0003228,0.0018607,6.529e-08
0.00096057,3.6971e-07,1.7854e-07,0.00055008,0.0018578
0.00042199,0.00076935,0.010542,0.00043518,0.0011242
2.391e-07,0.0055485,0.0023142,7.5373e-05,1.9979e-05
0.0017807,7.4058e-08,6.0308e-08,1.5784e-06,0.00059098
4.5256e-05,0.0059262,1.0428e-05,5.3784e-07,3.3497e-08
5.1491e-06,0.0011737,0.010926,0.0054238,0.0004952
0.0020604,3.2604e-06,3.5356e-07,8.8858e-08,0.00011781
2.517e-05,0.0033071,0.00074239,0.00052203,0.0013938
0.0011087,5.7938e-07,1.7601e-06,6.2487e-07,0.0017232
2.8143e-08,0.0059952,0.00012306,0.00010273,9.4651e-07
3.3513e-09,2.5868e-07,3.4166e-07,3.8235e-05,0.0035842
0.0012582,4.4657e-08,1.8243e-05,6.3644e-06,0.0014684
0.0019612,7.7126e-05,0.00055282,0.00054585,6.3323e-05
0.002122,1.7838e-06,0.00012676,2.4303e-07,4.1135e-07
0.0020145,3.6438e-05,4.223e-06,2.1386e-07,0.00017518
0.0018078,0.00052665,9.861e-05,6.822e-05,0.00020759
0.0020652,2.1361e-06,8.8562e-08,3.3609e-05,0.00010341
0.00012626,0.0041422,9.6965e-05,0.00062725,0.00078008
7.6129e-06,0.0060273,1.1732e-06,8.032e-07,4.5159e-06
6.3602e-05,0.0054754,6.6293e-06,9.7071e-05,0.00021664
0.0021281,2.8681e-08,1.4431e-06,8.7105e-06,3.759e-06
2.0337e-05,2.0132e-07,6.0816e-06,7.2261e-05,0.0035422
8.0415e-07,4.4228e-06,4.435e-07,5.6034e-06,0.0035873
4.0151e-05,5.4825e-07,3.4829e-08,6.1916e-05,0.0035115
0.0021045,8.3962e-06,1.6851e-05,6.0231e-05,2.5961e-05
0.0017084,0.00033359,0.0044324,1.9186e-05,2.7569e-06
0.0018722,0.00029815,0.0020855,0.00010018,4.5854e-09
0.000868,5.5246e-06,0.0004209,2.7022e-05,0.0020723
0.0019897,0.0002372,2.3365e-05,0.0003412,2.3951e-05
0.0019422,1.457e-05,0.0001826,0.0010953,5.9427e-05
0.0019805,0.00017634,9.8719e-09,1.5676e-05,0.00014663
4.2965e-06,0.0050553,0.0046424,0.00025298,1.2759e-06
0.0017259,0.00066374,3.8366e-06,0.00036433,0.00021309
7.3362e-07,1.2797e-08,6.4631e-08,2.2249e-05,0.0035866
0.002094,5.8202e-07,1.341e-08,3.4839e-08,6.294e-05
0.00025716,0.0041495,0.0029783,0.00034096,0.00028469
0.00019576,4.2688e-07,5.9956e-05,2.7766e-06,0.0032548
0.0021276,1.0708e-05,4.8164e-11,2.5115e-09,2.0781e-07
0.0016173,9.305e-09,5.1593e-06,3.7018e-05,0.00085823
0.0018835,5.5715e-05,0.0031267,0.00011083,3.0047e-06
0.0020413,0.00010301,0.00078058,5.4194e-06,3.3301e-07
0.0016922,1.0159e-06,8.4348e-06,0.00026552,0.00068318
4.9391e-07,0.0017261,0.0011959,0.010245,0.00027878
0.0021313,1.61e-07,6.909e-07,1.6566e-08,2.6583e-07
0.0021211,1.0024e-07,5.4235e-07,1.0431e-05,1.5257e-05
0.00022826,0.0049712,1.7781e-06,0.0003136,0.00019328
0.0020174,0.00017357,0.0005026,1.4523e-05,2.8642e-05
2.6552e-06,0.0060493,5.0271e-08,4.0233e-07,4.1207e-08
1.1468e-05,5.9962e-07,4.5874e-07,0.00010611,0.0035505
2.5169e-05,0.0059855,6.7658e-08,1.555e-08,7.2386e-09
7.5384e-06,0.0049002,0.00096434,0.0021522,0.00011079
0.0021228,2.0065e-05,6.7496e-09,2.426e-06,2.2737e-06
2.3957e-07,8.1706e-05,0.00044378,0.0094907,0.0014993
0.00021249,0.00056515,0.01763,0.0040262,3.1154e-05
1.9863e-05,0.00092232,0.00015188,0.01103,0.00067786
0.0020282,9.8347e-05,5.7802e-06,0.00024232,6.43e-05
0.0020663,5.4677e-05,0.00023443,0.00016181,1.6687e-05
0.0012339,6.1491e-05,0.00011415,0.0011835,0.0012147
0.0012484,9.1006e-05,0.0021239,0.0056687,2.2443e-07
0.001846,3.7954e-05,2.0237e-05,0.00033186,0.00038673
2.4241e-05,2.6118e-07,1.419e-07,2.3674e-06,0.003551
0.0020773,0.00010114,2.0601e-07,1.4899e-07,3.1308e-05
0.0006767,0.00059033,0.002499,0.0077553,0.00018624
0.0012135,9.8646e-10,6.9403e-08,9.5827e-06,0.0015451
5.9336e-06,0.0060377,2.7361e-06,9.4659e-07,9.9492e-07
5.2826e-05,8.7867e-06,0.0029612,0.0098773,0.0010839
0.0012398,0.0023269,2.4367e-05,5.2641e-05,0.00010896
0.0004228,8.7898e-06,2.3362e-06,1.075e-05,0.0028721
0.00034747,0.0045342,6.8737e-06,9.9776e-07,0.00031663
7.3549e-05,9.698e-08,3.7176e-05,0.00026489,0.0034086
8.0988e-06,0.0046433,0.0032452,0.0011661,0.00020769
2.0462e-08,3.2056e-08,1.2603e-08,7.9476e-05,0.0035757
0.00038965,0.0049461,1.9382e-05,5.0736e-08,4.9468e-09
0.0020841,5.165e-05,2.5765e-06,0.0001897,9.0769e-06
0.00014235,0.0055536,0.00032929,7.6873e-05,4.7526e-06
0.0021143,2.4542e-05,9.6687e-05,1.2662e-05,6.8257e-07
0.00070844,3.7895e-06,8.8138e-06,1.3608e-05,0.0023924
0.00098478,5.3584e-06,0.00011866,0.0026445,0.0013605
0.0011717,0.0025481,0.00039226,9.6432e-06,5.9477e-05
0.00015485,2.75e-05,0.028849,1.7259e-05,2.3637e-06
2.0619e-05,0.00051996,0.00025644,0.00083756,0.003044
0.0021003,5.2853e-08,9.1031e-09,5.3461e-08,5.2617e-05
0.0020803,8.7473e-08,1.6664e-05,0.00011807,5.9635e-05
0.0021308,2.0714e-09,6.1554e-12,1.0908e-09,1.2469e-06
0.001754,9.6522e-06,2.5192e-07,7.8211e-07,0.00063034
0.0019114,0.00014861,0.0015127,0.00039218,2.7012e-05
0.0021283,7.2066e-06,2.1057e-07,6.1406e-08,1.1003e-06
0.0020762,1.114e-07,2.1086e-06,2.185e-08,9.2997e-05
0.00042402,0.0001726,0.00039116,0.0051006,0.0016593
0.0011136,0.0028913,2.0725e-06,8.3671e-08,4.591e-07
4.9945e-07,1.9802e-09,2.1899e-09,7.5679e-09,0.0035916
0.0021239,5.7e-06,5.1248e-05,1.6587e-05,1.3247e-07
0.002077,4.8238e-06,0.00069113,4.3486e-05,5.536e-07
0.0015375,1.2831e-05,0.0019238,0.0034792,4.2072e-05
0.0021199,8.4667e-09,6.2246e-05,3.857e-07,1.2382e-05
0.00023899,0.0047531,0.00071771,0.00125,2.5753e-05
1.5218e-06,0.0032942,0.0014344,0.0040169,0.00062785
6.8114e-05,9.0789e-08,1.762e-06,4.6954e-09,0.0034774
0.0017285,1.7705e-05,1.1488e-06,0.0020641,0.00023506
0.0017554,4.8919e-07,2.2701e-07,4.3556e-06,0.00063276
4.8072e-05,0.0048688,0.0010512,0.00080953,0.00033315
0.00021318,0.0054511,3.8165e-07,6.721e-08,4.6373e-08
3.1784e-08,0.00037769,1.6919e-05,0.006541,0.0019926
0.00023894,0.0039912,0.00053892,0.00049012,0.00065778
0.0021087,2.3578e-05,3.726e-06,3.7913e-06,2.3319e-05
1.0179e-06,2.1323e-10,6.6136e-09,9.7891e-05,0.0035702
0.0021249,1.6629e-06,4.8221e-07,7.5799e-08,1.0035e-05
0.0017323,2.5783e-05,0.00024412,0.0020112,0.00020709
0.00096751,1.3534e-08,2.1607e-05,0.00043944,0.0018671
7.9893e-05,0.0043835,0.00070432,0.00026779,0.00072091
0.001756,2.6492e-09,7.9075e-13,4.4819e-09,0.00063288
6.4368e-05,0.00022179,0.00016565,0.0053323,0.0022134
9.0849e-06,1.0351e-06,2.0228e-05,0.0042636,0.0026787
0.0013557,0.002105,0.00051267,6.8374e-07,1.1258e-07
2.4782e-08,1.1422e-06,1.1973e-11,0.0007169,0.0034412
5.7423e-06,0.0060291,4.3554e-06,2.2479e-05,1.6818e-06
3.4009e-07,0.0018862,2.0604e-05,0.0061115,0.0011871
0.0021281,7.5789e-06,2.2588e-07,2.5498e-06,6.5722e-07
4.8271e-06,1.4922e-05,1.0783e-07,0.00014839,0.0035443
0.0021118,3.2245e-06,1.2354e-05,0.00013939,7.123e-07
2.9348e-06,0.0058189,2.8937e-05,0.00021424,8.7993e-05
0.0016918,8.4252e-06,9.8206e-05,1.4714e-05,0.00072183
3.8369e-07,1.1466e-07,3.9128e-06,0.00028257,0.003532
0.0014375,3.7304e-08,2.1221e-05,8.6776e-05,0.0011491
0.00036969,0.00026871,3.3606e-06,0.006279,0.0014908
0.0019977,5.4909e-09,3.3871e-07,4.0535e-06,0.00022463
0.0021221,1.3627e-05,6.1713e-07,7.8609e-07,7.5729e-06
0.0020425,0.00022321,4.1886e-06,1.2658e-05,1.4565e-05
2.3627e-06,0.0014481,0.0012116,0.007754,0.00096198
0.00019889,1.0838e-07,1.8465e-08,7.4634e-07,0.003257
0.0021277,1.002e-05,3.042e-08,2.2272e-07,5.085e-07
0.0014618,5.8565e-06,0.00010758,9.0471e-05,0.001094
0.0021007,1.2401e-05,2.4132e-05,0.00014763,1.0849e-05
0.0010847,1.215e-07,5.6291e-05,0.0003471,0.0016848
0.002075,4.0282e-05,1.0216e-07,2.7137e-07,7.1239e-05
0.001818,0.00045153,0.0001563,0.00091519,5.0381e-05
0.0010116,4.0186e-07,4.0579e-05,0.0070272,0.00040663
0.00012485,0.0027301,0.003747,0.00072234,0.0011813
6.6374e-05,0.0058596,3.0656e-05,7.8933e-06,7.8344e-08
0.002123,1.4633e-06,2.064e-06,4.435e-06,1.2378e-05
5.2841e-05,0.0058987,1.3701e-05,1.3127e-05,5.2982e-07
0.00076746,0.0020778,0.00074575,0.0042087,9.7085e-05
0.0019985,0.0003701,1.4044e-06,1.6742e-05,9.9147e-07
0.00023555,0.00062312,9.5028e-05,0.0034312,0.0020943
9.7809e-05,0.00046375,1.2488e-06,2.0043e-05,0.0031482
2.9956e-06,0.0053478,0.00036512,0.00065604,0.00023597
0.0020387,3.3093e-05,0.0011194,3.8273e-05,4.1595e-07
0.0014729,0.00049437,3.0207e-06,2.4877e-06,0.00081591
0.00096545,0.00059399,0.0046138,0.0040335,0.00023657
0.00078121,7.1275e-05,0.016716,0.00042998,0.00022579
0.0016031,5.9859e-09,4.8096e-08,9.5007e-07,0.00089034
0.00082088,0.0037209,3.3098e-06,7.8618e-06,6.5653e-08
0.0016957,1.6746e-07,0.00011898,2.5984e-05,0.00071533
0.00016862,0.0050415,0.0010835,0.00083312,1.8891e-05
5.668e-05,0.0058955,2.0968e-06,3.409e-07,3.2244e-09
9.8905e-05,0.0044958,1.545e-05,0.0031526,9.5383e-05
2.9078e-06,4.5203e-07,5.3248e-09,1.5886e-05,0.003584
0.00023984,0.0014739,3.3471e-05,0.0084999,0.0005249
0.001418,0.0015407,5.311e-05,0.0004101,0.00019653
0.0020932,7.1801e-06,0.00031464,8.8981e-05,5.5329e-06
0.0020684,0.00017738,8.1562e-06,1.668e-07,2.0764e-07
0.00029924,0.0047367,0.0024256,2.607e-06,2.5697e-09
0.0019659,5.5765e-06,7.7966e-05,1.0953e-05,0.00026458
