0.00049786,3.3491e-07,6.167e-08,9.389e-06,0.006259
0.0011483,0.0007352,0.0004994,0.001633,2.7829e-05
0.001539,2.8717e-09,7.6732e-07,8.6942e-06,4.5595e-07
3.8677e-05,2.8594e-06,0.00096138,0.0075039,0.0020579
0.001534,1.7483e-05,2.5135e-05,4.7767e-06,5.7946e-06
0.0015343,8.003e-09,9.5671e-07,1.3891e-06,3.4929e-05
0.00029435,0.0082479,1.7398e-05,5.3959e-06,1.8755e-08
0,0.00018171,0.0151,0.0011998,0.00041411
0.0014765,3.1907e-06,3.4058e-06,0.00039585,3.7785e-05
0.0014484,0.00042514,0.00017483,8.9604e-05,1.8072e-06
0.00096439,9.5089e-07,7.861e-06,2.2117e-05,0.0034389
3.648e-05,1.377e-06,1.4367e-06,0.00021849,0.0088504
0,0.0010031,0.013489,0.0017586,2.6852e-06
8.323e-07,0.00026993,0.012797,0.0016761,0.0010836
0.0014583,1.3884e-06,2.9881e-07,1.0687e-06,0.00049134
0.0015404,2.0387e-08,9.583e-09,4.2938e-09,5.4217e-08
0.00081459,3.6978e-07,2.9081e-06,3.99e-05,0.0043271
2.8679e-06,1.8998e-07,6.2902e-06,0.00027909,0.0089987
4.6659e-05,5.4201e-05,0.00010583,0.0054676,0.0041551
0.0014605,2.9417e-05,0.00082493,7.1611e-06,3.0093e-05
9.7024e-07,1.1712e-06,0.01663,2.118e-05,0.00081514
0.0014975,3.8413e-05,1.3263e-06,4.3744e-05,0.00018477
0,0.0099035,4.353e-05,0.00030092,1.2219e-07
0.0015395,1.1371e-08,4.0143e-08,1.4777e-07,5.3413e-06
0.0015263,5.7059e-05,2.7206e-05,1.0398e-05,1.0158e-05
3.5264e-05,0.0034224,0.0075562,0.002433,1.8614e-05
0.0015398,5.3454e-09,7.2077e-08,4.0468e-07,3.4876e-06
0.00069028,0.0001434,0.0091652,0.0003526,3.5577e-05
0.0015081,3.1787e-06,1.8788e-06,2.1461e-06,0.0001883
9.7258e-05,1.0117e-06,2.3425e-05,1.8415e-05,0.008647
0.00088852,6.333e-07,1.0338e-08,2.632e-05,0.0038956
0.00046521,1.0287e-05,0.012702,1.1889e-05,1.294e-05
0.0015402,9.5167e-07,2.1247e-08,2.3446e-07,2.0513e-07
0.0014988,4.0995e-06,2.792e-05,8.9226e-05,0.00015514
0.00050438,0.0032901,0.00031021,0.0032811,0.00025479
0.0015334,1.1445e-05,1.0486e-05,1.6741e-06,2.5019e-05
1.4833e-05,2.1485e-09,5.1654e-09,5.7371e-06,0.0091662
0.0010759,0.0012033,0.0028783,0.00027901,3.4604e-06
0.0015313,6.0887e-06,9.6336e-06,0,4.4122e-05
0.0014171,9.494e-06,0.00071214,4.0938e-06,0.00036871
0.0011808,0.0019025,0.00055062,0.0001145,5.9563e-05
0.0015167,0.00013541,3.8479e-05,1.7872e-07,1.1218e-09
0.00036398,3.1261e-05,0.00012534,0.0071815,0.00077828
0.0015398,4.1553e-08,1.7712e-07,9.4645e-07,2.471e-06
3.606e-06,0.00050452,3.0363e-06,0.010159,5.7242e-06
0.00052653,1.0095e-07,0.00016873,4.7092e-05,0.0059689
0.0015266,7.8664e-06,1.3705e-05,6.16e-05,1.5843e-05
0.00018916,0.00030278,0.00016103,0.0082449,0.00064667
0.0012129,3.1697e-08,1.7528e-06,8.7708e-06,0.0019606
0.0013075,1.5434e-06,0.00044368,2.9953e-05,0.0011483
0.0015183,4.4944e-07,3.854e-06,6.9555e-05,7.0331e-05
0.00028042,2.439e-07,3.4686e-06,0.00049913,0.0071416
0,0.00011285,0.0051895,0.00182,0.0049587
0.00049499,0.00020628,0.011783,0.00014855,3.4297e-06
0.0013637,0.00055797,5.0775e-05,0.00052708,7.5829e-05
0,0.0098517,0.00059419,3.2532e-05,6.8858e-08
0.00010161,2.173e-05,4.4932e-06,0.0076104,0.002055
0.0015239,2.7186e-05,3.1873e-05,6.7788e-05,0
0.0015266,8.2425e-06,2.8881e-07,2.2746e-07,7.4948e-05
0.00049253,1.9488e-05,9.4229e-06,3.7396e-05,0.0062448
0.0003388,3.1725e-08,6.5097e-08,5.3546e-07,0.0072231
0.0015336,6.693e-07,4.6207e-06,3.6741e-05,5.9943e-06
0.00065375,0.00035707,0.0021924,0.0044083,8.9352e-05
0.0014939,3.2528e-05,0.00025068,0.00013441,7.1596e-06
0.0013675,0.001049,2.4745e-07,9.426e-05,6.9283e-06
0.0015365,2.1047e-05,6.7238e-06,1.5161e-06,1.0407e-08
0.00013915,4.8749e-07,0.00033029,0.0034384,0.0052867
0.0013845,7.3577e-05,0.00025866,0.00085617,1.8443e-07
0.0015287,6.5351e-05,1.7391e-05,2.2781e-06,3.9408e-07
0.0015347,2.9406e-05,1.3825e-06,3.5196e-06,3.9962e-06
0.00038227,0.00092068,0.012075,4.2851e-06,1.0031e-05
0.00031129,0.00015151,6.9922e-06,0.0046575,0.0032258
8.5597e-07,0.0021148,1.4203e-06,0.0040606,0.0038304
0.0013647,1.813e-05,0.0018507,0.00011488,3.3462e-06
0.00082466,0.0044283,0.00050931,3.5093e-05,6.0802e-08
0.00098045,0.0024363,4.259e-05,0.0012858,2.5488e-05
0,0.01013,5.2023e-05,5.131e-05,6.0628e-06
0.0015315,2.7478e-06,4.3237e-06,6.1307e-06,4.372e-05
0.0014638,4.6557e-05,0.00017822,0.0003054,6.4415e-05
0.0015349,3.7983e-07,1.0658e-05,1.0928e-07,2.7509e-05
0.00025076,0.0085443,4.8955e-06,4.9198e-06,9.769e-08
0.0015355,2.6142e-05,2.0647e-06,5.7721e-06,9.9785e-08
0.0014964,0.00029011,2.3225e-06,2.8351e-07,1.4391e-09
0.0015355,3.2229e-05,1.3742e-07,9.878e-08,2.1338e-09
0.0015342,1.7557e-05,2.012e-07,2.4478e-05,3.3523e-07
0.00077499,2.0314e-08,0.0034464,8.4907e-06,0.0028491
0.0015264,8.8645e-05,7.8925e-06,6.9946e-09,2.0879e-09
0.0014057,0.00084932,6.228e-05,9.6042e-06,6.7541e-08
0.0014968,0.00028806,1.1506e-06,8.1809e-07,3.019e-08
0.0015286,3.0333e-06,3.9125e-05,5.3779e-05,2.1638e-06
0.0014844,6.5588e-05,1.1982e-06,0.00012875,0.00016546
0.0015353,1.2184e-07,2.684e-06,2.4245e-05,8.1311e-06
0.0014572,0.00017297,5.0042e-06,6.2193e-05,0.00028738
0.001523,1.6428e-08,2.0106e-06,1.8628e-05,8.7858e-05
0.0010176,7.9651e-05,1.1909e-05,0.0032157,0.00028725
0.0014964,0.00016812,7.5238e-07,9.8963e-05,2.606e-05
0.0012953,0.0012469,8.1488e-05,0.0003115,3.2551e-05
9.7695e-05,0.00035073,0.00016335,0.002646,0.0059872
0.0015006,0.00017523,4.5839e-06,8.9229e-05,8.9654e-07
0.00037717,0.0010863,0.00032298,0.0067507,1.4563e-05
0.00018566,0.0059697,0.00054252,0.0027624,7.1904e-05
0.0012899,0.00053277,4.1616e-06,0.00067652,0.00043646
0.0015077,1.502e-05,5.7852e-06,9.5842e-05,9.7396e-05
0.0015289,5.437e-07,0.00010629,1.7441e-05,1.3537e-07
0.0015118,7.2987e-07,6.9581e-05,0.00012462,2.8752e-05
0.0013231,9.7788e-06,7.7589e-05,0.00057913,0.00075826
0.0013337,0.00027429,0.0004816,0.00084197,2.2805e-05
0.0014842,0.00027532,1.5892e-07,9.5579e-05,5.737e-06
7.3966e-05,1.5715e-06,2.1955e-06,0.00062972,0.0082693
0.00042903,4.3537e-06,0.00033433,0.00092103,0.0057125
0.0001621,0.0036781,0.002428,0.0042655,3.8118e-05
6.5952e-05,0.0085767,2.6958e-06,0.00056924,0.00059544
0.0013875,0.0010138,2.0643e-07,1.1935e-10,4.0464e-10
0.00027949,0.0081933,0.0002613,2.3131e-05,3.0071e-08
0.0015393,5.2833e-06,1.5836e-08,1.8215e-06,4.2858e-07
0.00033379,0.0012803,0.0002003,0.0066124,0.00028099
0.0010843,0.0027628,0.00038518,1.0032e-05,3.3708e-05
0.0015332,3.9798e-05,1.384e-06,3.6102e-06,3.4327e-06
0.0012748,0.00039676,5.6512e-06,0.0011644,0.0002287
0.0015346,3.1751e-05,6.356e-06,3.4055e-06,4.7976e-08
0.00053711,1.4788e-06,0.00010513,0.00040039,0.0056311
1.3786e-05,2.7902e-05,0.014969,0.0018213,1.1446e-07
0.0015395,1.3528e-06,2.4241e-08,5.2587e-09,4.2189e-06
0.0014003,0.00036333,3.9261e-06,0.00053753,4.6793e-05
5.0402e-05,0.0056722,0.00073536,0.0039471,3.3861e-05
3.9867e-05,0.0028407,0.00025157,0.0069327,0.00033077
0.0015231,1.1778e-06,2.4509e-05,4.159e-05,5.4854e-05
0.0014177,0.00081163,1.5005e-07,9.4746e-08,1.97e-06
0.0014722,7.1697e-05,9.6056e-07,0.00039775,1.1478e-06
0.0015364,1.7192e-08,1.1694e-10,5.8952e-08,2.408e-05
0.0015388,2.2916e-06,9.4867e-06,1.0139e-06,1.819e-06
0.0013298,1.791e-05,0.0024627,2.8899e-06,5.9051e-07
0.00013834,0.0003237,0.0001763,0.0021626,0.0061783
0.001264,1.2248e-05,3.6167e-05,0.00042262,0.0012672
0.0015029,8.8857e-10,3.4321e-07,3.4697e-06,0.00022209
0.00089593,4.0041e-06,5.3357e-06,0.00084456,0.0031386
0.0014961,2.334e-05,2.1517e-05,0.00026977,1.2659e-06
0.0015402,8.4067e-08,1.2231e-10,4.9696e-08,9.1603e-07
0.0015369,7.6799e-07,6.4902e-07,2.3446e-05,7.1877e-08
0.0015274,6.0288e-05,2.0998e-06,1.9091e-05,6.0011e-06
0.0015396,7.9677e-07,8.4979e-07,7.8082e-07,3.296e-06
0.00019926,1.6229e-05,9.4439e-06,7.1793e-05,0.007981
0.001512,2.3567e-06,5.687e-07,0.00018744,6.2655e-06
7.8604e-05,0.0014336,0.0011739,0.0079562,2.2516e-05
3.2476e-06,6.2784e-09,0.0036822,0.0080634,0.00041266
0.00037845,2.6212e-07,0.012918,6.842e-06,0.00043819
0.00020095,0.0087921,1.3771e-05,7.8175e-05,7.1554e-06
3.5912e-06,0.00018417,0.009569,0.0022628,0.0022725
0.0015403,8.5661e-07,3.8786e-08,6.5605e-08,1.4383e-08
2.031e-05,4.339e-07,1.6015e-09,2.65e-05,0.009115
1.0313e-06,0.0021145,5.707e-05,0.00088067,0.0065478
0.00025419,0.0084554,0.00010461,1.4952e-05,9.1114e-07
0.0011329,2.6537e-06,2.5072e-08,0.0015827,0.0010804
0.0012501,1.0343e-05,5.0264e-05,0.0015547,0.00036794
0.0015277,1.5788e-05,2.9485e-05,5.4576e-05,5.9088e-08
0.0015245,1.6215e-06,0.00016911,7.171e-06,2.4256e-06
0.0001422,1.0472e-06,5.072e-06,0.00024479,0.0081906
0.0013461,0.00010829,0.0010241,2.1443e-06,0.00054946
0.00085387,0.0036693,0.001581,1.3852e-07,6.2017e-08
0.001538,4.7441e-07,5.9748e-09,2.8735e-07,1.3856e-05
0.0013688,4.8462e-05,0.00038254,0.00088575,2.9125e-05
0.0014536,0.00025472,0.00051012,1.1562e-05,2.2953e-05
0.00088137,3.6058e-07,0.0078163,1.4289e-06,2.7937e-06
0.0015395,1.8485e-07,2.422e-10,1.3301e-09,5.1618e-06
0.00043787,2.6372e-07,7.5331e-06,3.8722e-05,0.0065906
0.0015396,4.2324e-06,2.8899e-07,1.2339e-06,7.2033e-08
0.00081953,0.00066467,0.00062462,0.0039284,2.2161e-05
0.00024411,1.3079e-06,0.015344,8.3862e-07,2.2076e-05
0.0015378,1.079e-06,1.8828e-05,5.9961e-06,4.0696e-08
0.00090548,0.0042095,1.1327e-07,6.3921e-07,1.246e-07
0,0.00035185,2.904e-05,0.00057292,0.0084319
0.0015307,2.3621e-06,2.9693e-06,2.1993e-05,3.5504e-05
3.4212e-06,0.0023311,1.0329e-05,0.005173,0.0026537
0.00018022,0.0062346,0.004979,4.3183e-06,7.3665e-08
0.0014807,0.00014985,0.00011766,0.00015418,3.0284e-05
0.0015378,3.6259e-06,6.9123e-06,9.3395e-06,1.1173e-06
0.0012958,0.0016155,1.1226e-05,2.341e-07,6.0683e-09
0.0013512,2.9557e-05,8.2275e-07,2.9417e-05,0.0010848
1.8605e-05,1.2606e-05,0.00032029,0.0053443,0.0043594
0.001212,0.0017436,3.1129e-05,0.00039299,3.8293e-05
0.0014808,0.00029773,3.1968e-05,8.2187e-05,1.0096e-06
0.0014988,4.0995e-06,2.792e-05,8.9226e-05,0.00015514
0.00023869,2.0093e-05,4.4173e-05,0.0090124,1.5306e-06
7.2244e-05,1.0562e-08,1.2577e-06,3.0041e-05,0.0087995
0.0015398,3.7806e-06,2.9215e-09,3.9574e-08,3.3733e-08
0.0015341,1.2098e-07,1.7273e-08,3.6507e-07,3.7425e-05
0.00017515,0.00029513,8.8424e-05,0.0087093,0.0003735
9.6946e-06,2.0156e-05,0.00049683,0.010184,0.00013723
3.9538e-05,0.00027067,6.018e-05,0.0091606,0.00083543
0.0014515,0.00045043,0.00018953,4.7695e-06,2.5845e-05
6.0708e-05,0.0098105,0,1.6218e-06,2.5362e-08
0.0014439,0.00027557,0.00015132,0.000272,1.9038e-05
0.0015404,8.3961e-08,5.7111e-12,1.1777e-10,6.7302e-09
0,0.0044196,1.8784e-06,0.0013273,0.0041064
0.0015397,4.6228e-07,1.2884e-07,4.377e-07,3.2606e-06
0.0015319,2.6477e-05,1.0128e-05,2.5069e-05,1.8037e-07
0.0011317,3.2369e-06,0.001276,0.00095084,0.00098673
0.0015274,8.4292e-05,8.0199e-08,1.5655e-06,3.18e-07
0.001377,0.00013739,0.00039164,0.00073009,2.9016e-05
0.0014901,8.757e-08,0.00042586,1.4883e-05,7.3707e-05
0.00055612,0.0062437,5.1895e-05,0.00026665,2.3408e-07
7.8854e-06,3.3841e-05,5.5063e-05,0.010595,4.5674e-06
0.0015089,6.3963e-07,6.4578e-07,2.8222e-05,0.00016394
0.00036555,6.0339e-05,0.013248,0.00034396,3.0866e-06
0.0015333,7.9057e-07,8.9053e-06,6.948e-07,3.6994e-05
0.0015296,1.1537e-05,1.5609e-07,2.5832e-05,3.2357e-05
0.0014203,2.7387e-05,0.00060982,0.00041281,3.2055e-05
0.0015394,1.3754e-10,6.2277e-09,3.631e-08,6.0173e-06
0.0012026,1.7352e-06,2.5198e-06,0.0001104,0.0019324
0.0012333,0.00083668,0.0021258,1.3453e-05,1.2967e-09
0.0015395,5.9684e-07,8.3352e-07,7.5576e-07,3.7436e-06
0.0011026,1.015e-08,1.566e-07,0.0019942,0.00090931
0.0011437,0.00015283,0.0017001,0.0014311,0.00014976
2.4843e-06,5.5322e-05,2.404e-05,0.0096562,0.00084368
0.0015089,0.00017775,9.0086e-06,2.6871e-05,3.6428e-07
0.0015231,1.8823e-06,2.0396e-05,5.7118e-06,8.7403e-05
0.00061178,0.00029206,0.00019583,0.0051324,0.00078612
0.0015394,5.6333e-11,2.5135e-09,1.0833e-08,5.8679e-06
0.0015011,0.00025936,1.8099e-07,1.1044e-06,1.5272e-07
9.5297e-05,0.0092419,4.8322e-06,1.9175e-05,0.00028993
0.0015401,7.8305e-09,1.4897e-09,2.7074e-07,1.5968e-06
0.0013249,0.0013264,5.3267e-05,7.0139e-05,5.3436e-06
0.0015204,4.0773e-07,6.5525e-06,5.0593e-05,7.3186e-05
0.0014605,0.00049488,5.2778e-06,2.3478e-05,9.1086e-06
0.001537,1.7888e-06,2.3326e-07,3.9965e-06,1.5054e-05
0.0014537,1.6452e-06,9.3591e-08,1.3866e-06,0.0005184
0.00032006,1.0898e-05,2.4584e-05,0.0049319,0.0030546
0.0014982,2.9508e-06,6.0432e-07,8.4895e-05,0.00017752
0.0015403,1.4145e-07,2.0744e-08,6.823e-07,3.7619e-08
4.297e-06,6.6119e-06,7.426e-06,0.0094953,0.0010243
0.0015327,1.3309e-05,2.3922e-06,1.0309e-06,3.2375e-05
0.0012872,0.00040361,0.0022176,2.3432e-06,3.1434e-05
0.0015238,5.6536e-05,1.6837e-05,1.3796e-05,2.8211e-05
0.00034325,0.00072644,0.012654,0.00012665,2.2006e-05
0.0014651,0.00049914,2.618e-08,4.1624e-08,1.3712e-08
4.0862e-05,0.0040544,0.00014926,9.4102e-06,0.0052554
0.0014888,0.00026896,0.00011301,1.0352e-05,4.8913e-07
0.0015051,6.7221e-08,0.00041636,1.4647e-06,2.4168e-07
0.0014018,0.0007376,6.1109e-05,0.00015318,1.0855e-06
4.8191e-08,0.0037446,0.010434,0.00066811,5.2724e-06
0.00078942,5.2865e-10,4.3681e-07,7.2686e-07,0.0045138
0.0015393,1.0025e-06,2.0482e-06,5.45e-06,2.119e-07
0.0010456,0.0015649,0.00092688,0.0012231,3.0111e-05
0.0010562,0.0012986,0.0007186,0.0015662,1.7392e-05
0.0015379,1.2341e-07,2.6072e-08,7.0645e-06,8.9008e-06
0.0015382,1.0356e-05,2.8918e-07,8.3794e-07,3.3129e-06
2.7177e-05,0.0073375,0.0001879,0.0027093,1.0044e-05
0.00096333,5.7461e-07,1.3077e-07,1.3349e-07,0.0034685
5.1862e-07,6.5633e-09,1.7735e-09,0.00019903,0.0090854
0.0014969,1.5979e-07,1.6907e-06,2.3492e-05,0.00024002
1.7673e-07,1.5147e-06,4.7364e-07,8.0138e-07,0.009257
0.0015261,1.5618e-08,3.0107e-06,1.7507e-05,6.9173e-05
0.0015403,8.6573e-09,1.343e-09,4.138e-09,8.2749e-07
0.0015168,0.00015505,9.9808e-07,1.6113e-07,6.8922e-07
0.0014969,6.9607e-06,0.00022483,0.00011083,4.5661e-05
0.0015363,2.6329e-05,1.9057e-08,8.9996e-07,2.2617e-07
0.0014977,0.00027689,6.8138e-06,2.1748e-06,1.8662e-07
0.0015082,1.4299e-07,2.2538e-05,6.0998e-06,0.00017655
0.00071578,0.00456,0.00074735,0.00049106,2.0857e-05
0.00028672,0.006844,1.7403e-07,8.0516e-05,0.0012625
0.0015056,2.3184e-05,0.00027065,5.4853e-05,4.1357e-06
0.0014022,0.00087324,1.2601e-05,3.7304e-05,7.9301e-07
0.0014812,0.0001467,1.2802e-05,7.075e-06,0.00021035
0.00154,8.7776e-10,8.3355e-10,1.6662e-07,2.0752e-06
4.0678e-05,7.4716e-05,0.00014189,2.2802e-05,0.0088566
0.0015341,4.1832e-05,1.644e-08,1.0202e-07,2.5408e-09
0,0.010203,1.0021e-06,8.9755e-06,2.4479e-06
0.0007074,4.997e-09,7.5956e-07,0.00023428,0.004805
0.00014449,7.9179e-07,0.016572,1.8952e-07,2.394e-08
0.001521,8.9234e-09,1.266e-07,8.556e-07,0.00011606
0.00047208,0.0002681,3.8487e-05,0.0066527,0.00041438
0.0015323,5.3584e-05,2.9149e-07,3.6847e-07,2.3183e-10
0.00018431,0.0030357,0.0057559,0.0019492,0.00080256
0.0015402,1.5141e-06,2.0606e-08,9.212e-09,5.5622e-10
0.0015029,0.00018807,8.5579e-05,1.2949e-05,7.1298e-07
0.00051204,0.00010297,2.336e-05,0.0062225,0.00070301
0.00029898,0.0081766,3.0909e-06,5.5888e-05,5.0666e-07
0.0012538,4.5478e-07,3.2674e-05,2.1133e-07,0.0017057
0.001457,1.5429e-06,3.2631e-08,0.00046095,0.00010202
0.00065113,0.0058919,6.04e-06,1.5703e-06,9.0872e-08
0.0014615,9.0943e-06,1.1891e-05,0.00050924,2.0199e-05
0.00154,1.4519e-09,3.7193e-08,1.6322e-08,2.2804e-06
0.00015778,0.0045677,5.3977e-05,0.0045486,0.00021526
0.0015399,5.3165e-07,6.6364e-09,3.4908e-08,2.773e-06
0.0015055,4.667e-06,9.2293e-06,9.648e-06,0.00019293
1.0367e-07,1.6206e-05,7.0708e-06,0.0098042,0.00077424
0.00013563,0.00010329,0.016391,5.9564e-05,5.2224e-07
0.0015389,9.867e-06,5.4559e-09,4.7032e-11,8.8791e-13
0.0015358,2.569e-05,3.2511e-07,4.6427e-06,4.3819e-08
0.0015247,3.7696e-07,1.05e-05,0.00010036,2.2662e-06
0.0015391,3.1608e-06,1.0516e-05,2.6493e-10,2.547e-09
0.00015095,0.0042261,0.0084347,0.00028994,5.686e-07
0.00093297,9.1004e-07,9.5298e-07,0.0027641,0.0012633
0.0015138,7.5759e-07,9.212e-05,0.00011014,1.7465e-05
0.001125,0.0017196,1.518e-07,3.183e-06,0.00093555
8.3142e-06,2.2923e-08,1.4593e-05,6.499e-06,0.0091974
0.0015112,2.5205e-08,3.1952e-06,1.9108e-05,0.00015749
0.00080781,1.1145e-05,0.0029754,8.013e-06,0.0028806
0.0014244,1.511e-05,0.0013444,1.1877e-06,1.9303e-06
0.0015201,1.8231e-07,2.3819e-09,4.7156e-07,0.00012142
0.0015404,9.2018e-09,8.7787e-09,8.882e-11,4.3166e-08
0.0014742,2.0861e-08,1.622e-06,3.1977e-06,0.0003945
2.5904e-05,0.01004,4.1438e-07,2.7492e-06,1.8233e-07
0.00029023,0.00016225,0.00098709,0.0067495,0.0010396
0.0012637,5.0715e-05,0.00010614,0.0018077,2.8283e-06
0.0014962,0.00028603,1.2062e-05,3.3857e-07,1.7534e-07
7.3207e-05,5.8391e-06,9.9872e-05,0.00010244,0.0086759
4.3946e-05,0.00047176,0.016157,0.00043332,1.3788e-05
0.0012288,0.0013808,0.00037679,0.0004983,5.5651e-07
0.0014341,2.4473e-05,0.0012006,9.0169e-06,1.0015e-06
0.001058,0.0031777,7.2894e-07,1.9048e-06,1.7044e-05
7.3893e-07,0.0001728,0.017971,1.1297e-07,3.2623e-08
4.3249e-05,6.1411e-06,0.00341,0.0084111,4.1084e-06
0.0015225,3.9694e-06,3.612e-07,0.0001166,3.2977e-06
6.5624e-05,0.00018794,0.0073023,0.0057532,2.9517e-05
0.0012231,0.0020788,1.241e-06,5.8392e-06,1.743e-05
0.00011166,1.3861e-05,0.016494,5.8005e-05,0.00017535
0.0015383,1.5581e-06,1.7803e-06,1.1958e-05,1.2858e-08
0.001525,1.1331e-05,6.6091e-07,1.2264e-06,8.1052e-05
0.0015389,1.1818e-06,2.442e-06,7.1731e-06,5.9365e-07
0.00051498,0.004302,0.00033546,0.0024174,6.8771e-06
0.0014185,1.6021e-06,0.00085743,6.2927e-05,0.00024326
0.0013392,0.00013352,0.0014763,0.00028585,9.4216e-05
0.0014593,0.00010934,8.9989e-06,0.00033494,9.4394e-05
0.00154,5.1607e-07,9.6136e-09,1.3399e-06,1.0062e-06
0.00040607,1.5505e-05,0.00034954,0.0076018,6.3017e-05
0.001043,0.0022221,0.0017777,8.6592e-05,1.2062e-06
4.4236e-05,2.4942e-08,6.1475e-10,1.0613e-06,0.0089935
0.0013523,1.1043e-05,5.2553e-06,6.3291e-06,0.0011125
0.0015385,1.2609e-05,3.9037e-08,4.1312e-08,7.881e-08
2.8004e-05,5.9908e-07,6.1246e-06,0.010496,2.3332e-05
0.0014046,0.00084219,8.155e-05,1.1552e-06,1.0836e-05
0.0015284,1.7055e-08,2.3955e-08,1.9448e-06,7.044e-05
0.0015402,4.2714e-09,1.791e-09,4.6134e-09,1.4962e-06
0.00017413,0.00021285,0.0058608,1.9541e-06,0.0050515
0.0015355,1.5614e-05,6.646e-06,7.8052e-06,5.4779e-06
0.0015388,5.7259e-06,5.2132e-08,4.9785e-06,2.6568e-07
1.4609e-05,2.9416e-06,1.2332e-05,0.010405,0.00017783
0.00094743,2.4733e-05,1.6323e-06,0.00078511,0.0028635
0.0013339,0.0013673,7.668e-07,1.3448e-06,1.1308e-07
0.0015317,9.3034e-06,9.9408e-06,7.5904e-06,3.2135e-05
0.00085852,2.3616e-05,4.7813e-06,0.00034124,0.0037807
5.7242e-05,0.0097857,2.7391e-06,4.1403e-05,7.6161e-06
0.0014427,3.6864e-06,0.00055613,0.00012142,0.00019744
0.00018411,0.00021487,0.015718,4.2378e-07,5.4818e-08
0.0014988,8.1256e-05,0.00022659,7.1239e-05,5.1404e-07
0.0015404,7.2423e-10,9.0938e-11,1.2153e-11,5.2199e-09
0.0014958,7.1276e-06,3.7527e-05,0.00025211,2.5284e-05
0.0012886,0.0016609,1.4836e-05,3.245e-07,1.4293e-10
0.00099265,0.0030329,4.7113e-05,0.00059392,6.5328e-06
0.00049925,0.0004369,0.0080989,0.0019298,9.5647e-05
0.0014542,8.7808e-07,1.1802e-05,7.1639e-05,0.00044946
0.00023984,0.0085441,0.00014168,9.3817e-07,7.1997e-08
1.3698e-05,0.00070566,8.0537e-07,0.0027714,0.0061444
7.3529e-06,4.803e-06,1.536e-06,0.0039181,0.0058272
0,0.0003078,0.00021584,0.0096345,0.0005514
3.9514e-06,4.5431e-06,1.173e-06,0.0016637,0.0077951
0.0015392,2.1855e-06,9.0045e-08,5.1498e-06,6.461e-07
0.0015343,9.3261e-07,1.3026e-05,4.4604e-06,2.5191e-05
0.00022393,0.00078397,0.0142,1.2727e-05,2.4594e-06
0.0015227,9.4861e-06,2.1905e-05,9.9859e-05,5.57e-07
0.0015399,2.037e-07,7.1497e-08,9.289e-07,1.8175e-06
0.0014836,0.00032947,6.096e-05,1.4094e-05,4.2659e-08
0.0012147,0.0015418,0.00089452,0.00012427,3.1863e-09
0.00011086,0.0027334,0.00018507,0.0033063,0.0031667
0.00010459,1.5313e-10,4.0725e-06,9.1778e-07,0.0086288
0.0013794,2.4902e-05,0.0018282,2.9904e-06,1.7337e-05
0.0012814,1.3325e-09,9.081e-07,1.5251e-06,0.0015553
0.0014506,0.00051014,6.5945e-06,6.25e-05,2.0222e-05
0.0015237,9.6716e-07,0.00018885,1.7695e-07,3.9165e-06
0.00020946,0.0087697,2.5322e-06,4.9109e-06,4.5251e-05
0.0015369,2.3613e-05,8.3079e-09,5.0276e-09,2.7973e-10
0.0012602,0.001363,1.1724e-05,0.00040337,9.4785e-05
0.0015401,1.2182e-06,8.0758e-08,1.1286e-06,8.3075e-09
0.0010924,1.0381e-08,3.7453e-07,0.00012683,0.0025834
1.3877e-05,0.0089998,1.0085e-05,0.00050436,0.00057722
0.00032806,0.0054852,0.0042466,0.00018537,5.1926e-06
1.4273e-07,0.0028933,2.0168e-05,0.0075278,0.00012502
0.0015248,2.3374e-06,1.0785e-05,9.99e-05,1.057e-07
0.0010908,8.9163e-07,8.7787e-08,1.2393e-05,0.0026916
0.001534,7.1271e-06,4.4422e-05,2.6932e-06,7.1341e-06
0.0011995,1.9887e-07,3.5455e-05,8.6296e-06,0.0020241
0.00045462,0.0066144,0.00043618,0.00035801,8.5052e-07
0.0015402,7.8167e-08,1.2604e-08,1.4167e-06,7.9561e-09
0.0015207,1.1666e-06,1.009e-06,5.7309e-06,0.00011179
0.0014034,7.9137e-08,3.0294e-07,2.5275e-06,0.00082137
1.3113e-05,8.3897e-10,6.0172e-08,5.3474e-05,0.0091353
0.0011363,0.0025111,2.9226e-06,4.5769e-05,0.00011186
0.00035013,0.00785,1.8636e-07,3.28e-05,1.0472e-05
0.00039935,1.1731e-05,2.0412e-05,0.0064754,0.0012463
0.0015169,0.00014089,3.0842e-07,3.9804e-07,1.3258e-05
0.0015325,1.4311e-07,9.2389e-05,5.3656e-07,2.0396e-07
0.00067848,0.0055661,0.00013565,7.7345e-05,7.1126e-10
0.0012359,1.0298e-06,3.3502e-06,0.0018722,0.00021123
0.0012042,0.00031232,7.3895e-05,0.00065619,0.0011336
0.00045184,6.0739e-05,1.9228e-06,7.3367e-05,0.0064247
0.0012259,0.0020772,1.1019e-05,2.4407e-06,6.3684e-09
0.001526,5.4302e-05,1.0691e-05,3.7182e-05,0
7.0891e-05,6.1272e-08,4.9979e-07,0.00043903,0.0084547
0.0015395,1.0326e-06,2.1144e-06,1.6006e-06,2.3304e-06
0.00059772,2.9889e-07,6.4363e-06,2.87e-05,0.0056388
0.0010509,0.00033217,1.3167e-06,9.7061e-06,0.0026328
0.00055494,2.5929e-06,3.1384e-05,8.8426e-05,0.0058297
2.8117e-06,8.4264e-05,5.5264e-05,2.4663e-05,0.0091178
0.00085967,0.0045111,4.8612e-06,2.3156e-07,6.9569e-10
1.7201e-07,7.2221e-06,2.1816e-05,0.007217,0.0030089
0.00019884,2.5766e-05,2.7304e-06,0.009174,0.00011729
2.8465e-06,5.4848e-07,8.9324e-09,9.7004e-05,0.009159
2.1469e-06,8.9753e-05,0.0023319,0.0030142,0.0053822
2.4523e-05,0.010048,6.4833e-06,7.6925e-08,8.528e-10
0.0014522,0.00015521,3.8929e-05,1.4774e-05,0.00035694
0.0015403,8.3871e-08,5.2934e-09,5.5488e-08,5.6431e-07
0.0015389,9.2201e-08,1.3395e-06,7.641e-06,1.5084e-06
0.0015268,5.9645e-07,0.0001592,4.9396e-08,7.2835e-07
0.0014658,0.00044788,2.5041e-09,1.2785e-05,3.1412e-05
0.0013921,8.0455e-07,4.6229e-05,1.2915e-05,0.00085611
1.346e-07,4.4377e-06,6.9536e-06,0.010547,0.00014298
0.00018617,3.7147e-06,0.0001137,0.0019118,0.0064292
0.00030191,0.0080043,0.00021619,9.1768e-05,1.4782e-07
0.0012716,0.00061692,0.0012093,3.9362e-05,0.00041033
0.0014195,2.9205e-07,3.3535e-08,1.4011e-05,0.00071431
0.00093137,0.0020677,5.5176e-06,0.00034402,0.0014869
0.0014029,0.00089736,2.6434e-06,6.902e-06,5.6422e-06
0.0015034,0.0002127,8.5208e-06,7.9545e-06,1.8734e-05
0.0015384,1.1091e-06,4.0059e-08,5.9994e-07,1.0334e-05
0.001536,2.9469e-05,5.4118e-09,3.6114e-10,6.872e-10
2.6234e-05,0.0088027,0.00083159,0.00080104,9.4279e-06
0.00097511,1.8588e-09,5.4223e-09,5.0703e-06,0.003394
0.0014409,0.00036795,0.00019534,0.00018999,1.7249e-06
0.0013075,0.0010819,3.6053e-05,0.00022386,0.00020768
3.0069e-06,4.6391e-06,2.9314e-06,0.01063,5.6428e-05
0.0015401,1.2738e-06,1.8205e-08,6.7341e-07,6.1584e-08
1.8572e-05,0.0093116,0.00027735,0.00063202,2.0804e-05
0.001531,6.1598e-07,2.3403e-06,1.7327e-05,3.9609e-05
9.7722e-05,0.008871,0.0012455,0,3.0916e-09
0.001507,1.7542e-06,0.00010522,0.00016863,5.2106e-07
0.0015404,2.0959e-08,3.0919e-10,7.36e-10,1.3131e-09
0.00154,2.5395e-06,1.8411e-09,3.3957e-08,9.8737e-09
0.0015366,1.6653e-06,6.9174e-07,2.322e-05,8.0356e-07
0.0015378,5.3455e-08,7.7494e-07,1.6506e-05,8.5888e-07
0.00043607,0.0016803,0.00011512,0.0055974,0.00022323
0.0015353,9.6711e-06,2.2968e-05,1.1258e-05,7.1947e-07
0.00020041,0.0088815,2.0458e-06,2.3243e-06,7.2375e-07
0.0015392,1.1327e-08,2.9255e-06,6.1205e-07,5.001e-06
0.0015066,0.00022413,2.1611e-07,7.1085e-08,3.2599e-09
0,0.00059051,0.0023117,0.008641,9.188e-05
0.0015401,1.8725e-10,3.1168e-06,5.0961e-08,2.8166e-07
0.0015339,2.6295e-07,9.8858e-07,6.043e-06,3.3019e-05
0.0013459,0.0012868,2.1288e-06,1.7177e-06,3.5204e-07
0.0015345,2.9554e-06,1.1319e-06,7.5998e-07,3.1677e-05
0.0015109,1.104e-06,1.6908e-06,0.00019221,9.6505e-06
5.2832e-07,1.0708e-05,3.3669e-07,0.0053849,0.0045967
2.5264e-06,3.7305e-06,0.017987,0.0001542,1.3495e-06
0.0015356,2.6391e-05,1.3344e-06,4.6839e-06,3.6232e-09
0.0015396,1.5057e-06,6.6647e-06,1.3884e-07,2.3348e-08
0.0014835,2.0139e-06,6.4604e-05,7.6065e-05,0.00024162
0.0015356,3.1484e-08,9.6452e-07,2.5789e-05,5.9416e-06
5.0548e-05,0.0049653,0.0087986,5.7112e-08,7.4707e-09
0.0015217,5.8137e-05,3.5265e-05,4.8576e-05,6.6088e-08
0.0012884,0.0012168,3.5425e-06,0.00024521,0.00019856
0.001255,3.8499e-07,8.1318e-07,0.00022678,0.001519
4.0205e-05,1.7284e-06,0.00018143,0.010317,1.5493e-05
5.2905e-05,1.813e-05,0.0063525,0.0066037,6.2467e-06
0.0015358,2.9668e-05,1.0698e-07,8.2219e-07,6.6816e-08
0,0.0028783,0.011328,0.00083163,0.00019721
0.0014493,2.4951e-05,0.0009255,6.5404e-05,0
0.0013018,0.00032341,0.0013756,0.00050738,6.3872e-06
0.00012021,0.0044723,0.0068296,0.0011104,6.6254e-05
0.0015402,5.2196e-09,8.0967e-07,2.8914e-08,1.0099e-06
0.00104,1.406e-05,0.0059166,1.0569e-07,3.7274e-08
3.8207e-05,0.0042823,0.00013232,0.0058287,4.7585e-05
0.0015222,2.4459e-09,1.0716e-07,1.4825e-06,0.00010845
0.00051637,3.7716e-06,0.00021793,0.0022218,0.0041236
0.0014893,7.4008e-06,1.3051e-05,0.00017663,0.00014117
0.0012393,1.4687e-05,4.4121e-06,0.00032049,0.0015181
0.0015397,1.995e-06,9.163e-07,1.1606e-06,9.5633e-07
0.0013713,8.3116e-08,2.2219e-06,2.0031e-05,0.00099798
0.00060694,1.79e-05,0.0085519,1.3662e-05,0.0012536
9.0829e-05,1.3745e-08,5.479e-09,8.9568e-05,0.008637
0.0015403,1.7292e-07,9.2934e-07,1.4471e-07,1.3964e-07
0.0015374,1.7488e-05,4.3361e-06,2.9477e-07,8.4058e-11
4.4771e-07,8.4577e-05,5.7843e-05,0.010575,1.9194e-05
0.0015403,9.4221e-08,6.9958e-07,1.4589e-07,8.2721e-09
0.0015255,4.7777e-05,6.6943e-05,2.7442e-07,1.2189e-05
0.0014482,1.5987e-06,5.5463e-08,4.5308e-05,0.00051404
0.0015404,1.0854e-07,2.0541e-10,8.0378e-10,7.1831e-08
0.00034435,0.00075845,0.0054913,0.0037879,0.00045094
0.0015404,3.387e-09,3.2485e-11,6.4221e-11,9.4569e-09
0.0015106,1.9028e-07,2.1815e-09,1.1291e-06,0.00017814
0.00091448,2.8575e-06,1.3178e-05,0.00036099,0.0034419
0.0014048,1.645e-05,0.0014511,9.6472e-06,5.711e-05
0.001529,4.3908e-06,4.5508e-07,6.3033e-07,6.3872e-05
0.001013,1.5529e-05,0.00030116,0.001491,0.0017164
1.7947e-05,2.987e-06,4.0933e-06,0.0023501,0.0071181
0.0015392,1.7595e-08,1.2644e-08,5.6567e-07,6.6436e-06
0.0015319,6.1207e-07,4.1939e-05,1.9874e-05,1.2326e-05
0.0014025,0.00089149,3.4445e-05,2.7042e-06,1.3102e-06
5.8105e-06,0.0017162,0.00076989,0.0083365,8.0015e-05
0.00010922,0.00053207,0.00053665,0.0087405,0.00030114
3.2463e-05,0.0059739,0.0020789,0.0029674,3.4013e-05
0.001244,0.00091434,7.3918e-06,0.00066535,0.00037473
0.00059007,0.0033781,0.0046441,0.0002658,6.9664e-05
0.0015403,1.4311e-08,9.9451e-09,1.1123e-07,2.8687e-07
0.00017582,0.00097239,1.5444e-05,0.008269,0.00017269
0.001388,1.0074e-06,0.0013597,1.0683e-05,0.00021761
0.001091,0.0019595,2.7148e-05,0.00041596,0.00055205
0.0015357,3.2068e-06,1.0254e-05,2.7536e-06,1.7985e-05
6.7644e-07,7.9871e-07,3.1942e-06,1.3301e-05,0.0092425
0.00045978,0.00098391,0.005635,0.0031833,2.0383e-06
1.7694e-06,3.5594e-08,1.6166e-08,0.00023498,0.0090467
0.0015402,2.6895e-07,1.3677e-08,4.6527e-07,8.1373e-07
0.0015233,4.5864e-06,1.5531e-05,0.0001018,2.8349e-06
0.0015292,6.9004e-05,1.2075e-07,5.0557e-06,6.988e-07
0.001494,0.00030626,2.0771e-06,4.4668e-07,1.1033e-10
0.0015354,1.6307e-05,2.4899e-05,2.3439e-06,9.9899e-07
0.0015383,2.4414e-07,5.943e-07,1.2827e-05,1.3838e-06
0.0014905,0.00011857,3.7067e-06,0.00021022,9.403e-06
0.0015399,1.2244e-08,3.7919e-06,4.5845e-11,1.0663e-06
7.6646e-05,0.0092506,4.8899e-05,0.00029477,0.0001339
3.2911e-06,0.00075337,0.00012081,0.0097636,6.4275e-05
6.4536e-05,2.3575e-05,0.016432,0.00012668,0.00042193
0.00089688,3.4089e-06,0.00101,2.2545e-05,0.0033347
0.0014173,0.00048005,8.9496e-06,0.00034543,1.8921e-06
0.0014535,1.7618e-05,0.00061144,1.0517e-06,0.0001961
0.0015126,6.6707e-07,3.2535e-06,1.8423e-06,0.00016342
0.0008952,0.0023484,0.0019309,0.00064283,0.00021696
0.00069088,3.6941e-06,1.2711e-07,0.00048593,0.004684
0.0015334,2.5865e-06,7.2688e-05,3.4886e-06,1.3678e-07
0.0015369,1.3667e-05,1.7037e-05,1.2644e-07,3.2484e-09
3.0277e-05,0.0099794,1.1737e-06,2.4764e-05,9.2621e-06
1.0088e-06,2.3365e-08,2.7434e-08,0.0051079,0.0048429
0.00010753,0.00012472,0.0149,0.0011025,4.3597e-06
0.0015263,1.8893e-06,1.852e-05,5.4358e-05,2.6757e-05
0.0011125,3.706e-05,0.0042931,0.00025991,0.00014086
0.0014851,1.6214e-06,1.1562e-05,0.00037435,2.122e-06
0.0013597,0.0011583,1.1021e-05,3.5271e-05,4.992e-07
0.001538,1.5171e-05,5.017e-07,3.6662e-07,5.4985e-11
8.0499e-05,0.0078301,6.8499e-06,0.00056173,0.0011892
0.0015011,8.8836e-05,1.1735e-05,0.00010294,6.1035e-05
0.00014474,3.8959e-05,0.016451,1.8438e-05,9.4216e-06
0.0015397,1.3036e-06,2.1147e-07,4.9956e-07,2.4304e-06
1.4845e-05,6.6697e-08,5.0479e-05,0.010516,6.3622e-05
3.6727e-05,0.0053348,0.0018192,0.003283,0.00044676
0.0015403,6.7453e-07,1.4887e-08,2.5687e-07,1.3513e-07
0.0015372,5.8132e-08,1.912e-07,3.3035e-06,1.66e-05
0.0014188,2.3599e-05,3.8769e-05,0.0007537,3.93e-05
0.0013611,0.0010142,0.00027977,1.8576e-05,8.7239e-07
0.0011807,1.2403e-05,6.7534e-06,2.1364e-06,0.0021457
0.0015229,8.1247e-07,2.3901e-08,0.00011759,2.8374e-06
0.0015182,1.4137e-05,2.1989e-05,0.0001261,8.6287e-07
0.00048855,0.0067145,0.00046562,2.9243e-07,1.4421e-07
0.00048882,0.0036433,1.2165e-07,7.686e-06,0.0030122
1.0074e-05,0.00080233,0.016731,9.4558e-07,1.2394e-07
0.0015145,7.1525e-06,0.00025105,4.088e-07,2.1769e-05
0.0014551,0.00030643,1.198e-06,4.2178e-05,0.00019812
0.00077247,0.0040692,0.0018286,1.3704e-06,5.1525e-07
0.001114,1.2036e-06,0.00023438,8.2746e-05,0.002372
0.0015354,2.9552e-05,3.97e-06,1.5224e-06,2.5915e-09
0.0011046,9.5423e-06,0.00022496,0.00057163,0.002004
0.00018966,0.00074716,0.0007126,0.0081978,2.212e-06
0.0015401,2.7351e-07,3.5344e-07,1.276e-07,1.4105e-06
0.0013702,1.7227e-05,0.0003929,0.00086598,6.1093e-05
5.1806e-06,7.8482e-05,0.017461,0.00031492,4.511e-05
1.7367e-05,0.00033111,0.0089185,0.0017767,0.0028057
0.0015404,1.7513e-07,1.2982e-09,9.794e-10,5.3333e-09
0.001516,0.00015285,3.8893e-06,5.5449e-06,1.1719e-06
0.00092397,0.003162,0.0016456,6.8341e-06,1.2394e-07
0.0013924,2.7328e-05,0.0013531,0.00020571,2.5413e-06
0.0015295,1.6907e-06,2.566e-05,8.9536e-06,4.3329e-05
0.00066597,0.0052896,0.00051472,0.00023225,1.7299e-07
0.00076352,3.2891e-05,1.9362e-05,0.0051776,0.00015925
0.0014022,2.3844e-05,6.9848e-05,0.00035736,0.00046537
0.00048053,0.00071077,0.0057962,0.0031705,5.4319e-05
1.7506e-06,2.7914e-05,8.6812e-06,1.2863e-05,0.009209
0.0013744,0.0010074,5.7379e-05,6.0742e-05,3.0146e-06
0.0012329,3.9584e-06,0.0033586,0.00011327,4.6816e-05
0.00052253,0.00042791,0.011298,1.1973e-05,5.6469e-07
0.0014699,3.0284e-05,0.00073401,2.7725e-05,9.284e-07
0.00095856,9.1974e-06,1.0272e-08,0.00012738,0.0033796
0.0015212,0.0001125,1.2211e-06,1.201e-06,1.1822e-05
0.0015393,4.4496e-06,2.4895e-06,8.3396e-07,4.1921e-07
0.0013445,4.2662e-06,0.00035883,0.0010621,7.4744e-05
0.001216,0.0021272,1.9519e-05,1.3684e-05,1.4397e-07
0.0015401,9.8841e-09,2.2237e-09,4.4416e-09,1.591e-06
0.00025245,3.1983e-07,4.0707e-05,0.00013982,0.0076011
0.0012815,4.5274e-05,2.4246e-06,8.6075e-06,0.0015066
0.0015396,4.688e-07,3.6962e-07,9.9135e-07,3.221e-06
1.0907e-10,6.3273e-07,1.2616e-07,1.7979e-07,0.0092596
4.9024e-06,3.0602e-06,1.7415e-06,0.0046104,0.0052455
0.0015378,4.1281e-06,1.1019e-07,1.1697e-05,1.7042e-06
0.001531,5.8712e-05,4.4817e-07,2.7933e-06,6.1593e-07
0.0015304,1.0649e-06,1.8921e-06,6.2096e-05,4.6917e-06
0.00024468,0.0084317,0.00011725,9.8713e-05,8.3527e-07
0.0015381,3.2312e-06,8.2308e-06,7.7051e-06,2.3578e-07
8.2546e-05,6.7289e-07,3.7325e-08,3.8061e-06,0.0087602
0.0014081,0.00084,2.5656e-05,1.8565e-05,4.7605e-06
3.1253e-06,0.00098234,1.3355e-05,0.0090693,0.00051168
0.0013221,1.9206e-05,2.52e-05,0.00011607,0.0011819
0.0015401,1.5587e-06,3.6935e-07,1.7637e-07,4.2632e-07
0.0014746,0.00022149,4.3066e-06,0.00021856,4.0016e-06
0.0013768,0.00016026,0.00072826,0.00036385,0.00015508
1.2854e-05,0.0087884,0.0002119,0.0012808,2.2413e-06
0.0014515,0.00058966,2.5424e-07,1.9189e-08,1.751e-09
0.00043004,0.0067904,3.9559e-05,0.00051148,5.7311e-05
0.0012017,8.5095e-08,1.1835e-06,0.00029153,0.0017839
0.0015374,1.9483e-06,9.421e-08,7.7254e-07,1.5601e-05
0.00012031,2.972e-06,6.119e-06,0.0014533,0.0072762
0.0015397,4.4358e-06,2.0213e-08,1.1704e-08,5.8638e-08
0.0009004,0.0002556,7.3085e-05,0.00018078,0.0034227
0.0001175,0.0011101,0.00013005,0.0086135,4.2892e-05
0.0015352,1.2996e-05,3.2582e-05,3.6973e-06,1.3252e-07
0.0015395,1.3772e-06,2.672e-06,1.7079e-06,1.6378e-06
0.0015272,2.7361e-05,2.0078e-08,2.5598e-06,5.2331e-05
0,0.0042797,0.0012298,0.0055044,3.9825e-06
0.00098033,0.0037066,3.1958e-06,4.9546e-06,7.6283e-07
6.698e-07,0.0002484,0.0043731,0.0039548,0.0034014
0,0.00028043,0.0011124,0.0096518,0.00010729
4.8286e-05,0.0015757,8.3062e-06,0.006695,0.0017553
0.00025866,0.0084884,3.3901e-08,5.2466e-08,1.0006e-05
0.00079032,0.0045806,0.00030289,0.00010577,0.00011186
0.0014984,1.2406e-05,3.8382e-05,0.00014522,9.6367e-05
0.0014365,4.0763e-07,1.3152e-08,7.9686e-07,0.00062366
0.00057268,4.3562e-05,4.0267e-07,0.0046828,0.0017337
0.0010881,0.002998,3.0667e-08,8.6923e-07,1.2446e-07
0.00058157,0.0032217,0.0056025,6.8393e-06,8.3467e-07
9.9772e-07,0.0095944,6.9361e-05,0.00060338,6.0366e-08
5.1386e-05,8.0539e-09,1.0205e-08,2.0412e-06,0.0089497
0.0013704,0.00076751,0.0006123,9.8299e-06,7.6688e-06
0.0015394,6.6388e-06,1.4239e-09,5.0063e-09,2.1219e-08
0.0014489,1.5613e-08,2.7954e-11,4.6165e-09,0.00055034
0.00042266,0.0034658,1.5999e-05,0.0022898,0.0015919
0.0015401,1.6982e-06,5.4738e-09,2.3569e-08,2.4549e-07
0.0013222,0.0012102,2.5589e-05,0.00023273,5.781e-07
0.001533,4.8621e-05,1.3219e-07,7.2139e-07,9.2252e-08
1.6536e-06,7.8851e-05,5.52e-05,0.010282,0.00027073
0.0013338,3.5362e-07,4.5395e-06,1.617e-07,0.0012393
0.00026721,5.0372e-05,0.00013485,0.0012272,0.0064802
0.0015403,6.3535e-07,1.238e-08,2.7965e-09,1.7369e-08
0.00014517,0.00018672,0.0056331,0.0047501,0.0012639
0.00154,1.2209e-06,2.0081e-08,3.1722e-09,1.4459e-06
0.00053867,0.0060154,0.00041656,0.00040862,4.8251e-06
0.0015403,3.4476e-07,4.7485e-08,5.042e-08,5.226e-07
0.00022977,0.0041216,0.0017493,0.0037506,1.7677e-05
0.0015401,1.6953e-06,9.3987e-09,1.539e-07,9.7893e-09
0.00028886,0.0014383,0.0016323,0.0062444,6.1019e-07
0.0014879,7.0936e-06,2.653e-06,4.2038e-05,0.00027166
0.0011608,3.4438e-10,1.0386e-07,0.0026238,1.6146e-05
8.6515e-05,4.2322e-08,0.00011425,4.2645e-05,0.0086456
0.00018978,0.0021838,0.0071759,0.0028736,2.4607e-05
0.0014965,8.9849e-05,0.00033298,1.5796e-05,0
0.0012301,8.3721e-05,1.4733e-05,0.00068841,0.0011878
0.0015272,2.3606e-06,4.3346e-07,6.6822e-06,7.1354e-05
0.0013793,0.00052257,1.3626e-07,1.1643e-05,0.00048494
0.0011014,2.9832e-07,9.797e-11,1.1256e-05,0.0026294
0.0015347,2.0681e-05,4.1397e-08,1.5824e-05,2.1592e-06
0.00099121,4.7244e-06,1.4151e-05,0.0025299,0.0011053
0,0.0098428,0.00017669,1.5855e-05,0.00023397
4.5207e-05,1.218e-06,1.9584e-05,8.5026e-06,0.0089702
0.001369,0.0011354,1.771e-08,1.5579e-06,3.8157e-08
0.0014948,2.5402e-06,1.9039e-07,1.492e-06,0.00027055
0.0015187,4.2708e-05,2.9395e-08,3.656e-06,8.8925e-05
1.8118e-05,2.2022e-06,5.6884e-05,0.0041763,0.0055139
3.1553e-05,0.0094741,0.00038717,0.00031007,1.7853e-05
0.0014699,1.488e-06,2.3119e-06,5.8452e-06,0.00041647
3.1661e-05,1.0991e-06,0.00014072,0.00038928,0.0086616
0.0015292,7.3886e-05,1.4496e-07,4.5168e-07,1.0499e-07
0.0014136,0.00033507,0.0002591,4.3645e-05,0.0002899
0.0015362,5.3711e-07,2.3964e-06,7.9644e-06,1.6484e-05
0.00028648,0.00026331,0.00073346,0.0072404,0.00067506
0.00090464,6.4936e-05,2.1362e-06,0.00063488,0.0032138
0.0015359,2.7526e-05,5.5323e-07,2.2228e-06,3.0721e-08
0.0015028,6.4222e-06,7.1492e-05,0.00021034,2.4956e-06
5.9528e-07,2.4145e-10,7.121e-10,3.1875e-06,0.009254
0.0015399,2.8624e-07,2.1264e-08,1.318e-06,1.5499e-06
2.7286e-06,0.00020376,0.0052461,0.0071192,0.00025462
0.0015402,1.4194e-06,3.2827e-08,3.0527e-07,1.5547e-08
0.0015404,2.0736e-07,1.1513e-08,2.2874e-09,2.3785e-08
0.0013662,0.00020054,0.0010486,0.00029566,7.9498e-05
4.305e-07,0.010153,3.0753e-07,5.9975e-05,1.2174e-06
0.0015401,1.2243e-11,5.1946e-09,1.0377e-08,1.7223e-06
0.0015392,5.8645e-09,2.3997e-06,4.5747e-08,6.1212e-06
0.0015326,6.371e-06,1.3138e-05,4.0328e-05,1.4421e-08
0.0015196,2.3264e-08,0.00012324,1.5804e-06,6.1191e-05
0.0014866,5.6881e-08,1.0091e-05,5.7392e-06,0.0003131
0.0014322,4.2078e-05,0.0010715,3.3638e-05,4.0966e-05
0.00085338,0.0036757,0.0014626,2.4809e-05,3.5906e-05
0.00045186,2.0332e-05,0.0083397,0.0025448,0.00010516
0.00050744,3.8867e-08,0.00012105,1.8308e-05,0.0061327
0.0014936,0.00030548,7.8296e-06,1.1292e-07,5.4154e-07
0.00076341,2.4646e-06,0.0010427,0.00097717,0.003297
0.0013785,0.0010302,6.8068e-06,1.3774e-06,3.4738e-05
0.0015399,2.9984e-11,4.7049e-08,1.1149e-10,3.1442e-06
0.0015182,0.00010259,6.4724e-07,4.255e-05,3.3343e-06
0.00055878,5.9755e-06,0.0095471,0.00018745,0.00089995
0.00096011,2.507e-07,1.2039e-06,0.00016433,0.0033458
0.0012535,3.9972e-05,0.001459,0.001095,4.3738e-06
2.8384e-05,6e-05,2.7488e-07,0.00014265,0.008912
0.0015068,9.4059e-05,8.8619e-07,1.3141e-05,0.00010521
0.0015043,7.5652e-06,0.00034677,3.864e-05,1.2739e-06
0.00026926,0.0082254,0.00036415,3.4336e-07,5.3823e-10
0.00154,6.7157e-11,2.9965e-07,2.1569e-07,2.0796e-06
0.0015376,1.6821e-05,2.11e-09,3.3969e-07,1.1051e-06
0.0015218,0.00011726,1.6216e-07,5.3194e-06,1.1133e-06
0.0015375,1.0568e-05,1.4267e-05,5.391e-07,3.6407e-10
0.0012093,0.001785,0.00046333,3.5811e-05,0.00010695
0.0010695,0.0030921,1.7076e-07,1.7973e-05,1.2045e-05
0.0006315,0.0060091,1.4985e-06,5.7175e-06,1.0642e-05
0.0010843,7.8212e-06,0.0008319,0.0015524,0.00097319
0.0015324,4.8387e-05,4.0875e-08,3.6451e-06,1.0117e-06
0.0014985,7.7764e-06,0.00016003,0.00018638,3.1069e-06
0.0015163,3.53e-05,0.00013481,4.0794e-05,9.6219e-06
0.0015351,2.3557e-05,6.2292e-06,7.838e-06,9.1657e-07
0.0014962,0.00027121,3.9061e-06,7.8342e-08,1.8112e-05
0.00045551,0.006302,0.00018508,0.00025484,0.00049495
2.4021e-05,3.3571e-06,0.00080749,6.2306e-05,0.0086503
0.0015324,1.1317e-07,6.9042e-07,1.686e-05,3.3227e-05
0.00088602,0.004157,4.6208e-05,2.6489e-05,0.00011906
0.00052121,0.0032777,0.0051199,0.0006351,1.4765e-05
8.8717e-06,0.0073832,4.5832e-05,0.0028443,3.396e-05
0.0013873,0.00060233,5.1659e-07,7.1457e-05,0.0003122
0.00064357,1.3075e-07,5.5297e-07,0.0010357,0.0044966
0.0015385,1.1381e-06,1.3168e-07,4.4581e-06,6.3858e-06
6.47e-05,0.0043656,3.5954e-05,0.005075,0.00051246
5.1082e-06,0.0096768,0.00021326,6.06e-05,0.00029661
0.0015394,1.2088e-08,5.3867e-10,5.3985e-08,6.0145e-06
0.0015303,1.4172e-05,5.6212e-06,5.0825e-05,1.1229e-06
0.001539,9.0322e-06,2.4011e-07,3.203e-07,1.9531e-10
0.0014796,0.00040203,3.0765e-09,3.0217e-07,8.5171e-07
0.0015349,2.7676e-06,4.2886e-07,6.5479e-07,2.9888e-05
0.0015404,3.0446e-09,1.4579e-10,2.137e-10,6.3423e-10
0.00012331,0.0092963,3.7149e-05,7.6422e-05,6.4497e-06
0.0015367,2.6807e-07,1.0822e-08,8.2289e-06,1.5023e-05
0.0015355,8.0072e-09,2.9612e-08,8.1366e-06,2.2786e-05
0.001226,0.00039571,7.8861e-05,0.00064302,0.00093619
0.0014936,9.4743e-07,3.9495e-06,1.2298e-05,0.00026824
0.0013405,0.0005184,6.0364e-07,8.9295e-05,0.00065436
0.0014613,8.3277e-05,4.469e-05,6.8668e-07,0.00037713
0.0015402,4.5925e-07,1.6005e-08,1.1275e-06,2.2686e-08
0.001004,7.1651e-05,0.0039094,0.0013639,2.4484e-06
0.0015213,8.8357e-07,5.2085e-06,0.00012842,2.7522e-07
0,0.0057208,0.0023443,0.0033211,1.8816e-05
0.0014931,2.4207e-07,1.5524e-07,5.386e-06,0.00027936
0.0015185,5.816e-05,1.481e-06,3.963e-05,4.4026e-05
0.0012631,0.00011814,0.0030808,3.2257e-07,9.1476e-08
0.0015076,1.1377e-09,2.3673e-07,6.8262e-08,0.00019732
0.00096693,1.67e-08,0.00021608,0.00079486,0.0026517
0.001433,2.0305e-05,5.545e-06,0.00028296,0.0003801
0.0015376,5.7498e-07,2.5317e-05,1.5827e-06,1.9412e-06
0.0013293,0.0013998,1.5277e-09,7.3967e-12,1.5497e-08
0.0015402,5.189e-07,4.9348e-08,4.7645e-07,5.1438e-07
7.6626e-06,2.285e-05,0.017316,2.2105e-06,0.00042437
0.0012975,0.0014349,0.00012389,8.2501e-05,2.5716e-05
0.001539,8.4038e-06,6.1703e-07,2.4401e-07,4.0075e-07
0.0015365,6.8398e-09,1.3731e-07,1.0568e-05,1.4289e-05
0.0015245,0.00010209,2.3695e-07,2.7773e-06,3.8315e-07
0.0011509,3.8576e-05,5.408e-07,0.0003029,0.0020447
0.0014869,8.6434e-05,1.5409e-05,0.00024841,2.0703e-05
0.0015403,2.5394e-08,3.5641e-08,5.3911e-07,1.7862e-09
0.0015342,3.2869e-05,1.8607e-07,4.1055e-06,3.7394e-06
0.0015385,2.007e-06,4.1062e-07,4.1505e-06,6.04e-06
0.0011104,4.8377e-08,0.0014068,0.0019823,0.00016088
2.6383e-05,5.2378e-05,0.00011109,0.0051297,0.0045679
0.0015378,8.4217e-08,4.0917e-06,1.4741e-05,5.6907e-07
0.0015258,1.9762e-07,9.9656e-07,1.0053e-06,8.6414e-05
0.001538,4.6909e-08,2.0426e-07,6.0937e-06,9.0701e-06
3.4337e-06,1.0975e-09,4.9338e-10,2.8279e-05,0.0092153
4.2293e-08,1.609e-08,2.2205e-07,0.0063898,0.0037415
0,0.0048846,0.00014224,0.0054373,6.4228e-05
0.0012144,6.6258e-08,5.4321e-05,1.1077e-05,0.0019226
0.0011838,0.00058442,0.0010237,0.0011785,7.7862e-05
0.0012582,0.00064272,5.03e-05,0.001053,0.00017923
0.0013578,0.00078069,2.2782e-06,0.00014819,0.00026117
0.00091262,0.00023762,0.0052994,0.0007776,0.00020385
0.0015225,3.2853e-05,2.6107e-05,2.5139e-05,4.2769e-05
0,0.00069595,0.0078107,0.0023568,0.0026393
8.0035e-05,0.0074416,4.0822e-05,0.0023271,2.4014e-06
0.00016411,0.0070859,0.00010811,0.0020656,1.1172e-05
2.2882e-05,3.2478e-05,1.7751e-06,0.0090394,0.0012858
2.4415e-05,0.0007036,0.016565,0.00010252,9.3018e-10
3.4072e-05,9.5035e-08,2.1189e-06,1.5034e-05,0.0090414
0.0014354,1.4085e-05,6.3158e-05,0.00067938,1.0588e-07
0.00036961,0.00042318,5.5961e-06,7.2123e-05,0.0065896
0.0015087,5.0729e-06,5.3755e-08,1.7242e-05,0.00017115
0.0015401,1.7395e-06,2.0486e-08,2.6241e-09,3.0009e-07
6.3614e-05,5.8228e-06,4.354e-05,0.0069365,0.00286
0.0013676,0.0001725,0.00066403,0.00030647,0.00028163
0.0015404,3.7118e-09,1.5665e-08,6.3981e-08,2.1946e-08
0.00087204,0.00011782,9.885e-05,0.00072555,0.0032345
0.001415,4.2404e-07,2.6845e-05,6.0036e-05,0.0006881
0.0011448,0.00028008,1.2093e-07,0.0022227,0.00020469
0.0014193,0.00071884,0.00011813,1.8896e-05,2.7351e-08
0.00050585,0.0038886,0.00096467,0.0020574,0.00042877
0.001516,1.006e-07,1.7406e-05,0.0001477,1.0307e-05
0.00010085,1.5415e-05,1.9108e-06,0.00016513,0.0084966
0.001529,2.2756e-06,6.5736e-06,1.4e-05,5.107e-05
0.00064447,5.3903e-07,0.00024716,0.00041845,0.004899
0.0014075,0.00017852,0.0010563,6.3944e-05,4.7204e-05
0.00020212,0.0007663,0.0042947,0.0048244,0.0010096
0.0015295,1.1751e-06,1.5188e-06,1.0339e-05,5.5135e-05
0.001475,4.7781e-05,7.6627e-07,0.00015385,0.00021693
0.0014556,0.00056225,2.0419e-09,4.1444e-09,2.5877e-09
0.0014696,0.00020158,0.00032116,3.2511e-05,5.2188e-05
0.0013286,0.00085685,3.8956e-05,0.00047944,6.2849e-05
4.424e-07,1.7134e-08,6.288e-06,0.0070067,0.0032033
0.0012239,0.0020406,2.8163e-06,5.9451e-05,1.9802e-07
0.0015337,1.092e-08,5.9362e-07,2.2557e-06,3.8282e-05
0.0015396,3.4576e-06,1.6349e-08,1.9659e-08,1.4562e-06
0.0013862,4.0179e-05,0.001302,0.00012696,0.00012163
0.0011647,0.0023187,0.00030443,2.5183e-06,2.9251e-07
2.9208e-05,0.0041102,1.3101e-05,0.0058122,0.00033229
0,0.0014432,0.0045449,0.001507,0.0043492
0.00060116,0.0014991,0.0083233,4.1323e-05,3.7454e-05
0.00016164,2.413e-05,0.0098262,0.0026485,0.0010042
0.0011325,1.3783e-06,3.3844e-06,9.6713e-07,0.0024483
0.0014222,0.00069831,0.00014502,4.9075e-08,3.8123e-06
3.5033e-07,1.2143e-06,4.5377e-11,8.5743e-07,0.0092564
0.0014877,4.0279e-07,9.0058e-06,4.0454e-05,0.00027685
0.0015354,2.0244e-05,2.2915e-05,1.2906e-08,6.2766e-08
0.0015387,1.0985e-05,1.1276e-07,2.64e-10,1.6652e-12
0.0013451,3.4734e-07,1.2612e-05,4.1592e-07,0.0011668
0.0014821,0.00013606,1.8183e-05,0.00013645,0.00010026
0.0012608,1.7975e-05,0.0022469,0.00059598,1.2246e-05
0.001179,0.00092486,0.002315,9.3508e-05,8.1537e-05
0.00044931,2.6738e-09,1.882e-07,2.2074e-07,0.006559
7.8543e-05,3.0831e-11,1.0055e-06,7.8948e-08,0.0087876
0.0007679,0.0016867,0.0056591,0.00028656,2.0951e-06
0.0015028,0.00014342,1.994e-06,9.8407e-05,1.0099e-05
0.0012591,0.0011933,0.00076494,2.8926e-06,0.00021957
0.0015079,0.00021555,2.7473e-08,7.0203e-08,2.1987e-08
0.0015362,2.8067e-05,2.0934e-09,1.6381e-08,8.4678e-10
0.0015402,1.2888e-06,2.232e-08,3.4196e-10,9.7942e-09
0.0014803,4.8439e-06,7.3201e-08,0.00021471,0.00017125
0.0015214,1.3859e-05,2.5694e-05,5.3804e-05,4.2317e-05
0.00088263,4.2074e-05,3.7214e-05,0.00038411,0.0035656
0.001537,4.2223e-06,1.1897e-06,4.3418e-06,1.238e-05
0.0015401,4.8163e-07,2.2323e-08,1.3039e-06,3.8176e-07
0.00057762,0.00028626,0.0059182,0.0028436,7.6056e-05
0.0015404,1.7003e-08,7.5752e-12,3.8589e-09,2.9132e-07
0.0015396,4.6181e-08,1.1241e-08,1.8442e-06,3.3633e-06
0.0010767,0.00032736,0.0040513,0.00043092,6.7586e-05
2.5314e-05,8.9595e-08,1.9515e-05,0.0014825,0.0078179
7.1323e-05,0.0026353,0.0019624,0.0055224,0.00067961
3.4258e-07,0.010209,4.9029e-06,2.5844e-07,1.2792e-08
0.00094222,5.1789e-06,9.2561e-08,3.1809e-05,0.0035639
0.00018233,0.0089942,1.3416e-05,4.0615e-06,2.9444e-09
3.2187e-07,0.0045383,0.0099396,0.00012759,1.2875e-06
0.001527,2.4598e-06,3.3761e-05,4.0149e-07,6.1048e-05
4.0439e-06,0.0069733,0.0057511,4.733e-07,1.89e-06
0.0015344,7.6095e-08,7.6471e-07,6.1316e-06,3.0522e-05
7.4708e-05,0.0087559,0.0014686,0.00014663,3.1852e-06
4.8199e-05,2.6397e-05,5.1068e-06,0.010023,0.00028763
0.0014911,4.4598e-10,2.4643e-07,2.3498e-06,0.00029419
0.0015134,7.029e-05,0.00012848,3.2888e-05,4.9915e-06
0.0013868,0.00021058,0.0010101,7.2574e-05,0.00015872
0.0015367,6.8418e-06,3.3074e-06,1.3332e-05,3.0851e-06
0.00066887,0.0019147,0.00063928,0.001794,0.0016305
0.0015244,0.00010415,1.2236e-07,3.7789e-07,1.4405e-06
0.0015396,2.1099e-06,1.1436e-07,3.0811e-06,3.9682e-07
0.0015283,7.8249e-05,2.2203e-06,5.7313e-07,3.5111e-08
0.0012264,0.0018423,1.3976e-05,0.00019525,4.1784e-05
0.0015397,1.5258e-06,6.4502e-09,1.2119e-06,1.5742e-06
0.00043932,1.4378e-06,4.9569e-05,0.00040422,0.0062438
0.00037941,9.6312e-05,4.8272e-05,4.6837e-06,0.0068637
0.0015326,2.9276e-05,1.4349e-08,1.8926e-09,2.0504e-05
0.0015167,2.222e-05,1.1883e-05,7.3268e-05,5.311e-05
0,0.0097305,0.00070485,9.3496e-05,1.3256e-06
0.0011766,0.0023931,3.1159e-05,1.8692e-06,1.8998e-07
0.0012244,0.00029786,3.1319e-05,0.0017224,0.00012641
0.0015398,1.0129e-08,3.4893e-06,1.4044e-06,7.4196e-07
0.0010221,0.0019791,0.0025582,6.0526e-06,2.1194e-05
0.0014565,0.00055427,3.4247e-09,1.7774e-06,5.8056e-07
0.00024213,0.00032586,0.0026721,0.0071221,5.4729e-06
1.3934e-05,1.1958e-07,0.00022303,0.010493,1.8968e-06
0.0003245,4.1566e-06,4.597e-06,0.001272,0.006205
0.0015393,1.3567e-09,1.6249e-10,2.4255e-08,6.7097e-06
0.0005633,0.0017429,0.0045887,0.002218,5.497e-05
0.0013295,1.779e-05,0.0023747,9.0747e-06,4.1715e-05
0.0015394,6.9059e-06,2.1338e-11,4.9871e-09,1.2814e-09
0.0015403,1.5061e-09,2.0938e-07,9.9593e-08,1.8905e-07
0.00014687,0.0018158,0.01199,0.00074553,1.6807e-05
0.0015257,2.1096e-05,7.4773e-05,3.5842e-05,7.4754e-07
0.0015379,1.4099e-06,7.2657e-07,1.1156e-05,3.6284e-06
0.0013479,0.00026246,0.00072281,0.00063934,1.3286e-06
0.0015396,3.2342e-06,2.1591e-06,1.953e-07,8.0142e-07
0.0015357,4.1436e-06,3.7511e-08,1.631e-05,1.0701e-05
0.0015156,5.5409e-05,8.9357e-08,0.00010523,8.1001e-06
0.0014927,5.2214e-05,0.00011123,0.000211,7.5925e-07
0.0011735,0.0024302,3.0495e-07,5.9466e-07,1.6608e-06
0.00075304,1.9723e-06,1.2189e-06,9.8215e-05,0.0046461
0.0015067,0.00022196,3.4067e-07,1.3775e-06,5.6796e-09
9.6527e-05,0.00082281,0.00030039,0.0082223,0.00068103
0.0007719,3.9865e-07,0.0091232,3.4797e-07,3.6998e-08
0,0.00027502,0.00088103,0.0098858,2.7292e-05
0.00095558,0.0037148,0.00016668,7.3596e-05,9.5857e-08
0.0015039,9.1042e-05,1.3201e-05,4.1641e-05,9.4371e-05
0.001538,1.2589e-05,6.5157e-07,3.2965e-06,9.5397e-08
0.0012837,0.00099389,0.00024942,0.00058551,1.0269e-05
0.0014577,0.00036895,2.8434e-07,0.00017755,9.2604e-06
0.0013758,0.00085384,0.00036376,3.6165e-05,3.1121e-07
0.0015332,1.0029e-06,6.7181e-07,3.1586e-05,1.4623e-05
0.0011712,1.3335e-06,8.2823e-07,1.9955e-05,0.0022008
0.0015403,3.8229e-08,1.4159e-08,6.5619e-07,1.2119e-07
0.0013067,0.0011916,0.00010781,0.00020594,9.2287e-05
0.00036419,5.6807e-11,2.6889e-09,1.7087e-06,0.0070695
0.0013978,0.00055917,3.2578e-05,0.00038572,9.7333e-07
0,1.0911e-05,0.00026785,0.0067785,0.0032607
0,0.010118,9.3964e-06,1.077e-05,7.3484e-05
0.0015143,1.3365e-05,2.4428e-06,4.7314e-06,0.00013945
0.0010694,0.0029612,0.00018533,9.3884e-06,4.4891e-05
0.0009052,8.0622e-08,1.3682e-05,0.0010971,0.0028642
9.604e-05,0.0076756,0.0012175,0.0012825,4.6803e-07
3.7482e-07,2.598e-09,3.5467e-09,0.00099398,0.0083997
0.0015304,6.5304e-05,1.2189e-06,1.9355e-07,2.0478e-10
0.0015247,1.0466e-06,9.6674e-08,8.0215e-06,8.6786e-05
0.00017284,0.0090683,0,9.4032e-08,1.6106e-07
0.0014699,0.00018671,0.0001799,0.00017718,1.0747e-05
0.0015392,2.1635e-06,5.466e-07,2.3862e-06,3.141e-06
0.0005431,2.602e-05,0.01156,8.8931e-06,0.00011103
0.00049551,0.0059358,0.00079282,0.00057646,1.0307e-06
0.00012406,0.00061495,0.010851,0.00058149,0.0019606
1.2677e-05,1.2162e-05,1.612e-06,0.010473,0.00012786
0.0015404,7.2468e-09,5.3294e-11,2.6174e-10,1.9511e-08
0.0015404,2.3677e-08,7.1903e-09,5.8217e-09,2.3389e-08
0.0015404,2.4453e-10,2.2469e-12,4.1341e-11,1.7571e-09
0.0015404,8.5425e-09,5.3673e-09,8.5838e-09,1.2228e-07
0.0015112,6.8315e-06,0.00013846,0.00011115,3.3428e-06
0.0015268,6.5198e-05,5.8508e-07,1.5259e-05,9.434e-06
0.0015236,2.719e-07,4.4719e-06,7.0102e-09,9.8835e-05
0.000346,7.9487e-07,2.6957e-06,0.00057946,0.0066778
0.0015375,1.7215e-05,6.2199e-07,1.5419e-06,3.1342e-09
0.0013915,0.00018712,5.1107e-05,9.1079e-06,0.00069187
0.0015039,3.0123e-05,0.00037895,2.0366e-07,5.4084e-09
0.000866,4.0759e-05,0.00022126,0.0041512,0.00032029
0.0011969,2.2949e-06,0.00016695,0.0017075,0.00050409
0.0014189,2.7005e-06,0.00028515,5.1107e-07,0.00058336
0.00034794,0.0035761,0.00057248,0.0040601,0.00013033
1.2491e-07,0.010202,1.2397e-05,5.2736e-06,9.4365e-08
0.0015016,0.00015597,0.00016284,3.0663e-06,6.8699e-06
0.0012044,0.00069227,5.9158e-05,0.0015716,5.2899e-06
0.0015143,1.7776e-06,2.2293e-08,5.1222e-07,0.00015468
0.0014648,0.00044843,8.3421e-05,6.3048e-06,9.9052e-08
0.00098131,0.0037067,1.1657e-07,7.3858e-07,1.1345e-10
0.00066926,0.002702,0.0003186,0.0026392,0.00034687
0.00014085,0.0012407,0.00012965,0.0083495,1.2302e-05
0.0015394,3.806e-07,6.298e-07,3.7047e-06,2.2881e-06
3.9475e-08,5.1183e-11,4.1217e-11,4.9926e-05,0.009217
0.0015361,1.1104e-05,8.104e-07,1.9205e-06,1.3953e-05
0.00049634,0.00051371,0.00014137,0.004953,0.0014617
0.0010839,3.0412e-06,1.2625e-05,3.2138e-05,0.0027072
2.9206e-05,0.00087318,0.014583,0.00096894,7.2431e-05
0.001314,4.9446e-08,1.0533e-11,6.3509e-08,0.001361
8.4643e-05,6.8058e-06,2.8943e-06,0.0090747,0.00090668
0.0014427,3.91e-06,2.058e-05,1.0476e-05,0.00056449
0.00057636,0.0062855,0.00018891,1.8536e-06,4.8034e-09
0.0013429,0.00078036,1.1664e-07,7.9712e-05,0.0004111
0.0014626,0.00050642,1.0624e-05,3.912e-06,6.8506e-08
4.9717e-05,0.0095713,8.9499e-06,7.4119e-05,0.00021584
0.0015177,0.0001399,5.6002e-07,1.0619e-05,2.7985e-08
3.5795e-05,4.1892e-06,9.0517e-05,0.0042452,0.0053292
0.0015387,1.3202e-06,1.1789e-05,1.9209e-07,3.2592e-06
5.3571e-05,7.9206e-05,1.547e-05,0.010239,1.6171e-05
0.0014507,7.5944e-05,5.0174e-05,0.00049535,1.7178e-05
7.1338e-05,1.9486e-06,2.9022e-06,4.1696e-06,0.0088247
0.00014095,1.0293e-07,8.7568e-06,3.5168e-06,0.0084055
6.6855e-05,0.0097709,8.7771e-09,9.8458e-08,2.794e-07
0.0014734,1.101e-07,5.4049e-08,5.7073e-07,0.00040233
0.0012139,4.2703e-06,0.0036949,2.0588e-05,7.034e-05
1.3387e-05,2.4607e-05,0.018039,2.4772e-05,2.449e-06
0.0015249,4.4954e-05,9.0319e-05,3.8587e-06,3.3918e-06
0,0.0039303,0.0011475,0.0024621,0.0029898
0.0015239,0.00010917,6.9895e-08,1.8811e-07,1.4363e-09
0.0015384,6.0661e-08,1.2772e-07,7.2086e-06,5.9517e-06
0.0015182,1.2883e-05,1.5941e-06,0.00010734,2.8294e-05
0.00067993,3.0746e-07,0.0001497,2.6971e-05,0.0050735
0.00058572,7.3423e-09,0.00047233,0.00023739,0.0052951
0.0015166,0.00015178,4.475e-06,2.9359e-06,8.2869e-07
0.0013682,0.00096233,1.3677e-05,7.5024e-05,9.126e-05
0.00025045,0.00048532,0.0028615,0.006514,0.00024021
0.0012197,0.0021266,1.0506e-07,1.3961e-07,1.2352e-08
0.0015334,7.6391e-06,4.2918e-06,6.0748e-06,2.775e-05
0.001354,0.00013285,2.4497e-05,0.0011428,9.9593e-07
0.0014934,0.00017311,3.5387e-05,0.00012195,2.4708e-06
0.00075632,1.1937e-05,0.0025327,0.0039563,3.7347e-06
1.0428e-05,1.3285e-05,0.0015742,0,0.0083886
0.0012223,7.3822e-05,2.443e-06,0.0010394,0.00094648
0.00074243,0.000108,5.9216e-05,0.0053875,1.6426e-05
0.0014653,0.00016708,0.00038511,0.00011986,1.3296e-06
0.0015392,6.7433e-08,1.042e-07,6.5276e-06,1.3649e-06
0.0014398,0.00041747,0.000155,0.00016392,6.2248e-06
0.0013768,1.2573e-05,0.0015752,0.00010652,8.2711e-05
0.0012339,5.2818e-09,7.6346e-06,4.7193e-06,0.0018346
0.0014934,0.0003019,8.0774e-07,9.8959e-06,7.3263e-08
0.00035206,5.0372e-07,0.00011514,0.00012601,0.0069764
1.3322e-05,1.0274e-05,0.0031362,0.0087674,1.1192e-05
0.0015396,5.0648e-06,4.803e-07,5.377e-08,2.5881e-10
0.0015378,8.9092e-07,7.2545e-06,1.2566e-05,2.3414e-07
0.0012564,3.4993e-05,3.7272e-09,6.7695e-06,0.0016699
0.0014405,4.0748e-05,4.4269e-05,0.00059868,2.4152e-05
0.00097127,0.00052668,6.7659e-05,0.0033251,3.8024e-05
0.001492,4.69e-06,0.00014359,9.4711e-05,0.00013225
0.00016072,0.0091156,1.132e-05,1.2381e-05,1.3751e-05
4.8753e-05,0.0095353,0.00051972,6.906e-05,2.6715e-08
0.0015112,2.4403e-06,1.5909e-06,0.00018814,1.0204e-05
