0.00016735,2.1128e-05,4.5527e-07,0.00056337,0.0039231
0.001967,4.0164e-06,0.001654,0.000328,2.8351e-05
1.6444e-06,8.3191e-06,2.9071e-06,1.1404e-07,0.0043956
7.6846e-06,5.4212e-06,3.234e-05,5.9381e-05,0.0043549
0.0018258,0.0012313,0.00025719,2.3839e-05,2.2903e-06
0.00042639,3.6252e-07,6.2233e-06,6.3457e-08,0.0036548
0.0014343,0.0018452,0.00057764,2.7466e-05,2.9949e-09
0.0012304,0.00093672,0.0027988,6.4091e-06,4.7401e-05
0.0024205,0.00010051,0.00011916,1.5505e-05,4.9892e-06
0.0012788,0.0011245,0.0023964,4.1446e-06,5.551e-07
0.0023816,4.5224e-05,3.6151e-05,6.4138e-05,0.00014725
7.4113e-08,7.6127e-07,3.5251e-07,6.857e-06,0.0044041
0.0020251,0.00081321,0.00029815,8.6081e-08,5.7768e-08
3.9735e-06,0.0001512,0.0068527,0.0028234,1.0986e-05
0.0022331,3.0892e-06,2.3019e-07,0.00010757,0.00044919
0.002422,0.00017533,2.4443e-06,7.7548e-07,2.895e-08
0.0020078,0.00071227,8.3191e-05,9.6359e-05,0.00019494
9.5695e-05,6.1729e-06,0.00041913,0.00091243,0.0037479
4.1124e-05,7.347e-05,0.00049387,0.0015794,0.0035454
0.0014031,3.5136e-05,8.5514e-05,1.1562e-05,0.0018663
3.3531e-05,5.1588e-07,0.00097248,3.4673e-05,0.003855
0.0022908,1.6858e-05,1.3225e-05,0.0010255,4.9711e-05
4.3005e-05,0.003443,0.0027386,3.9528e-06,3.4337e-10
0.0024292,4.7684e-05,5.4e-06,9.7254e-06,9.3369e-05
1.4507e-05,8.0192e-07,5.6018e-07,0.00012172,0.0043437
2.5975e-06,7.9616e-05,0.0087163,3.6444e-05,3.4706e-08
0.0024576,1.0214e-08,8.4505e-07,0.00019457,3.0688e-05
0.00035523,0.0016575,0.0047162,4.3872e-05,8.298e-08
0.0021102,0.00077424,1.0014e-05,1.0896e-05,2.3923e-05
1.6178e-05,1.1903e-08,1.8135e-05,8.0785e-07,0.0043695
2.1063e-06,1.2892e-10,4.7746e-11,1.2583e-10,0.0044035
0.001084,6.6414e-06,0.0022837,0.0003175,0.001268
0.0011614,0.002738,9.7885e-07,2.4239e-06,2.2315e-06
0.0015484,2.1681e-05,0.00058809,2.9791e-05,0.0013679
0.00021151,0.0014437,0.0037238,0.00053582,0.00077934
0.00013863,0.0048226,8.591e-10,5.8398e-09,5.0182e-07
3.4879e-07,1.6583e-10,7.3556e-07,2.3755e-05,0.004399
0.00015887,0.00062111,0.0072367,9.7309e-06,1.5361e-08
0.00012331,1.8814e-05,1.0407e-05,2.6943e-06,0.0041684
0.0012975,0.00075396,0.000425,3.4983e-06,0.0012654
0.0016298,0.00021454,0.0026785,8.2592e-06,2.8294e-05
0.00017935,0.0047358,1.5199e-07,1.2505e-05,1.5162e-10
0.00091159,0.00072576,0.00152,0.0041323,0.00016661
0.0024713,5.8469e-06,2.2574e-06,6.3954e-07,5.9927e-05
0.001133,0.00068999,0.002638,0.0016837,8.8681e-08
0.00048681,2.7768e-05,0.0006515,0.00050497,0.0030512
0.0018491,2.183e-05,0.00014147,0.0034034,3.3257e-05
0,0.0016752,0.00025307,0.0028031,0.0019815
0.0023824,1.7716e-07,3.8374e-05,1.0143e-05,0.00020016
4.1508e-09,2.7834e-07,4.2393e-09,1.8204e-08,0.0044069
0.0015903,0.00021841,0.00063533,0.0024283,0.00037038
0.0024689,5.0913e-08,1.419e-06,4.282e-07,6.9571e-05
0.0013763,1.0674e-05,0.0037416,6.0801e-05,0.0001063
0.00011772,0.00067517,0.0072543,6.4409e-05,2.6846e-07
9.7631e-06,0.0050502,2.0105e-05,6.6742e-05,5.8881e-08
2.0173e-07,0.0027694,0.0040496,8.1661e-06,5.2236e-06
0.00028951,0.00075591,2.8145e-05,0.0050217,0.0017022
0.0020176,0.0006995,4.7823e-06,0.00079252,1.5449e-05
0.0025005,1.4036e-07,7.2212e-06,1.3363e-07,1.1171e-05
0.00020132,7.6832e-06,0.00018149,7.2859e-05,0.0039347
0.001573,1.1399e-07,4.486e-07,1.1181e-06,0.0016436
0.0017909,0.0013341,0.00010809,0.00013152,1.6052e-05
0.001007,0.0028237,0.00037941,1.1149e-06,1.2344e-05
0.0014249,0.00043948,0.0028981,0.00026196,7.8171e-06
0.00040341,0.0011119,0.00018092,0.0086826,3.6388e-06
7.4971e-05,0.0048995,2.9363e-05,3.7514e-05,1.9894e-05
1.4876e-06,3.9989e-06,1.2147e-07,6.6773e-05,0.0043807
0.0023557,0.00022358,7.7766e-05,0.00010448,5.9592e-06
0.0024708,5.2099e-05,3.019e-05,2.1677e-05,6.4687e-07
0.0018879,4.1018e-05,0.0020528,8.4521e-05,1.177e-05
0.0015302,0.00017313,0.0030985,3.5346e-06,3.2176e-05
0.0002794,0.00044222,5.3818e-05,0.0021787,0.0028442
3.2237e-08,1.2599e-06,3.0873e-05,0.014411,1.9087e-07
0.00030431,0.0021101,0.0041012,4.5244e-05,3.3758e-06
0.0017271,0.00047367,0.0013253,0.0010086,1.1805e-08
0.0020798,1.3073e-05,0.0014852,1.0329e-05,2.9923e-06
0.00033645,0.00081092,0.0054517,0.0009049,0.00013675
0.0021022,0.00050246,9.002e-05,0.00061404,4.9101e-05
0.0017271,6.5286e-05,9.9709e-05,5.4694e-05,0.0012509
0.0020085,1.1006e-06,0.0014771,2.1044e-05,0.00013925
2.9063e-07,0.0050789,3.5454e-05,1.1873e-06,4.2266e-06
0.00012987,0.0048408,6.2009e-08,2.2274e-07,1.543e-09
0.00013181,0.0044901,0.00058782,1.8778e-05,2.2783e-06
0.0017916,0.00015632,0.0018956,0.00044309,5.0105e-05
0.0020184,0.00071522,4.5316e-05,0.0002811,0.00013629
0.00010028,1.6563e-07,2.0381e-06,0.00013669,0.0041882
0.00245,0.00012008,2.8525e-08,3.2295e-07,4.3525e-11
0.00087814,0.0032312,0.0001487,1.088e-06,1.2377e-06
9.5218e-05,0.004675,0.00038054,4.6758e-05,1.1772e-06
0.00070626,0.0016761,1.2993e-05,7.7866e-05,0.0016896
0.0012115,3.8592e-05,0.00027715,2.1376e-06,0.0021078
0.00077269,0.0015743,0.00018515,9.1496e-05,0.0015712
1.3384e-05,8.875e-08,0.0013694,0.012158,1.8978e-07
0.0025002,7.6647e-06,3.0447e-08,4.989e-06,7.4485e-06
1.6738e-05,0.00027098,1.1402e-05,0.0067816,0.002072
8.5371e-07,1.5123e-05,5.2076e-06,0.012403,0.00061109
0.0019942,0.00010908,0.0011525,0.00078294,6.7051e-09
3.1928e-05,0.0022732,0.0011952,0.0022633,0.0011064
0.00065649,0.00065517,1.4996e-05,1.0325e-07,0.002681
7.4587e-06,0.0050511,1.0302e-05,8.5067e-05,2.6195e-06
1.1674e-06,0.00047938,1.1968e-05,7.1816e-06,0.0039832
0.0019511,7.801e-05,8.4666e-05,0.0026243,7.1048e-05
0.002308,3.4644e-08,0.00014128,0.00015583,0.0002356
0.0024361,0.00014631,2.8922e-06,2.4208e-07,2.7316e-07
0.00024945,1.2319e-08,2.8472e-05,8.8722e-05,0.0039279
0.001397,0.0021713,3.8798e-05,0.00016423,9.5033e-06
0.00023064,4.6987e-05,0.00041527,0.011175,0.0003509
0.00027265,1.8654e-05,7.8191e-05,0.012677,1.1176e-05
6.7163e-05,2.1913e-08,7.0818e-05,0.012377,0.00048309
0.0014708,1.7389e-05,0.0010653,0.00029463,0.0011906
1.5578e-05,4.6663e-05,0.0087387,1.6168e-05,7.7247e-07
2.5641e-05,0.0015338,0.0025233,0.0054838,0.00011589
0.0016795,0.0016599,4.6283e-05,1.4929e-06,7.0725e-07
0.00026705,0.0017324,0.0049163,1.4254e-05,4.7135e-08
0.0023992,1.8689e-05,0.00017488,0.0002716,7.279e-06
6.4589e-05,8.772e-05,0.0075114,0.00096273,0.00019952
0.002386,0.00021074,4.7809e-05,1.8103e-05,5.0079e-06
0.0025006,3.4126e-06,1.8532e-05,8.6991e-06,1.0685e-09
0.00031977,2.6313e-05,0.0063514,0.0019888,6.6987e-05
4.1104e-05,0.0046785,0.00056679,2.7972e-06,1.4219e-05
0.0020022,6.118e-05,0.0013836,0.00018481,9.4968e-05
4.1984e-08,2.6261e-05,0.0082535,0.00095247,1.0334e-06
0.00099929,8.2173e-05,0.00034522,0.00084213,0.0021532
0.0011757,5.1401e-05,9.1632e-05,0.00091188,0.0019744
2.3333e-06,0.0048154,0.00049179,6.8679e-06,1.1112e-07
0.00033697,6.5291e-05,0.007547,1.3281e-05,1.2035e-05
0.0024085,8.7387e-07,5.9572e-05,0.00022434,7.7957e-05
0.0013178,0.0024237,9.2279e-09,2.9316e-08,4.7939e-08
0.0023603,8.0386e-06,0.0001393,0.00038643,6.7508e-05
0.0024392,6.9736e-09,1.246e-07,8.0736e-06,0.00012014
0.00046573,7.0111e-06,0.0071233,6.3678e-05,3.0931e-05
9.7138e-05,6.9599e-05,0.0083938,6.0897e-06,1.1806e-05
0.00040868,4.3949e-06,0.0012422,0.0044402,0.0017167
0.00051737,1.5112e-05,0.00018237,4.2754e-07,0.0033948
0.0021915,3.1811e-07,1.5246e-05,1.4099e-06,0.00054944
0.00087581,1.3902e-07,6.997e-07,3.434e-06,0.0028673
0.0024334,4.578e-05,0.0001004,2.4984e-05,3.5931e-05
0.0025083,2.6037e-07,2.4941e-07,2.2977e-06,2.422e-07
0.00085503,1.1486e-06,0.0048691,0.0015892,5.3503e-06
0.0024013,3.3983e-07,3.657e-06,2.4499e-07,0.00018712
0.0019171,0.0010728,6.6059e-05,4.4959e-06,7.9471e-05
1.5666e-06,0,3.6851e-07,3.4217e-05,0.0043938
0.000299,0.002518,1.8733e-05,0.0016976,0.0011818
2.182e-05,0.001242,0.0062167,0.00070058,1.4803e-07
2.8269e-05,1.4437e-05,0.0055646,5.9833e-05,0.0015671
1.3633e-05,2.5142e-09,3.0587e-05,2.5201e-07,0.004368
8.1775e-05,0.0030844,9.9227e-06,0.00065564,0.0013962
8.2556e-06,1.2514e-05,0.0040301,5.9462e-05,0.0023651
0.0025087,4.4418e-07,3.5956e-07,4.5446e-08,8.0604e-08
0.00040248,4.8798e-08,2.3208e-07,0.00014103,0.0036571
5.1262e-06,4.931e-07,0.00032691,5.7672e-06,0.0042339
0.00026434,1.8743e-06,0.0078764,6.3102e-05,1.5817e-05
0.0025073,4.5678e-07,1.288e-07,5.3217e-06,9.3579e-07
0.00239,1.2469e-05,0.00034753,4.6957e-06,2.4517e-05
0.0019338,0.001096,0.00010955,3.2081e-05,1.7003e-07
0.0021493,0.00029629,1.2784e-05,0.0010687,4.4231e-05
5.4976e-05,1.544e-06,3.8928e-05,0.0075488,0.0019901
6.1827e-05,6.6258e-08,2.1384e-06,3.1154e-06,0.0042965
0.0021995,0.00027701,0.00058181,6.671e-07,1.5848e-05
1.6442e-05,0,1.0491e-05,5.052e-05,0.0043577
0.00027346,0.0043113,0.00020786,0.00029471,1.2171e-05
6.7956e-07,2.8134e-05,0.00017745,2.5375e-07,0.0042936
2.6924e-06,5.7262e-06,0.00029536,6.4815e-09,0.004251
0.00031194,4.6934e-09,2.3763e-08,5.2214e-07,0.0038591
0.00010258,1.6685e-07,1.8308e-05,5.0972e-06,0.0042162
0.00035249,0.0043464,4.466e-05,4.4914e-05,8.9056e-08
0.00038795,0.0023699,0.0031998,0.00027722,8.5464e-06
9.5685e-05,3.0597e-06,0.00038261,3.3337e-07,0.0040466
0.0022042,0.00055156,0.00010354,1.8724e-05,2.1905e-06
0.00041425,0.0042534,9.5978e-06,7.6725e-06,6.2573e-07
0.00094318,2.6627e-05,0.00017154,0.008418,7.7682e-05
0.00104,0.0029638,3.5041e-08,6.8221e-05,1.0908e-06
2.6528e-06,6.6774e-06,4.2918e-05,0.00035086,0.0042686
0.0020032,0.00066928,0.00055383,0.00011347,1.5878e-06
0.0022258,0.00039981,0.00025609,3.0496e-05,1.6059e-05
0.00059836,0.0034592,6.4293e-05,0.00070873,0.0001221
0.00032774,0.004269,0.00029466,3.4062e-07,3.99e-09
0.0024897,1.2617e-06,1.3346e-05,2.7335e-06,2.5476e-05
0,0.00023446,5.5369e-06,0.0044822,0.0028364
5.0262e-07,0.0050963,1.1399e-05,3.7102e-06,6.2587e-09
0.00068897,0.0016169,0.0012359,0.00047183,0.0010445
0.0015484,2.1681e-05,0.00058809,2.9791e-05,0.0013679
2.342e-05,0,0.0010623,0.011787,0.00024796
4.243e-05,0,4.6896e-08,3.963e-05,0.0043206
0.0013152,1.7284e-05,0.00019711,0.0008143,0.0017363
0.0025048,1.2281e-09,1.1823e-07,3.9712e-07,7.2858e-06
1.2682e-05,0.0021563,0.00099528,0.0066305,9.699e-06
0.00077486,0,0.0016767,0.0041292,0.00095655
1.2713e-09,8.178e-05,2.8837e-05,6.3414e-07,0.0043221
0.0021923,0.0006047,5.525e-05,2.9217e-06,5.9644e-06
0.001585,0.001637,0.0003306,4.9349e-05,3.0907e-05
0.00012426,0.0046211,0.00039717,2.9773e-06,1.7519e-06
0.0025048,3.9273e-08,1.3235e-07,7.2315e-06,5.1684e-06
0.0024653,1.1188e-06,9.5048e-06,0.00019568,1.1553e-05
0.0019988,3.6855e-06,0.0006304,0.0010659,0.00025558
7.6764e-05,0.0049192,3.3059e-05,3.0091e-05,1.3732e-07
6.7341e-08,4.5623e-07,4.8709e-06,3.0473e-08,0.0044043
0.00023705,8.0237e-05,0.00020944,0.00093384,0.0035332
0.0022091,0.00036316,0.00042087,1.5579e-06,4.0853e-06
0.0025065,1.5589e-07,2.0443e-06,8.6717e-07,3.0875e-06
1.8539e-06,0.0050994,3.4656e-06,7.4966e-09,2.0866e-10
5.2578e-08,1.67e-06,0.00089787,2.3055e-05,0.0039533
0.0022907,0.00011053,8.0741e-05,0.00047892,0.00010218
2.2445e-05,1.0002e-05,0.0087851,4.0683e-06,1.0285e-06
0.0025058,5.7731e-09,4.3526e-06,1.1366e-05,1.1801e-07
0.0025082,1.5638e-06,4.216e-08,1.169e-08,1.2045e-08
0.0011846,2.5524e-05,0.0014955,5.7493e-05,0.0015452
0.0012175,5.3294e-08,1.1732e-07,1.5422e-08,0.0022686
0.0004188,9.3506e-07,2.0047e-06,0.0015145,0.0032083
0.0011906,0.0013134,0.0023812,3.6007e-06,4.9556e-09
0.002483,4.4275e-05,4.0567e-07,1.9075e-05,1.5051e-06
0.00015187,1.8486e-09,6.8963e-05,0.0017,0.0035883
0.0013363,0.0013025,2.5392e-05,0.0028795,4.5645e-05
8.1799e-06,0.00034429,0.0010608,0.0085186,0.00097414
8.8008e-05,0.0049251,8.9252e-07,1.3057e-06,5.4718e-08
0.0024752,1.4525e-05,5.8912e-07,2.3806e-05,3.9359e-05
5.9865e-05,0.00050381,0.0001079,4.8923e-06,0.0038121
6.2028e-05,3.5454e-06,3.5619e-06,3.112e-07,0.0042933
0,0.004524,0.00085596,0.00025273,2.4202e-07
1.4635e-05,0.0048843,9.8299e-06,0.00052425,3.7516e-07
0.002509,1.7505e-09,6.0137e-09,1.9701e-11,1.002e-07
1.6317e-06,0.0050729,6.7519e-06,1.3764e-06,2.1225e-05
0.00025883,1.4982e-05,0.00023879,0.0049962,0.002299
0.0021871,0.00064752,1.1587e-05,2.6958e-06,4.1189e-09
0.002432,0.00013665,2.2042e-06,3.3247e-05,6.1911e-06
0.0021938,4.0388e-08,9.3184e-05,2.6666e-05,0.00049936
0.00055811,4.0394e-05,0.00074208,0.0026636,0.0022124
0.0024655,0,4.1187e-06,5.0678e-05,5.897e-05
0.0025082,6.6644e-08,2.526e-06,1.4101e-07,8.3803e-08
1.3873e-05,3.832e-05,0.00019288,0.013219,0.00022655
1.551e-06,9.7866e-06,2.036e-06,0.00018696,0.004338
0.0011656,1.9498e-06,2.9711e-05,3.1054e-05,0.0023338
0.00242,5.8159e-07,0.00026541,7.9124e-05,1.1978e-07
0.0003656,0.00014497,0.0071338,0.00032926,1.6316e-06
2.9941e-06,0.0050827,1.5184e-05,4.4402e-06,5.3038e-06
7.4725e-07,1.2962e-06,2.8749e-06,2.6626e-05,0.0043952
0.0020381,0.00029963,0.00051471,9.2025e-06,0.00031042
0.0020212,1.0992e-05,0.0017072,2.4902e-06,4.3861e-08
0.00059501,0.003676,0.00024601,0.00010884,3.3459e-05
2.4566e-08,0.0001602,0.0084044,0.00011673,6.5208e-05
0.00062309,2.0149e-08,7.6042e-08,1.0358e-06,0.0033123
0.0023038,0.00017886,0.00033595,0.00011594,4.2459e-06
0.0013563,0.0018968,0.00077878,2.9552e-06,1.4443e-07
0.0004648,0.0015481,0.0044275,0.0001364,1.7033e-05
0.0024064,1.4809e-07,8.6806e-05,0.00037136,2.3887e-05
0.0025063,6.7424e-07,6.4455e-06,2.8712e-06,1.69e-07
3.069e-08,0.0051028,7.585e-07,5.3132e-06,5.9949e-10
0.002504,1.03e-08,1.2719e-05,7.7058e-07,2.3489e-06
1.3162e-05,8.034e-07,1.4488e-08,9.3811e-08,0.0043833
0.00088136,7.266e-06,6.6716e-06,1.1173e-06,0.0028491
1.4752e-05,1.2808e-05,0.00019101,0.00078379,0.0040367
0.0024964,1.1261e-05,1.2007e-05,8.1103e-06,4.0354e-06
0.0025012,6.6099e-06,3.44e-08,1.0033e-06,7.7874e-06
0.00055483,9.8577e-05,0.0046901,0.0026434,0.00021617
0.00045384,0.0040865,3.5159e-05,0.00011122,3.0908e-05
0.0021719,0.00013664,0.00078804,0.0002524,6.5627e-06
0.002482,8.0581e-07,5.3938e-05,6.4311e-05,4.2978e-07
0.0018732,2.0531e-06,0.00053461,5.4759e-05,0.00083325
2.1742e-05,0.0049803,3.7352e-05,0.00015852,2.7889e-06
0.0023928,6.0383e-06,6.5781e-05,8.61e-05,0.00014015
0.0023212,8.715e-05,1.8102e-05,1.3322e-05,0.0002417
0.00034685,0.00046957,0.0032233,0.0018946,0.0012168
3.0494e-06,0.005097,2.5432e-06,1.4078e-06,3.4912e-08
0.0023988,1.2624e-08,3.4421e-09,5.5361e-07,0.0001935
1.4537e-05,4.4683e-08,4.4836e-08,6.1671e-06,0.0043797
0.0020007,0.0008739,2.3909e-05,0.00041481,2.621e-07
0.0025053,5.3448e-06,3.3287e-06,3.7438e-07,2.2181e-07
8.042e-07,5.1344e-07,5.0866e-08,1.4139e-07,0.0044053
4.815e-07,8.8607e-06,0.0087985,2.0374e-09,3.5187e-05
0.00012763,3.1414e-06,3.3541e-05,1.7282e-06,0.0041631
0.00062319,0.0016643,0.0015444,0.0032287,0.00012622
0.0019311,0.00093613,0.00039291,3.3769e-05,1.9175e-06
0.00010815,0.00058378,0.0055518,0.0031212,8.9668e-06
0.0020472,6.6877e-05,0.00023952,0.00016611,0.00058413
0.0010117,0.0025421,0.00087164,9.2517e-06,5.5962e-07
6.1654e-05,2.0217e-05,6.261e-06,0.013819,6.8001e-05
0.0025015,4.3899e-06,1.8909e-05,2.7004e-08,8.9252e-09
0.002206,4.2673e-05,1.5703e-08,1.5108e-07,0.00049545
0.00019746,1.8283e-06,0.00011139,0.011974,0.00035545
5.8123e-08,0.005105,2.2222e-08,9.4628e-08,1.6328e-08
0.00071037,0.00078986,0.0016969,0.0053518,5.4683e-06
0.0018275,9.4024e-08,3.5551e-06,0.00052951,0.0010339
0.00025715,0.00012443,0.0002223,0.012267,2.7579e-07
0.00041227,3.8518e-06,2.5919e-05,0.00031984,0.0035694
0.0023557,0.00017143,0.00020359,2.4928e-07,2.0227e-05
4.1892e-07,0.00034477,0.00024551,0.0092662,0.0011639
0.00010738,0.0041016,0.0013403,4.2394e-06,1.1774e-05
0.0019725,0.00075393,0.00058561,3.2237e-06,1.324e-07
0.0024655,8.4036e-05,3.6346e-06,6.998e-06,7.6221e-11
0.0010778,0.0010747,0.0010033,0.001303,0.00069166
0.0025083,1.408e-06,6.537e-10,1.6385e-09,2.0544e-10
3.3582e-06,0.0045705,0.00091768,1.9315e-06,8.2571e-10
0.00034946,7.1718e-06,8.6058e-07,0.0015862,0.0033035
0.001678,0,0.00010329,0.00019696,0.0013485
1.4437e-06,0.00036071,2.081e-06,0.012976,0.00013866
5.3461e-06,4.255e-08,1.2566e-06,2.3666e-07,0.0043971
0.0024413,9.139e-06,1.293e-06,5.4475e-06,0.00010873
1.7744e-05,0.00043531,0.0065383,3.0691e-05,0.00074828
9.3592e-05,0.0021709,0.00020251,5.8161e-06,0.0022665
4.0116e-06,1.0225e-09,4.2108e-08,8.8279e-07,0.0043998
0.002509,3.3257e-09,1.5889e-08,2.0699e-10,1.2336e-09
0.00010177,8.5961e-08,1.6873e-05,5.6747e-05,0.0042027
1.6398e-05,0.0028852,0.0035936,0.00034147,1.4036e-06
9.4506e-05,0.0037829,0.00011513,0.0020981,0.00027922
0.00048618,0.0034537,6.9818e-06,0.00067817,0.00036164
0.0010869,0.0021766,0.0011968,2.3193e-05,1.8312e-05
0.0013239,0.00011499,0.0001384,1.317e-05,0.0019099
0.0017123,0.00039101,0.00027184,0.0025688,0.00014439
0.00069116,0.0030595,0.0010997,2.0676e-05,2.697e-07
0.0016646,0.0017074,1.5382e-05,1.3932e-06,1.2657e-06
0.0010834,0.002565,0.00046132,8.7228e-05,3.4553e-05
1.6644e-08,2.3394e-05,0.0030907,1.4532e-06,0.0028538
7.6147e-06,0.00047814,0.0080181,6.6915e-06,2.535e-06
0.0024685,1.2443e-05,1.8235e-06,5.1206e-07,5.9453e-05
6.4878e-07,0.0008623,0.0069762,7.8732e-05,0.0001779
6.5876e-05,0.0048284,5.9137e-06,0.00039469,5.6516e-08
2.1864e-06,0.00077513,0.0066781,3.9597e-06,0.00042109
0.0021348,0.00037151,2.0888e-05,2.5376e-07,0.00032616
0.00088958,0.002356,0.00012444,0.0023158,4.3503e-05
0.0023753,5.0485e-06,2.1034e-05,4.4958e-06,0.00021875
1.2233e-06,0.0051004,4.0719e-06,6.9356e-08,3.0031e-10
0.0022481,5.7226e-06,0.00010358,5.3695e-05,0.00038575
0.00029792,1.7384e-05,0.0077337,0.00010171,2.4743e-06
0.00018874,0.0034551,0.00029813,0.0030952,2.1053e-06
0.0024788,9.5991e-07,1.4067e-05,9.9135e-05,1.5049e-05
0.00055063,0.00068983,0.0053135,0.00067664,3.1533e-06
6.3249e-05,0.0049667,1.6957e-05,1.9275e-07,1.1923e-08
0.0024055,3.2346e-07,2.567e-07,2.0593e-05,0.00017515
0.0010882,0.0021049,0.00013099,0.0017494,8.0701e-05
0.00037039,0.0039206,0.00033017,0.00013355,0.00016761
0.00036259,1.1891e-05,0.0014885,0.00053773,0.002858
0.00013776,0.00019461,0.0053771,7.9311e-05,0.0013063
0.001617,5.4961e-08,0.00019725,0.00029634,0.0013788
0.0024825,1.1598e-10,3.0035e-06,1.1782e-07,4.5133e-05
0.00013891,2.8983e-07,4.7491e-05,6.4945e-05,0.0041196
0.0013598,0.0023048,4.5034e-05,2.1609e-06,5.9232e-06
0.002426,0.00014168,9.4112e-07,6.3072e-05,3.7918e-06
3.1352e-05,0.00026933,0.00012786,0.013153,4.8944e-05
0.0024543,4.7208e-06,2.0928e-06,2.7926e-05,8.2446e-05
0.0017988,0.00071439,0.001183,4.6202e-05,3.0014e-05
0.00011847,5.2788e-05,7.3464e-07,1.5046e-06,0.0041527
4.8288e-05,0.00098947,3.0404e-05,0.011009,9.897e-05
8.3273e-08,0.0051048,2.8895e-08,5.2608e-07,1.5855e-09
0.002476,1.1315e-05,1.7879e-06,0.00012997,7.7251e-06
0.00047009,2.619e-05,0.0069101,0.00023325,6.0807e-05
1.5358e-06,0.0037687,2.7222e-05,2.9426e-06,0.0011367
0.0024095,0.00017139,2.1202e-07,1.413e-05,2.2461e-05
0.0016634,1.1411e-05,0.0021441,9.0456e-05,0.00038465
0.00065033,0.0027848,0.0017357,1.2935e-07,2.5822e-09
9.511e-05,0.00058313,0.0070185,0.00082815,3.6764e-06
0.0013643,4.7948e-05,0.001468,0.00016964,0.0011896
0.0020837,2.2454e-05,0.00016765,0.00016221,0.00059519
1.6857e-05,0.0022225,0.0046961,0.00042618,1.8665e-07
2.2034e-07,1.1517e-06,1.3306e-06,3.055e-05,0.0043958
0.00018311,1.3508e-06,0.0006686,9.9794e-05,0.0037224
4.4066e-07,9.6898e-05,0.008415,1.8433e-05,0.00014385
5.2199e-06,5.9434e-08,4.8532e-06,5.9199e-05,0.0043775
0.0024515,1.117e-06,3.3852e-07,2.2577e-07,9.9789e-05
0.0024634,1.7153e-05,0.00010763,1.1975e-06,1.1578e-05
3.0477e-05,0.00013952,0.0028115,0.00010335,0.0028074
0.00058202,2.454e-05,0.0010572,0.0092855,1.033e-05
0.002463,1.3399e-06,2.7624e-06,9.3955e-05,4.9654e-05
3.5018e-05,0.0050211,9.5617e-07,3.4743e-05,9.1228e-09
8.1809e-06,0.00042153,0.0080213,0.0001668,3.1695e-08
1.543e-05,0.0039945,0.00030843,0.0023941,4.9372e-05
0.00016136,2.8829e-09,1.634e-06,4.6293e-07,0.0041228
1.7884e-05,5.1016e-05,3.0539e-07,5.8833e-06,0.0043298
0.00034942,1.994e-08,1.1635e-07,5.052e-07,0.0037932
0,6.9782e-05,0.0049107,0.0046858,0.0004839
0.0021773,0.00051223,2.2667e-06,0.00033926,3.5944e-05
0.00042883,0.0035447,0.00037003,9.3344e-05,0.00038199
0.00014654,0.0046937,0.00017893,1.8202e-05,3.5916e-06
1.7217e-05,0.00011042,0.00070189,0.012416,0.00015059
0.001969,0.0010968,2.8893e-07,3.2587e-06,5.4491e-07
0.00044832,5.3717e-05,4.6802e-05,3.5962e-06,0.003549
9.4165e-07,5.7609e-06,0.00026383,0.013698,9.6171e-05
0.00055636,0.0013299,0.0037221,0.0011839,7.5274e-05
9.9076e-07,0.0013093,0.0022163,0.001046,0.0018573
0.00039943,0.0037134,0.00057186,0.00069918,3.2639e-06
0,0,5.1061e-06,0.0011704,0.0040481
0.0024956,2.6044e-05,9.6204e-09,2.9312e-06,1.7783e-07
0.00044488,2.4445e-07,1.2388e-05,3.1154e-07,0.0036193
0.00015048,0.0039336,0.0014713,4.5563e-05,3.5219e-06
0.0024101,4.2028e-07,0.00017822,0.00027836,2.4989e-07
0.0023009,1.7433e-08,1.4253e-05,4.9775e-06,0.00035694
1.975e-06,0,6.0755e-07,0.00017957,0.0043487
0.00043491,0,4.5731e-06,0.00052003,0.0034825
0.00047984,0.0027643,0.001073,0.0021146,1.629e-06
1.7756e-06,0.001791,3.0741e-05,0.00052148,0.0026838
4.2055e-06,4.1713e-06,3.103e-07,5.2544e-08,0.004396
0.00051495,0.0038546,2.7422e-05,5.0464e-05,0.00014611
0.0014798,8.018e-07,3.787e-05,2.9442e-06,0.0017875
3.4081e-05,0.0049895,7.8304e-05,4.0202e-06,7.4565e-10
0.00075906,0,5.3767e-05,0.0060259,0.0012113
0.00084648,0.00018573,9.3559e-05,0.0070051,0.00057931
9.9009e-05,0.0026738,0.0016975,0.0021858,0.00041722
0.0024471,0.00012318,4.9203e-06,2.6045e-08,3.8682e-12
0.00046963,0.0041481,2.1825e-08,4.3102e-06,2.9227e-08
5.1464e-06,3.5227e-07,2.2716e-07,8.4619e-06,0.0043952
0.00023209,0.0042597,4.7153e-05,0.00011792,0.00026296
0.00032764,1.5324e-06,2.8744e-06,0.00033353,0.0037273
0.00062892,0.0023645,4.7591e-05,1.4486e-05,0.0012333
0.00040009,2.3259e-05,0.00020379,0.0011068,0.0032461
3.2444e-05,4.0712e-05,0.0072966,0.00037415,0.00058242
8.6326e-06,0.0050876,2.5644e-09,3.3944e-09,1.6704e-10
1.408e-09,1.5362e-08,5.3442e-08,4.8715e-06,0.0044057
0.00017273,0.00055869,9.1203e-06,0.010354,0.00046234
1.4973e-05,2.5221e-10,6.7329e-07,0.0002842,0.004294
0,7.6762e-05,8.1087e-05,0.013707,0.00012447
2.8561e-05,0.0043052,0.0012904,1.0568e-06,1.8002e-07
0.0007418,0.0003275,0.00049032,0.00033442,0.0024764
0.0024109,2.0064e-05,2.1731e-06,5.2665e-05,0.00013786
0.0024739,5.9647e-07,7.7648e-07,1.2131e-06,6.0411e-05
0.0024753,6.7732e-05,3.3858e-08,9.6298e-08,7.1623e-07
0.0019394,0.0006557,1.1419e-05,0.0011933,6.5384e-05
0.0023298,4.2138e-07,3.3589e-05,8.1491e-05,0.00027302
2.16e-06,0.00041146,0.00012029,8.937e-05,0.0039613
6.2854e-05,0.00046976,0.0040755,2.5304e-05,0.0018624
1.2408e-07,0.0051042,7.3978e-07,3.3478e-07,1.4631e-07
4.9871e-05,3.0579e-06,1.874e-05,4.1981e-06,0.0043064
0.00074082,0,9.0462e-06,0.003393,0.0020677
2.4686e-05,0.0043978,0.00039652,0.001084,4.0406e-05
0.0021384,0.00041896,0.00024599,0.00042848,3.6771e-05
0.0017968,0.0014339,2.0805e-06,2.2318e-06,1.1464e-05
0.0024364,1.2922e-05,3.2518e-06,0.00027963,2.9559e-05
0.00022485,0.0046291,2.3331e-05,1.4419e-05,1.1881e-07
2.1534e-06,0.0050914,1.3717e-05,8.5934e-07,1.1043e-06
3.6514e-05,3.0559e-07,5.0145e-08,0.00021871,0.0042761
0.00099654,0.0028179,3.2961e-05,0.00068143,1.8857e-07
0.00085586,6.9333e-05,0.0053388,5.1423e-05,0.00018064
0.00013765,0.0017017,0.0033337,0.0026394,0.00023896
0.0025034,4.4662e-07,6.0632e-06,4.5251e-06,5.1558e-06
6.2051e-06,4.6819e-05,0.0080147,5.4783e-05,0.00036439
8.0808e-05,4.4316e-06,2.0244e-07,2.7018e-06,0.0042605
1.1345e-06,0.00077794,0.0065281,2.3568e-05,0.00048891
0.0015517,0.0013099,0.0010033,0.00016955,1.622e-06
0.0024949,1.6209e-05,1.1545e-08,1.0437e-06,1.0503e-05
0.0025011,7.6396e-07,1.6689e-07,4.3865e-08,1.3238e-05
0.0021328,0.00031831,0.0001345,0.0010182,9.1186e-06
0.0021863,9.8055e-06,0.00021821,0.00026829,0.00036853
3.264e-05,7.7406e-05,0.0061142,0.0040785,8.1578e-06
0.00099213,0.0030842,2.3277e-07,4.8114e-06,4.3008e-07
0.0018702,0.0010582,9.3206e-05,5.8331e-06,0.00016061
0.0022195,9.0757e-07,1.094e-06,5.517e-06,0.00050565
8.8904e-06,0.005087,5.411e-08,1.5431e-07,3.5547e-08
0.0010749,0.00012735,0.00028377,4.3831e-06,0.0022671
0.0025041,6.524e-08,1.4169e-05,6.8356e-09,1.5091e-06
0.00062647,2.2101e-05,2.1805e-05,0.00013351,0.0032362
0.00055194,0.0027451,0.0016711,0.00073546,1.5031e-05
1.6972e-05,7.0171e-08,1.3574e-08,4.8325e-06,0.0043758
0.0024444,1.1693e-05,1.3443e-05,0.00024722,2.1467e-05
2.5629e-06,1.5462e-06,1.0686e-05,0.00010511,0.004364
4.0163e-06,2.9961e-05,0.0052439,8.0307e-06,0.0017712
0.00031803,9.0014e-05,0.0066528,0.0015107,1.12e-05
0.0024805,4.6911e-06,9.0341e-05,1.1818e-08,1.3317e-06
0.0019303,1.3945e-05,0.0018976,3.3543e-05,5.3271e-05
0.001995,2.7794e-06,6.8661e-05,0.00010673,0.00083402
0.0012504,0.002056,0.00064332,9.488e-05,8.8032e-05
0.0014662,0.0020966,4.3978e-05,1.1811e-07,6.5292e-08
0.0023913,5.3938e-06,6.4525e-06,1.4793e-06,0.00019842
2.4354e-05,1.0279e-07,8.9253e-06,3.6297e-05,0.0043488
8.185e-07,0.0039702,0.0018019,6.3992e-08,8.4767e-05
0.00035213,0.001302,0.0043822,0.0012696,0.00010453
0.0024293,2.7792e-07,1.9177e-05,0.00042784,4.9139e-09
0.00014663,7.3249e-05,0.004884,1.8266e-05,0.0016587
0.0014319,0.0021648,8.2304e-07,4.135e-05,1.0224e-05
0.00029981,0.00033966,0.0072106,3.646e-05,2.38e-07
0.00055636,0.0013299,0.0037221,0.0011839,7.5274e-05
0.0024899,3.8551e-05,1.381e-09,1.7224e-08,3.0183e-07
0.00091742,0.0031951,3.1614e-05,6.3758e-05,2.3512e-06
4.0639e-06,0.00077856,0.0001497,2.4602e-05,0.0036462
0.00015095,0,1.4073e-06,7.8456e-05,0.0041174
0.00092574,6.6527e-06,0.00016006,0.0066238,0.00067789
0.000472,1.458e-05,0.00018541,0.011316,2.5989e-05
0.0015031,6.0517e-05,0.00041689,9.6414e-05,0.0014785
0.002505,3.8196e-08,9.1121e-06,9.4335e-07,2.1614e-06
0.0020115,1.1988e-07,5.7012e-06,0.0011808,0.0005112
0.00056048,2.4319e-07,1.0788e-05,7.7487e-07,0.0034169
8.9429e-06,6.4555e-07,4.0039e-09,4.706e-06,0.0043895
0.0024485,4.9434e-05,3.7247e-05,6.6874e-08,4.5115e-05
0.0020967,0.00053581,0.00052383,6.513e-06,2.0196e-08
2.5076e-07,1.4015e-05,0.0037551,0.0001215,0.0024953
0.0010973,0.0014938,0.0023348,1.027e-05,2.9039e-05
4.7445e-06,2.4283e-05,6.6275e-05,8.5099e-07,0.0043448
7.38e-06,3.7124e-08,7.4303e-10,6.3631e-10,0.0043942
0.0017397,8.4953e-06,9.5114e-07,4.995e-06,0.0013421
0.00022676,0.00031808,0.0061062,0.00030698,0.00061245
0.0025088,3.7687e-09,3.1032e-09,1.5432e-08,4.33e-07
0.0023504,9.1105e-07,1.7298e-05,1.9774e-05,0.00026331
0.0011172,0.00014836,5.5164e-06,0.0037357,0.0011757
0.00046437,7.12e-05,0.0069946,7.0495e-06,5.9035e-05
0.0024021,5.1351e-06,3.1109e-05,0.00019878,0.00010747
0.0024055,9.9947e-06,0.00023054,8.883e-05,3.1801e-05
3.9807e-06,4.1716e-07,1.3323e-06,5.1498e-05,0.0043835
0.0025018,1.1978e-07,3.7725e-06,6.0152e-06,8.8512e-06
0.0005455,6.8548e-06,4.3903e-05,3.0757e-05,0.0034119
0.00036491,0.0036123,0.00012859,0.0014256,0.00014973
2.4135e-06,0.00080566,0.0073672,0.00014385,9.9635e-06
3.7028e-05,0.0034323,0.0010427,2.7266e-05,0.00085372
1.1012e-06,0.0042012,0.0015144,8.9825e-05,5.1173e-08
0.0021971,3.0994e-05,0.00019447,4.9526e-05,0.00040962
0.00032291,0.00019563,0.0052326,0.0002294,0.0010062
0.0024817,4.6219e-07,1.5145e-06,5.9252e-05,2.8862e-05
0.0023704,2.5515e-05,0.0002414,0.00018772,4.4599e-05
2.89e-07,2.0266e-09,8.2704e-07,1.9796e-09,0.0044063
0.0015676,5.2957e-06,3.3813e-05,4.4424e-06,0.0016309
0.0024608,4.3184e-06,0.00016046,8.8771e-08,1.3652e-06
3.6048e-08,1.7225e-09,1.5884e-06,3.6894e-06,0.0044052
0.0023893,0.00018795,9.122e-05,5.6651e-06,1.0455e-06
1.7584e-09,4.2746e-11,8.0659e-11,8.8913e-08,0.0044072
0.0024447,1.1557e-06,0.00017587,3.5835e-05,1.3817e-05
0.0024542,9.4554e-05,3.0091e-06,1.1114e-07,1.308e-05
0.0023465,6.9191e-07,0.00012444,0.00071781,4.4749e-06
0.00034243,0.0043946,2.3627e-05,8.8235e-07,1.1674e-09
0.0024674,1.5804e-05,5.0751e-05,1.2195e-05,3.0574e-05
0.0024443,6.1805e-05,4.8281e-05,8.1949e-05,1.1509e-05
0.00077481,0.0031116,9.2145e-06,0.0011604,1.9017e-06
0.002506,8.0244e-08,9.6562e-09,9.4866e-10,5.1846e-06
3.188e-05,0.0035899,0.0024592,8.2723e-05,7.3731e-06
2.2788e-06,0.00015664,3.9582e-05,0.013913,9.446e-06
7.7224e-06,2.2402e-06,0.0013186,0.0006347,0.0035444
0.00021115,4.106e-08,0.0011528,2.7367e-06,0.0034637
0.00019682,0,0.0068507,0.0021754,1.1419e-06
0.0017092,1.811e-07,3.3326e-05,3.0648e-05,0.001379
0.00096854,1.4743e-05,0.0012699,1.859e-06,0.0020628
2.6325e-05,0.004608,0.00068077,1.0914e-05,4.2077e-05
4.3634e-05,6.5545e-07,6.8764e-05,0.00032789,0.004196
0.0021325,0.00031511,0.00077699,1.2075e-05,4.2991e-07
0.00010992,0.0047695,0.00019397,8.4745e-07,2.8629e-07
2.7462e-06,0.004227,1.6216e-05,0.0020452,0.00012211
7.0888e-05,1.9677e-06,1.3673e-05,0.00013431,0.0042333
2.2855e-05,0.00014436,0.008447,1.3819e-05,4.9047e-05
0.002024,0.00081656,4.2759e-05,9.8321e-05,9.5836e-05
2.1466e-05,0.0043987,0.00043047,6.2572e-08,0.00035866
0.00079542,5.7174e-05,0.0024756,0.0056302,1.7561e-05
0.0024628,1.9321e-07,4.2028e-06,0.00025762,4.6612e-07
0.0010297,0.00049578,0.0043461,4.9369e-05,8.9764e-08
1.6701e-06,0.0050768,1.22e-06,5.9973e-05,2.7423e-06
0.00060814,0.0032086,5.6717e-05,0.0014937,8.5882e-05
0.00028496,5.7615e-05,0.0066818,7.4495e-05,0.00052046
0.0021106,4.8645e-05,0.00019272,0.00038944,0.0004436
1.8699e-07,0.0011034,4.9707e-05,5.5124e-08,0.0034296
9.3449e-06,0.00049757,0.0076751,4.293e-05,0.0001418
0.0023683,1.2721e-07,3.8601e-05,0.00046024,8.7657e-05
0.0015716,6.3039e-07,7.8355e-05,0.0043885,0.0002701
0.00014514,0.00031107,0.0031101,0.0074015,8.6284e-05
0.0017335,0.0010905,0.00039719,0.00067918,1.6904e-05
2.9083e-06,0,0.00044769,0.0012688,0.0037935
0,1.5979e-06,0.0011736,0.0075693,0.0015176
0.0020444,0.00066358,0.00047421,6.3691e-07,7.9925e-06
2.5435e-05,5.3442e-06,0.0087574,4.673e-05,5.3542e-07
1.343e-05,0.0038068,5.3133e-07,0.0020108,0.00048439
4.7737e-05,0.00026382,0.0077098,0.00017444,0.00021889
0.002072,0.00017403,0.00042516,1.2014e-05,0.00040292
0.00095179,0.0030605,7.2633e-06,0.00026953,7.583e-06
1.6858e-05,4.3378e-06,4.4195e-06,5.1862e-05,0.0043558
0.00098361,2.4142e-06,0.0015389,4.2155e-05,0.0019013
0.00020729,0.004298,0.00055118,0.00010076,2.8669e-05
0.0010285,4.6995e-05,0.0044532,0.00018203,0.00029611
2.706e-05,0.00336,0.00184,0.0017519,1.2773e-05
0.00028046,0.0033021,7.2301e-05,3.9154e-05,0.0010162
0.0012962,3.9793e-05,0.0039653,0.00041481,3.0923e-06
7.7514e-06,2.1699e-06,0.0088522,4.7881e-06,1.211e-07
5.2908e-11,2.2074e-09,6.7586e-09,3.2898e-07,0.0044071
0.0025073,3.2939e-06,2.0633e-07,1.0406e-08,5.3048e-08
0.0016199,0.00013817,0.002781,0.00018626,6.57e-06
5.1985e-06,0.0050437,8.8297e-05,5.9677e-07,1.7386e-08
0.00056748,0.00032487,0.0063033,6.0847e-06,2.0603e-06
0.0019654,9.9659e-06,0.00079739,5.18e-06,0.00054925
2.4465e-05,0.0050525,3.5913e-06,2.3567e-06,9.7563e-09
0.00042489,0.0016535,2.2812e-05,0.00031727,0.0021255
0.0015309,6.5087e-07,0.00096816,0.0001849,0.001181
0.00067654,0.00024472,0.0031957,0.00015415,0.0013757
1.4744e-05,9.0615e-05,5.5669e-06,0.0001441,0.0042564
0.0012582,0.0019896,0.00092176,1.2401e-05,1.864e-05
1.4334e-05,3.5714e-06,6.5133e-05,1.4303e-06,0.0043462
3.9468e-05,5.5226e-05,0.00865,8.4779e-07,8.5567e-08
0.00083275,0.0033405,4.2846e-07,0.00019604,7.2897e-07
0.001296,5.6504e-07,5.0217e-08,0.00010722,0.0020976
0.0013446,5.7053e-06,0.0012214,0.003787,0.00028087
0.00066932,0.003619,2.7197e-05,3.8326e-05,8.2168e-05
0.0023782,2.3508e-07,9.5841e-06,0.00048451,7.7179e-05
0.0024694,1.5589e-05,9.9973e-05,2.138e-05,7.3514e-10
0.0025085,1.3899e-09,4.9317e-11,2.6088e-09,9.0115e-07
0.00012656,6.5451e-07,0.0004739,0.0094158,0.0010806
6.3334e-05,0,6.4787e-06,0.0082796,0.0017702
0.00043718,0.0002491,0.00011273,0.00039505,0.003248
1.6537e-10,0.0050718,3.4361e-05,2.0134e-05,5.6482e-06
1.0053e-05,2.5407e-05,3.8898e-06,0.00011082,0.0043319
4.9866e-05,2.1329e-05,5.5235e-06,8.3272e-05,0.0042731
0.0013233,7.9324e-06,0.0015274,0.0043243,9.4996e-07
0.0011775,0.00011328,0.0021396,0.0036657,6.3093e-05
0.00070482,0.0012567,0.0037817,0.00067902,1.9221e-06
0.00095976,0.00016014,0.0052021,7.9206e-06,7.3991e-07
8.7348e-06,6.7952e-07,3.7822e-09,3.9882e-06,0.00439
2.5458e-05,0.0048419,3.2817e-05,0.00013108,0.0001264
2.7904e-05,6.009e-05,5.993e-05,0.013506,0.00016163
0,0,0.00023568,0.0085244,0.0016932
7.9303e-05,0.0048146,1.5691e-05,1.1784e-05,0.00010018
0.00018462,0.0042204,0.00028098,0.00096655,5.7231e-06
0.00030873,0.0035525,0.0015606,2.2263e-05,1.7335e-05
0.0014571,0.0006047,0.0025497,0.00019896,5.99e-07
0.002501,1.7132e-07,2.8012e-05,4.1843e-10,1.3312e-08
6.1874e-07,0.003811,0.00087181,0.00031162,0.00058887
0.00013351,4.3237e-06,2.293e-06,5.6151e-07,0.0041676
0.0023869,2.7049e-07,0.00020865,0.00031639,1.4485e-05
2.1517e-06,5.0698e-06,1.3503e-06,4.5901e-06,0.004397
0.0019758,0,0.0015689,0.00038088,4.2563e-05
9.6563e-06,7.0309e-05,5.9508e-05,0.0035278,0.0032252
0.00068074,0.0028865,9.04e-05,0.00023151,0.00060422
0.0018716,6.8655e-05,0.0014809,0.001062,2.4849e-06
0.0012003,0.00025418,4.3731e-05,0.00015459,0.0020106
0.00084073,9.9071e-05,3.5262e-05,0.0030721,0.0018914
0.0020425,0.00082425,0.0002079,1.0102e-06,4.4401e-06
1.1699e-06,0.0023886,1.7756e-05,0.0072965,0.00011124
1.5555e-06,3.1585e-05,0.0008234,0.0097408,0.0010011
0.0010067,0.00062518,0.0041609,9.9824e-05,5.2303e-06
1.3749e-06,0.0041979,1.3784e-05,0.0024703,2.1346e-05
9.6961e-05,0.0039057,0.00022371,0.00084237,0.00049764
5.7229e-05,0.004762,0.00036663,8.6079e-07,1.3634e-05
0.0021529,7.5563e-05,0.0010296,5.9618e-05,3.1462e-05
0.00083463,1.903e-05,5.3741e-06,5.1057e-05,0.0029065
1.0038e-05,2.8365e-07,1.3624e-06,0.00011271,0.0043543
0.000133,0.004834,4.9914e-07,9.6929e-07,1.3747e-09
2.2853e-06,4.6317e-05,5.8642e-06,1.1734e-06,0.0043599
7.3737e-06,0.0050564,4.5399e-05,7.0404e-06,4.5426e-06
0.0003253,2.5679e-06,6.3263e-06,0.0071311,0.0016578
9.7672e-05,0.00042586,0.0066383,0.00014609,0.0005313
0.001221,2.8507e-05,5.4133e-05,0.0059726,0.0003914
0.0024801,1.5533e-07,2.6344e-07,6.7924e-06,4.8523e-05
0.0017414,0.00013747,0.0003048,0.0015196,0.00061556
0.0024764,1.0294e-07,9.0416e-07,1.2773e-05,5.2855e-05
5.5256e-05,0.0049918,1.5108e-06,3.1276e-07,3.9077e-09
3.3478e-05,0.0050339,4.2997e-08,1.449e-06,2.314e-06
2.0256e-05,0.00072025,0.0012477,0.010086,5.7999e-05
9.2951e-06,2.5276e-10,1.03e-09,2.7325e-07,0.0043908
0.00020898,4.8978e-07,0.0003994,3.5839e-05,0.0038307
0.0025071,9.0593e-07,1.2932e-06,7.931e-07,1.6874e-06
0.00046802,0.00041795,0.0059229,0.00056156,0.00011582
0.00026416,0.0045449,7.595e-07,1.1467e-05,1.5824e-05
0.0003258,0.00099468,0.0055763,1.7165e-06,0.00021025
0.0018874,0.00027932,0.00084558,0.00013658,0.00038977
0.00017088,0.00011744,0.0074213,0.00026185,0.00024537
0.0023041,6.5787e-07,0.000143,0.00093834,2.5638e-06
4.211e-07,0.0050351,8.3259e-05,6.0298e-05,1.0267e-07
0.00090679,1.0026e-07,0.00047492,0.002356,0.0018609
6.1055e-07,9.6068e-06,1.0705e-05,2.1428e-09,0.0043925
1.759e-06,7.7003e-10,4.9916e-07,2.8067e-06,0.004403
2.433e-07,0.0018442,0.0018893,0.0061386,7.4802e-06
9.0074e-05,0.0046013,5.2827e-07,0.00090587,5.0109e-07
0.0003087,0.00042354,2.1903e-05,0.00054401,0.0033227
0.0025035,2.39e-07,6.3337e-06,1.8193e-05,8.5715e-07
0.0012365,0.0019765,2.0705e-05,0.0014249,8.4517e-05
0.00067863,1.6708e-07,2.6338e-08,3.8405e-05,0.0032033
0.0024698,7.691e-07,3.497e-07,3.5975e-06,6.6915e-05
5.3844e-05,0.002432,6.5883e-05,0.0038845,0.00099695
0.001493,1.5068e-05,0.003556,5.6974e-07,8.0193e-06
0.0022,1.6367e-10,1.2022e-08,7.2567e-06,0.00054053
0.0016974,0.0016499,7.3071e-07,1.4421e-07,8.5824e-07
0.0009194,1.0207e-05,1.2435e-05,0.0038941,0.0015908
0.0022086,3.9395e-06,2.2058e-05,0.00096883,0.00021824
8.9988e-06,0.00016334,1.5002e-05,6.3379e-05,0.0042236
0.00015675,0.0039857,8.9473e-05,0.0021214,4.2774e-07
0.0001508,3.4674e-09,0.00012602,9.8706e-05,0.0040497
0.00089111,4.959e-08,0.00097986,0.00041358,0.0022299
0.00032084,0.0025537,4.0737e-05,1.6526e-05,0.0016138
0.00031225,0.00013569,0.00053548,3.9525e-06,0.0034748
0.0023798,0.00025595,9.04e-06,2.7631e-06,7.4141e-07
0,0.0012925,0.00060177,0.0057467,0.0012421
0.0025034,4.3711e-06,6.3617e-06,2.6115e-06,2.246e-06
0.0024062,8.5071e-07,0.0001171,0.00039664,9.9044e-07
0.00019051,5.6907e-06,0.0014062,0.011033,8.8321e-06
3.1814e-05,1.6065e-07,6.2878e-08,1.5647e-07,0.0043511
0.0024982,6.8017e-06,5.3232e-08,2.5602e-06,1.2284e-05
5.2082e-09,8.8325e-07,2.7567e-06,1.0473e-05,0.0044019
0.0024978,2.3562e-07,3.6281e-05,3.8239e-06,3.4667e-07
0.0024999,8.1647e-09,2.1262e-06,4.529e-07,1.4826e-05
0.00059347,0.0032189,0.0003327,0.001228,4.6811e-05
0.0020989,0.00057858,0.00039467,1.864e-05,1.9524e-05
0.0025087,9.0626e-09,2.2888e-07,3.4178e-09,5.3282e-07
0.0024843,1.2454e-07,5.5727e-05,9.0483e-09,1.5691e-05
0.00027266,0.0043473,0.0002689,0.00013432,1.0737e-06
0.0016206,8.4498e-05,0.0021247,1.5859e-06,0.00043348
0.0021408,2.3088e-06,2.8869e-05,1.8107e-06,0.00062993
1.7788e-07,2.8571e-08,1.1161e-07,7.6534e-07,0.0044066
0.00058061,0.0020534,0.0016562,0.0012253,0.00041996
5.1195e-05,6.5682e-05,0.0017406,0.00017645,0.0033436
0.00046101,1.7129e-08,5.9986e-06,3.7576e-05,0.003583
0.0019258,0.0009282,0.00044955,2.6306e-08,1.3436e-07
0.00022082,0.0001551,0.0063104,8.9717e-05,0.00072852
0.00012715,0.0048442,1.1049e-06,4.541e-06,4.387e-08
0.0025039,2.0691e-07,1.876e-10,5.0752e-09,8.7841e-06
0.0019027,0.001181,4.8115e-05,5.0829e-05,6.2252e-06
2.1723e-06,2.8726e-09,1.1411e-05,6.0514e-07,0.0043975
0.00075782,2.8756e-06,1.4927e-05,0.00021106,0.0030019
0.0023887,8.059e-05,0.00025775,3.4112e-05,3.5148e-06
8.9992e-05,3.2906e-06,5.0371e-05,0.010233,0.0011037
0.0021316,1.017e-06,3.4243e-05,0.00018767,0.0005879
3.5457e-06,0.0015143,4.0987e-05,9.3712e-08,0.0030733
5.5072e-06,0.0050932,1.4006e-06,8.8803e-10,8.8555e-11
0.0016081,2.1334e-05,0.00015176,1.0644e-07,0.0014887
0.00063593,0.00022431,0.00031004,0.0014657,0.0024962
0.0024174,9.8233e-05,0.00012186,4.1016e-05,3.2993e-06
5.8032e-05,0.0049538,5.7876e-05,3.6048e-07,2.1574e-10
0.00228,2.0399e-05,0.00070062,0.00011,3.7309e-06
0.0019283,9.3065e-05,2.1401e-05,0.0029567,2.8285e-05
0.002175,0.00065306,5.0336e-07,4.9461e-05,7.732e-06
0.00062612,0.00013007,0.00031377,1.0744e-05,0.0030362
0.00092832,0.00017238,2.9886e-05,0.00029781,0.0025222
0.0020207,0.00021669,0.0013439,7.4689e-07,3.9057e-06
0.0023392,0.00022677,0.00014079,4.6763e-05,1.8514e-05
0.0013034,0.0023984,9.4959e-05,5.3853e-07,9.9543e-09
0.00013651,0.0017399,0.0047144,0.0010163,1.7707e-05
0.00012998,3.0491e-05,0.00013678,0.0015329,0.0036177
0.0003309,8.3155e-07,0.00046219,2.5477e-05,0.0035883
0.0011204,2.407e-06,9.443e-05,0.0061536,0.00051538
9.22e-06,0.0050033,2.4744e-05,0.00019528,1.7112e-08
0.00014677,0.00019984,0.0079948,3.808e-05,3.4159e-07
0.00086955,0.0012704,0.0029829,0.00099614,2.4869e-07
1.9335e-05,0.0043898,1.5665e-06,0.0018577,1.6904e-05
4.7939e-05,2.6151e-06,5.7636e-06,0.0013633,0.0039025
0.0023263,0.00019964,1.561e-05,0.00010152,0.00010997
9.0374e-05,1.4968e-06,0.0071339,0.0010248,0.00039694
6.7368e-05,0.0015925,0.0051197,0.00097581,7.7787e-05
0.0024178,1.459e-05,6.5092e-06,0.00017924,8.9818e-05
6.0671e-05,0.00491,5.5426e-05,0.0001124,1.8256e-07
0.0020493,0.00092617,9.6195e-06,1.0278e-05,2.79e-08
7.7822e-06,0.0036122,5.9581e-06,2.1731e-05,0.0012656
8.781e-05,0.0048046,0.00020638,9.5429e-06,0
0.0025081,1.151e-06,8.4419e-07,6.4716e-07,1.2567e-08
9.8873e-06,0.0050675,2.8314e-05,3.8428e-06,5.1915e-09
0,4.4509e-08,9.4e-06,9.0924e-05,0.0043748
0.0015516,3.1106e-09,7.9804e-06,1.4344e-05,0.0016734
0.00075387,0.00010126,0.00282,0.0051137,3.9046e-05
0.0024739,3.6632e-06,5.7847e-05,9.6105e-06,2.6983e-05
0.0024682,3.0929e-05,8.0152e-05,1.6471e-05,3.257e-07
0.002068,1.0571e-05,0.00061017,5.4081e-05,0.00044647
0.0019176,1.6533e-05,0.00157,0.00080225,1.5184e-06
0.00051939,0.0037831,0.00021172,2.4654e-05,0.00011647
0.0025024,2.5712e-06,1.5262e-06,1.6492e-05,3.7201e-06
3.5542e-08,0.0001086,0.0086972,3.3549e-07,2.4269e-08
0.00029841,5.6313e-08,8.9937e-08,1.2249e-07,0.0038829
4.6907e-05,2.452e-05,0.00026565,0.00076079,0.0039401
0.0016826,0.0016731,1.4712e-07,2.3117e-05,1.583e-07
0.00014895,4.5354e-09,9.3365e-08,1.0165e-06,0.0041452
3.6195e-05,3.6721e-09,2.8958e-05,5.6361e-07,0.0043291
0.0012215,0.00096928,0.00028054,0.0037369,0.00014722
0.0022114,1.9964e-06,0.00099648,1.3065e-06,2.653e-05
0.0020887,0.0008553,4.7196e-08,1.5708e-08,1.6842e-09
0.0024512,6.2311e-06,7.11e-06,0.00017575,3.9185e-05
2.8472e-07,0.0025361,1.0784e-05,1.5475e-05,0.0022073
6.5165e-06,0.0048705,0.0002291,0.00022697,8.4116e-06
0.0025055,8.2808e-07,1.0187e-05,5.4298e-08,4.7033e-07
0.0019552,1.638e-07,2.3097e-06,2.1133e-05,0.00096511
0.00049311,0.0040943,8.5729e-06,7.1661e-06,7.2329e-08
0.0019877,2.5097e-06,3.3269e-07,1.6725e-05,0.00090825
0.00015875,0.00092773,1.1491e-05,0.00086138,0.0030593
0.0025026,1.2565e-05,2.0793e-07,8.3428e-08,3.0557e-07
0.0021353,1.5759e-05,2.7869e-05,1.1895e-05,0.00062549
0.0025005,8.7395e-06,6.2276e-06,1.4529e-05,1.8234e-09
0.0010199,6.3256e-07,0.0049126,5.0014e-05,0.00016362
0.00021945,0.0014203,0.0046806,0.00099363,0.00017159
0.0024555,6.9218e-05,5.5507e-05,2.177e-05,1.0109e-07
0.0024433,1.856e-06,7.7668e-08,5.5317e-06,0.00011213
0.00010717,0.00035053,5.3183e-06,1.3578e-06,0.0039133
4.1787e-07,1.8126e-07,2.7748e-07,0.00017988,0.0043514
8.7026e-06,8.6483e-05,0.00012817,0.00063649,0.0040598
5.6027e-05,0.0003567,0.0026776,0.0001416,0.0026298
0.0025011,2.0815e-06,2.2863e-07,2.318e-05,5.0118e-06
0.0019458,0.00040756,0.0011907,5.7928e-05,2.9267e-05
0.00023106,0.0039388,5.4345e-05,0.0018774,2.1281e-06
2.3828e-05,9.2325e-05,0.0038505,0.00099466,0.002073
0.0022335,1.1338e-05,0.00042127,0.00078549,2.5928e-05
0.0002985,0.0034879,0.00016238,0.002594,1.0165e-06
0.00050721,0.00011104,3.4111e-05,1.7915e-06,0.0034029
9.6514e-06,0.0035383,0.00012108,8.0993e-06,0.0012732
0.00026197,0.00037741,0.0064687,0.0010116,0.00010496
3.7455e-05,0.00053669,2.6757e-05,7.5346e-06,0.0038625
9.2641e-06,0.0006689,0.0075163,1.3644e-05,8.1695e-05
6.883e-08,1.6342e-06,2.4976e-05,5.5295e-06,0.0043916
0.0023418,0.00016631,0.0001054,0.00029589,7.7616e-06
3.8004e-06,1.0462e-05,1.3658e-06,1.5727e-05,0.004386
8.716e-05,0.0033885,1.9707e-06,0.0014377,0.00088991
0.0024974,2.3579e-05,1.7613e-09,1.5311e-08,1.8619e-08
0.00030001,0.0034699,9.91e-05,0.00089545,0.00056281
0.0024433,0.0001068,9.2133e-06,2.0275e-05,1.2593e-05
0.0025025,4.7283e-07,2.7665e-06,1.3116e-05,5.6645e-06
0.00038534,4.149e-07,6.1317e-08,3.378e-09,0.0037299
0.0023356,1.9974e-06,0.00046011,5.4123e-05,5.8309e-05
1.9989e-05,7.2312e-07,1.0389e-05,0.013581,0.0002285
5.6977e-05,0.0049866,1.1392e-06,2.8497e-06,9.0507e-07
0.00054707,0.00058144,0.0042043,0.001877,0.00028734
7.7264e-05,0.0047104,0.00036417,1.1267e-07,2.4498e-05
0.0022562,1.0716e-06,7.3368e-06,0.00028352,0.00035323
0.0023023,6.7141e-06,9.1061e-05,1.2895e-05,0.0003082
4.2042e-05,9.0888e-08,0.00048683,3.0193e-06,0.0040909
0.0016653,0.00011509,0.0022013,0.00087158,2.5395e-05
0.00016308,8.7212e-05,0.00022831,2.026e-05,0.003926
0.0024288,1.657e-06,4.3862e-06,0.00023164,6.6698e-05
0.0017481,0,9.4745e-07,0.0042656,3.6503e-05
0.00013456,0.0048311,1.0022e-07,2.1103e-07,1.3841e-07
0.0020046,7.7291e-06,0.00011724,0.00010971,0.00078779
0.0024196,1.7299e-05,0.00024404,6.9304e-05,4.4388e-09
1.2787e-12,1.983e-08,3.6572e-08,2.7759e-09,0.0044072
0.00045427,0.0041454,5.8098e-05,5.6244e-06,1.4518e-07
0.0010522,7.9084e-09,5.3007e-06,0.00016389,0.0025064
0.0015151,8.6046e-06,0.00080351,0.0018768,0.00076809
2.1022e-07,4.7324e-06,0.0044097,1.7914e-05,0.0022103
0.0024141,2.8285e-05,0.00028311,6.0134e-06,1.1779e-08
9.6362e-05,0.00024762,0.007956,9.6026e-05,4.9252e-05
0.00016312,1.721e-06,7.0704e-05,1.21e-06,0.0040837
0.0008661,0.00025811,0.0053085,9.3086e-05,1.9815e-06
0.0001276,1.5171e-06,0.0083068,0.00019424,2.9116e-06
0.001012,1.7846e-06,8.7486e-05,4.5615e-05,0.0025708
0.00014237,0.0021169,0.00057572,5.559e-08,0.0020442
0,3.1924e-06,6.8395e-07,0.00079965,0.0041605
0.00053367,3.0892e-05,0.0003185,0.010635,4.4939e-05
0.0015274,0.0015246,0.00026837,2.5623e-05,0.00026721
0.0014146,0.002166,0.00010432,2.1244e-06,1.0194e-07
3.1594e-05,3.7478e-05,0.00098742,1.8048e-06,0.0038291
0.0023173,4.7308e-07,0.00045012,0.00036459,2.0288e-06
3.2886e-05,6.6811e-05,0.0083258,2.5199e-05,0.00015498
9.8286e-05,0.00084527,0.0070614,5.8193e-06,1.048e-06
0.0012551,1.0737e-08,1.909e-06,2.6909e-06,0.0022009
7.8936e-07,3.4324e-09,1.829e-08,3.4912e-10,0.0044058
3.9762e-06,0.0049369,0.00027253,2.6202e-06,2.3921e-06
0.0023616,1.5226e-05,0.00015829,0.00049656,1.6123e-05
2.0858e-06,3.9975e-05,5.9972e-05,6.0622e-06,0.0043374
0.00022214,0.0046515,6.2486e-07,3.9729e-06,7.7564e-10
0.0023765,0.00015078,0.00011884,0.00012036,7.024e-06
0.00092604,0.00012908,0.00026593,0.00014845,0.002492
0.00052995,3.8199e-06,0.0013089,0.007196,0.00063147
0,0.0011583,3.5681e-05,0.0011975,0.0030247
0.00020898,4.8978e-07,0.0003994,3.5839e-05,0.0038307
0.0025049,3.6784e-08,5.9948e-06,5.9995e-06,2.3994e-06
0.0025088,4.2928e-07,1.1558e-07,9.7837e-09,2.0224e-08
0.0011341,0.00017028,0.0044768,0.00015436,8.5318e-07
0.0025059,4.3061e-08,5.5136e-08,4.2466e-07,5.2694e-06
0.0024879,0,6.8389e-08,4.6687e-05,2.2808e-05
0.0012322,0.0025902,8.7513e-06,6.2168e-06,5.6824e-07
6.7726e-06,1.1902e-06,1.1654e-05,6.9354e-05,0.0043674
0.00042027,0.00040571,0.0014554,1.1767e-05,0.0025934
7.8431e-08,0.0034513,0.0028044,0.00012091,4.3284e-08
0.0022935,2.435e-06,0.00010373,9.07e-06,0.00032227
0.0016096,0.00020067,0.0027878,7.842e-05,2.2439e-07
1.8353e-06,0.0017565,0.0057001,3.0846e-05,5.1305e-05
0.0024328,1.3666e-10,2.7134e-07,1.0687e-06,0.00013345
7.2159e-05,0.00018885,0.00049041,0.00038284,0.0037576
0.0023533,0.00013035,1.6366e-05,4.7607e-06,0.00015143
6.6144e-09,0.005103,3.0131e-06,1.2627e-06,1.3414e-08
1.5935e-06,0.00014882,1.9583e-06,2.6466e-06,0.0042741
0.0024399,1.1787e-07,9.8305e-06,1.1341e-05,0.00011309
0.0017337,2.006e-06,0.0011296,1.0965e-06,0.0007996
0.00042609,0.00012465,0.0071427,7.621e-06,6.4951e-06
0.0024519,1.0432e-05,0.00014445,1.4075e-06,1.9276e-05
0.00081201,9.5837e-05,0.00014034,0.0092815,7.2361e-07
0.0024095,0.00019946,6.9518e-09,1.1317e-07,2.666e-06
0,0.00040321,0.00051165,0.0088339,0.0011139
0.0011351,0.00024772,0.0031558,3.5959e-05,0.00062352
0.0016104,0.00022286,0.00010479,0.00018468,0.0012778
0.0022677,0.00030416,7.4676e-06,0.00049478,6.8611e-06
0.00018956,3.4147e-05,3.8515e-05,5.5709e-06,0.0040239
7.3847e-08,3.4251e-08,3.8042e-07,3.1739e-07,0.0044067
0.0018277,0.00011167,4.9375e-07,2.2835e-05,0.0010931
0.0023769,1.7342e-05,2.5057e-05,0.00024072,0.0001313
8.118e-05,0.0044906,0.00077704,8.5337e-06,2.4347e-08
0.00040229,0.004281,4.0551e-06,9.3262e-06,7.6551e-09
0.002105,0.00064669,0.00024153,1.483e-05,2.7083e-05
0.0024429,0.00010455,1.7196e-05,8.4235e-06,1.4854e-05
0.0023251,8.7481e-06,9.6897e-05,0.00045424,0.00012916
0.00013609,0.004816,2.6851e-06,2.8469e-05,6.0275e-07
0.0017606,0.0010104,0.00027984,0.0009772,5.827e-06
3.9436e-07,0.0045539,0.00061283,1.7827e-07,0.00017127
2.8004e-06,4.023e-06,8.2446e-07,0.00010433,0.0043666
0.0024764,2.6362e-08,2.609e-06,7.8245e-06,5.3651e-05
0.000297,0.0036273,0.0014885,2.1278e-06,1.5283e-05
0.0022862,0.00016861,8.7628e-05,3.3765e-06,0.00020141
0.0024918,3.3229e-05,8.9926e-07,1.7845e-06,6.5056e-07
0.0024094,2.9329e-07,1.7346e-06,1.9325e-07,0.00017379
0.00031951,0.001881,0.0029643,0.0024669,4.4629e-07
0.0022746,0.0001208,0.00049835,0.00019769,5.2555e-08
0.00078891,0.0024568,1.0657e-05,0.00068883,0.00068541
4.9474e-06,4.2631e-05,0.00077254,0.01302,1.1842e-05
0.000706,0.0036672,6.0739e-08,8.5516e-07,1.0291e-06
0.0024177,0.00015096,6.1882e-07,9.4034e-05,1.127e-06
0.0022378,2.7724e-05,4.7705e-05,0.0012679,4.2458e-05
0.00049058,0.003686,0.00069993,1.4401e-05,1.1929e-05
0.00030743,0.00377,0.00088642,0.0004783,2.7347e-05
0.00046817,8.0273e-05,1.0182e-06,0.0015986,0.003028
0.0012225,0.0024309,0.000281,6.6331e-05,1.6731e-06
0.00023049,0.0024742,5.791e-05,0.0041918,0.00056057
0.001707,0.00049898,0.00017632,4.3964e-07,0.00089046
8.0765e-06,0.0048672,0.00024043,1.8045e-05,6.6558e-05
4.8039e-05,0.0046751,5.4489e-05,0.00085308,3.4474e-08
4.5671e-05,0.0039518,0.00030199,0.0012435,0.00038683
0.0025024,6.5058e-06,8.5838e-06,2.4593e-06,1.1048e-06
0.0017862,4.3981e-05,0.0012191,0.0020584,1.21e-08
0.00012202,0.0039873,4.7246e-06,0.0024389,5.3392e-06
0.00012963,0.0048006,6.6856e-06,0.00010356,4.1683e-07
0.0022233,0.00017498,0.00018336,0.00071896,4.0914e-05
0.0014454,0,0.00016441,0.0028559,0.00091666
0.0024923,2.3141e-08,4.8963e-06,5.6298e-06,2.5289e-05
0.0021735,0.00046974,1.7137e-05,0.00057137,1.2799e-06
0.0015439,3.5767e-08,1.3855e-07,2.7723e-06,0.0016943
0.00054279,0.00016292,0.0056796,0.0015783,1.5569e-05
0.00029163,0.00057803,0.0026428,0.0025217,0.001317
0.00010662,0.0048388,2.9314e-05,5.2873e-05,1.2051e-05
0.0020331,1.7623e-05,2.6881e-06,5.8708e-06,0.00081766
3.3472e-05,0.00015658,7.4304e-05,6.164e-06,0.0041745
5.7885e-05,6.0305e-07,0.0001411,0.0018538,0.0036702
0.00047411,0.0024119,0.0017852,0.001735,7.834e-05
6.4563e-08,3.0316e-07,5.4303e-09,5.4601e-06,0.0044051
1.7819e-05,0.0050654,6.0591e-06,1.7405e-07,8.1249e-10
0.002477,1.0687e-05,2.1454e-06,8.9325e-05,1.8752e-05
0.0020733,0.00031094,0.00045259,2.8947e-05,0.00026363
0.0017326,0.00049252,0.0017715,0.00011165,2.6013e-05
0.0012977,0.0012419,1.4441e-05,9.3901e-05,0.0010199
0.00046229,0.00089853,0.00020364,0.00026605,0.0026374
8.3795e-06,0.0048271,0.00045405,2.7755e-07,7.2033e-08
4.3345e-06,1.8525e-06,0.0088591,9.9474e-07,4.1041e-06
1.7327e-05,0.00081729,5.5858e-05,6.2268e-05,0.0036245
0.0025041,2.4034e-06,3.7169e-07,1.8892e-06,5.9029e-06
0.0024979,1.5141e-06,8.0252e-07,5.8529e-05,8.6628e-08
0.002509,2.7576e-09,1.982e-08,4.9437e-08,5.8438e-08
0.0019042,6.8699e-05,7.1561e-07,2.7751e-06,0.0010019
0.0017923,0.0013866,0.00011581,1.4625e-05,5.4431e-08
0.0024985,3.2504e-06,2.311e-05,1.1088e-05,8.9573e-07
0.002478,9.305e-07,5.148e-08,2.2138e-09,5.3759e-05
0.0012766,0.00038429,8.9483e-05,0.00098272,0.0014892
0.0016674,0.00093283,0.0013243,5.1637e-05,4.9628e-07
0.00035696,2.0719e-07,2.5272e-05,6.3045e-06,0.0037655
0.00098279,0.0030858,6.8279e-06,4.4442e-05,4.9729e-08
0.00072656,2.8409e-05,0.0059185,0.00052748,1.0535e-05
0.0023336,0.00012797,0.00025125,0.00020103,1.1824e-05
0.0024493,8.7883e-07,1.457e-07,1.954e-07,0.00010405
0.00023622,0.00029386,0.0071611,0.00060522,2.7305e-06
4.4592e-07,0.0050041,0.00010992,0.00010311,5.7993e-07
0.0024505,4.9899e-05,7.9294e-05,2.5999e-05,1.2502e-05
0.00010044,0.0046807,0.00026321,1.6788e-05,5.4401e-05
0.0023,4.4756e-07,9.9952e-05,0.00099132,1.5237e-05
0.0015239,0.0011653,0.0007575,0.0010305,3.4814e-05
0.0014441,0.00202,0.00021969,5.5747e-05,7.9073e-07
1.5916e-07,0.002365,1.1528e-05,0.0072966,0.00013651
3.1527e-06,0.0050393,4.7451e-05,3.559e-05,1.7023e-05
0.002353,0.00028869,1.6086e-06,6.1368e-06,2.2273e-05
1.2159e-06,5.1924e-10,9.3138e-08,8.8705e-05,0.004378
0.0024736,3.6057e-06,1.6323e-06,1.3543e-06,5.7856e-05
0.00010911,0.0048634,6.2884e-06,2.1003e-05,7.6082e-06
0.0018521,6.2415e-05,5.8446e-08,0.00047693,0.00095464
3.7695e-05,0.00019124,0.00013188,0.012726,0.00023322
0.0019524,8.432e-06,5.1733e-08,1.1846e-05,0.00096691
0.0001994,0.0027257,0.0001265,0.0047914,0.0001814
0.0011838,2.5114e-05,0.00017743,0.0045783,0.00082326
2.9017e-06,0.0050973,3.4203e-06,1.1852e-09,7.048e-11
1.8799e-06,3.2503e-05,1.0739e-05,0.0068667,0.0022784
0.0012322,0.00242,0.00029092,9.6976e-06,6.3669e-06
2.7617e-07,4.7113e-05,0.00033235,0.013776,3.9156e-06
0.00047419,0.0041187,1.7711e-05,3.2293e-05,9.3003e-08
5.0907e-09,8.1974e-05,7.8248e-06,1.0739e-07,0.0043325
0.0024377,0.00014268,1.553e-08,3.696e-07,1.9791e-06
0.00043082,0.00090389,1.9175e-05,0.0049952,0.0013387
0.0012439,0.00014015,0.00014641,1.1563e-05,0.0020251
0.0004965,0.00029515,1.4459e-05,0.0058083,0.0015035
0.0008081,1.195e-06,3.2972e-07,2.0289e-05,0.0029804
1.3815e-05,0.0037146,5.1131e-05,0.0037771,1.0891e-07
0.0023261,1.7174e-06,6.3594e-06,0.00028071,0.00023111
0.0022696,3.8356e-05,0.00051795,8.2187e-06,0.000128
0.00086389,4.5489e-05,0.0049661,0.00016415,0.00033758
0.00011433,0.00017612,0.0031781,0.0068892,0.00037922
0.0015842,9.9308e-05,2.11e-07,5.8338e-08,0.0015387
0.0024103,1.9756e-05,0.00021552,0.00016193,2.1342e-07
0.0021994,1.3452e-05,5.0399e-05,0.001471,5.9136e-05
0.00095842,0.00099198,0.00061503,0.0050834,1.3589e-05
0.0011979,5.3217e-06,1.0139e-05,0.00014452,0.0022494
1.1502e-05,1.4608e-09,2.9544e-07,8.5836e-07,0.0043866
1.0269e-06,0.005101,1.4002e-06,3.5114e-06,9.6544e-08
0.0003117,0.0030732,1.4661e-05,0.0039335,1.0155e-06
6.9129e-07,0.0046985,0.00057469,0.00019935,4.1053e-06
0.002472,1.7428e-05,1.7476e-05,0.00013572,4.1765e-09
0.0024535,5.7657e-06,6.8992e-06,4.6386e-05,7.4935e-05
0.00095573,8.6681e-05,0.0038916,0.0023748,8.7937e-08
0.0019809,0.00017389,8.3154e-05,0.002409,2.4578e-06
6.1889e-05,0.0027491,0.0036222,4.7455e-05,0.00011443
1.1752e-06,6.9783e-05,0.001734,0.0009544,0.0031942
0,7.3037e-05,0.00085599,0.00046005,0.0037795
0.00044791,0.00056461,9.3238e-05,0.0092261,0.00027584
0.0013203,0.0014585,0.0016609,1.5828e-05,5.5662e-07
0.0022776,1.284e-07,0.00039505,0.00014487,0.00016631
5.4616e-05,0.0037691,0.00025548,0.0030532,5.9127e-07
0.0023988,1.0372e-06,0.00022599,0.00023748,8.2515e-06
3.7811e-06,2.7335e-07,3.1573e-06,1.5884e-08,0.0043987
8.7835e-05,0.0049255,3.2363e-07,2.2838e-06,1.8822e-08
0.00093238,1.1153e-05,0.002032,0.0045784,0.00035714
1.0855e-06,0.00013937,0.0086216,5.504e-07,9.0219e-06
0.00011566,0.0048691,1.2099e-06,1.7568e-07,4.6939e-10
0.0024169,4.7026e-05,2.0388e-05,0.00012432,7.3314e-05
3.0092e-06,1.4302e-06,3.5337e-07,2.2985e-05,0.0043935
0.0014032,1.8114e-05,0.0012971,3.2309e-05,0.0012737
0.00054781,0.00074038,0.005598,8.1387e-05,4.7644e-06
0.0020117,6.1898e-05,0.0015421,0.00017342,2.4217e-06
0.00090512,1.035e-05,0.0056488,1.1387e-05,3.4743e-06
0.0014718,0.00096249,0.0019963,3.1224e-06,5.8426e-11
0.0023713,0.0002695,5.1284e-06,3.076e-07,6.6354e-06
