1.0186e-07,0,3.2388e-10,7.5773e-08,0.0047021
0.0017756,7.3133e-07,1.4779e-05,0.00068857,3.2037e-05
3.7578e-06,6.0826e-05,0.013113,0.0016808,2.0959e-06
0.0019944,1.1885e-05,2.1319e-05,4.6552e-06,7.3251e-07
0.001988,1.414e-06,6.7453e-05,8.2434e-06,4.4932e-06
0.0014799,0,3.574e-14,9.1764e-11,0.001223
0.0015547,1.1278e-05,9.1904e-06,0.001458,1.0209e-08
3.881e-05,0.0085646,0.0071872,1.2043e-06,6.8478e-12
0.0014201,1.3135e-08,2.0716e-07,0.00018446,0.0012319
0.0018182,0.0011927,0.00012695,2.3904e-05,1.0048e-07
0.0019035,0.0006996,0,8.0993e-06,3.2918e-07
0,0,0,0.0049952,0.0011354
0.0020002,6.205e-10,0,0,0
5.8936e-06,0.0048478,0.011594,0.00012113,1.0219e-09
0.0019565,0,0,1.4225e-06,0.00010176
0.0020001,7.0029e-11,0,9.2436e-08,8.0887e-10
0.0019814,9.9159e-08,4.3185e-07,3.4565e-05,1.9191e-05
2.601e-05,0,4.1118e-08,4.4578e-06,0.0046381
2.4111e-10,0,8.3735e-12,6.6952e-07,0.0047019
0.0019998,4.1321e-09,1.53e-09,5.6421e-09,8.2654e-07
8.152e-05,7.4084e-11,1.9963e-07,9.9596e-05,0.0044396
5.1998e-11,1.4117e-11,3.9938e-10,4.5875e-05,0.0046697
7.9995e-07,0.014702,0.00013424,2.4661e-05,6.1286e-09
1.9839e-05,0,2.0265e-08,2.0236e-08,0.0046558
0.001834,0.00042897,0.00081588,5.4829e-05,0
3.1564e-06,0.0037066,0.011226,0.0007718,5.9862e-11
5.0075e-06,0,1.0659e-09,1.1207e-09,0.0046906
7.1022e-06,0.0027293,0.011506,0.0010873,9.0008e-08
7.4579e-05,0,0.017095,0,7.7309e-07
0.00042229,0,2.8767e-05,1.0439e-06,0.0037012
0.00013943,0,7.3912e-15,6.9235e-12,0.0043746
0.0019995,3.1076e-10,0,8.4578e-07,1.0757e-06
0.0018935,0,9.8207e-07,2.9917e-06,0.00024837
0.0020002,0,0,7.5625e-11,0
1.489e-07,0,9.2064e-07,0.0040606,0.0018022
2.0753e-05,1.0006e-09,3.7637e-06,0.00094027,0.0039812
2.4186e-05,0,3.1639e-11,7.8231e-08,0.0046455
0.0019848,1.0276e-06,3.4109e-06,1.3552e-05,2.5129e-05
0.0001967,0.00060866,0.015112,6.4883e-05,1.4332e-07
0.0019946,2.6147e-06,5.2889e-06,1.5096e-05,2.0992e-08
0.0017903,0.00043082,0.00050879,0.00030908,1.7214e-06
0.0020002,1.3836e-09,0,0,0
0.0019993,3.4681e-06,1.2572e-06,8.7811e-07,4.5326e-09
0.00015042,0,2.6122e-09,3.1772e-06,0.0043465
0.00017743,8.5577e-09,4.7569e-08,0.0019707,0.002878
3.2888e-05,3.5509e-06,0.00034815,0.0055164,0.00059255
0.0020001,6.385e-11,0,3.1388e-08,1.3005e-07
0.001925,0.00041295,0.00017115,1.1637e-06,4.4638e-11
0.00094349,0,9.1529e-09,2.3437e-07,0.0024841
7.2018e-08,8.6244e-09,1.9959e-07,1.4422e-05,0.0046919
0.002,0,5.4356e-11,6.2681e-09,4.2094e-07
0.0019565,0,3.0962e-09,2.1122e-08,0.00010259
0.001998,0,1.9198e-06,6.0186e-07,4.2042e-06
0.0014694,0.00031823,0.0025581,0.00065583,1.5004e-06
0.0019942,0,8.8701e-06,1.6349e-05,5.1051e-09
0.0012962,0.00019163,1.6582e-05,0.0022215,3.7421e-06
2.4341e-05,0,4.4806e-05,0.0019961,0.0032079
0.0019869,8.4365e-07,2.4777e-06,3.9078e-05,2.4369e-06
0.0020001,0,3.9892e-11,3.702e-10,8.2099e-08
0.0019993,0,7.6946e-06,6.5343e-08,2.3691e-08
0.0020002,0,0,2.6786e-11,0
0.0019977,0,8.6069e-06,9.5487e-07,2.8517e-06
0.0011453,0.0059807,0.00044926,5.093e-07,1.3618e-10
0.0019929,2.9906e-06,2.1302e-06,1.784e-05,2.7367e-06
0.0019913,1.6308e-06,5.4236e-06,1.361e-05,9.2561e-06
2.6749e-05,0.014588,0.00010544,0,6.3053e-13
0.0019888,1.4445e-06,0,2.4568e-06,2.4456e-05
0.00062824,5.0436e-05,0.00026007,0.0043924,4.0519e-06
0,0,0,0,0
0.0019995,0,4.2225e-08,1.4974e-06,4.7624e-07
5.2465e-05,0.00083215,0.0163,3.6232e-07,1.4526e-09
0.0017801,0,0,0.00072464,0
0.0019757,4.3128e-08,1.4384e-07,5.3759e-05,1.9177e-05
0.00091609,1.39e-05,0.00033836,0.0033802,4.0946e-05
0.002,5.9378e-10,0,1.402e-07,2.9801e-07
0.0004946,0.011155,5.0397e-05,4.3023e-10,3.3878e-13
1.9159e-05,0.014436,0.00015042,7.5682e-05,3.0342e-08
9.2936e-06,0,9.8925e-08,7.8198e-07,0.00468
1.334e-06,0.0045263,0.012344,1.2965e-07,8.3607e-11
0.0014943,1.5822e-12,0,2.4091e-07,0.0011892
3.081e-06,0.014264,0.00070132,0,5.5399e-07
0.0017119,0.00095108,0.00061001,0.00030183,4.1922e-08
0.0018858,0.00061639,0.00014288,4.9971e-05,5.4501e-07
0.00011795,0.0020433,0.012698,0.00058139,1.9091e-06
5.6562e-06,3.2369e-06,9.7816e-07,0.0025499,0.002867
0.0020002,0,0,0,0
0.0019959,8.1259e-08,2.1868e-08,0,1.0079e-05
0.000152,0.0012053,0.00023718,0.005458,3.7388e-06
0.001162,0.0012977,0.0036112,0.00084489,9.1766e-07
0.0019971,9.3467e-06,1.569e-05,4.7834e-08,1.1625e-07
1.0005e-06,0,1.7486e-09,2.6489e-07,0.0046999
0.002,1.972e-07,0,3.1956e-07,1.2046e-07
0.0019928,3.4366e-09,7.283e-09,1.3541e-08,1.7388e-05
0.001837,9.02e-09,1.1829e-07,1.6654e-06,0.00038238
2.1011e-08,0.0143,0.00059317,3.471e-05,1.7316e-11
0.0017897,0.00035099,0.000517,0.00033666,6.5855e-06
0.0016404,1.4216e-05,5.154e-05,0.0011499,6.5771e-06
1.9695e-06,5.5203e-05,0.00028423,0.0064488,1.3029e-08
0.001998,0,1.8792e-12,1.2064e-10,5.1635e-06
2.2311e-07,0.0058122,0.0091622,0.00061194,1.7543e-06
7.2942e-05,0.011715,0.002091,0.00038367,1.8495e-07
2.2916e-05,3.8905e-07,2.1685e-05,0.0060623,0.0003136
3.0496e-06,0,9.8869e-08,2.2384e-06,0.0046936
0.0019937,4.726e-05,0,4.0516e-07,3.094e-10
0.0020002,0,0,0,0
0.0019998,0,0,1.0904e-08,8.5145e-07
0.0019396,8.0595e-09,4.0816e-08,1.6013e-06,0.00014119
3.5778e-09,3.3724e-11,4.9647e-10,3.1793e-05,0.0046797
1.4111e-10,0,1.9938e-13,1.3434e-08,0.0047024
0.0019998,1.9902e-06,2.7412e-07,3.0194e-07,9.594e-09
0.0019978,1.5428e-05,7.877e-07,2.7743e-07,1.6699e-07
3.6236e-06,0.00049499,0.0048402,0.0043385,0.00015785
0,0.010907,0.0043531,0.00014112,1.3918e-06
0.0019861,1.9226e-06,4.981e-06,3.1271e-05,8.82e-06
9.8462e-07,1.8401e-10,1.8305e-07,0.0006096,0.0042647
0.00025637,2.2911e-05,3.384e-05,0.0057011,1.2352e-05
0.00013855,0.0058024,0.0096021,1.9569e-07,1.4086e-11
0.0012807,0,8.3963e-05,0.0010877,0.0008925
1.9075e-05,1.439e-06,0.0001853,0.0064524,4.3705e-07
0.0019902,6.2271e-05,6.3927e-06,2.906e-06,1.6167e-08
0.001677,2.1911e-06,0.00048802,0.000657,0.00016068
4.7122e-06,1.6871e-05,0.015244,0.00090971,3.0378e-07
0.0019894,0,3.2227e-12,0,2.5285e-05
1.0579e-05,3.9675e-05,0.00047654,0.0063557,2.5311e-07
1.091e-05,0.011433,0.0024194,0.00059098,1.1278e-08
0.00020578,1.3913e-10,1.5699e-09,5.9578e-05,0.0041761
0,0,0,0,0
0.0019136,6.6518e-06,0,0.00028196,5.176e-08
0.0018384,8.2794e-05,6.5153e-05,0.00047012,1.1954e-06
0.0010154,0,7.1824e-13,2.7773e-09,0.0023151
0.0019954,0,6.5375e-08,0,1.1287e-05
5.4399e-06,4.742e-07,2.653e-05,0.0060979,0.00032801
0.00036564,0,7.6364e-10,1.4521e-05,0.0038324
5.0898e-07,0,7.1952e-09,5.5049e-08,0.0047012
0,0,0,0,0
0,0,0,0,0
0.0012995,0.00051358,0.0054841,4.5011e-05,6.9111e-07
0.00013819,4.6898e-10,6.9388e-08,0.0011146,0.0035816
0.00030376,4.305e-08,3.0841e-06,0.00022297,0.0038282
0.0001331,0.0090723,0.0057464,2.428e-07,7.2747e-13
0.0020002,8.2722e-09,0,4.0627e-08,3.8517e-09
8.7691e-05,0.012732,0.0010992,0.0002527,4.4772e-09
0.000425,1.9124e-07,1.1536e-06,0.00015354,0.0035932
8.7935e-05,0.008857,0.00081318,0.0020727,4.5317e-07
0.0019989,2.7453e-06,3.5321e-06,1.5928e-06,2.031e-09
0.0014498,8.2692e-11,5.0526e-08,2.9615e-05,0.0012728
0.0001415,0.0022609,0.012017,0.00066161,1.0048e-06
0.0019992,0,1.3145e-06,8.9092e-07,1.2186e-06
2.2494e-08,0,7.0677e-12,5.0424e-08,0.0047023
0.0016217,0,0,0.001246,0
0.0019919,0,0,2.7279e-05,0
0.00074025,0.00096861,0.0010817,0.0018884,0.001021
0,0,6.5573e-06,0.0065827,0
0.00050553,0,5.8522e-12,6.4402e-10,0.0035139
2.1719e-07,1.1192e-10,1.8014e-08,0.0064984,6.1416e-05
0.0019913,1.6281e-05,3.9555e-05,6.4973e-06,6.2641e-07
0.0015364,0,6.1171e-12,8.6139e-09,0.0010903
2.4932e-06,3.5951e-12,3.0837e-10,2.6088e-08,0.0046965
0.0016209,0.0028034,2.0121e-05,9.642e-08,2.3972e-09
0,0.0041131,0.00027417,0.0023964,0.0016184
0.0019999,7.5586e-10,2.1635e-09,3.8481e-08,5.8085e-07
2.7275e-08,1.5593e-13,1.5037e-12,6.8129e-09,0.0047023
1.6616e-05,0.014749,0,1.5657e-06,1.1501e-08
0.0013991,0,1.0366e-09,5.3954e-09,0.0014131
0.001974,0,4.1596e-11,1.0411e-08,6.143e-05
0.0010661,5.8458e-06,0.0025497,0.0016016,0.0003754
0.0019917,6.5547e-08,3.1413e-06,2.6354e-05,1.8774e-07
0.0013855,9.6236e-07,0.00034842,0.0018814,9.0973e-06
0.0011819,9.1945e-07,1.1571e-06,0.00096617,0.0012332
0.00022502,0.0024978,0.0018743,0.0040165,1.9378e-05
0.00067962,0,1.0957e-09,5.3047e-09,0.0031046
7.3734e-05,2.5254e-12,2.1355e-10,1.1551e-09,0.0045291
5.1899e-06,2.5707e-09,7.6867e-08,0.0022827,0.0030601
0.0017828,0.00074332,0.00073632,0.00010962,2.9404e-06
6.8211e-05,9.3603e-06,0.00061168,0.0060916,2.7187e-05
0.0020001,2.4957e-08,0,1.0266e-07,4.9349e-13
0.00061678,0.0082231,0.0023672,3.6637e-05,2.0799e-09
0.00011217,0,9.177e-08,0.00015362,0.004329
0.00036969,0,0,0.0053104,4.1159e-05
0,0.000345,0.01566,0.00062534,6.2763e-07
0.0016149,0.0012887,0.0017265,5.7737e-05,6.482e-09
0.0020002,0,0,1.3455e-10,0
6.4037e-06,0.012575,0.0016155,0.00039332,3.6619e-06
0.00019903,0,3.8466e-10,5.5106e-06,0.0042306
0.0019964,2.7471e-05,6.5784e-07,3.4101e-09,1.0327e-09
0.0020002,0,0,7.8148e-09,0
6.8331e-05,5.9857e-07,7.6186e-06,0.0063571,0
4.9946e-05,0.0072348,0.002234,0.0023896,9.9698e-08
1.0597e-07,0.014434,0.00050699,7.0333e-06,1.9726e-09
0,0,0,0,0
0.0019948,5.5275e-06,3.7435e-05,1.3062e-06,2.1879e-08
0.0019701,9.494e-05,1.3207e-05,2.1518e-05,2.1702e-05
9.566e-05,0,3.1373e-14,2.078e-11,0.0044775
0.00083343,1.0048e-07,1.799e-05,0.0013045,0.0018067
3.5128e-06,0,9.5403e-12,1.0917e-09,0.0046942
0.0020001,1.5287e-08,0,1.1566e-07,3.5389e-08
0.0019962,2.4821e-06,1.778e-05,7.8619e-07,3.3835e-06
3.0939e-07,0.00081622,0.00016473,0.0050516,0.00079274
0.0016567,0.00031643,0.00026418,0.00024723,0.00046096
0.0017562,1.1234e-07,0,0.00079268,7.4382e-06
0.00050614,0.00021817,0.00041934,0.0046367,2.1427e-05
0.0020002,0,0,0,0
0.0019947,0,0,1.4362e-06,1.1726e-05
0.0019923,1.5136e-09,0,8.1935e-08,1.8331e-05
0.00020009,0,4.2695e-05,0.00012228,0.0041334
6.8228e-06,0,2.0162e-09,4.6502e-07,0.004686
0.0019967,2.4554e-08,1.7638e-07,2.8985e-06,5.91e-06
0.002,2.7533e-10,6.6468e-11,1.2827e-08,3.0294e-07
0.0018979,0,0,1.4613e-07,0.00024031
0.00066701,0.00023123,0.00072532,0.0040139,2.8308e-06
0.002,1.8323e-07,1.6539e-07,9.2743e-08,1.9204e-07
0.00039543,0,4.2146e-08,4.1524e-08,0.0037727
0.001961,8.9424e-06,0.00031278,7.5244e-06,1.1581e-06
0.00042455,0.01083,0.00011976,0.00034447,3.0298e-06
8.1548e-06,2.0492e-05,0.000292,0.0060779,0.00025931
0.0019828,2.1509e-07,1.8002e-06,2.339e-05,2.3668e-05
0.00042212,0.0079279,0.00027378,0.00050854,0.00076826
1.2889e-07,1.5653e-11,6.1119e-11,7.6983e-07,0.0047016
0.0020001,1.2515e-12,6.7895e-12,2.8678e-09,9.9962e-08
0.00015682,1.4611e-07,4.9355e-07,0.0057101,0.00025602
0.00034271,0,3.2844e-09,7.4557e-09,0.0038967
0,0.00043831,0.017212,9.2252e-06,6.4013e-08
7.0397e-05,0,8.6303e-09,4.1729e-06,0.0045339
3.0239e-10,1.6001e-09,8.9456e-08,0.0055791,0.00071842
0.0014273,1.8703e-07,4.281e-07,0.0018842,1.225e-06
1.2756e-08,0,1.8998e-09,1.96e-07,0.0047022
0.0019924,2.3059e-05,1.1106e-05,1.0088e-05,9.1227e-07
0.00013956,4.4567e-05,0.00078756,0.0056026,0.0001509
0.0018706,2.6161e-11,4.2907e-11,6.3933e-10,0.0003045
4.215e-06,1.1401e-08,1.5858e-06,0.0059624,0.00043439
0.0019449,0,6.1342e-06,2.1058e-07,0.00012816
0.00018988,2.0221e-10,4.5051e-08,8.3356e-07,0.0042554
0.001156,0.0012599,0.0057452,9.1452e-05,2.0583e-08
0.00022288,0.00045569,0.015176,2.2859e-05,1.4902e-09
1.7176e-05,0.014644,0.00011608,2.9391e-06,8.5758e-08
0.00018595,1.2536e-10,1.8446e-08,6.3314e-07,0.0042648
0.0020001,0,0,1.3196e-07,0
0.0012218,6.9059e-08,5.7707e-07,0.0024715,6.481e-05
0.0019913,0,0,2.9037e-05,0
6.9086e-07,1.2744e-05,0.00011444,0.0065347,5.7398e-08
0.0019789,0,3.149e-08,1.4179e-08,4.9968e-05
0.0020002,0,0,9.9865e-10,2.4706e-08
0.0019455,0.00017406,0.00024074,1.3536e-05,1.8567e-08
0.0013215,1.2684e-07,3.4027e-06,0.0020118,0.00015805
3.4475e-10,3.1464e-13,5.561e-09,2.0602e-05,0.0046877
0.0019983,1.116e-05,2.3586e-06,1.6672e-07,3.0844e-08
9.86e-05,3.347e-05,0,0.0062441,1.1692e-06
3.3268e-05,8.5936e-10,1.7305e-07,7.265e-05,0.0045723
2.6537e-05,0,5.2989e-10,8.5014e-08,0.00464
1.6719e-07,0,1.1151e-12,3.0993e-07,0.0047018
0.00093219,0,3.1997e-05,5.1718e-05,0.0024654
6.217e-05,0,2.4035e-09,4.3174e-06,0.0045532
0.00038302,0,5.7562e-08,5.8872e-07,0.0038015
0.0019978,1.687e-05,7.9533e-08,6.614e-08,1.9279e-07
0.0019993,3.7339e-09,9.553e-09,2.7314e-06,1.4017e-07
0.00015512,2.7072e-07,7.5753e-06,0.0059841,6.2442e-05
0.0019947,8.5622e-08,2.9176e-07,1.0877e-05,5.0194e-06
0.0020002,0,0,1.3115e-09,0
0.00055943,0.0095967,0.00096664,0.00013668,9.6966e-12
3.7802e-05,0,0,0.0064607,0
0,0,0,0,0
8.7482e-05,0.0097416,0.00079987,0.0016837,3.1869e-06
0.0019846,6.2714e-06,1.7517e-05,4.0979e-05,7.1237e-07
1.7277e-05,0,1.9764e-07,2.3861e-07,0.0046616
2.4785e-07,1.8837e-11,3.6945e-08,1.6678e-06,0.0047006
0.0019955,5.6283e-10,1.331e-08,5.5126e-08,1.0828e-05
1.3974e-05,6.9487e-06,1.4943e-05,0.0035939,0.002097
0.001862,1.2177e-08,2.0126e-07,0,0.00032479
0,1.4063e-07,1.362e-05,0.0065713,6.249e-06
0.0020002,4.3039e-11,0,6.7645e-10,2.3537e-08
4.0822e-05,0.0027102,0.0052072,0.0032982,1.5795e-05
0.0014093,0.0014892,9.7852e-05,0.0010582,0.00013673
0.00014288,0.0089366,0.0058012,7.7967e-06,8.3909e-11
0.0018091,0.00031211,0.00081886,0.00018617,8.5933e-07
0.0020001,0,0,1.7431e-07,0
0,8.9208e-09,7.7069e-07,0.0061454,0.00031384
1.3223e-06,0,2.4883e-08,5.213e-07,0.0046989
0.0019996,0,0,2.0018e-08,1.2022e-06
9.2088e-08,6.9091e-06,3.7707e-07,0.000648,0.0042372
0,0.014709,0,7.3811e-05,1.7756e-08
0.001966,0,0.00013433,6.2772e-05,0
3.3106e-07,0,2.2837e-11,1.8948e-09,0.0047016
4.3202e-08,3.7719e-08,7.8103e-07,0.0065395,3.226e-05
0.0016493,3.3201e-05,3.8591e-06,0,0.00081345
0.00047733,0.0054545,0.0070013,3.1341e-06,7.4173e-10
6.8398e-05,1.2822e-06,4.3861e-07,0.0063506,6.2016e-06
0.0018512,8.9638e-05,0.0012155,0,0
0.0019627,0.00020129,8.0259e-05,4.3274e-06,1.1032e-08
2.7562e-07,3.1537e-09,2.5541e-07,0.0065589,1.8027e-05
0.0014364,0,1.0065e-06,3.7113e-06,0.0013225
0.0016099,9.3764e-10,1.8786e-09,3.7871e-08,0.00091742
2.2733e-05,0.0062527,0.00047234,0.0035615,4.0753e-06
7.753e-06,1.5517e-07,7.2412e-06,0.0055915,0.00068937
0.0017777,8.0781e-05,4.4008e-05,0.0006201,4.3065e-05
0.0020001,9.4759e-08,3.1297e-09,1.9006e-07,8.6312e-08
6.4956e-08,0,1.5593e-08,2.2833e-07,0.0047021
0.0019055,3.8322e-07,1.5961e-05,6.1491e-05,0.00017431
0.00034024,2.2173e-08,2.359e-07,0.0017662,0.0026412
0.0019962,7.7987e-06,9.7776e-06,5.7388e-06,2.2153e-07
0.00016432,0,9.6739e-08,1.3991e-06,0.0043151
0.0019782,1.0307e-07,4.8088e-06,1.5332e-06,4.9199e-05
0.0020002,0,0,0,0
4.9022e-07,7.6034e-05,1.444e-05,0.006544,3.9977e-07
7.8614e-09,1.3025e-06,3.6221e-05,0.0065696,1.0741e-06
0,0.00058787,0.017041,6.2732e-06,2.2841e-07
0.00021125,0.0021645,0.012575,0.00026896,8.7849e-08
0.0019793,6.9867e-07,1.7923e-07,6.3976e-05,2.9865e-06
0.0019074,0.00018076,0.00035717,9.2782e-05,1.7742e-07
0.00053292,4.1408e-07,9.6212e-06,0.0034481,0.00098455
0.00054798,9.495e-06,0,0.00011249,0.0033308
5.1126e-05,0.00062054,0.016523,1.5922e-05,7.8172e-10
1.2546e-05,5.0801e-05,0.0041664,0.0031617,0.001296
1.4402e-05,4.5517e-06,0.0013335,0.0060396,1.233e-06
0.0020002,0,0,4.6449e-08,0
1.1719e-09,1.4752e-06,2.2793e-05,0.0065757,2.5932e-07
0.0019719,1.9218e-05,6.0729e-06,7.4904e-05,5.2598e-06
2.1076e-06,3.8207e-07,4.1032e-07,0.0065695,5.9929e-06
0.0020002,0,0,1.0054e-10,0
0.0019736,8.1525e-07,5.3688e-07,7.1569e-05,1.0965e-05
0.0020001,0,0,5.0834e-08,0
6.6659e-06,0.0015556,0.001169,0.0053847,4.0278e-05
0.0019552,1.5368e-09,0,0.00013604,8.5508e-06
0.0017686,0.00097685,0.00084705,1.5929e-05,1.7908e-10
0.0019057,2.827e-09,1.8405e-07,0.00025257,4.1738e-05
0.0019995,2.9637e-09,0,1.9452e-06,1.7959e-07
0.0018577,0.00019589,0.00076593,9.8193e-05,1.923e-07
0.0018721,0.00014727,0.00094957,4.2546e-06,3.4681e-10
0.00055203,0,5.6926e-07,5.6088e-06,0.0034004
0.0019913,0,1.6052e-12,6.6794e-10,2.0893e-05
0.0020002,5.093e-09,0,2.7363e-09,1.2974e-10
0.0020002,0,0,1.0719e-08,0
0.0019998,8.1885e-08,2.3743e-06,2.9678e-08,8.6499e-08
5.421e-07,0,0,8.3391e-08,0.0047011
0,0,1.7148e-09,5.0349e-08,0.0047024
1.86e-06,1.8223e-14,0,5.3915e-08,0.004698
0.0020001,2.022e-08,0,1.6016e-07,1.8781e-09
0.002,2.131e-08,0,5.2456e-07,4.7333e-09
8.6648e-07,1.0669e-05,0.00025406,0.0064638,1.3972e-05
0.0012148,0,3.8873e-12,2.7879e-08,0.0018463
1.9665e-06,0.0031988,0.013235,0.00025533,1.0862e-10
0.0019964,0,0,1.2533e-05,0
3.4191e-06,2.7646e-08,2.3696e-07,0.00046469,0.0043625
0.0016519,0.00011423,0,0.0010952,4.5467e-07
8.7756e-05,4.2401e-09,6.9619e-08,1.6036e-06,0.0044949
0.0020001,4.0982e-09,0,8.0173e-08,1.5359e-07
0.00065663,0.0011911,7.8603e-05,0.0018117,0.0014676
0.0019999,0,4.5069e-11,6.7109e-12,5.7389e-07
0.0020001,2.3083e-08,1.2352e-08,2.5016e-09,1.8757e-07
1.9915e-05,0.0025344,0.014546,3.4761e-06,6.4022e-07
2.3991e-06,0.0098532,0.0026141,0.0012461,1.17e-07
7.4105e-05,2.2919e-10,8.9717e-06,0.00060763,0.0040919
0.0020002,0,0,6.3989e-09,0
0.00010448,0.0058531,0.0077741,0.00073859,2.0762e-05
0,0,0.0089612,0.0032626,5.852e-09
2.229e-07,0,2.8863e-14,9.0608e-10,0.0047019
5.0756e-06,0.014837,0,3.04e-07,4.5384e-09
0.0019102,0,0,0.00029629,0
6.4706e-05,0,1.1339e-10,1.4863e-05,0.0045397
0.0019988,0,9.3049e-09,9.1511e-09,3.0866e-06
5.2331e-05,3.4115e-05,0.0088727,0.0031078,1.4405e-07
0.0014818,8.5597e-09,2.3524e-07,9.149e-06,0.001212
0.00010882,0,4.4568e-09,4.958e-08,0.0044465
0.0018653,0.00097879,2.4298e-05,1.3856e-06,1.3232e-07
0.00040657,0.0057565,0.0069933,0.00010485,3.9743e-07
2.4859e-06,7.4744e-05,0.0039219,0.0050464,3.0988e-05
0.0020001,0,0,9.1905e-08,0
0.0019936,9.2742e-06,4.1895e-05,1.2814e-06,6.0225e-07
0.0020002,0,5.4347e-11,1.7319e-10,0
0,2.2236e-06,0.017758,0,0
0.0016781,2.1271e-07,7.9646e-09,0,0.00075708
0.0011319,2.5948e-05,0.00031951,8.708e-06,0.0019422
0.0019766,0.00016601,9.324e-06,5.0297e-07,6.707e-08
6.0846e-05,8.198e-09,6.0701e-09,9.014e-06,0.0045529
0.00063653,0.0094872,0.00077972,6.0214e-07,1.9705e-08
0.0020002,7.3587e-11,0,2.6183e-11,1.1725e-09
0.0019815,6.5769e-05,0,3.2367e-05,6.4896e-09
2.298e-07,0.0024595,0.0090905,0.0021251,0
0.00093965,0,0,0.0034915,0
0.0019386,0.00039647,6.8461e-05,1.2393e-06,4.3059e-07
8.6567e-10,0,2.0932e-17,1.4365e-12,0.0047024
0.0016276,3.2826e-08,7.9606e-08,1.2837e-07,0.00087567
0.0019968,0,0,5.6181e-10,7.8726e-06
0.0017069,6.2419e-06,5.8854e-06,0.00096055,1.0601e-08
0.0014002,1.4113e-10,3.0711e-08,7.394e-06,0.0014052
0.0019871,0,5.3166e-10,5.499e-08,3.0765e-05
0.0019886,0,0,2.1221e-07,2.6952e-05
6.7355e-05,0,0,9.7875e-05,0.0044742
0.0019419,3.6544e-06,2.6804e-05,0.00013123,3.5121e-05
1.1835e-05,0.00036013,0.00040803,0.006235,3.4108e-07
2.5514e-05,0,3.5799e-14,6.0324e-10,0.0046424
0.0019936,1.5357e-05,2.7618e-06,1.3525e-05,2.755e-07
0.00099391,7.9975e-08,4.97e-06,8.7964e-05,0.0023016
3.4741e-06,0.00046111,0.007643,0.0035357,1.0347e-08
3.0319e-09,1.2596e-07,1.3395e-06,0.0065411,3.1052e-05
5.1604e-08,0,2.1154e-06,2.6558e-05,0.0046828
4.3345e-06,0,4.2684e-09,2.7268e-06,0.0046903
1.8618e-05,2.0176e-07,5.5086e-06,0.0064299,6.5616e-05
0.0019554,9.0665e-05,6.392e-05,5.6717e-05,1.9181e-05
0.0019997,0,0,1.4249e-06,0
0.0020002,0,0,8.0809e-13,4.046e-12
0.0019022,0,0.00012965,0.00012379,0.00010754
0.00013407,0.01365,0,0.00010099,7.938e-12
0.00080826,0.00019432,0.0066155,0.001305,5.7304e-05
0.00037172,0,4.0431e-05,0.0021955,0.00225
0.0019775,0.00016613,0,1.2443e-06,2.6616e-11
0.00060135,0.0096323,0.00084353,2.8421e-05,9.0768e-08
3.4605e-06,3.7781e-07,1.3224e-06,0.0065351,2.7115e-05
0.0019984,0,0,5.9093e-06,0
3.631e-05,3.2924e-05,1.6533e-05,0.006115,0.00023562
0,0.0030576,0.011694,0.00087289,1.6401e-05
0.0013754,0,0.0045796,0,0.00025629
0.0019983,0,4.6013e-07,9.9061e-08,4.2229e-06
0.00090814,0,2.541e-05,4.55e-06,0.0025574
1.2297e-06,8.5173e-07,0.00012497,0.0064577,5.4768e-05
0.0019602,1.5097e-09,0,2.4996e-05,7.6187e-05
0.0020001,7.1363e-13,0,2.3794e-09,2.0873e-07
8.8328e-08,0.014475,0.0001199,0.00012957,2.1487e-06
0.0019996,2.3165e-06,7.3132e-09,6.6505e-07,7.4039e-08
3.033e-06,0.014179,0.00075577,1.8339e-05,7.2236e-10
0.0019984,0,1.2615e-05,1.0647e-06,1.2497e-08
0.00075988,0,2.0206e-09,0.0040834,0
0.00017269,2.6494e-07,2.6487e-07,0.0036452,0.0016933
0.0005232,3.4768e-06,2.7369e-06,0.0048555,3.2668e-06
0.0019983,0,1.164e-05,1.9014e-06,3.0734e-09
0.0019852,0,0,0,3.5147e-05
0.0019985,1.0801e-06,2.5065e-07,3.8767e-06,6.688e-07
0.000547,0.00023005,8.2496e-05,0.0046471,3.408e-06
0.0019999,0,0,1.7409e-11,5.8849e-07
0.00079944,6.097e-05,0.0038093,0.0022765,0.00016945
0.00087428,0.0010305,8.7714e-05,0.0014852,0.0012375
5.3165e-05,0.00025107,0.0006292,0.0060649,5.5012e-07
0.0019936,0,2.4404e-10,2.4515e-09,1.5545e-05
0.0020002,0,0,0,0
0.0016572,3.2146e-06,6.4786e-06,1.2111e-06,0.0008028
0.00013941,0.0028488,0.00027544,0.0047206,3.0265e-05
0.0020002,0,0,1.2448e-08,0
0.0019859,9.9617e-05,7.7372e-06,2.1099e-08,4.3175e-09
0.0018326,0.00015299,0.00033176,0.00035559,3.9316e-06
0.002,1.0877e-09,0,4.2121e-07,4.4741e-08
0.001527,0,1.1933e-07,1.3358e-06,0.0011115
1.0555e-09,4.8933e-09,1.7846e-06,0.0063913,0.00013796
0,1.5425e-06,0.0002301,0.0060121,0.0003478
2.8273e-07,0.013964,0.0010664,7.1522e-06,7.9054e-13
0.0019993,0,0,2.9597e-06,0
0.00015011,0.01012,0.0043309,5.1328e-06,9.3961e-10
0.0020002,0,0,1.6516e-12,0
2.15e-06,0,1.4774e-10,1.5646e-09,0.0046974
0.0019975,0,7.6522e-12,4.8677e-09,6.3398e-06
7.1824e-05,5.2467e-05,7.1932e-05,0.0022549,0.0028877
0.0019978,0,9.0572e-09,0,5.591e-06
0,0.008444,0.0031388,0.0016831,1.9462e-07
1.2487e-05,0,3.6686e-09,0.0004242,0.0043701
0.00011969,0,0.01238,0.0016008,0
0.0017989,0.0011021,0.0004049,2.4549e-05,7.8747e-08
0.0020001,0,2.6694e-07,0,0
0.001659,0,7.7315e-11,3.8213e-09,0.00080203
0.00057387,0,1.2882e-07,1.2475e-06,0.0033523
0.00044143,7.6566e-05,2.7302e-05,0.0014882,0.0025705
0.0019159,0.00033708,0.00028925,1.963e-05,9.5618e-07
0.0019974,0,4.9432e-07,1.5698e-06,5.241e-06
0,0,0,0,0
2.6049e-07,4.65e-05,0.011921,0.0021437,1.3231e-07
8.4665e-09,2.2264e-06,4.9301e-05,0.0065639,1.3984e-06
0.0015295,6.9551e-06,0.00012573,0.00069684,0.00057345
0.0019986,0,7.9334e-11,9.1872e-09,3.6979e-06
0,4.875e-06,9.924e-05,0.0064948,3.6683e-05
0.00156,3.3084e-09,6.9383e-08,5.2678e-06,0.0010311
6.938e-08,0.0012042,0.0163,8.1208e-06,4.1121e-11
2.1845e-06,1.7608e-11,6.0579e-10,3.1215e-05,0.004675
0.0020002,2.4556e-08,3.791e-10,6.9698e-10,2.6208e-10
0.0019997,0,0,1.6517e-06,0
8.2341e-08,0,4.6334e-10,3.4025e-09,0.0047022
0.0018361,1.2624e-07,0,0.0004981,2.9923e-05
0.0019998,2.4501e-10,0,2.2426e-07,7.6004e-07
7.4611e-10,0,1.8164e-14,4.7665e-08,0.0047024
0.0018828,0,5.0255e-13,9.203e-10,0.00027593
0.0016881,0,0,2.0719e-08,0.00073377
1.6763e-05,7.4847e-11,5.2235e-07,4.1481e-05,0.0046332
3.3214e-05,0,0,0.0064758,0
0,0,6.6657e-11,4.8552e-09,0.0047024
8.8531e-07,3.2552e-06,3.5624e-05,0.0050515,0.0010826
1.9172e-06,0.00013692,0.00085943,0.0061992,2.4724e-07
0.0020001,8.4261e-07,0,0,0
2.5101e-08,1.3749e-11,7.9435e-11,1.7019e-07,0.0047022
0.0019985,0,0,5.391e-06,0
0.0019954,2.9302e-05,2.1146e-06,1.5502e-06,2.7097e-07
2.9261e-07,0.014864,1.1213e-05,4.0312e-09,0
3.1284e-06,0,4.1438e-12,1.1083e-10,0.0046951
0.0017515,1.4455e-09,0,0.00057628,0.00017318
0.0014816,3.5768e-07,1.5422e-07,3.7118e-05,0.0011925
0.0019888,0,9.9311e-05,1.2062e-07,3.5362e-07
3.1667e-05,0,1.5775e-12,1.2651e-09,0.004628
8.8452e-05,0,3.5295e-06,0.00051665,0.0041246
0.0020002,0,0,2.1226e-08,0
4.2389e-05,0,1.8457e-08,0.00032453,0.004371
0.0020002,0,0,0,0
0.0019992,6.8382e-06,5.0499e-08,1.1036e-07,2.0208e-10
1.5001e-07,0.0026955,0.0014542,0.0048519,2.548e-07
0.00015057,0.013481,0.00030331,9.1911e-06,1.7832e-07
5.917e-06,6.4923e-05,4.5953e-05,0.0065199,0
2.1248e-05,2.7398e-06,0.0012742,0.0056185,0.00030212
0.0014151,7.3817e-06,6.293e-05,0.0017856,8.149e-05
0.00033106,0,1.0483e-10,5.6806e-09,0.0039241
0.0019898,8.6515e-06,7.3772e-05,2.828e-06,5.5353e-09
0.0020002,0,0,0,0
0.00051631,1.2016e-08,2.9447e-08,8.0886e-05,0.0034308
0.0019574,0.00015105,3.1714e-06,5.7667e-05,1.078e-05
0.0019371,0,5.8115e-08,1.2172e-08,0.00014815
0.00038893,0.00067057,0.013383,4.5911e-05,5.0989e-10
0.0020002,0,0,0,0
3.8561e-05,0,5.8797e-09,6.4009e-06,0.0046072
0.0016648,7.9042e-05,0.0026752,6.9703e-05,5.3533e-06
0.00011338,0.00055824,0.0017036,0.0053087,1.743e-05
0.0018369,0.00010842,0.00020715,0.00041175,5.7898e-07
0.0020002,0,0,0,0
0.00042094,1.781e-07,2.1774e-05,0.004933,0.00018435
0.0019776,1.4387e-05,1.3371e-06,5.4303e-05,9.4179e-06
0.0016239,2.5132e-12,6.6962e-13,6.3283e-09,0.0008846
0.0009232,0.0017024,0.0073463,6.8282e-05,3.6661e-10
0.00026878,0.012634,0.00015518,4.9598e-05,8.8421e-08
0.0019974,1.917e-05,2.5764e-07,3.9528e-07,3.8158e-09
0.00091508,2.7771e-06,6.4497e-06,0.0027057,0.00061633
0,4.8575e-10,1.7139e-07,0.006481,7.433e-05
0.0019811,6.2223e-14,0,3.1514e-10,4.4801e-05
0.00024923,3.5208e-09,4.6805e-08,3.9786e-06,0.0041136
0.00078098,2.5446e-05,3.4868e-06,0.0033135,0.00049123
3.481e-07,0,1.9186e-09,1.0183e-05,0.0046943
0.00037292,0,0.0019085,0.0022404,0.0017205
0.0017656,0.0010757,0.00077011,1.0009e-05,4.4126e-07
2.381e-06,0.0081844,0.0023213,0.0020429,3.6172e-05
1.6192e-06,8.974e-05,3.2441e-05,0.0030284,0.0024991
1.0466e-06,3.0847e-07,0.00012686,0.0065341,3.0118e-07
0.0020001,0,0,3.0335e-10,1.3122e-07
0.00062108,6.6244e-05,0.00028908,0.003467,0.00066899
0.0019997,3.0739e-06,4.7783e-07,1.1622e-07,3.7021e-10
0.0010441,4.6735e-09,4.3489e-07,9.3775e-06,0.0022409
0.00038584,0.01197,3.4847e-05,1.6441e-07,2.1786e-06
0,1.2089e-05,0.0019719,0.0053105,0.00038428
0.0018962,0.00020777,0,0.00025043,3.4767e-10
0.0017457,4.6391e-08,3.2473e-07,0.00078,4.1085e-05
0.0019998,1.6598e-09,2.4188e-10,1.0704e-06,1.6269e-08
1.2054e-06,0.014471,0.00047231,2.1491e-07,7.8416e-12
0.0019885,8.5787e-05,8.6672e-07,2.3913e-07,9.3752e-10
0.0016561,3.4609e-06,2.7521e-06,0.00037412,0.00053983
0.0015327,0,4.6178e-12,3.7116e-11,0.0010991
0.002,7.8875e-08,3.1571e-08,4.4788e-07,9.2933e-08
0.0019997,3.1107e-07,1.4945e-08,1.2606e-06,1.5111e-08
5.5899e-06,0,1.5501e-11,0,0.0046893
0.0019994,3.3967e-07,2.8116e-07,6.0679e-07,1.1823e-06
0.0019693,0.00022722,2.2268e-06,9.5421e-08,2.7373e-09
0.0019581,5.4561e-05,0.00025652,1.9048e-05,2.667e-08
0.0019135,0,0,6.7083e-05,0.0001558
2.5708e-06,1.0287e-07,4.5192e-05,0.006289,0.00019348
1.9103e-07,2.0594e-09,6.8672e-08,0.00016297,0.0045856
0.0012888,1.3767e-06,1.7992e-06,0.0023403,2.0886e-07
0.00078934,8.305e-07,0.0006204,0.00015137,0.0025741
7.5685e-06,0,2.9696e-13,2.4344e-09,0.0046846
0.0018413,0.00059241,0.00039067,0.0001158,5.3205e-08
0.00045148,0,3.4155e-10,6.1577e-08,0.0036409
0.00035049,0.00011637,0.0005594,0.0046468,0.0003753
0.0020002,0,1.5843e-08,4.1405e-11,9.03e-09
0.0018912,1.3033e-07,4.1201e-06,0.00014095,0.00015429
0.00059327,0.0093804,0.001292,3.7677e-07,5.5945e-10
7.3552e-07,2.8551e-08,1.9994e-05,0.0023976,0.0029833
7.3253e-06,0,1.6713e-06,2.7539e-05,0.0046651
0.00036277,6.2456e-10,1.6891e-06,6.0362e-07,0.0038487
2.45e-05,0.0010267,0.016115,7.4813e-05,1.7099e-10
0.0014454,0.0041075,2.1333e-05,2.6014e-07,3.0419e-10
0.00030832,0,7.8984e-11,1.1495e-09,0.0039775
5.6567e-05,0.005217,0.010298,0.00027133,1.1683e-08
0,0.0062119,0.0099666,0.00012942,7.5009e-06
0.00022128,0,3.4825e-08,2.1698e-05,0.0041667
0.002,5.5273e-09,9.7935e-09,2.4662e-07,9.5617e-08
0.002,0,0,6.1022e-12,3.2206e-07
0.0014646,8.6129e-07,1.2014e-05,0.00021828,0.0010998
0.0020002,5.5055e-10,0,0,0
0.0018853,0.00010768,0.00079905,3.4375e-05,1.9768e-08
0.0010308,1.6187e-06,1.169e-05,0.0023585,0.00059115
6.1494e-08,0,9.2718e-09,2.0192e-05,0.0046878
5.9505e-05,0,3.7506e-06,3.0443e-05,0.0045398
0.0019879,5.9942e-05,2.6313e-05,3.7355e-06,2.8889e-07
0.0019981,0,1.0691e-06,1.1206e-07,4.4899e-06
5.5381e-07,1.281e-08,3.7994e-06,0.0065798,1.5486e-06
0.0020002,0,5.3198e-08,0,0
0.00052789,0,4.742e-10,2.4301e-08,0.0034613
0.0012793,0.0018212,0,0.0015632,2.7739e-06
0.0020002,0,0,2.9485e-10,1.0366e-09
3.0602e-07,0.00033044,0.016549,0.00030199,1.58e-08
1.2569e-07,0.0030085,0.013437,0.00026759,2.323e-06
0.0018631,0.00040984,0.0006017,4.5707e-05,8.1587e-07
0.0019806,2.2795e-11,0,2.1453e-06,4.4426e-05
0.001997,5.0864e-07,4.0035e-07,9.09e-06,6.8338e-07
0.00092622,0.0049862,0.00067889,0.0010714,3.8011e-06
0.001963,2.1825e-08,1.1289e-06,0.00010662,1.1022e-05
0.0017325,0,2.5205e-06,0.00047531,0.00028911
0.0019207,0.00054957,2.8236e-05,7.8873e-06,4.879e-11
1.3226e-07,0.00011636,0.0038167,0.005118,5.2947e-08
6.7007e-08,0.0016231,0.0014409,0.0053321,3.2992e-08
0.0019412,0,0.00030073,0,5.8964e-05
6.1132e-06,7.9302e-07,1.6229e-05,0.0065512,5.3205e-06
6.3341e-06,0,1.9177e-09,8.7827e-08,0.0046875
0.0020002,0,0,4.2512e-08,0
0.0016778,0.00095436,0.00060096,0.00036829,3.4012e-05
5.3421e-07,0.013845,0.0012242,4.4379e-07,8.8186e-11
0.0020002,0,0,3.9426e-12,0
1.0764e-08,0,1.4092e-12,1.9661e-08,0.0047024
1.2803e-09,0,3.3902e-15,1.2713e-09,0.0047024
0.0018532,2.4718e-05,0,0.00041747,3.9601e-05
1.2593e-06,0,2.8892e-06,1.8712e-05,0.0046853
1.6904e-06,0.00026228,0.00321,0.0052732,9.9793e-08
0.0019989,6.7265e-06,0,1.2086e-06,1.427e-08
0.0020002,0,0,3.4885e-09,2.7154e-08
1.9489e-07,0,5.1778e-13,1.3933e-10,0.004702
0.0019975,2.8398e-06,1.9488e-06,4.2747e-06,1.6925e-06
0.0014332,1.127e-06,1.4109e-05,0,0.0013288
3.1963e-05,2.185e-07,1.2147e-05,0.0061377,0.00024111
0.00038925,3.0556e-05,6.5761e-05,0.0052211,3.1831e-05
4.2725e-06,9.1857e-09,1.2143e-07,0.0063987,0.00012306
0.0019984,1.532e-06,2.5571e-08,2.6994e-06,1.6283e-06
0.00016945,0.013436,0.00021306,3.6868e-07,1.8535e-08
0.00011362,0,8.2498e-09,2.4093e-06,0.0044336
0.0006553,0,1.1366e-07,1.3e-05,0.0031525
8.2133e-05,0,2.1543e-05,0.0030317,0.0023387
0.0018787,2.1746e-07,0,0.00039803,1.206e-06
0.0006991,4.5421e-06,0.010959,9.2445e-05,8.9853e-05
4.7678e-06,0.0018015,0.0001394,0.0057202,4.5304e-08
1.0897e-06,0,0,2.913e-07,0.0046996
0.0017694,0,0.0020358,4.4016e-06,4.182e-07
2.9331e-06,1.1473e-08,9.9871e-10,2.2845e-05,0.0046792
0.0018904,0,0,1.3222e-06,0.0002571
4.3364e-08,2.174e-05,0.0003678,0.0064386,3.1429e-07
3.0879e-05,0,6.2992e-13,1.1179e-09,0.0046298
0.0010075,7.2593e-06,0.0030535,0.0020547,5.5822e-05
0,0.0040712,0.012325,0.00021259,3.1931e-07
2.1166e-08,1.6361e-08,7.3067e-07,0.006572,9.1814e-06
0.0018214,2.4247e-11,0,1.8402e-07,0.00042009
0.0020002,0,0,1.0241e-08,0
0.0019156,0,5.308e-08,1.5245e-07,0.00019867
0.0019968,8.2655e-06,3.041e-06,6.3212e-06,4.744e-09
0.0019846,0,4.605e-07,2.7454e-07,3.6209e-05
0.0016145,0.0028363,3.778e-05,6.7163e-08,4.0418e-10
0,0,1.8358e-07,1.4245e-07,0.0047023
0.0020002,0,0,5.2537e-09,0
0.00012977,2.0703e-10,1.1033e-08,1.3559e-05,0.0043876
0.00051507,0.00025553,0.00064963,0.0042247,0.00022189
8.0604e-07,0,5.9932e-11,1.1272e-08,0.0047005
4.5766e-05,0.008414,0.0036908,0.0012126,9.1964e-05
0.0011494,3.1882e-13,0,6.0768e-07,0.0019998
9.7365e-06,9.805e-05,0.0082304,0.0034576,3.7064e-07
0.001966,2.4895e-05,3.6057e-06,8.9324e-05,7.6916e-06
0.0013152,0,0,0.00026592,0.0014205
0.0020002,0,0,7.8704e-11,0
0.0016977,1.4122e-08,0,7.9506e-06,0.00070535
9.0903e-06,0,4.4305e-09,5.5898e-05,0.0046411
0.0019806,5.4813e-08,4.2258e-06,3.4214e-05,2.0491e-05
0.0018519,0,0,1.3412e-06,0.00034771
2.8587e-05,1.0391e-05,5.9523e-05,0.006077,0.00027665
0.00028539,0,1.6698e-07,6.5257e-08,0.0040314
0.0019633,3.7365e-05,0.00022438,2.1169e-05,3.6368e-07
0.0019999,0,0,1.0669e-11,6.7872e-07
1.3149e-11,0,2.5693e-12,2.95e-07,0.0047022
6.3188e-09,0,2.5737e-15,8.3547e-09,0.0047024
9.679e-05,5.096e-06,6.7157e-06,0.0062567,3.627e-06
0.0016072,0,9.548e-10,1.8476e-08,0.00092382
0.0020001,0,8.911e-08,0,7.0064e-08
0.0016754,0.0022764,0.00015703,0,2.4563e-06
0.0020002,0,0,4.8227e-11,0
0.0014469,0,6.2755e-05,0.0013029,0.00035365
0.0020001,2.6328e-07,7.8403e-09,1.7554e-08,4.628e-10
0.0016544,0.0020988,0.00054922,5.7361e-06,9.0797e-09
0.0002082,6.1347e-08,1.2397e-07,0.00090125,0.0035693
2.0849e-05,1.2966e-10,0,1.2888e-05,0.0046442
5.4741e-07,0,9.7249e-14,3.6978e-09,0.0047011
0.002,0,0,1.331e-08,2.6292e-07
0.00028639,0.012474,0,0.00012047,1.3984e-09
0.0016932,4.7313e-07,0.00020982,0.00024954,0.00048786
0.00020391,0,1.3705e-10,5.5465e-08,0.004223
0.0019999,9.2858e-09,5.8337e-09,9.7491e-07,2.5881e-09
1.2761e-05,1.7436e-06,4.0341e-06,0.0029655,0.0025532
1.0512e-06,0,1.2831e-13,2.6518e-10,0.0046999
0.0019669,0,7.4446e-08,4.8045e-08,7.8225e-05
0.001999,2.5975e-07,7.2012e-07,2.6761e-06,4.6456e-07
3.0165e-06,1.3422e-09,2.5079e-09,0.00053078,0.0043163
0,0,0,0,0
0.0019892,1.7605e-05,0,4.9911e-07,1.9923e-05
0.00025884,2.0441e-07,1.5022e-06,0.0015024,0.0030206
0.0020002,0,0,0,0
0,0,0,0,0
0.0019003,0.00025815,6.4376e-05,0.00018499,4.0586e-06
8.8504e-09,0,2.1765e-12,6.5035e-09,0.0047024
0.0018316,0,5.3247e-08,7.2876e-07,0.00039584
0.0019085,2.8603e-10,9.5672e-12,9.4421e-09,0.00021548
0.0019998,1.0314e-07,0,1.2008e-06,2.8704e-08
0.0019288,4.2048e-07,0,0.00021591,1.3503e-05
0.0019918,6.3649e-08,3.2725e-07,9.3857e-07,1.8826e-05
0.0019893,0,0,3.5676e-05,0
0.00010074,3.7888e-10,2.722e-10,9.4129e-05,0.0043984
3.9926e-05,1.1046e-09,0,0.0032129,0.0023143
5.8752e-06,0.00049176,0.016936,6.8662e-05,1.8815e-09
4.9856e-07,0.0064197,0.010077,5.4068e-06,1.7263e-14
8.5277e-07,3.3271e-09,1.936e-07,7.4528e-05,0.0046471
0.0019997,3.3335e-06,0,1.7722e-10,6.7351e-13
6.1768e-08,4.9382e-09,1.2905e-07,0.0038139,0.0019788
0.0013899,0.00016868,0.0045301,0.00025202,2.0661e-06
0.0019951,5.8989e-08,9.1593e-06,1.2102e-05,8.9068e-07
1.8503e-07,6.4559e-09,1.8123e-07,0.0047994,0.0012747
0,2.9257e-07,0.00016033,0.00046102,0.0043307
5.0953e-05,0,5.8162e-14,1.1192e-09,0.0045826
0.002,1.3767e-06,0,0,6.7027e-11
6.4257e-05,0.0015274,0.0099939,0.0019905,1.0606e-06
0.0020001,0,0,1.7303e-07,5.3229e-10
0.0013001,0.00028243,0.00031901,0.0020589,1.866e-06
0.0019981,0,0,2.3812e-07,4.6461e-06
2.0603e-05,4.9282e-09,1.3559e-07,1.455e-06,0.0046529
0.0019994,3.8064e-10,1.0555e-09,1.0221e-08,1.8382e-06
0.0016904,0,1.7841e-09,4.749e-08,0.00072823
0.0018736,1.091e-08,3.0706e-07,1.3945e-05,0.0002874
0.0018432,0.00050981,0.00053572,9.2313e-05,4.3951e-08
5.6602e-06,0.012746,0.0023527,5.194e-05,1.1294e-09
3.49e-06,6.2423e-07,6.6671e-06,0.0009863,0.0039879
0.0011333,0,0,2.4664e-06,0.0020363
0.0019981,0,3.7314e-11,1.3326e-08,4.8713e-06
0.0019961,0,0,1.3377e-05,0
1.9285e-06,0.0078362,0.0083585,0,7.7029e-06
6.4388e-10,5.3264e-13,2.9139e-11,1.1496e-06,0.0047016
0.00049645,0.00035244,0.0072908,0.0020151,5.4493e-05
0.0018661,3.3765e-06,6.4116e-05,0.00027785,9.8685e-05
0,0.014369,0.00045226,0,4.0561e-05
0.0019891,2.0602e-06,2.2684e-08,0,2.5286e-05
3.1485e-05,6.4681e-10,5.446e-07,4.9835e-05,0.0045927
5.2882e-08,0.00019932,0.00076868,0.0062113,3.408e-07
0.0019985,2.2237e-06,1.6435e-07,1.0575e-07,3.0946e-06
0.00011126,0,1.5455e-08,6.2109e-07,0.0044404
2.376e-06,0,0.0083703,0.0034605,9.531e-06
0.0020002,0,7.3331e-08,0,0
1.5807e-05,0.0088342,0.0040661,0.0011148,2.1273e-08
7.7e-05,0,5.4531e-09,2.3532e-07,0.0045212
0.0019975,4.2095e-06,6.8052e-06,0,3.0475e-06
3.8955e-05,0.0043514,0.011304,0.00033934,6.4526e-09
0.0020001,0,0,0,1.2512e-07
5.1587e-05,0.010281,0.0022154,0.0010427,4.9442e-09
0.0020002,0,0,9.1845e-09,0
0.001952,0,0.00018662,7.6452e-05,9.2651e-06
0.0010311,1.8874e-07,1.386e-07,2.2163e-05,0.0022625
5.5278e-05,0,2.792e-13,0,0.0045725
0.00063957,5.162e-10,8.3121e-08,3.5373e-05,0.0031735
0.0015479,2.8239e-08,6.9356e-07,0.0013294,0.00011374
0.0019825,0.00011019,2.5493e-05,1.1974e-08,5.8844e-09
0.00047153,0.0010934,0.0075322,0.0017473,6.2038e-06
0.0012855,0,1.0466e-10,5.4078e-09,0.0016801
0.0019648,4.2322e-05,1.2781e-06,8.4395e-05,9.0851e-06
0.0019997,1.4409e-06,2.3206e-06,0,0
0.0011491,0,2.2807e-09,2.8019e-09,0.0020009
0.00071747,0,4.0651e-08,4.4064e-07,0.0030153
0.00040611,8.614e-07,1.2088e-05,0.0052355,5.5531e-06
3.3979e-05,6.0989e-08,1.1088e-06,0.00079993,0.004051
3.5113e-06,0.014819,3.2861e-05,1.3025e-06,4.1694e-11
0.001999,3.9572e-08,1.3278e-07,2.7102e-07,2.4269e-06
0.002,1.9838e-07,1.5325e-08,5.8887e-07,3.2138e-09
0.0019536,8.3055e-07,1.771e-07,9.8465e-05,3.896e-05
0.00097041,3.0954e-07,0,0.0033881,1.4222e-06
2.903e-05,0.00062016,0.007951,0.0032667,2.7451e-07
0.00088125,8.6055e-08,5.9847e-07,0.00056344,0.0022281
0.0019928,0,0,5.8074e-09,1.7324e-05
0.00014149,1.1508e-08,6.0033e-09,4.2847e-07,0.0043695
0.0019332,0,0,2.9222e-08,0.00015747
1.9106e-05,2.3772e-05,7.476e-05,0.0041571,0.0016616
1.3546e-05,2.0976e-07,1.2166e-07,9.6133e-05,0.0046018
0.0016474,0,7.5044e-11,4.8144e-10,0.00082939
0.0019996,0,0,1.7337e-06,0
0.00046152,3.8043e-08,0,0.0050116,3.8617e-05
0,1.0185e-05,0.00010788,0.0065337,4.9904e-06
0.0020001,7.1653e-11,0,1.0473e-07,6.0808e-08
0.0019833,7.5085e-10,5.1709e-09,3.7004e-06,3.7088e-05
0.0019914,0,1.2366e-09,1.0284e-07,2.0632e-05
0.0016808,0,0,0.0010516,0
0,0,0,0.0065852,0
0.00053663,0.00013209,1.1758e-05,0.00017837,0.0032686
0.00091487,0.0067572,0.0015647,1.7001e-06,1.9166e-10
0.00011832,1.2851e-09,4.9463e-10,2.4571e-05,0.0044067
0.0015656,1.0232e-05,3.762e-05,0.0014081,2.9334e-06
0,0,0,0,0
0.0019234,3.0107e-06,0,0.0002512,8.8692e-08
0.0019853,1.8256e-07,0,4.5305e-05,2.6339e-06
2.0295e-10,0,1.8099e-12,4.8523e-07,0.0047021
3.6649e-08,3.298e-07,0.015556,0.00073402,5.9325e-05
0.0015205,0,1.0021e-07,3.2852e-07,0.0011274
0.0020002,0,0,2.0293e-09,0
0.0018849,0,9.3553e-09,3.6035e-07,0.00027076
0.00028208,9.3791e-10,4.7984e-09,6.7795e-06,0.0040344
2.7261e-05,0.014567,0.00012591,3.6724e-09,3.5756e-14
0.0019725,0,0,9.1138e-05,0
7.3971e-07,7.2382e-09,2.5981e-06,0.0025658,0.0028678
2.299e-07,0,2.0882e-06,0.00025934,0.0045161
0.0010039,0,2.0646e-07,4.5731e-06,0.0023389
0.0019291,1.4287e-06,0,0.00023293,3.6138e-07
0.0019979,1.596e-08,2.3245e-08,7.237e-06,1.4341e-07
0.0020002,0,0,0,0
0,0,3.245e-08,3.7453e-06,0.0046997
0.0019929,5.4283e-05,0,0,0
4.5135e-06,0.014574,0.00031998,2.5194e-07,1.5089e-11
0,0,0,0,0
1.0907e-05,5.778e-08,3.4862e-07,0.0044932,0.0014681
4.1004e-05,0.014546,2.8118e-05,5.9413e-07,1.5086e-10
0,2.7635e-06,0.00045579,0.0011898,0.0037313
0.0019761,0,6.3301e-09,0,5.6591e-05
0.00020609,0,1.0344e-07,6.9634e-06,0.0042129
0.00034569,9.1646e-06,8.0042e-06,0.0052259,0.00015288
0.0019414,5.373e-07,0.00013682,2.0961e-06,0.00010034
2.6858e-08,1.3658e-07,2.918e-06,0.0065786,3.8371e-06
0.0020002,0,0,3.591e-11,0
5.8128e-05,0.0018557,0.014983,1.7131e-05,4.3941e-10
0.00022712,0.00011746,0.010157,0.0020177,1.1922e-06
0.0020001,7.087e-14,0,2.5153e-10,1.1027e-07
0.0018069,9.39e-05,0.00015798,0.0004885,3.4111e-05
0.0014691,0,5.051e-07,1.4979e-05,0.0012378
0.0020002,4.3325e-13,5.8828e-13,4.5412e-09,8.2624e-09
0.00040028,0.0060721,0.0069563,0,7.1668e-08
0.0017452,0.0015864,0.00035774,0,3.2798e-06
0.00064744,1.912e-09,1.5849e-09,5.681e-06,0.0031762
0.0020002,0,0,3.7464e-08,0
1.613e-05,6.8735e-07,4.5488e-05,0.006505,7.0511e-06
2.1505e-06,0.00017176,0.00021496,0.0064152,5.0958e-06
0.0019972,1.8214e-13,0,2.6704e-09,6.9259e-06
2.348e-06,5.653e-13,0,1.5305e-06,0.0046958
0.0016517,0,0,0.0011473,0
0.0018334,4.4642e-08,1.0138e-07,0.00048807,4.346e-05
3.9222e-08,4.0289e-07,7.2809e-07,0.00051319,0.0043355
0.0019973,2.1579e-08,5.4405e-08,9.3782e-06,0
0.0012067,0.00021652,9.877e-05,0.00045078,0.001449
0,0,5.3567e-10,8.1015e-12,0.0047024
2.3767e-05,2.4775e-08,2.0375e-06,0.0058608,0.00046082
0.0015521,0.0018917,0,0.00063761,4.534e-09
0.0020002,0,0,2.3824e-08,0
0.0020002,0,0,9.4519e-09,0
1.1817e-06,0,1.2571e-13,0,0.0046996
0.0019919,6.7108e-07,7.2165e-05,0,0
3.0341e-06,0,2.674e-10,8.4029e-07,0.0046947
3.2102e-06,5.1895e-07,6.1152e-06,0.0011614,0.0038637
4.8345e-06,1.2182e-07,4.6911e-05,0.0065428,6.4247e-06
0,0,0,0,0
0.0019038,0.00069484,2.58e-05,1.0228e-07,2.533e-11
2.8055e-05,0.0021615,0.0094322,0.0020386,1.1587e-07
0.0018137,0,0,3.0002e-06,0.00043622
0,0.00012572,0.0022085,0.0055381,0.00012322
5.3455e-05,0.013275,4.2619e-05,0.00051698,2.7773e-08
0.0018191,1.1266e-14,0,8.7243e-09,0.0004258
2.383e-05,1.0985e-07,2.5237e-07,4.3861e-05,0.004615
0.0020002,0,0,2.7814e-09,0
7.4527e-08,0.012626,0.0026504,1.2907e-05,1.7923e-10
0.0019787,4.442e-06,9.3106e-07,4.265e-05,1.8343e-05
0.0001302,0,1.4608e-07,2.8559e-06,0.0043942
0.0019532,0.00033086,1.4703e-05,2.6506e-06,1.3224e-09
0.0019998,0,7.3807e-08,1.9846e-09,8.1534e-07
0.0011136,0,1.2807e-05,1.6492e-06,0.0020797
5.2904e-06,0.00018813,0.0024229,0.0055741,8.5661e-06
0.00025586,1.2967e-06,0.00016109,0.0056727,7.0056e-06
0.0020001,3.2389e-08,9.5683e-07,4.4811e-10,1.2614e-10
0.00092944,0.0059236,0.002385,1.8595e-05,1.1008e-08
0.00021268,1.8997e-05,0,0.0058725,2.8748e-06
0.0019873,1.507e-11,0,1.8008e-07,3.0191e-05
4.254e-08,0,1.1182e-13,2.4805e-11,0.0047023
4.492e-05,1.2583e-06,1.8857e-06,0.0026096,0.0027324
0.0019778,0,0,0,5.2633e-05
0,0,0,0,0
4.5719e-07,0.0046058,0.012242,5.6591e-06,2.1944e-14
0.001462,0.0032664,0.00056536,0.00011628,1.332e-08
0.00013492,0.013496,0.00043935,3.8132e-06,2.5952e-11
0.001957,0,4.4932e-05,8.0938e-06,8.3755e-05
0,0,0,0,0
0.00042229,4.399e-07,2.6269e-06,0.00074867,0.0031741
0.001999,3.5579e-06,1.3937e-07,2.053e-06,5.1836e-10
0.00010959,0.011845,0.0026114,1.2451e-05,2.3502e-12
2.2723e-07,0,5.3773e-08,5.0183e-05,0.004666
0.001596,0,0,1.3989e-08,0.00095024
0.0018237,0.0010032,0.00036789,5.9486e-07,1.6115e-08
8.7671e-05,0,7.4575e-06,1.3333e-06,0.0044934
0.0019768,8.4482e-06,1.2561e-05,5.7352e-05,7.8703e-06
9.1358e-06,0,2.3517e-12,7.7879e-10,0.0046809
3.7631e-08,3.7185e-05,0.015985,0.00064178,7.3234e-11
3.0019e-05,0,0.017494,0,0
0.002,6.18e-11,0,2.2168e-07,3.2674e-07
0.0018312,0,0.0013503,4.3683e-05,8.4468e-06
0.0020002,0,0,6.6457e-11,1.1109e-09
0.0020002,3.884e-09,0,0,0
2.1018e-06,1.7427e-08,3.342e-06,0.0056272,0.00067822
0.00083587,1.0818e-11,1.0891e-11,1.4618e-05,0.0027268
0,0.00052627,5.1324e-05,0.0063289,3.0156e-06
6.5466e-08,0,5.2423e-08,3.9108e-07,0.004702
0.00014792,0,0.00082358,0.00452,0.0009089
0.001856,7.8339e-07,0,0.0004742,6.46e-08
0.00091208,2.8063e-06,3.0163e-05,0.00011971,0.0024637
3.7692e-07,0,0.0013557,0.0060441,2.655e-05
0.0019555,5.0114e-07,0.00016834,1.7382e-05,4.793e-05
0.0014541,1.9194e-05,0,0.0017876,1.1685e-06
0.0019966,1.7904e-10,8.7292e-11,5.8551e-07,8.06e-06
3.2078e-05,1.1517e-06,9.0902e-06,0.0064634,8.7797e-06
0.0019913,1.4594e-09,0,1.2326e-05,1.208e-05
0.0020002,3.1211e-08,1.3543e-09,8.2089e-09,1.2278e-09
4.6158e-05,4.9882e-09,2.344e-06,0.0060724,0.00025701
2.0602e-10,0,1.8589e-12,3.9492e-08,0.0047024
1.2238e-05,0,9.1159e-10,4.3772e-06,0.0046705
0.0017626,7.7464e-08,0,0.00077945,1.88e-06
0.0015005,0,5.0392e-11,1.0662e-08,0.0011748
0.0018744,6.3793e-07,2.8198e-06,0.00040255,7.1582e-06
0.00070456,3.3261e-05,4.0209e-05,0.0034939,0.00052984
0.0019929,1.9211e-06,5.7595e-05,1.6156e-06,1.0051e-08
0.001534,0,1.288e-10,2.1117e-07,0.0010957
0.00015625,0.013042,0.00013921,0.00023177,9.8725e-06
0.00028493,0,0,2.341e-05,0.0040158
2.2852e-05,0.0005851,0.010107,0.0024924,7.9055e-06
0.0019956,0,0,1.5061e-05,0
0.0019768,0.00010478,8.0165e-05,7.1704e-07,1.5844e-08
4.7943e-06,4.6251e-06,4.5523e-05,0.0065386,8.4892e-06
0.0018597,3.3699e-09,3.9422e-07,0,0.00033015
0.0020002,0,0,4.8695e-08,0
0.0019997,0,4.2145e-11,3.7498e-11,1.1883e-06
0.0019995,3.1917e-06,1.0621e-06,3.9203e-07,3.3555e-09
0.001999,2.1e-07,9.8182e-08,3.6074e-06,2.2818e-08
0.0014126,0.0031956,0.0013774,7.5109e-06,1.0645e-06
0.001997,2.1842e-05,7.7803e-07,3.5496e-07,5.3751e-11
0.001999,0,0,1.5266e-12,2.7726e-06
0.0020002,2.9242e-13,0,2.9139e-09,0
1.18e-05,1.0994e-12,9.1678e-10,3.8346e-06,0.0046719
0.002,0,8.8411e-08,6.1725e-10,2.7753e-07
9.609e-06,1.0576e-07,4.467e-07,0.0060997,0.00032392
0.0020001,0,0,5.5309e-08,0
0.002,2.8106e-09,1.7542e-09,1.5953e-08,3.1417e-07
0.00027542,7.4458e-08,5.0643e-07,0.00057444,0.0036445
0.0018088,1.2941e-06,7.0743e-06,0.00011122,0.00036812
2.6899e-06,0,2.7197e-11,1.0439e-07,0.004696
0.0020002,0,0,0,0
0.0019977,5.404e-07,1.3598e-06,6.1968e-06,7.7949e-07
0.0014985,1.5565e-08,1.7506e-06,0.00045111,0.0008568
0.0017425,1.0085e-14,9.3103e-14,1.0964e-09,0.00060569
0.00042074,1.2616e-07,1.9908e-06,0.0051987,3.3657e-07
0.0015235,0.0011512,0.00058687,0.00078881,3.796e-05
0.0019266,0,3.9847e-09,8.94e-07,0.0001722
0.001987,5.6436e-05,4.8507e-05,1.302e-07,6.883e-08
0.00019217,0,0,1.9926e-07,0.0042505
0.0019794,5.525e-05,7.5921e-05,1.5322e-05,2.0387e-07
8.2402e-06,0.010129,7.8196e-05,0.0020401,3.6605e-06
0.0017687,0.00072737,4.4022e-05,0.00012327,0.00021463
4.6343e-06,0,2.0003e-11,0.00030227,0.0044757
0.0010944,0,5.6702e-05,0.00030127,0.0018994
0.00012648,2.3475e-08,2.7958e-08,0.00015086,0.0042973
0.0020002,0,0,0,0
0.0019996,2.9589e-08,0,1.798e-06,1.7842e-11
7.9931e-10,2.8457e-13,6.6243e-14,4.3659e-09,0.0047024
0.0019577,0.00011283,0,8.9039e-05,5.541e-07
4.7657e-10,0,6.8439e-13,6.5567e-08,0.0047024
3.2575e-09,1.0134e-08,1.1298e-08,0.0062386,0.00024744
9.1681e-06,0,2.9325e-05,6.8035e-05,0.0046245
1.1463e-06,7.9483e-05,0.017483,6.3879e-05,1.1592e-08
0.0019018,1.7156e-05,7.8806e-06,0.0002594,3.8451e-05
0.00095889,0.006247,0.0017839,1.3776e-06,2.6001e-12
5.5851e-05,0.00016428,3.3974e-06,0.0063156,8.3374e-06
1.6288e-05,2.703e-07,3.3782e-05,0.0065058,9.3303e-06
4.5942e-07,5.5598e-06,2.5197e-05,0.0065509,1.4987e-05
1.3271e-10,5.4531e-18,4.4348e-16,0,0.0047024
1.2428e-06,0.00023034,0.00075152,0.0061735,1.924e-05
0.0019997,0,0,1.4353e-06,0
0.00018634,0,0,7.754e-08,0.0042643
0.0020002,0,0,0,0
1.0952e-05,3.0164e-08,0,0.0055864,0.00068748
0.0019349,0,0,1.1684e-07,0.00015329
9.5097e-07,2.1611e-11,1.8082e-08,0.00012323,0.0046122
0,1.274e-08,0,0.0063061,0.0001993
0.0015852,0.00111,0.0012936,0,0.00028211
0.001992,0,0,2.6846e-05,0
0.00078868,1.6546e-06,1.7624e-05,0.00098155,0.0021421
0.0020001,0,0,1.0963e-10,8.2598e-08
0.0019667,3.8714e-09,0,0.00010774,1.8023e-06
0.001912,4.3085e-13,3.1167e-13,3.8998e-09,0.00020739
0.000956,2.9732e-10,7.0933e-06,0.00025759,0.002269
0.0019997,5.3412e-07,0,1.4136e-06,4.5286e-10
0.0020002,4.066e-12,0,3.7313e-08,0
3.5598e-05,0,0.0005457,0.00058508,0.0040564
0.0020002,1.3045e-11,0,1.9128e-09,5.0653e-09
0,0,0,0,0
1.61e-05,5.0388e-06,0.00011149,0.0064762,8.8768e-06
0,1.2504e-07,1.6503e-05,0.0056229,0.00068273
7.8951e-07,3.385e-07,1.8726e-06,0.0064688,8.0645e-05
2.077e-06,1.6894e-07,5.6162e-07,0.0065672,7.7371e-06
0.00037778,0.0076878,0.004535,0.00016963,6.2176e-05
0.00083086,3.9787e-05,4.29e-05,0.0037884,1.9892e-05
0.0019837,1.3054e-05,4.2144e-06,4.6538e-05,1.2748e-07
0.0019611,0,1.034e-07,2.6391e-07,9.1597e-05
0.0019985,1.682e-08,0,9.7343e-07,3.2266e-06
0.0020002,0,0,1.4364e-09,3.8375e-09
0.0017112,1.8906e-07,1.601e-06,3.2496e-05,0.00065556
0.0002659,0.0039615,0.0089589,0.00063428,2.967e-08
8.9606e-05,0,0.00030773,0.0053003,0.00062536
1.545e-06,0.0002548,0.0044406,0.0048208,1.3007e-08
0.0020001,7.8394e-07,0,0,0
0.0019998,2.2089e-06,9.9562e-07,0,4.6882e-12
0.0020002,0,0,1.2455e-09,6.973e-09
3.7807e-06,0.013397,0.0017314,1.075e-08,1.7601e-12
0.0018754,0.00010602,0.00092881,1.9412e-05,8.9839e-10
0.0018594,3.5801e-06,5.4359e-06,0.00045996,0
0.00016191,2.7083e-08,0,0.00013336,0.0042265
0.0018518,1.15e-06,0.00091298,0.00012484,1.753e-05
5.5652e-07,0,7.3603e-10,1.5037e-06,0.0047
