Bin1,Bin2,Bin3,Bin4,Bin5,genes,q_value,p_value
2.943e-05,1.5038e-05,3.498e-05,4.1962e-05,3.519e-05,Mapk1ip1l,0.161463396595214,0.019256
3.8057e-05,4.085e-05,5.501e-05,3.4588e-05,1.9248e-05,Dyrk1a,0.13383274749048,0.012896
3.7396e-05,4.1692e-05,6.2645e-05,5.7189e-05,4.9078e-05,Thyn1,0.146208741168208,0.01548
0.00014562,0.00020012,0.00018884,0.00011943,0.00012737,Chpf,0.124361796444541,0.010007
2.6905e-05,3.0618e-05,2.2786e-05,2.4029e-05,2.2618e-05,1700003M07Rik,0.10061629343066,0.0065533
0.0015628,0.0016149,0.0015382,0.0015086,0.001851,Aqp4,0.167864366277734,0.020893
4.6577e-05,3.2333e-05,5.5389e-05,6.2579e-05,2.8745e-05,Zcchc8,0.179885948717363,0.024303
1.1819e-05,1.4083e-05,1.0128e-05,1.7133e-05,1.2855e-05,Srp54b,0.186733081872239,0.026768
0.00014045,0.00014082,0.00018143,0.00014893,0.00018957,Gdpd2,0.150585944319238,0.016545
0.00066763,0.00070051,0.00068237,0.0007875,0.00084612,Fads2,0.0125785196903309,0.0002469
0.00011794,8.6593e-05,0.00012844,0.00011307,9.9597e-05,Ddx24,0.186103121645566,0.026548
0.00016484,0.00015808,0.00013052,0.00019181,0.00012538,Psmd4,0.157596434459229,0.018373
6.1922e-05,8.4173e-05,5.7097e-05,3.5249e-05,5.8097e-05,Rnf10,0.152999153015526,0.017183
0.00017155,0.00018243,0.00016149,0.00025298,0.00011563,Rnf14,0.0804636970518803,0.0044221
1.6978e-07,1.8776e-07,3.1959e-07,2.0084e-07,2.3857e-07,Gm11964,0.173311324813496,0.022473
0.00010499,0.00012525,9.8592e-05,0.00010905,6.9998e-05,3110002H16Rik,0.172848838630029,0.022082
0.00068401,0.0013716,0.0010914,0.00087088,0.00019226,Igfbp2,1.40999856418899e-52,4.1934e-56
3.6059e-07,4.7695e-07,3.4749e-07,1.5512e-07,4.7376e-07,Gm4950,0.102129819599894,0.006743
3.9265e-06,3.1163e-06,4.3138e-06,5.87e-06,5.8111e-06,Gm13127,0.194535644755041,0.030416
6.5343e-06,6.3356e-06,5.7782e-06,5.4272e-06,5.2996e-06,Gm28437,0.0471680733019581,0.0017535
1.6445e-06,1.2878e-06,1.6715e-06,1.3885e-06,1.029e-06,Gm28439,0.0655000048418979,0.0029056
9.5896e-05,8.9742e-05,0.00017138,0.00012818,8.7996e-05,Mbnl2,0.0919415712152433,0.0055211
7.1612e-05,5.6598e-05,6.0794e-05,0.0001084,7.4047e-05,Pgpep1,0.0843162654303028,0.0047946
0.0015415,0.0019811,0.0019028,0.0017457,0.0012954,Btbd17,0.000637627528312042,5.1201e-06
7.8552e-05,0.00013383,8.1875e-05,9.5306e-05,8.9911e-05,Plxnb2,0.102934009037542,0.0070054
6.1545e-05,6.5444e-05,6.8493e-05,7.2091e-05,7.8233e-05,Tenm3,0.130006605144892,0.01193
1.4652e-05,9.9591e-06,1.1974e-05,2.0345e-05,1.4301e-05,Sec14l2,0.130006605144892,0.012213
7.5407e-05,8.3574e-05,0.00010997,6.9991e-05,4.0217e-05,Tnrc6a,0.0280556478435339,0.0008177
8.9529e-05,0.00012798,9.0003e-05,0.00016675,0.0001288,Sept9,0.0209869947704467,0.00053678
0.00012481,0.00014323,0.00017984,0.00015591,0.00013173,Limk2,0.130006605144892,0.01219
7.6308e-07,8.9765e-07,6.4468e-07,7.8322e-07,7.0492e-07,Gm6204,0.161463396595214,0.019247
7.9286e-05,0.00011458,7.001e-05,0.00010024,8.7782e-05,Txndc12,0.0843162654303028,0.0047894
7.6387e-05,6.1794e-05,7.9134e-05,9.2818e-05,8.8562e-05,Mrpl15,0.172848838630029,0.022153
4.6661e-05,3.1098e-05,5.3351e-05,4.0036e-05,8.2659e-05,Mrpl38,0.160168226737121,0.018911
0.0001126,0.00014342,0.00015271,9.764e-05,9.2108e-05,Gpr107,0.193168588618493,0.029388
4.6368e-05,5.7283e-05,3.5147e-05,4.9161e-05,5.4848e-05,Mrpl57,0.0518464812373729,0.0019706
3.3683e-06,6.8876e-06,9.6552e-06,5.6505e-06,3.9171e-06,Gpr162,0.00514415731472961,7.3047e-05
8.8784e-05,4.3218e-05,3.8534e-05,7.6896e-05,7.2583e-05,Txlna,0.194535644755041,0.030166
0.0066959,0.0071577,0.0060753,0.0064972,0.0072022,Tspan7,0.0649411469092031,0.0028005
6.3635e-05,7.879e-05,4.6583e-05,6.691e-05,5.0723e-05,Atp11b,0.192252659612978,0.028931
1.503e-05,1.4124e-05,1.4652e-05,1.3653e-05,1.2019e-05,Gm13340,0.163870395159249,0.019738
1.5584e-05,1.4142e-05,1.5369e-05,1.9106e-05,9.6403e-06,Pdap1,0.0960356113819349,0.0059979
0.00011287,0.00016559,0.0001013,8.2926e-05,0.00011694,9030624J02Rik,0.0565766508415603,0.0021874
0.00010661,0.00010105,7.0086e-05,8.8555e-05,0.00015231,Kdm5b,0.0611717377005285,0.0024594
2.682e-05,2.8054e-05,2.8202e-05,4.4905e-05,2.6602e-05,Acin1,0.145003311845695,0.015167
0.001154,0.0010454,0.0013977,0.0013533,0.0010532,Tril,0.103354485981825,0.0071005
0.00011375,0.00016462,0.00017542,0.00012361,9.4722e-05,Fzd1,0.194416869992358,0.029951
0.00017736,0.00029236,0.00027247,0.00023512,0.00021038,Fzd9,0.0158089223601137,0.00037143
0.00011214,0.00016649,0.00019547,0.00011707,8.4288e-05,Clpx,0.0687433511887168,0.0031917
4.4504e-05,7.7524e-05,4.8156e-05,5.4514e-05,4.5259e-05,Caskin2,0.144226700576337,0.014927
9.3358e-05,5.083e-05,6.6868e-05,0.00010509,0.0001914,Papss2,0.00434937452704927,5.3726e-05
3.5918e-05,6.1599e-05,4.5058e-05,3.5067e-05,5.0594e-05,Serhl,0.0645351761714427,0.0027638
0.00021824,0.00022351,0.00019959,0.00019868,0.0002864,Maged1,0.080924716915593,0.0044912
0.00013624,0.00019862,0.0001724,0.00017275,0.00016307,Maged2,0.150585944319238,0.016593
9.1733e-06,1.0257e-05,9.6281e-06,7.752e-06,6.3066e-06,AA465934,0.107428736516977,0.0078151
0.00025624,0.00032457,0.00051578,0.00045897,0.00043461,Cyr61,0.00387183036834935,4.3757e-05
1.9699e-05,4.0055e-05,2.9366e-05,2.0529e-05,1.1566e-05,Tsku,0.0804636970518803,0.0044271
0.00080592,0.00099105,0.00096518,0.00074488,0.00059836,Atp1b1,0.0151723890519197,0.00034745
2.8841e-05,3.8376e-05,4.6535e-05,3.7862e-05,2.9149e-05,3110082J24Rik,0.198357690165943,0.031384
0.0004455,0.0011225,0.00089384,0.00033224,0.00011877,Chrdl1,3.30133922419251e-35,2.9455e-38
0.00015877,0.00017948,0.00015111,0.00014458,0.00021385,Sesn1,0.124361796444541,0.010321
0.00020633,0.00030622,0.00019194,0.00017402,0.00021987,Adipor1,0.0518464812373729,0.0019891
4.8692e-05,9.4293e-05,0.00011977,7.4162e-05,9.9199e-05,Efr3a,0.165247367087424,0.019953
0.0092215,0.0096595,0.0096999,0.0092865,0.0085653,Gpr37l1,0.146885299307475,0.015639
0.00044475,0.00054003,0.00052916,0.00040254,0.00034242,Ttc3,0.130006605144892,0.011977
0.00021365,0.00015974,0.00016725,0.00023132,0.00011056,Ttc4,0.129738151444842,0.0116
9.9843e-05,7.9429e-05,0.00011001,9.925e-05,0.00012772,Hmgb1,0.193483253622274,0.029577
1.749e-05,2.1603e-05,1.6846e-05,1.5968e-05,1.5222e-05,Gm6560,0.166577357421156,0.020311
7.4005e-06,7.6332e-06,5.0325e-06,1.2201e-05,8.2438e-06,Gm6565,0.150585944319238,0.016312
3.3486e-05,6.0191e-05,5.0631e-05,4.7814e-05,2.0672e-05,Atp2b2,0.0224613527674344,0.00061457
7.1161e-05,3.2201e-05,5.2194e-05,6.2495e-05,6.1732e-05,Hmgn2,0.163870395159249,0.019667
0.00064195,0.00070097,0.00066409,0.00065642,0.00048007,Hmgn3,0.00650312434834147,9.8637e-05
5.7799e-05,5.0982e-05,8.7258e-05,8.8693e-05,5.9937e-05,Arhgef12,0.124361796444541,0.010229
7.5705e-05,6.6298e-05,7.4747e-05,4.4259e-05,9.519e-05,Clstn1,0.138996939414613,0.013807
8.5376e-05,3.1611e-05,5.3426e-05,8.5538e-05,6.3671e-05,Ube2a,0.119746845156462,0.0094019
5.0506e-05,8.2586e-05,0.00011892,5.0853e-05,4.8682e-05,Ube2w,0.150585944319238,0.016448
8.1639e-05,8.2474e-05,5.8679e-05,0.00013663,7.2815e-05,Arhgef40,0.194416869992358,0.029899
0.00030129,0.00040007,0.0003346,0.00038686,0.00031206,Txndc5,0.102934009037542,0.0069427
0.00016683,0.00017665,0.00019454,0.00016695,0.00012036,Ddit4l,0.134793313672162,0.013104
9.6055e-05,5.1599e-05,5.0115e-05,0.00014453,8.5102e-05,2610008E11Rik,0.107427329931251,0.0076998
2.6282e-05,4.0579e-05,4.501e-05,4.4588e-05,3.693e-05,Nrarp,0.00351282352955708,3.8655e-05
0.0096805,0.010391,0.010169,0.010174,0.010283,Slc1a3,0.192252659612978,0.028582
0.0001383,4.5928e-05,8.583e-05,7.3931e-05,0.00017492,Sparc,0.070808557906833,0.0034614
4.5217e-05,6.8593e-05,6.0783e-05,4.6258e-05,4.822e-05,Emx2os,0.18133643800427,0.024754
7.5494e-05,0.00013928,0.00012704,9.6148e-05,4.9564e-05,Nupr1,0.00140184228608532,1.4592e-05
9.7297e-05,0.00014545,0.00017318,0.00010102,0.00010628,Cmtm3,0.0357325627169019,0.0011796
0.00027525,0.00030394,0.00027638,0.00033721,0.00025581,Eif5,0.105245272371188,0.0073869
0.00010611,0.00019798,0.00020374,0.00018695,0.00013831,Crat,0.0629337469878878,0.0026765
0.0040552,0.004453,0.0045243,0.0040418,0.00334,Sat1,0.124361796444541,0.010234
0.00017548,0.00013553,0.00013981,0.00014647,0.00025273,Slc14a1,0.102565917672824,0.0068328
0.00015304,0.00012444,0.00017019,0.00019766,0.00010655,Atp13a1,0.0695746696918123,0.00329
0.00014918,0.00021662,0.00019117,0.00017111,0.00019506,Lmcd1,0.186103121645566,0.026494
1.1849e-06,1.4817e-06,2.9341e-06,9.645e-07,8.5509e-07,mt-Nd4l,0.194535644755041,0.030142
8.9174e-05,0.0001153,0.00016786,0.00014376,0.00010682,Alcam,0.13383274749048,0.012883
9.9634e-05,9.3429e-05,0.00017342,0.00010848,0.0001068,Sh3glb1,0.130006605144892,0.012017
1.8183e-05,2.2161e-05,1.4095e-05,2.0982e-05,2.3025e-05,Kbtbd11,0.118151959452727,0.0091863
0.002221,0.0028657,0.0026946,0.002393,0.0018555,Slco1c1,0.00434937452704927,5.4328e-05
2.2973e-06,2.4124e-06,2.1679e-06,1.7598e-06,1.2974e-06,Gm8172,0.0943795202549811,0.0058501
0.0007858,0.0008541,0.00083023,0.00081035,0.00067765,Mfsd2a,0.199412284782462,0.031966
6.6215e-05,6.6539e-05,5.8846e-05,7.068e-05,5.1914e-05,Usmg5,0.0655000048418979,0.0029213
0.00016206,0.00018161,0.00018705,0.00013243,0.00015457,Gbas,0.186103121645566,0.02649
7.3389e-05,0.00010083,8.5558e-05,7.2797e-05,0.00010435,Scap,0.143000732838237,0.014601
0.0011678,0.00098523,0.00086801,0.0009612,0.0012173,Scd2,0.0918245685081707,0.0054345
0.011749,0.010109,0.0090465,0.0099496,0.012872,Cst3,1.23031066589581e-06,5.8544e-09
0.00052674,0.00042274,0.00042602,0.00047119,0.00065411,Nkain4,0.00438147207786307,5.6032e-05
0.0013136,0.0016976,0.0015517,0.0013579,0.0013667,Scg3,0.0134749111603648,0.00027251
8.0242e-05,9.0259e-05,0.000101,0.00016237,0.00010557,Lrig1,0.0471680733019581,0.0017456
0.0007487,0.00081378,0.00071855,0.00082784,0.00067672,Pdia3,0.192252659612978,0.028843
0.00024033,0.00032406,0.00021525,0.00031185,0.00027259,Pdia4,0.13577057502929,0.013325
0.00032462,0.00031664,0.00038218,0.00029697,0.00025949,Ghitm,0.193168588618493,0.029414
0.00017487,0.00021248,0.00020288,0.00022135,0.00013753,Aldh2,0.149566954939895,0.015969
0.0003627,0.00039945,0.00034243,0.00037177,0.00034648,Lgr4,0.172814380720789,0.021946
0.00011006,9.481e-05,8.5302e-05,0.00012967,8.0919e-05,Slc16a1,0.136492102690164,0.013477
0.00014637,0.00015757,0.0001583,0.00013478,7.0871e-05,Lgr6,0.0354277140245285,0.0011511
0.00010023,0.0001219,0.00012422,0.00010143,9.4797e-05,Fam173a,0.182703688894265,0.025234
0.0003249,0.00038822,0.00031559,0.00043087,0.00041625,Polr3h,0.10567192082721,0.0074797
2.263e-05,2.5687e-05,3.6658e-05,2.7204e-05,2.1513e-05,Camta1,0.102446854287205,0.0067944
9.4376e-06,7.6575e-06,6.4292e-06,6.0717e-06,6.455e-06,Gm1673,0.155879840193396,0.017802
0.010598,0.010321,0.010298,0.010174,0.0090551,mt-Cytb,0.00909419542550141,0.00015687
0.00014505,0.00019755,0.00018845,0.00013265,0.0001489,Ctns,0.151434576560549,0.016889
8.1573e-05,0.00012947,9.3966e-05,9.3339e-05,9.4865e-05,Gcat,0.166577357421156,0.02057
0.0094917,0.011606,0.010816,0.010448,0.010765,Mfge8,0.00082117332417379,7.0824e-06
2.5104e-05,1.7603e-05,2.6254e-05,1.7267e-05,1.694e-05,CAAA01180111.2,0.177954945611539,0.023869
6.9669e-06,1.0945e-05,1.3167e-05,8.074e-06,5.6329e-06,Hypk,0.0687433511887168,0.0032098
6.8338e-05,8.9729e-05,6.1809e-05,0.00010235,7.4109e-05,Sdhc,0.107428736516977,0.0077528
5.5741e-05,6.11e-05,4.4781e-05,7.6652e-05,5.2519e-05,Ssrp1,0.144226700576337,0.014911
4.8929e-05,3.6633e-05,2.6052e-05,6.1923e-05,3.9553e-05,Baz1b,0.00557355277340503,8.288e-05
7.9707e-05,0.00010959,0.00010795,0.00010042,8.8119e-05,Usp53,0.134793313672162,0.01307
4.6153e-05,4.6796e-05,3.0421e-05,3.5027e-05,3.8409e-05,Glt8d1,0.190124750032384,0.027637
0.00012768,0.00018077,0.00013507,0.00015889,0.00013672,Gcsh,0.0836849913318734,0.004679
1.6623e-06,1.2697e-06,1.5308e-06,1.5811e-06,1.1539e-06,Gm25184,0.12916930654053,0.01132
7.2866e-05,6.1876e-05,9.4074e-05,7.4621e-05,6.4253e-05,Fam181a,0.183298273596418,0.025739
0.00010074,0.00010891,6.2188e-05,9.5557e-05,7.559e-05,Ccnd2,0.0761217434858251,0.0038939
0.00011856,0.00015473,0.00010566,0.00014274,9.5252e-05,Ccnd3,0.0614452610679482,0.0025401
3.4433e-05,4.6768e-05,6.6609e-05,5.4605e-05,4.5287e-05,Fam184a,0.12916930654053,0.01136
5.5038e-05,6.5264e-05,4.6888e-05,4.286e-05,3.0256e-05,Rgs7bp,0.0146610620009565,0.00032702
0.00011763,0.00010365,0.00012244,0.00015863,0.00012773,Tmem222,0.101091787416612,0.0066257
8.2234e-05,7.9973e-05,8.5521e-05,6.2129e-05,7.5072e-05,Lhx2,0.199412284782462,0.031824
7.3568e-05,4.2673e-05,1.9858e-05,4.1834e-05,7.4735e-05,Ppm1g,0.125597795543441,0.010571
0.00035434,0.00031444,0.00044942,0.00032172,0.00022156,Ccnl2,0.0757277051993521,0.0038196
5.026e-05,3.8108e-05,3.4349e-05,4.9575e-05,7.7091e-05,Vgll4,0.0773000441435117,0.0041151
0.00012469,0.00020136,0.0001263,0.00012844,0.00011131,Slc25a17,0.128166298506397,0.011054
0.0012595,0.0013711,0.001413,0.0014952,0.0011858,Slc25a18,0.150585944319238,0.016351
0.00014108,0.00018674,0.00022829,0.00015202,0.00010716,Slc25a33,0.0757277051993521,0.0037756
6.6082e-05,7.4985e-05,6.7663e-05,0.00010127,9.0656e-05,Slc25a42,0.0177211713745212,0.00044271
4.8432e-05,4.8202e-05,2.3715e-05,4.9787e-05,5.6643e-05,Rnps1,0.177954945611539,0.023808
0.00012877,0.00018787,0.00022563,0.00025855,0.00015772,Lifr,0.0964680822987517,0.0060536
4.2156e-05,6.1016e-05,2.775e-05,4.0775e-05,3.1865e-05,Gm15446,0.124361796444541,0.010389
2.2899e-05,7.1971e-06,3.8268e-05,3.7112e-05,1.7785e-05,Hyou1,0.0220549100176458,0.00059689
5.6374e-06,7.7994e-06,7.873e-06,9.8877e-06,9.5083e-06,Acsf2,0.129198565956578,0.011412
0.0033697,0.0040624,0.0038391,0.0033752,0.0032589,Slc6a1,0.0243435903653998,0.00068779
9.0436e-05,4.1447e-05,0.00010883,0.0001073,0.00014159,Slc6a9,0.0943795202549811,0.0057759
6.3759e-05,0.00016557,8.2634e-05,0.00011289,0.00010671,Itih5,0.155795203479008,0.017716
5.6109e-05,7.4243e-05,7.4551e-05,7.3915e-05,6.3038e-05,1110008F13Rik,0.0627115614509943,0.0026484
0.00012517,0.00010649,9.8197e-05,6.5015e-05,5.1407e-05,Brinp3,0.0700691644313139,0.0033496
0.00091807,0.0010226,0.0010294,0.0010853,0.00096129,Dhrs3,0.158101992297009,0.018481
0.00011346,0.00011671,0.00015277,0.0001491,8.5726e-05,Clcn2,0.126666788528336,0.010887
0.00053286,0.00059623,0.00057107,0.00059843,0.0006555,Adk,0.166577357421156,0.020609
4.7588e-05,7.2585e-05,5.1289e-05,5.6673e-05,4.3768e-05,Aes,0.0611717377005285,0.0025106
3.9437e-05,5.5019e-05,4.7776e-05,6.4931e-05,6.7367e-05,Prdx4,0.0664720106146044,0.0030049
0.00014842,0.00017109,0.00018926,0.0001792,0.00012845,Agl,0.1927261889055,0.029232
0.00025864,9.115e-05,8.7404e-05,0.00020138,0.00050332,Agt,6.68967037289072e-08,2.5864e-10
0.00031453,0.00040767,0.00039276,0.00033875,0.00038306,Hsd17b12,0.198053694690971,0.031277
0.00020104,2.8475e-05,0.00010279,0.00010715,0.00026235,Gfap,0.000733872890858401,6.1112e-06
0.0013809,0.0017975,0.0016772,0.0016157,0.0012181,Luzp2,0.000882173769010905,8.3956e-06
3.8977e-05,3.9264e-05,4.0196e-05,5.5507e-05,4.6623e-05,Rims2,0.187888344573128,0.027122
0.00022578,0.00019296,0.00019548,0.00023418,0.00020503,Apc,0.118151959452727,0.0091117
9.4974e-05,0.00010385,9.5874e-05,7.4005e-05,6.7769e-05,Pou2f1,0.150585944319238,0.01666
0.00069537,0.00080553,0.00066219,0.00081475,0.00075284,Slc9a3r1,0.158101992297009,0.018573
0.0001409,0.00013072,0.00014474,0.00012141,0.00016725,Prkcdbp,0.192252659612978,0.028668
9.5891e-06,8.3055e-06,5.8353e-06,1.0518e-05,1.6174e-05,Ppp1r35,0.187888344573128,0.027196
2.7749e-05,4.902e-05,4.6312e-05,4.9052e-05,2.8983e-05,Pfdn6,0.124361796444541,0.01021
0.00024107,0.00063685,0.00034379,0.00024359,0.00010794,Eogt,5.47140235517624e-24,7.911e-27
0.00032781,0.00051837,0.00039316,0.00049741,0.00032244,Prelp,0.000882173769010905,8.1955e-06
7.8755e-05,8.1282e-05,0.0001168,8.6499e-05,9.949e-05,Ptges3,0.0417026698547175,0.0014511
0.00026767,0.0003026,0.00023628,0.00028703,0.00024251,Prex1,0.194535644755041,0.030154
3.1408e-05,3.9227e-05,2.5758e-05,2.1224e-05,2.9174e-05,Rpl23,0.192252659612978,0.029012
0.00012265,0.00010522,0.00010126,0.00016674,0.00015332,Notch1,0.12928404549813,0.011458
0.00010726,0.00018066,0.00013416,0.00014124,0.00011931,Slc8b1,0.150585944319238,0.016628
6.0886e-07,8.4047e-07,6.8663e-07,6.7556e-07,4.2632e-07,Rpl6l,0.166275126033002,0.020176
3.6793e-05,5.6427e-05,3.8119e-05,3.4964e-05,3.1678e-05,Pou3f4,0.118151959452727,0.0091076
0.0020769,0.0020989,0.0018493,0.0018907,0.0022437,Itm2b,0.183298273596418,0.025583
9.6736e-05,0.00016304,0.00014213,0.00012384,8.2478e-05,Ncs1,0.087866154549797,0.0050957
5.5405e-07,8.7546e-07,5.7729e-07,6.6776e-07,8.3971e-07,Gm10290,0.0943795202549811,0.0058664
1.2958e-06,6.7418e-07,6.352e-07,1.512e-06,1.4865e-06,Gm8741,0.11487345419098,0.0085938
0.00017026,0.00014123,0.00014985,0.00014432,0.0002655,Cd9,0.000850345630963373,7.5869e-06
2.4729e-05,2.7217e-05,5.9643e-05,2.5289e-05,3.7202e-05,Ythdc1,0.118151959452727,0.0091537
2.9872e-07,2.3893e-07,3.1771e-07,4.392e-07,4.5074e-07,Gm8756,0.126020331396071,0.010696
1.5941e-05,1.7993e-05,1.5008e-05,1.5181e-05,1.8167e-05,Gm8797,0.0700691644313139,0.0033631
0.00011992,0.00014949,0.00014228,0.00015449,0.00010472,Tpgs2,0.166577357421156,0.020414
0.014892,0.014269,0.013267,0.014349,0.016812,Clu,0.00514415731472961,7.3435e-05
0.0058578,0.005034,0.0047454,0.0051,0.0060758,Cpe,0.0761217434858251,0.0038787
1.395e-05,9.896e-06,1.3293e-05,1.4445e-05,1.9527e-05,Cebpzos,0.187888344573128,0.027213
7.5711e-07,8.3893e-07,8.0638e-07,8.4628e-07,1.0563e-06,Gm10313,0.151434576560549,0.016876
0.00020239,0.0002087,0.00018228,0.00025085,0.00023113,Lmf2,0.0986686135330767,0.0063391
0.00065276,0.0006049,0.00057007,0.00071839,0.00087393,Pttg1ip,0.167864366277734,0.020918
2.9068e-05,3.5151e-05,3.1506e-05,1.1084e-05,2.8042e-05,Nenf,0.130006605144892,0.012076
1.1157e-05,2.2004e-05,1.8885e-05,1.4817e-05,1.1643e-05,Akt2-ps,1.546798753973e-05,9.2005e-08
7.5049e-05,5.079e-05,5.3314e-05,9.7335e-05,8.8787e-05,Kalrn,0.12520853372886,0.010501
0.00016786,0.0001739,0.00015939,0.00025037,0.00019507,Snta1,0.18133643800427,0.02475
9.9341e-05,0.0001342,7.8498e-05,0.00010792,0.00013827,Uba2,0.172814380720789,0.021899
0.00010318,0.00013176,8.4016e-05,0.00015502,0.00012516,Uba3,0.0919415712152433,0.0054821
5.1022e-05,3.8925e-05,1.7133e-05,5.8436e-05,2.437e-05,Dleu2,0.0843162654303028,0.0047574
3.2959e-05,3.681e-05,4.7414e-05,4.0838e-05,3.5813e-05,Ubl5,0.14042541295268,0.014283
5.0763e-05,7.9483e-05,6.2765e-05,5.6676e-05,5.8178e-05,Tomm20,0.177052599073726,0.023397
0.00011265,0.0001018,0.00011452,0.00013592,7.8692e-05,Trak1,0.183298273596418,0.02572
4.6617e-07,5.3826e-07,3.2409e-07,4.2889e-07,4.2857e-07,Gm10566,0.150585944319238,0.01636
0.00013621,0.00015755,0.0001543,0.00021221,0.00021841,Repin1,0.182715663225978,0.025377
0.00012525,0.00017503,0.00013757,0.00013293,0.00015748,Map2k2,0.173122283797586,0.022397
6.2948e-05,3.9225e-05,2.7692e-05,5.0553e-05,9.3145e-05,Pacrg,0.130006605144892,0.011748
0.00060742,0.00071093,0.00079418,0.00067886,0.00056293,Ezr,0.177052599073726,0.023375
0.00012025,0.00017642,0.00015622,0.00013585,0.00012822,Trap1,0.0389865665816385,0.0013334
7.7575e-05,5.4664e-05,5.989e-05,0.00011527,5.3852e-05,Mpv17l,0.150585944319238,0.016643
5.9851e-05,7.4172e-05,7.9001e-05,6.6965e-05,5.6938e-05,C030018K13Rik,0.13383274749048,0.012892
3.7216e-05,4.813e-05,6.6241e-05,5.2153e-05,2.7374e-05,Celrr,0.070808557906833,0.0034747
0.00030404,0.00037261,0.00038387,0.00031483,0.00026295,Abcd2,0.145976526972168,0.015412
9.904e-05,9.4415e-05,9.9639e-05,0.00011686,0.00010907,Cox14,0.172848838630029,0.022156
0.00011248,6.2695e-05,7.5815e-05,0.00015976,0.00014304,Ubqln1,0.177052599073726,0.023421
6.978e-07,1.0681e-06,8.2456e-07,1.4793e-06,1.4268e-06,Gm20421,0.0468169597720548,0.0016889
0.00018801,0.00019008,0.00019526,0.00019995,0.00027028,Rab10,0.175759543901162,0.022895
0.00030616,0.00020729,0.00013279,0.000269,0.00030399,Rab14,0.186103121645566,0.026535
0.0001162,0.0001399,0.00011386,6.1901e-05,0.00013095,Rab30,0.106689689611572,0.0076152
3.8738e-06,6.3138e-06,4.59e-06,3.5532e-06,5.5636e-06,Rab4b,0.112908552172666,0.0083613
5.8655e-05,8.5585e-05,8.1664e-05,6.912e-05,6.4162e-05,Rab5b,0.199412284782462,0.031847
0.0078869,0.0094788,0.0086101,0.0085704,0.0072015,Htra1,8.5984804284122e-05,5.6259e-07
0.00012402,0.00010645,0.00010841,0.00012074,6.102e-05,Aldh1a1,0.079504682412117,0.0042943
0.00013787,0.00016637,0.00015,0.00016418,0.00011562,Olfml1,0.183298273596418,0.025547
8.7251e-05,8.9673e-05,2.885e-05,8.8021e-05,0.00011747,Glb1,0.150585944319238,0.016371
0.00017056,0.00019853,0.00013095,0.00017737,0.00015998,Gldc,0.13383274749048,0.012872
0.00014223,5.4172e-05,0.00012649,0.00010628,0.00017911,Glg1,0.0687433511887168,0.0032063
0.00025792,0.00034395,0.00035692,0.0002481,0.00025986,Grn,0.145003311845695,0.015099
1.6748e-06,1.7777e-06,1.2064e-06,1.168e-06,1.257e-06,Gm10736,0.192252659612978,0.029051
0.0001166,0.00016562,0.00014012,0.00011112,9.2737e-05,Cend1,0.130006605144892,0.012218
1.8384e-05,1.8821e-05,1.7058e-05,1.3579e-05,2.0387e-05,Rpl36a,0.177052599073726,0.023117
8.2743e-05,0.00011016,8.1981e-05,0.00011102,7.5948e-05,Tiprl,0.181716414759116,0.024958
0.0011565,0.0012348,0.0013659,0.0012165,0.00089785,Slc38a3,0.0418222762618129,0.0014677
2.1993e-07,2.7925e-07,2.4234e-07,3.0621e-07,2.731e-07,Gm3809,0.153524185816755,0.017306
0.00028189,0.00044483,0.00033428,0.00030933,0.00024068,Lrtm2,0.0114162274988445,0.0002139
4.217e-05,5.8639e-05,6.8829e-05,4.6281e-05,4.9038e-05,Tfcp2,0.118206436701622,0.0092458
0.00025313,0.00039378,0.00035737,0.0003035,0.00024936,Fam13c,0.00750010709814533,0.00011822
5.8236e-05,1.1279e-05,1.2203e-05,3.1098e-05,0.00011068,Id1,8.23298180388731e-06,4.6522e-08
0.0012378,0.00099671,0.0010557,0.0012499,0.0014198,Id2,0.0220436732014973,0.00058757
0.00062166,0.00017947,0.00026071,0.00027595,0.0012142,Id3,3.81933453541331e-20,9.0871e-23
0.00017343,0.0001382,0.00013121,0.00019012,0.00025282,Id4,0.00434937452704927,5.2562e-05
5.5629e-05,4.5211e-05,3.817e-05,6.1374e-05,4.6199e-05,Rps23,0.124361796444541,0.010082
3.0429e-05,5.2816e-05,7.4453e-05,2.4559e-05,4.0007e-05,Sertad2,0.0985487155605595,0.0062962
0.00026724,0.0003496,0.00032467,0.00028297,0.00025957,Sod3,0.192252659612978,0.029103
1.3371e-05,1.12e-05,1.2005e-05,1.1161e-05,1.1e-05,Gm10925,0.177052599073726,0.023524
1.2878e-05,1.4572e-05,1.3815e-05,1.2758e-05,1.7814e-05,Lsm7,0.166718136797882,0.020676
0.0001581,0.00018077,0.00018278,0.00012716,0.00010051,Metap1d,0.169095546258866,0.021138
9.9904e-05,7.5696e-05,9.0964e-05,0.0001248,0.00013445,Pla2g16,0.19221739220329,0.028183
5.7584e-05,8.4438e-05,7.6789e-05,4.9165e-05,6.1497e-05,Aldh4a1,0.166577357421156,0.020406
0.00016839,0.00027227,0.0001519,0.00019873,0.0001614,Cept1,0.169695062568244,0.02133
0.00016943,0.00023455,0.00013905,0.00014939,0.00012524,Mfsd5,0.0285354256466188,0.00084017
7.1196e-05,0.00014667,0.0001109,9.5991e-05,7.1083e-05,Mfsd8,0.124361796444541,0.010335
0.0001607,0.00024564,0.00029807,0.00024107,0.00020262,Jun,0.0353085574431498,0.0011341
8.9867e-05,0.00010367,0.0001874,8.1511e-05,6.723e-05,Nktr,0.136492102690164,0.013464
6.7069e-05,6.7555e-05,0.00010125,7.0039e-05,7.6283e-05,Hist1h1c,0.116815633863524,0.0087896
0.0075577,0.0073745,0.0067901,0.0071892,0.0090146,Sparcl1,4.96309682723259e-05,3.0997e-07
0.00017467,0.00017037,0.00022205,0.00020628,0.00013533,Abhd8,0.139864834034104,0.01401
1.2991e-06,1.4964e-06,9.5125e-07,1.5345e-06,1.37e-06,Gm5276,0.103868573214752,0.0071921
2.5681e-05,4.0644e-05,3.3367e-05,2.3652e-05,2.2432e-05,1110008P14Rik,0.0986686135330767,0.006369
0.0008005,0.00086336,0.00087419,0.00097233,0.0010907,Adgrg1,0.00863434895773316,0.00014637
0.00010884,8.4648e-05,0.0001041,0.0001218,7.2714e-05,Pdk4,0.130006605144892,0.011839
0.00013512,0.0002061,0.00021151,0.00018202,0.0001121,Fam49b,0.0220436732014973,0.00058509
0.00025093,0.0002754,0.00031483,0.00027157,0.00024994,Cers1,0.192252659612978,0.028383
4.2022e-05,3.6843e-05,5.9473e-05,5.2139e-05,3.7027e-05,Nme1,0.166577357421156,0.020469
0.0021251,0.0018856,0.0021763,0.0021123,0.0018177,Slc7a10,0.123239738324392,0.0097189
0.00025863,0.00022276,0.00024608,0.0003197,0.00035615,Slc7a11,0.0518464812373729,0.0019851
0.00019108,0.00020412,0.000232,0.00019306,0.00026431,Pdpn,0.14042541295268,0.014159
0.0002981,0.00028302,0.00027957,0.00031646,0.00041808,Lxn,0.0468169597720548,0.0017123
6.4207e-05,8.956e-05,6.1402e-05,4.3811e-05,5.7018e-05,Mtmr11,0.126666788528336,0.010861
0.0002398,0.00018867,0.00032967,0.0002549,0.0002633,Apba2,0.0982743177407793,0.0062254
7.8421e-05,7.5878e-05,0.00010647,9.5805e-05,0.00012524,Pef1,0.0804427607405418,0.0043781
0.0002056,0.00021766,0.0002357,0.00025754,0.00021374,Mff,0.186103121645566,0.026567
0.00012131,4.9014e-05,6.0473e-05,0.00012132,0.00020445,Nnat,1.64114274623116e-08,5.857e-11
2.8101e-07,2.4725e-07,1.7071e-07,4.025e-07,3.1414e-07,Gm12411,0.181716414759116,0.024918
6.8804e-05,4.3755e-05,6.7123e-05,4.071e-05,8.5637e-05,Rpl7l1,0.128713102842283,0.011216
5.2677e-05,8.0679e-05,9.3106e-05,8.0188e-05,8.2855e-05,Urgcp,0.124361796444541,0.010393
2.197e-07,3.7828e-07,2.1859e-07,3.4824e-07,2.3373e-07,Ldha-ps2,0.158551841621134,0.018673
0.00077375,0.0013641,0.0017112,0.0013021,0.0012466,Grm3,7.86278658886056e-23,1.6369e-25
0.0002928,0.00036253,0.0003907,0.00028191,0.00031291,Mvd,0.108996965385053,0.0080068
1.1512e-05,1.3592e-05,1.3893e-05,1.4146e-05,1.2485e-05,Gm5499,0.079504682412117,0.0043034
8.3598e-05,9.8241e-05,0.00012595,8.9707e-05,8.9248e-05,Tspyl1,0.126020331396071,0.010671
5.8815e-05,7.0751e-05,7.0978e-05,5.5017e-05,3.5015e-05,Tspyl2,0.0919415712152433,0.0055508
0.00056097,0.00060657,0.00060039,0.00070158,0.00062701,Trim9,0.14349263031385,0.014723
0.00017985,0.00020386,0.00019777,0.00021616,0.00019723,Hsbp1,0.126020331396071,0.010719
0.00018549,0.00023228,0.00022333,0.00018921,0.00020543,Poldip2,0.194535644755041,0.030262
5.4829e-05,4.5403e-05,6.1123e-05,5.9195e-05,6.7904e-05,Bmyc,0.19221739220329,0.028093
9.5919e-05,0.00011911,0.00011346,0.00010828,5.4046e-05,Trp53inp2,0.0986686135330767,0.0063971
2.0802e-05,2.1404e-05,4.0117e-05,2.2034e-05,2.9592e-05,Foxg1,0.0969408826648919,0.0061121
5.1055e-05,5.3972e-05,8.6316e-05,8.6655e-05,6.9725e-05,Foxo1,0.182703688894265,0.025232
0.0002303,0.0002098,0.00045672,0.00066002,0.00045702,Il33,3.64419431456103e-23,6.5028e-26
0.00019259,0.00019483,0.00015394,0.0002431,0.00026661,Ndufs1,0.133354974795309,0.012612
4.3436e-07,5.8319e-07,4.5473e-07,4.3104e-07,6.4582e-07,Gm5576,0.153524185816755,0.01739
5.0109e-07,9.4291e-07,6.7614e-07,5.5077e-07,7.0298e-07,Gm5580,0.196384550180248,0.030898
0.0001129,9.6648e-05,0.00013598,0.0001782,0.0001233,Mat2b,0.118151959452727,0.0092064
0.00011014,0.00014851,0.00021644,0.00013313,0.000174,Naprt,0.00505247950481745,6.9121e-05
0.00033427,0.0003449,0.00020966,0.00034722,0.00038971,Fgfr1,0.156950349544615,0.018208
0.0029885,0.0030457,0.002815,0.0032198,0.0032903,Pla2g7,0.132470990301541,0.012489
0.00073417,0.00097212,0.00076647,0.0007835,0.00073131,Oaf,0.0112077159374599,0.00020666
0.00013747,0.00025914,0.00019644,0.00016667,0.00018955,Pcdh1,0.0220436732014973,0.00058421
1.6735e-05,1.4862e-05,1.6457e-05,1.8065e-05,1.1341e-05,Styx,0.187628774879297,0.027008
7.3272e-05,9.4203e-05,8.9926e-05,4.513e-05,3.8585e-05,Unc13c,0.0151723890519197,0.00034336
0.00015542,0.00013146,0.00015159,0.00017515,0.00015098,Npc1,0.107428736516977,0.0078277
0.0012866,0.0015343,0.0015814,0.0012428,0.0010445,Kcnk1,0.000519015892892096,4.0133e-06
0.00010384,0.00010275,0.00015951,0.00010487,9.019e-05,Adck1,0.156016438637786,0.017864
1.911e-05,1.9145e-05,1.9798e-05,1.9583e-05,1.3964e-05,Cideb,0.163870395159249,0.019694
7.1589e-05,7.7058e-05,9.3605e-05,9.4307e-05,0.00011246,Eif2s1,0.180607009697885,0.024547
7.4847e-05,0.00010737,0.00010348,7.3243e-05,6.8953e-05,Exoc1,0.113578622359009,0.0084447
0.00070445,0.00083685,0.00075931,0.00065848,0.00055318,Gnao1,0.0177211713745212,0.00043434
0.00059666,0.00073943,0.00075255,0.00060805,0.00046029,Pmp22,0.00472168284390324,6.1787e-05
0.00016304,0.0003339,0.00073289,0.00022759,0.00012475,Pamr1,5.47140235517624e-24,8.1361e-27
2.456e-06,3.03e-06,3.3676e-06,2.1792e-06,1.9365e-06,Rps6-ps4,0.0611717377005285,0.0024943
0.00011473,0.0002173,0.00018426,0.00012706,0.0001219,Mapk8ip3,0.0880954890584047,0.0051352
7.0808e-05,6.148e-05,0.00013221,5.8055e-05,7.5804e-05,Exosc4,0.102934009037542,0.007041
0.00012599,0.00015312,0.0001597,9.3256e-05,0.00012108,Guf1,0.103868573214752,0.0071976
0.00064835,0.00091227,0.00073757,0.00066725,0.00054935,Por,0.00111693586752051,1.0962e-05
0.0013194,0.001768,0.0014419,0.0013708,0.0014448,Ptn,0.00505247950481745,6.857e-05
0.00011571,0.00016565,0.00013057,0.00011135,0.00015559,Eif4a3,0.139864834034104,0.013992
0.00010101,6.9315e-05,9.7023e-05,0.00010554,7.4106e-05,Eif4g3,0.192252659612978,0.028995
2.3072e-05,2.9419e-05,3.4541e-05,2.989e-05,2.311e-05,Fam96b,0.177052599073726,0.023539
8.6582e-05,0.0001198,0.00012645,0.00012322,5.7558e-05,Pigc,0.0165574126715973,0.00039394
0.00011647,0.00019438,0.00011635,0.00014406,0.00010051,Vps11,0.173122283797586,0.022381
5.4931e-05,6.8803e-05,7.9421e-05,0.00010197,5.9745e-05,Pigk,0.181716414759116,0.024968
8.1219e-06,7.4827e-06,8.4073e-06,6.8686e-06,6.0027e-06,Gm29216,0.0618614336436597,0.0025941
0.00018863,0.00028241,0.00028917,0.00028778,0.00023387,Vps35,0.101091787416612,0.0066444
9.8558e-05,0.00010639,0.00012622,0.00013892,0.00011193,Vps4a,0.144226700576337,0.0149
3.7198e-05,5.5419e-05,3.3992e-05,2.6355e-05,5.6673e-05,Vps72,0.118151959452727,0.0089411
9.7135e-05,0.00014879,0.0001016,0.00011217,8.6055e-05,Cdc23,0.180169845625173,0.024434
0.00059316,0.00075302,0.00077146,0.00056227,0.00055785,P4hb,0.0138176103122639,0.00028355
0.00039752,0.00036322,0.00048252,0.00039532,0.00049539,Laptm4b,0.14042541295268,0.014232
0.00010926,0.00012129,0.0001526,0.00010452,6.7119e-05,Rb1,0.0728106421800197,0.0035946
0.00022369,0.00031244,0.00021381,0.00024963,0.00027614,Klf15,0.150650984706635,0.016712
0.00036885,0.00043551,0.00054061,0.00043586,0.00042773,Sema4a,0.0773000441435117,0.0040996
6.8654e-05,4.7165e-05,6.7843e-05,5.6052e-05,5.8168e-05,Ap2a2,0.192252659612978,0.02866
0.00013512,0.00016356,0.00016226,0.00017961,0.0001501,Brk1,0.173122283797586,0.022312
0.00040681,0.00066204,0.00049509,0.00028037,0.00040994,Tnfrsf19,0.000277427938030301,1.9802e-06
5.7148e-05,6.9684e-05,9.4569e-05,6.9508e-05,7.0816e-05,Rbp1,0.0911131790124641,0.0053653
8.8776e-05,8.9018e-05,0.0001337,0.00012669,0.00010646,Wdr33,0.130006605144892,0.011875
0.00015162,0.00022241,0.00012964,0.0001428,0.000181,Fuca2,0.0237676821929743,0.00066445
9.9315e-05,0.00013066,0.00010872,0.000149,8.4506e-05,Flot2,0.0757277051993521,0.0038287
0.00010317,0.00014038,9.0943e-05,9.0083e-05,8.917e-05,Rmnd1,0.165956653994527,0.020088
0.00024205,0.00033486,0.00014088,0.00022358,0.00021946,Sybu,0.150585944319238,0.016456
0.00057704,0.00043261,0.00052205,0.0004666,0.00043632,Son,0.192252659612978,0.028338
0.0019014,0.0018901,0.0016082,0.0019347,0.0023147,Ntrk2,0.037498458188003,0.0012602
4.3407e-05,7.031e-05,5.8441e-05,4.7523e-05,7.5426e-05,Src,0.080924716915593,0.0045006
5.1328e-05,5.3166e-05,3.9814e-05,6.9689e-05,4.3017e-05,Ramp2,0.172814380720789,0.021906
0.0003687,0.00032613,0.00040648,0.00044335,0.00045031,Nedd4,0.153524185816755,0.017396
6.9128e-05,8.9581e-05,0.00010177,0.00016277,0.00021541,Paqr6,2.66784747647367e-11,7.9343e-14
0.0002542,0.00037584,0.00034708,0.00030814,0.00024648,Pld3,0.177052599073726,0.023581
0.00027977,0.00059504,0.00040814,0.00048107,0.00024326,Kirrel2,1.36604048427969e-13,3.6564e-16
0.00013806,0.00017142,0.0001246,9.324e-05,0.00013893,Tmem70,0.118151959452727,0.0090006
0.014714,0.014367,0.014303,0.013518,0.011994,mt-Co1,8.23298180388731e-06,4.5261e-08
6.0549e-06,5.9318e-06,6.1646e-06,5.55e-06,4.9301e-06,mt-Co3,0.102934009037542,0.0070376
0.00041838,0.00045691,0.00033717,0.00057955,0.00088688,Dkk3,1.13426763098204e-10,3.7107e-13
0.00021377,0.00023304,0.00024252,0.00023387,0.00023672,Hapln1,0.133579905338386,0.012673
0.00010593,0.00013353,9.2916e-05,0.00011616,0.0001114,Cyp2u1,0.13383274749048,0.012851
0.00010009,0.00013735,0.00011248,0.0001447,0.00010832,Akr1b10,0.145003311845695,0.015223
0.0036037,0.0032689,0.0034091,0.0032785,0.003855,Ntsr2,0.0220436732014973,0.00059003
6.4737e-05,0.00010151,0.00010141,8.4629e-05,6.0552e-05,Btrc,0.152999153015526,0.0172
4.2586e-05,4.3368e-05,3.122e-05,5.4959e-05,7.3955e-05,Ap4s1,0.172848838630029,0.022066
0.00089869,0.00080059,0.00098436,0.00096775,0.00080934,Lsamp,0.192252659612978,0.028454
0.00071303,0.00089423,0.00087207,0.00085673,0.00068048,Fermt2,0.12916930654053,0.011371
3.7448e-05,6.6997e-05,7.7284e-05,4.8764e-05,3.0845e-05,Mllt10,0.179885948717363,0.024219
2.877e-07,2.9464e-07,2.2896e-07,4.4575e-07,2.15e-07,Gm7308,0.177954945611539,0.023835
0.0008691,0.0011547,0.0010731,0.0010027,0.00089493,Pmm1,0.0985487155605595,0.0063014
0.00033146,0.00041617,0.00025618,0.00035722,0.00043013,Ckap5,0.166577357421156,0.020517
3.2192e-05,3.0503e-05,2.6988e-05,3.4163e-05,3.6149e-05,Gstm2-ps1,0.155795203479008,0.017746
0.00055586,0.00056438,0.00055693,0.00053336,0.00044415,Srsf5,0.179885948717363,0.024297
9.1447e-05,6.2066e-05,0.00015037,0.0001113,9.858e-05,Srsf6,0.150585944319238,0.016176
0.00018826,0.00015115,0.00025403,0.00020246,0.00026055,Srsf7,0.0762026174714926,0.0039207
0.00011804,0.00014779,0.00022302,0.00013726,0.00010046,1600012H06Rik,0.139864834034104,0.014018
0.00022128,0.00018946,0.00027246,0.00026286,0.00017437,Srsf11,0.183942248548224,0.025969
6.2239e-05,0.0001143,0.00011912,7.3556e-05,9.9982e-05,Arhgef10l,0.0943795202549811,0.0057937
5.7566e-07,5.9677e-07,3.388e-07,6.8513e-07,5.9888e-07,Gm24245,0.199412284782462,0.031889
2.3022e-05,3.1309e-05,3.8681e-05,2.7554e-05,3.011e-05,Bckdha,0.182703688894265,0.025321
0.000367,0.00045415,0.00044302,0.00037141,0.00036099,Nwd1,0.0468169597720548,0.0016924
1.4638e-06,1.739e-06,2.2553e-06,1.4574e-06,1.2476e-06,Gm14494,0.0773000441435117,0.0041126
0.0001944,0.00023287,0.00017436,0.00022558,0.00022533,Usp2,0.156950349544615,0.018159
0.00012742,0.00019821,0.00013964,0.00016426,0.00018884,Usp5,0.145976526972168,0.015396
1.205e-06,1.2194e-06,5.4419e-07,1.018e-06,1.3654e-06,Rpl36a-ps2,0.0919415712152433,0.005528
6.4693e-05,9.8889e-05,0.00013751,9.5004e-05,6.9411e-05,Sdhaf2,0.0341144549196705,0.0010856
0.00016142,0.00015608,0.00023463,0.00018628,0.00019561,Maf1,0.169095546258866,0.021172
5.0998e-05,0.00010091,4.4738e-05,6.0074e-05,6.0466e-05,Rfc1,0.00405172001203732,4.6995e-05
0.00019698,0.000176,0.00025039,0.00021859,0.00014834,Map4,0.169695062568244,0.021348
4.5444e-05,6.451e-05,6.4597e-05,5.8507e-05,6.332e-05,Cnpy2,0.183298273596418,0.025785
0.00048597,0.00035342,0.00033091,0.00038514,0.0005614,Fam213a,0.0618325617723181,0.0025745
9.7092e-05,0.00015704,9.2578e-05,0.00014233,0.00014269,Mavs,0.0766459575578806,0.0039891
6.3237e-05,7.4624e-05,6.3463e-05,0.00010066,8.1316e-05,Abhd10,0.124361796444541,0.0099265
0.00031738,0.00033905,0.00028137,0.00035554,0.00037381,Abhd12,0.192252659612978,0.028336
0.00020638,0.00016666,0.0001345,0.00022347,0.00029213,2310022B05Rik,0.00136563831208746,1.3809e-05
0.00047442,0.00061808,0.00059408,0.00058094,0.00040318,Wls,0.0177211713745212,0.00044183
0.00030346,0.00032507,0.00044236,0.00034866,0.000328,Epdr1,0.124361796444541,0.010143
0.00010885,0.00012308,9.8788e-05,0.00017472,0.00013073,Acadsb,0.102934009037542,0.0068963
0.00017026,0.00014069,0.00018199,0.00021795,0.00017295,Acadvl,0.194535644755041,0.030342
6.7425e-05,0.00010684,0.000121,4.6711e-05,8.001e-05,Dnajb4,0.0843162654303028,0.0048146
7.0902e-05,0.00010754,0.00010315,0.00010934,0.00011498,Nxt2,0.192252659612978,0.029051
0.0004654,0.00043051,0.00049398,0.00042437,0.00038576,Dnajb9,0.177052599073726,0.02359
0.00034178,0.00043777,0.00031418,0.00039172,0.00037875,Lmbrd1,0.134793313672162,0.013189
8.9564e-05,0.00014442,0.00011939,0.00013443,0.0001099,Dnajc5,0.199412284782462,0.031948
2.5245e-05,5.9612e-05,2.6684e-05,3.126e-05,2.1612e-05,Dbndd2,0.037498458188003,0.0012591
8.4884e-05,0.00012169,8.877e-05,8.4299e-05,7.7315e-05,Fam222b,0.143000732838237,0.01463
6.7997e-05,8.7629e-05,8.7959e-05,9.797e-05,3.8738e-05,Aatk,0.0854904776462937,0.0049193
0.0001516,0.00014892,0.00018202,0.00016692,8.1303e-05,Dok7,0.106689689611572,0.0076009
0.00031174,0.00035583,0.00048049,0.00033268,0.00028153,Oxct1,0.161278336069157,0.019138
0.00011257,0.00015404,0.00013837,0.00015783,0.0001379,Pdgfrb,0.173122283797586,0.02228
0.00026329,0.00035509,0.00038258,0.00029883,0.0002171,St6galnac5,0.0600282385236557,0.0023387
8.3597e-05,0.00010252,7.887e-05,0.00011091,9.5188e-05,Glrx2,0.0154305051421296,0.00035795
9.4801e-05,0.00012577,0.00013915,0.0001577,0.00010046,Ints10,0.0460538962140913,0.0016299
6.8503e-05,0.00015143,8.2698e-05,6.5905e-05,7.9956e-05,Ccdc80,0.0341144549196705,0.001076
5.1963e-05,3.4633e-05,6.8233e-05,7.6857e-05,4.3858e-05,Nkiras1,0.124361796444541,0.010226
7.5286e-05,0.00015071,0.00012225,0.0001019,8.9387e-05,Fgd6,0.00809671517758163,0.00013223
0.00019519,0.00028991,0.00029095,0.00023919,0.00021707,Rasa2,0.124361796444541,0.010372
5.1555e-05,0.00010479,3.5978e-05,4.5766e-05,5.1314e-05,Dpp8,0.128324810476166,0.011144
1.4052e-05,1.5026e-05,8.5891e-06,1.0563e-05,5.3135e-06,Ptrhd1,0.0171732653960334,0.0004137
6.5734e-05,5.2867e-05,4.6899e-05,9.159e-05,9.7631e-05,Fezf2,0.010586121057231,0.00019205
0.00037974,0.00035112,0.00034021,0.00038375,0.000315,Chchd10,0.134793313672162,0.01315
0.0019652,0.0017915,0.0020231,0.0016096,0.0015395,mt-Rnr1,0.0389865665816385,0.0013239
0.012365,0.011427,0.01213,0.010444,0.010407,mt-Rnr2,0.0143161985442705,0.00031507
0.00015754,0.00012753,0.00018865,0.00018112,0.00017925,Ddhd1,0.182703688894265,0.02531
7.3271e-05,0.00012397,7.1357e-05,6.0877e-05,6.6521e-05,Shisa9,0.0607444342920663,0.002413
1.7137e-05,4.326e-05,3.0625e-05,3.1977e-05,2.474e-05,Zfp825,0.0655000048418979,0.0028645
9.8511e-05,0.00015489,0.00018128,0.00011529,0.00010769,Prr5,0.02878926562617,0.00085756
0.00031215,0.00041439,0.00040203,0.00042455,0.00039874,Add1,0.02878926562617,0.00086574
0.00017863,0.00010976,0.00012663,0.00017409,9.7119e-05,Plcb1,0.137415068953973,0.013609
0.00011616,0.0001103,0.0001893,0.000128,9.1791e-05,Plcd1,0.134793313672162,0.013187
0.00020464,0.0002725,0.0003405,0.00019721,0.00017002,Tank,0.00855736716235268,0.00014252
0.00012174,0.00010577,0.00016783,0.00012885,8.7819e-05,Dram2,0.196384550180248,0.030955
0.00016558,0.00020875,0.00018775,0.00017502,0.00014046,Birc6,0.0686589359802368,0.0031446
0.00016963,0.00023294,0.0002358,0.00018633,0.00021335,Csnk1a1,0.194542931358808,0.030549
6.9943e-05,7.8164e-05,8.0511e-05,0.00012124,7.2785e-05,Aurkaip1,0.0763946426460015,0.0039533
4.9405e-05,5.1786e-05,7.561e-05,2.9623e-05,3.4337e-05,Zfp932,0.130006605144892,0.012064
0.00022771,0.00015966,0.00019552,0.00024376,0.00030372,Hspa2,0.128324810476166,0.011117
0.00091117,0.0011231,0.0010502,0.0010635,0.00084151,Hspa5,0.194535644755041,0.030487
0.0013367,0.0015784,0.0016388,0.001455,0.0014165,Hspa8,0.0686589359802368,0.0031432
2.5365e-05,4.8891e-05,5.5009e-05,1.4676e-05,4.53e-05,Dip2b,0.0122828270437527,0.00023379
0.00010516,0.0001367,0.00013055,0.00013645,8.268e-05,Ephx1,0.0139780737818952,0.000291
4.6717e-05,4.9345e-05,5.7568e-05,7.1692e-05,6.8093e-05,Rap1gap,0.139888744651891,0.014062
0.00013625,0.00018752,0.00021618,0.00016077,0.00017346,Tmem106b,0.0611717377005285,0.0024761
0.00019158,0.0001818,0.00015214,0.00025951,0.00016752,Cyp4f13,0.0140586651962162,0.00030104
0.00022925,0.000233,0.00024287,0.00024366,0.00027551,Cyb5a,0.194535644755041,0.03049
2.6487e-05,4.0559e-05,3.5186e-05,3.055e-05,3.4233e-05,Lgals1,0.156950349544615,0.018113
0.00022484,0.00028069,0.00027065,0.00029775,0.00025968,Scamp2,0.0655000048418979,0.002922
0.00010722,0.00010621,0.00012564,0.00013835,0.00011195,Scamp5,0.169810304191958,0.021413
8.5748e-05,0.00011558,0.00011485,0.0001184,0.00010328,Cpne2,0.0205115729620853,0.00051852
1.5382e-05,1.1961e-05,1.0692e-05,2.0604e-05,2.0032e-05,Thoc7,0.190124750032384,0.02765
5.7801e-05,5.6603e-05,6.4704e-05,8.5323e-05,8.4719e-05,Cirbp,0.192252659612978,0.028698
0.00033605,0.00034535,0.00042031,0.00041131,0.0002744,Stt3b,0.0503082563834074,0.0018852
0.0021869,0.0020898,0.0019346,0.0023887,0.0024923,Gstm1,0.070808557906833,0.0034734
8.435e-07,2.9273e-07,1.9547e-07,3.8415e-07,4.9221e-07,Gstm3,0.0661773883859949,0.0029719
0.00013232,0.00016384,0.00016088,0.00020133,0.00014741,Agmo,0.156950349544615,0.018041
4.4211e-05,5.7223e-05,9.9656e-05,6.1811e-05,2.9805e-05,Ago3,0.0303972760781788,0.00094019
0.002346,0.0027465,0.0024766,0.0027489,0.0024357,Slc27a1,0.0272983234801328,0.00077939
0.004856,0.0043228,0.004578,0.0043423,0.0040754,mt-Nd1,0.0122878464303778,0.00023754
0.0015803,0.0015151,0.0015376,0.0014263,0.0012321,mt-Nd4,0.0103699412531164,0.00018196
0.0017268,0.001522,0.0015435,0.001573,0.0014208,mt-Nd5,0.187007817123886,0.026863
2.5391e-05,1.8218e-05,1.2029e-05,2.4191e-05,1.742e-05,Ermard,0.130006605144892,0.012136
0.00031039,0.00030462,0.00024793,0.0003474,0.00033844,Kdelr2,0.191376779432143,0.027889
0.00028199,0.00042094,0.0003704,0.00035893,0.00028618,Tmbim1,0.0140586651962162,0.00029729
0.00033457,0.00037752,0.00031242,0.00031643,0.00028175,Ralgds,0.177052599073726,0.023485
0.00021953,0.00044004,0.00038799,0.00032131,0.00031661,Dusp1,0.183942248548224,0.025985
8.4366e-05,0.00013724,9.1538e-05,9.7898e-05,8.0517e-05,Sft2d2,0.130006605144892,0.01177
0.00040654,0.00047617,0.00037536,0.00049584,0.00054646,Hes5,0.027897713698829,0.0008048
0.0001265,0.00016997,0.00019317,0.00014558,0.00012045,Letm1,0.152364274664721,0.017038
0.00014755,0.00014134,0.000134,0.00015887,0.0001894,Tcf7l2,0.177052599073726,0.023409
0.00090804,0.00085167,0.00098578,0.0010696,0.0010401,Rorb,0.0904543057724497,0.0052996
0.00080631,0.0010039,0.00086958,0.00084917,0.00070913,Mertk,0.0943795202549811,0.0058179
0.00027222,0.00040868,0.00030086,0.00028008,0.00027778,Calu,0.00316936411176723,3.3933e-05
5.7687e-05,0.00015349,0.0001487,8.2899e-05,7.4277e-05,Tgfa,0.00030977332885392,2.3032e-06
0.0012467,0.0015509,0.0014809,0.0013848,0.0014027,Car2,0.156950349544615,0.018201
0.00046056,0.00056882,0.00057667,0.00044301,0.00042143,Thrsp,0.160314933481557,0.018976
0.00010258,0.00023579,0.00014985,0.00011018,0.00012291,Ppp2r5c,0.0230094599818023,0.00063641
0.00013911,0.0001628,0.00011283,9.7025e-05,9.8191e-05,Sec11c,0.129738151444842,0.011563
6.1915e-05,6.4078e-05,7.5447e-05,7.3129e-05,6.7864e-05,S100a13,0.104449223660312,0.0072689
0.00050536,0.00042524,0.00048769,0.00048781,0.00034794,Pygm,0.194416869992358,0.029934
0.00054949,0.00057805,0.00045472,0.00053094,0.00065203,Crip2,0.123239738324392,0.0097861
3.9958e-05,4.5829e-05,5.328e-05,4.0068e-05,3.5371e-05,Rps6,0.11487345419098,0.0086093
0.0019423,0.0020688,0.0017807,0.0020332,0.002409,Mlc1,0.010586121057231,0.0001918
5.0854e-05,6.1343e-05,4.9181e-05,5.0831e-05,7.9042e-05,Stx18,0.118151959452727,0.0090114
0.00027063,0.00037505,0.00028709,0.00027942,0.0003625,Adcyap1r1,0.02878926562617,0.00087333
0.0034025,0.0030671,0.0030064,0.0031786,0.0040819,Cd81,7.95594172432799e-07,3.5492e-09
0.0011599,0.0013589,0.0013349,0.0013563,0.0011852,Cadm1,0.14042541295268,0.014255
0.00019097,0.0002419,0.00018011,0.0002491,0.00022155,Sec61a1,0.145003311845695,0.015221
9.561e-05,0.00014842,0.00019509,0.00012619,9.5323e-05,Tmem161b,0.150585944319238,0.016508
8.728e-05,0.00012767,0.0001045,8.0458e-05,7.7259e-05,Lrrc8c,0.105135105416965,0.0073479
0.00046975,0.0008124,0.00079879,0.00062162,0.00045896,Akt2,2.32442341134794e-06,1.1752e-08
3.994e-06,3.8201e-06,5.9112e-06,4.5442e-06,5.5115e-06,Gm9769,0.0293738683223718,0.0008998
0.00011219,0.0001593,0.00010571,9.0543e-05,0.00017435,Sec23b,0.175759543901162,0.022895
2.1258e-06,2.5764e-06,1.5124e-06,1.2747e-06,2.362e-06,Gm9794,0.123239738324392,0.0097686
0.00012528,0.00012953,0.00011447,0.00013674,6.7477e-05,Tor1a,0.158101992297009,0.018553
0.0029556,0.0028458,0.0025304,0.0028357,0.003542,Mmd2,0.000131874239727887,9.0206e-07
2.2434e-05,1.6766e-05,1.7134e-05,3.4079e-05,2.7426e-05,Tomm40l,0.0468169597720548,0.0017126
0.00010221,9.0888e-05,0.00013683,0.00014248,0.00010381,Alg3,0.194535644755041,0.030402
0.00010683,0.00017673,0.0001777,0.00015227,0.00012941,Nubp2,0.118151959452727,0.0091896
0.0050108,0.0047238,0.0047718,0.0047234,0.005575,Gpm6a,0.130006605144892,0.012074
0.00020461,0.00021216,0.00033304,0.00016663,0.00024902,Cct3,0.0854904776462937,0.0049325
5.8307e-05,2.5719e-05,5.951e-05,5.8646e-05,7.043e-05,Micu3,0.186733081872239,0.026748
5.1229e-06,3.1947e-06,4.4265e-06,5.2097e-06,4.6825e-06,Gm9800,0.19221739220329,0.02818
1.3327e-05,1.2408e-05,1.202e-05,1.5083e-05,1.779e-05,Gm9843,0.179885948717363,0.024342
6.2758e-05,0.00013411,4.5411e-05,0.00011043,7.2909e-05,Cdh4,0.124361796444541,0.010322
6.3523e-05,5.7553e-05,6.801e-05,4.2338e-05,4.5689e-05,Wasf3,0.108043133310226,0.0079046
0.013712,0.011581,0.013574,0.012336,0.011823,Malat1,0.0127265210609097,0.00025359
0.00013447,0.00015064,0.00014704,0.000125,0.00013672,Acat2,0.193969382971626,0.029709
4.2574e-05,6.5432e-05,8.4922e-05,5.8601e-05,4.8804e-05,Ssbp4,0.146298376156713,0.015533
0.00030132,0.00037408,0.00044554,0.00029783,0.00032134,Hsp90b1,0.0334609147644955,0.0010449
9.5886e-05,0.00012507,0.00012946,0.00013372,9.7632e-05,Tmem185b,0.129738151444842,0.011614
6.2263e-05,3.7593e-05,4.0797e-05,3.5278e-05,4.1372e-05,Pantr2,0.199373403907153,0.031604
5.8509e-05,5.6581e-05,7.6592e-05,6.0141e-05,4.362e-05,Jag1,0.0607444342920663,0.0024208
3.8758e-05,6.9979e-05,4.1523e-05,4.3235e-05,4.7451e-05,Jam3,0.0700691644313139,0.0033759
0.00081676,0.00082152,0.00088593,0.00084033,0.00066337,Ank2,0.166577357421156,0.020565
0.00012384,0.00039017,0.00017385,0.00043165,0.00046107,Efhd2,3.33535573936964e-43,1.9839e-46
0.00071786,0.00083312,0.00083458,0.00061818,0.00081993,Rtn3,0.0607444342920663,0.002396
8.4313e-05,0.00015585,0.00014549,9.9403e-05,0.00013254,Ngly1,0.0777186773171105,0.0041605
0.00011074,0.00019873,0.00022223,0.00011032,6.5601e-05,Efemp1,0.00809671517758163,0.00013244
3.0567e-05,5.5166e-05,4.0852e-05,4.1226e-05,5.1021e-05,Dlgap4,0.0354277140245285,0.001159
0.00020914,0.000195,0.00016206,0.00018929,0.00026742,Fbxo2,0.156950349544615,0.018251
1.1483e-05,1.0797e-05,1.0829e-05,9.5627e-06,9.0519e-06,mt-Atp6,0.0936978795558886,0.0056847
2.576e-06,2.1598e-06,2.3249e-06,2.3418e-06,2.0103e-06,mt-Atp8,0.145003311845695,0.015094
0.00027771,0.00037517,0.00045133,0.00028331,0.00033425,Atp6ap2,0.192252659612978,0.028809
0.00029714,0.00023931,0.00026902,0.000228,0.00016891,Gm26917,0.00750010709814533,0.00011771
0.00012813,8.0792e-05,8.269e-05,0.00016989,0.00011771,Cep85l,0.112908552172666,0.008328
0.0003493,0.00038598,0.00042387,0.00038172,0.00026679,Nat8f1,0.0757277051993521,0.0037961
0.00015389,0.00012135,0.00022498,0.00012887,0.0001152,Kcnj10,0.130006605144892,0.011848
0.00010089,0.00015948,0.00015202,0.00010147,7.1289e-05,Miga2,0.199412284782462,0.031693
8.0614e-05,8.642e-05,8.9058e-05,9.186e-05,3.5159e-05,Aox1,0.12654192852087,0.010801
0.00021635,0.00028642,0.00026634,0.00025968,0.00023624,Ttyh2,0.193460593652655,0.029516
0.00010546,0.00012288,0.00012113,9.7428e-05,6.5141e-05,Tmf1,0.0140715109836571,0.0003055
6.0059e-05,8.2709e-05,6.9025e-05,6.5828e-05,7.1179e-05,Npas3,0.0650905261753031,0.0028263
0.00010692,0.00015262,0.00012302,8.0958e-05,8.226e-05,Ip6k2,0.0768294607148626,0.0040215
5.6552e-05,0.00011159,6.0255e-05,6.9733e-05,9.6527e-05,Plod3,0.0411027255477816,0.001418
0.00036838,0.00054034,0.00047888,0.00040996,0.00024516,Apln,0.00551039411307682,8.0302e-05
1.0178e-06,5.8932e-07,7.1007e-07,9.6278e-07,1.9038e-06,Gm21596,0.102934009037542,0.0069748
0.00026194,0.00031728,0.00040823,0.00029674,0.00027406,Kcnip3,0.107428736516977,0.0077754
4.846e-05,4.3201e-05,6.1119e-05,5.8122e-05,3.9135e-05,Dagla,0.183298273596418,0.025652
0.030407,0.029193,0.026773,0.028521,0.034688,Apoe,7.95594172432799e-07,3.5152e-09
0.00037422,0.0004427,0.00046042,0.00043342,0.00040726,Tmx2,0.105616977283858,0.0074444
0.000324,0.00031755,0.0003455,0.00037995,0.00039655,Pik3ip1,0.068823270754392,0.003234
9.0563e-05,0.00011916,0.0001374,0.00010779,7.5209e-05,Arhgap26,0.163654659803724,0.019566
