1.7439e-05,4.7701e-07,1.8415e-09,1.2155e-06,0.0041857
0.0008043,8.3149e-06,0.0017859,0.0051022,0.00011807
0.002434,6.8413e-09,2.4344e-11,2.7303e-06,9.7428e-07
0.0001893,1.1703e-07,3.6516e-07,2.2727e-05,0.0038807
0.0021982,3.0259e-05,8.6473e-06,8.0557e-07,0.00038639
0.0022961,5.704e-09,0.00011236,1.7875e-05,0.00017549
8.2115e-05,0.001045,0.0062885,4.4957e-05,9.6379e-05
0.00090225,0.00014116,0.0044557,1.6626e-06,0.00022152
0.00023362,0.00010308,0.0059902,0.00018396,0.00053303
0.0017251,0.00050677,0.0015695,0.00010713,4.9381e-05
4.5316e-06,3.656e-08,3.6804e-06,4.8289e-07,0.0042066
3.1946e-05,2.5146e-06,2.1453e-06,0.0007795,0.0038895
0.00059789,0.00015691,0.0058606,2.0326e-07,1.6353e-07
1.0995e-05,0.00015605,0.0046309,2.7894e-05,0.0016542
0.00078758,7.4431e-05,0.00022798,0.00082306,0.0024022
0.0023995,9.82e-05,8.6186e-08,2.8795e-07,4.7657e-08
8.7467e-06,1.7952e-08,0.00023027,3.9048e-06,0.004079
0.00080175,7.1784e-06,0.00026871,0.00014605,0.002632
6.3992e-05,1.4199e-06,0.00011397,5.2799e-06,0.0040431
1.7402e-05,4.072e-05,0.00070759,0.010669,0.00010591
0.0018449,1.3976e-05,0.00010969,0.0016753,0.00037731
0.0014414,0.00049923,0.0019284,3.5211e-05,0.00038148
0.00024835,4.4897e-05,0.0071445,6.8766e-07,6.7587e-08
0.0024044,1.5356e-06,2.165e-08,7.575e-07,5.1861e-05
3.3561e-07,9.5207e-07,0.0010785,0.0078255,0.0009469
2.0802e-07,0.00023514,0.0071697,3.661e-05,0.00028489
0.0015041,2.1553e-06,2.3013e-05,3.9288e-05,0.001585
2.7398e-08,9.8884e-08,0.0080158,9.9154e-08,1.4584e-08
6.3438e-07,7.9598e-08,0.00018211,2.0153e-07,0.0041196
0.0022846,2.7727e-06,0.00011385,2.7422e-06,0.00019803
0.0024041,5.7915e-09,1.0076e-07,1.8424e-06,5.2941e-05
0.0022966,0.00011497,1.8881e-06,0.00048319,8.1039e-08
0.0023596,2.7819e-05,9.9847e-09,1.7254e-06,0.00011272
0.0015146,1.1263e-06,5.9732e-05,2.1772e-05,0.0015542
0.001253,0.00035873,0.0033103,4.9468e-05,6.3866e-05
0.0003575,2.9602e-06,9.2141e-05,0.0089542,0.00045642
9.8719e-05,2.0936e-08,6.1372e-08,3.0266e-05,0.0040352
0.00064156,0.00018033,0.0056589,3.1656e-05,5.0781e-06
0.0024156,2.9201e-07,0,3.8145e-05,2.0395e-05
2.6142e-06,1.4189e-06,0.0079436,8.9696e-07,3.2399e-05
9.5232e-05,2.6146e-06,5.5869e-06,3.543e-06,0.0040459
0.00033347,0.001562,0.00099062,0.0061983,3.3212e-08
9.9535e-05,9.4084e-06,2.2878e-05,0.00044757,0.0038718
0.0021874,7.5245e-06,0.00028643,0.00015137,0.00022129
4.8632e-05,4.7649e-06,0.0075377,3.9969e-05,0.00015066
9.5054e-05,3.2235e-08,0.0071979,3.6846e-06,0.00026449
0.0022667,2.2683e-05,2.3554e-05,0.00026447,0.00017373
0.0019413,0.00048316,6.4108e-06,0.0015906,0
0.0002688,7.5724e-08,1.9752e-06,7.4799e-06,0.0037475
0.0023907,5.8432e-06,1.342e-07,1.0547e-05,6.9495e-05
0.0018333,8.3625e-05,8.9369e-06,0.0018821,0.00033539
8.1211e-05,9.7886e-06,1.8408e-06,7.1841e-06,0.0040664
4.0569e-05,3.0337e-06,5.126e-06,1.9049e-05,0.0041352
0.00011736,0.00011376,0.0074819,4.4578e-07,6.3703e-06
0.00023289,0.0059754,8.2404e-06,0.00010387,2.9813e-05
0.00028654,0.0049111,0.00067458,7.2838e-06,0.00028644
0.0021789,0.00062617,1.081e-06,2.6852e-05,4.159e-05
0.002081,0.00012587,1.1464e-05,0.0015305,0
0.00038971,3.0962e-09,3.7544e-07,3.8055e-07,0.0035415
9.362e-07,1.9438e-05,0.00015714,5.2249e-05,0.0041021
1.5914e-05,4.2035e-07,4.1692e-07,0.00047656,0.0040241
0.0018443,5.1778e-05,8.1033e-07,7.2044e-06,0.00098773
0.001453,0.0007816,0.0020437,2.6759e-05,0.00012673
0.0002174,0.00012433,0.0068052,0.00023084,0.00010294
0.00069026,0.0030917,5.5523e-06,2.003e-05,0.0010747
1.9618e-05,0.00031219,0.0011697,0.00051344,0.0031945
1.6153e-05,1.169e-05,0.00017307,0.0053062,0.0022587
0.00019429,0.001574,0.0038058,0.0022997,9.8377e-05
0.0023632,0.00014941,1.5827e-05,5.1876e-05,4.7034e-06
0.0014002,0.0028387,9.593e-06,3.7405e-06,7.4251e-06
0.0017645,0.00013809,0.00031927,2.701e-05,0.00089747
1.9167e-05,0.00011336,0.0036505,0.0042503,0.00072503
8.3674e-06,0.0065911,3.9379e-05,0.0001393,4.2076e-06
3.6892e-06,3.8575e-07,0.0080022,1.4261e-06,1.5179e-07
4.9246e-06,0.00070413,0.0071471,2.1286e-05,1.1038e-07
0.0024047,1.4189e-05,5.3048e-05,6.9805e-06,1.3519e-05
0.0021932,0.00010464,0.00024314,1.626e-05,0.0002198
0.00024237,3.2333e-06,1.2151e-06,7.8686e-06,0.0037915
2.5956e-05,0.0012996,0.00013401,4.0279e-07,0.0032869
0.00073658,9.9838e-06,3.8818e-08,6.1743e-06,0.0029327
0.00035327,0.005253,0.00016468,6.8628e-05,0.00020373
7.0481e-05,0.0065142,1.4633e-06,7.2338e-08,1.2838e-05
0.0003826,0.0015108,0.00036174,0.0064543,0.00018945
0.00011637,0.0018674,0.0031479,0.0034457,0
0.0019161,0.0012111,0.00019491,1.6541e-05,3.1771e-05
0.0015914,0.00086751,7.4303e-05,0.0020764,0.00016167
0.00099742,0.0008291,0.00016099,0.005462,8.3472e-09
0.0010582,0.0035583,0.00024211,5.3015e-05,9.508e-06
0.0005127,0.004442,3.8352e-05,0.00043349,0.00037624
0.00013866,2.7143e-06,5.6124e-05,0.00035229,0.0038237
0.002301,7.492e-06,0.00041772,2.1664e-07,7.6578e-06
0.00066047,8.5632e-05,1.2471e-05,0.0082254,0.00017348
0.00016109,0.0052064,0.0010218,0.00037006,1.0793e-05
0.0024257,2.1988e-07,3.0312e-06,8.9352e-06,1.147e-05
3.6743e-05,0.0028455,0.00099335,0.0050084,0.00011908
9.9804e-07,7.3017e-06,9.8724e-07,0.010464,0.00059794
0.0011539,1.5923e-05,0.0037561,0.0001401,0.00018444
2.3881e-06,0.00018217,0.007567,1.5009e-05,0.0001128
0.0016479,0.001749,1.2939e-05,2.6961e-06,0.00025973
0.0014665,0.00259,7.2224e-06,5.9287e-06,4.8825e-05
1.4736e-05,2.9524e-06,2.99e-05,0.00011748,0.004133
0.00092808,1.9295e-05,0.00058718,0.0011401,0.001895
0.00037278,4.598e-05,0.0031547,9.4133e-05,0.0018504
0.001946,0.0012441,3.702e-05,2.95e-05,3.789e-05
6.344e-05,7.0009e-08,1.8038e-07,1.6733e-05,0.0041008
0.00075675,0.00042532,4.7219e-06,6.9534e-05,0.0026133
5.0904e-05,6.2979e-05,0.00069284,0.010458,0.00011481
0.0020329,0.0010753,1.8049e-05,3.8306e-05,8.994e-08
0.0022967,0.00010911,0.00016945,6.7777e-05,5.8836e-05
0.00045112,0.00014767,9.0592e-05,0.0079101,0.00056487
0,0.00017399,0.0013314,0.00019804,0.0033389
0.00021407,0.0060297,4.5657e-05,5.3078e-06,4.2684e-05
0.00098591,0.001582,0.0019288,1.1541e-05,0.0004998
0.0021858,0.00027905,3.7714e-06,0.00073072,2.6169e-06
0.0021536,0.0007638,2.3328e-07,2.4333e-05,4.4764e-07
4.7669e-05,0.0012508,0.006316,4.6309e-05,1.2135e-05
7.8538e-05,0.0048894,0.0018487,8.7916e-06,4.2143e-05
0.0010232,1.9517e-05,0.0019516,7.0923e-05,0.0013815
0.00064069,0.0015058,6.9917e-05,0.0051543,0.00034793
0.00050884,0.00027279,7.4988e-05,0.0067243,0.00080408
2.6545e-05,6.8097e-08,0.0055187,1.3923e-05,0.0012629
2.0186e-08,3.9389e-06,0.00032408,0.011713,5.6908e-07
6.2974e-05,5.4572e-07,1.6282e-06,3.8843e-05,0.004093
6.3278e-06,0.00040277,7.0603e-05,0.0081479,0.0011037
6.4687e-05,0.003457,0.0036771,9.5291e-07,4.3383e-06
0.00078188,0.0036005,0.00073826,0.00038237,8.6783e-05
0.0023493,1.476e-05,1.5725e-05,0.00018998,6.5463e-05
0.0018044,0.0014352,4.1213e-07,8.4175e-09,0.00019278
0.00013223,0.0012766,0.0028375,0.0045258,0.00013309
0.001852,9.3009e-06,2.2531e-06,0.00013488,0.00095617
0.0018395,9.3467e-05,0.00010188,1.5785e-05,0.0009138
0.002429,1.5516e-05,1.3349e-09,1.211e-06,4.1774e-07
0.00056183,2.9746e-07,6.1697e-05,4.3222e-05,0.0031962
0.0024023,7.8611e-07,7.8785e-05,8.2956e-07,1.4531e-05
0.002435,1.0049e-09,1.4015e-11,9.039e-08,8.0009e-08
0.0002139,8.2669e-07,1.5945e-07,2.4341e-05,0.0038372
0.00064159,0.0026017,0.0021525,0.00053803,0.00015776
0.0024324,5.0954e-06,3.9834e-09,2.7523e-06,5.3817e-07
0.0022442,0.00016328,2.6046e-05,0.00062094,2.8384e-07
8.7817e-05,0.00059769,0.00012868,6.4314e-06,0.0036202
0.0014245,0.00041318,2.5084e-05,0.0025605,0.00059403
5.1101e-06,3.1673e-05,0.00039338,0.00021158,0.003908
0.0012518,0.00020835,1.7736e-07,0.00061877,0.0017047
3.7908e-06,6.6876e-05,0.0078937,1.4616e-05,1.0886e-05
0.0021618,9.7111e-05,3.2719e-05,0.00011284,0.00035628
0.0024249,8.5378e-07,1.3942e-06,2.8321e-05,6.6332e-06
0.00016842,0.0014506,0.00096741,0.0004428,0.0023545
4.0682e-07,9.8812e-06,1.5327e-05,7.044e-05,0.0041773
0.0023521,7.8943e-09,3.6092e-05,6.8952e-07,0.00012454
0.00098764,4.8089e-08,1.2695e-07,1.3203e-05,0.0025018
2.4818e-05,1.9935e-05,7.4986e-05,0.00023974,0.004039
0.0022472,7.3948e-07,0.00061485,2.8813e-07,1.4109e-06
0.00026298,6.9336e-08,1.1771e-06,3.5308e-06,0.0037594
0.0017092,4.1486e-05,4.6455e-05,4.805e-06,0.0012049
0.00023857,0.0002651,0.0064137,0.00060376,5.5277e-05
0.0020474,1.0944e-05,2.1085e-06,0.0019134,2.8301e-06
7.0225e-05,1.1319e-06,3.6919e-06,0.00019112,0.0040264
0.0018967,3.3264e-07,0.00013993,0.00021029,0.00078597
0.0019221,0.00037285,0.0011576,0.00012535,2.5051e-06
0.00034159,3.7051e-05,8.3198e-07,0.00036134,0.0034767
0.00030395,0.00023622,4.8146e-05,0.0022459,0.0027417
0.002376,1.2326e-06,1.3001e-09,0.00013184,5.6061e-05
0.0010682,4.5026e-06,0.00012776,9.4943e-06,0.0022936
0.0010472,1.9217e-06,5.5112e-07,2.1639e-05,0.0023944
3.6387e-05,2.0979e-07,2.2576e-06,1.4107e-05,0.0041474
0.0021908,0.00065324,2.9551e-07,1.4689e-05,8.5445e-06
0.00084256,0.0036384,0.0001238,0.0011285,2.3648e-05
0.002435,4.78e-09,1.3205e-07,2.4906e-08,2.2365e-08
0.00013687,4.0976e-06,0.0074797,2.7457e-05,3.3083e-05
0.00019172,0.0060481,5.6434e-05,0.00012072,2.4383e-05
0.0017189,5.1248e-05,5.2488e-06,0.00036699,0.0010786
0.00062319,5.0615e-07,5.4788e-08,0.0090871,4.6788e-07
0.0004727,1.9371e-05,0.0015116,0.00051201,0.0024141
0.00050603,0.0022853,0.0024125,0.001845,2.8324e-06
0.00022348,0.0039837,0.001417,0.0013096,0.00013663
4.3482e-05,0.00026255,0.00041949,0.0076518,0.0011149
8.0768e-05,0.0065015,6.081e-06,1.0847e-06,2.4051e-07
0.0017732,0.0014066,0.00015142,8.3054e-05,0.00015663
0.00015313,0.00023176,6.8664e-06,0.011007,3.2313e-06
0.00019881,0.0061776,1.8472e-06,2.0001e-06,6.6327e-07
9.9981e-07,5.6962e-05,0.00012018,0.00038243,0.003984
0.0015146,1.1263e-06,5.9732e-05,2.1772e-05,0.0015542
5.8056e-05,0.0062522,0.00011718,0.00039109,2.6663e-06
4.6732e-05,7.3871e-07,3.2633e-05,7.5908e-06,0.0041154
3.503e-05,0.00013348,0.00023959,0.01016,0.00043936
0.0004298,6.1597e-10,2.1626e-08,5.1707e-07,0.0034722
0.001638,0.0013749,2.9377e-05,0.0014535,1.6944e-06
7.5363e-06,0.0058862,0.00046873,7.77e-06,0.0002668
0.00071593,2.2583e-05,1.8028e-05,0.0032844,0.0018196
0.002268,0.00030573,5.9691e-05,7.6123e-05,4.0141e-05
0.0012606,0.00097048,0.00034741,0.0033808,7.6158e-05
1.1482e-05,5.5064e-07,0.007975,4.8945e-07,1.2281e-06
0.0024322,4.1742e-06,1.3526e-07,6.7925e-06,0
0.0016197,0.0015795,3.6366e-05,0.0011686,0
0.0013314,1.4709e-06,5.0999e-06,1.0238e-05,0.001904
0.0020249,0.00077517,7.1673e-06,0.00034956,0.00010023
0.00011855,4.9615e-08,6.9449e-06,0.0089995,0.0009012
0.00066616,0.001081,0.0016191,0.0043821,2.1614e-05
1.5844e-05,1.4886e-06,0.0075735,1.0945e-05,0.00020063
0.0024349,3.406e-08,1.2415e-08,7.6027e-07,1.1996e-07
0.00034702,0.0024639,0.0039389,3.3464e-07,8.9553e-08
0,0.0015053,3.8661e-05,0.00030204,0.003149
0.002337,2.8853e-05,4.3577e-07,0.00023124,7.1793e-05
3.2946e-05,5.9866e-06,0.007663,0.0003403,7.4431e-06
0.0002888,4.4725e-09,1.7973e-06,1.4271e-06,0.0037151
0.0014947,3.5629e-06,0.0010034,2.6423e-06,0.0010974
0.0011753,0.00013682,0.0023113,0.001945,0.00020866
0.0013516,1.7027e-08,1.9158e-05,1.0812e-05,0.0018624
0.0011609,1.6033e-06,1.7874e-05,1.7385e-05,0.0021901
0.00050182,0.0030072,0.0026547,3.5928e-05,5.4939e-05
0.0023638,4.8485e-06,1.7482e-06,0.00034548,3.1478e-07
0.00054269,3.1295e-06,9.982e-07,0.00010486,0.0032382
3.5764e-05,0.00013926,0.0045123,0.0048383,2.3798e-05
1.383e-05,9.6837e-05,0.0069798,0.00076702,0.00019575
0.0017003,0.0020279,2.3812e-06,1.2248e-06,2.3436e-07
0.0023943,1.6994e-05,1.608e-06,0.00015224,6.5849e-06
0.0024206,1.7527e-05,2.3631e-05,3.6002e-07,1.5571e-06
0.00075623,4.52e-09,7.1498e-10,1.7203e-06,0.0029065
0.00080431,0.0043534,7.2398e-06,0.00025235,5.71e-06
0.00043891,0.0055067,2.3286e-06,1.5514e-05,2.7313e-07
0.0024349,6.607e-10,3.8801e-07,4.2524e-10,1.7565e-07
9.3312e-07,4.5098e-06,5.3576e-07,0.0001281,0.0041677
0.0019443,4.8195e-05,7.3161e-05,6.054e-06,0.00077915
0.00071068,2.6385e-07,0.0056582,3.5311e-07,9.3989e-06
0.0018641,0.00089665,2.9498e-05,0.0005673,0.00021569
0.0023552,1.0718e-06,5.7354e-07,4.8125e-07,0.00013716
4.104e-06,3.0396e-06,0.00060352,0.00080946,0.0036107
0.0019883,0.0010591,4.485e-05,0.00010321,5.0934e-05
0.0024144,3.7492e-08,5.0467e-05,2.0323e-05,2.3349e-06
1.0854e-05,3.7616e-05,7.8488e-05,0.0058997,0.0020965
0.00016295,4.3506e-06,7.1715e-05,0.0057108,0.0019227
0.00050213,6.3232e-06,0.00096994,0.0047003,0.0012105
0.0002641,9.6273e-07,0.0062183,6.9575e-05,0.00046371
0.00091407,0.0016645,0.00019987,0.00019793,0.0014176
0.00089562,0.004045,2.3188e-05,0.0001048,8.3325e-05
0.00011313,5.8872e-06,3.6108e-07,0.0082556,0.0011672
0.0017837,0.0011993,0.00040744,0.00011513,0.00012258
0.0024346,1.3408e-06,2.8296e-10,3.2954e-08,1.9959e-09
4.6981e-05,0.0041015,0.002719,0.00033135,2.1181e-05
6.6066e-07,0.0022401,0.001507,8.4022e-05,0.0019904
6.07e-05,1.2387e-09,8.9286e-07,8.4243e-07,0.0041107
0.0023952,5.9342e-05,3.4916e-06,7.9805e-05,2.5576e-06
9.8691e-05,0.0024401,0.0047764,1.1468e-05,6.2729e-07
0.00026817,0.00055923,0.0060546,0.00036933,8.9592e-05
0.0024064,1.6502e-05,4.589e-07,0.00010942,1.4027e-06
0.00054907,2.1755e-07,2.1078e-05,3.6497e-06,0.0032534
6.1215e-05,0.006553,3.732e-06,8.783e-06,4.1069e-07
0.0021355,7.4993e-11,1.2405e-05,1.3204e-06,0.00051178
0.00018852,9.7434e-05,3.407e-06,5.1844e-06,0.0038255
0.00021708,1.418e-07,0.00026436,1.4909e-05,0.0036964
9.5949e-07,3.6128e-05,1.5216e-05,1.3677e-06,0.0041838
0.00028717,2.889e-07,0.0031739,7.6803e-05,0.0020231
0.0021837,3.4894e-08,5.3395e-10,1.2885e-08,0.00043525
0.0018056,0.0012873,0.00047155,0.00010269,0
0.0023504,0.00013052,2.6989e-05,6.5256e-05,2.8134e-05
0.0019382,0.0012732,2.8325e-06,0.00016141,5.5141e-06
0.00011745,0.00083703,0.0065819,5.867e-05,6.4042e-06
0.0015639,1.2527e-05,8.7623e-05,7.4286e-06,0.0014521
2.7509e-06,0.005345,0.00064783,0.0013895,4.3024e-05
0.0023739,5.3452e-06,1.6749e-05,3.767e-05,8.0849e-05
0.0024349,2.8854e-08,1.5717e-08,3.4617e-07,2.5562e-07
2.4468e-05,0.0061936,6.7073e-05,0.00071519,1.1996e-05
0.00080616,0.0042524,2.854e-06,0.00015958,0.0001001
0.0020137,7.5987e-07,4.5915e-08,1.7417e-06,0.00072867
0.00018137,6.8607e-09,8.7691e-06,2.178e-05,0.0038904
0.0021298,0.00083561,1.0403e-06,7.6518e-06,1.9956e-06
0.0021914,7.4832e-06,2.7913e-05,6.0024e-05,0.00038198
0.00038069,9.1019e-09,5.994e-10,0.00014312,0.003508
0.0024348,7.6859e-07,7.0129e-09,2.4218e-08,2.4453e-08
1.1939e-05,1.5056e-07,2.84e-08,3.9095e-05,0.0041823
2.561e-05,0.00011204,0.0016777,0.00054343,0.003032
0.00063922,0.004385,0.00067298,1.8534e-05,2.3012e-06
3.5039e-06,0.00014314,0.00027068,5.7274e-05,0.0039587
1.807e-05,3.0741e-05,0.002128,0.0088251,4.345e-07
0.00051793,0.00012488,0.0060918,4.9638e-05,1.9973e-05
0.00063157,0.0018286,0.002617,0.0010923,0.00022385
0.0023995,3.5995e-05,1.4409e-05,4.1532e-06,3.0032e-05
7.5344e-05,2.1491e-06,1.3779e-06,0.001415,0.0035956
0.0022776,0.00036831,1.0923e-05,0.00010363,5.4207e-07
7.8851e-05,0.0050728,0.00018138,0.00082393,0.00052231
0.00064982,0.0047604,4.6213e-05,0.00020078,1.5572e-05
0.0024207,3.6151e-07,1.5646e-06,4.8057e-05,7.3296e-06
0.00020436,3.3904e-05,0.0048607,0.00012189,0.0012426
3.9007e-05,3.885e-06,1.6693e-07,1.7024e-05,0.0041407
0.0019828,4.3281e-05,0.00011837,1.215e-06,0.00069338
4.2147e-06,0.00019548,0.0063096,0.0014231,0.00027667
0.002431,7.87e-06,2.4672e-07,5.0573e-06,2.2965e-07
0.0022303,0.00054753,1.0472e-05,1.7373e-05,1.087e-07
0.00044397,1.0896e-05,0.0064457,0.00011317,1.1359e-05
0.00032893,1.6198e-06,1.3292e-06,0.00014591,0.003595
0.0021172,1.5349e-05,2.1591e-05,0.0015339,8.1587e-08
5.2563e-05,0.00032157,0.0074576,2.6989e-06,3.8661e-07
0.0023353,6.8788e-06,2.4902e-06,0.00012784,0.00012304
0.0016773,0.0010718,0.00093875,0.00042136,1.5213e-06
0.00061862,0.002903,1.2909e-05,0.002684,0.00039353
0.00053385,2.478e-08,0.004572,1.1826e-06,0.00088683
0.0024328,2.6e-09,9.0825e-07,5.1328e-06,1.6461e-06
0.0023098,0.00034572,1.1555e-09,1.1362e-06,8.0634e-09
0.0017823,0.001177,2.1037e-05,1.5555e-05,0.0003766
0.0013263,2.6663e-07,1.993e-08,2.3714e-05,0.0019116
0.0024348,3.1395e-11,5.3061e-07,3.4872e-09,2.0229e-07
4.5423e-05,3.0036e-08,3.6275e-08,8.631e-07,0.0041376
9.5329e-06,0.0066958,3.0487e-06,1.1118e-05,7.4773e-11
1.4116e-06,7.0529e-06,0.0079955,8.6994e-06,9.4454e-07
6.6096e-07,2.1937e-05,3.8551e-06,0.00021075,0.0041269
5.2987e-05,0.00014889,0.00096565,0.00049003,0.0033545
0.00015688,2.6439e-05,3.0108e-05,0.0023173,0.0031127
9.4653e-05,0.00017034,0.0056261,0.00089567,0.00067738
0.00064324,0.0015512,0.0035967,0.00030767,0.00013287
2.1074e-05,1.4236e-06,0.0079186,1.1755e-06,1.3502e-05
2.4461e-06,0.0067022,2.4099e-05,2.9893e-06,0
0.0012108,0.0033836,1.9741e-08,4.7268e-07,1.8013e-08
0.0023411,5.2242e-05,6.1478e-06,0.00036622,4.0441e-07
0.0015315,0.0022572,1.3768e-06,3.672e-05,0.0001372
0.0020833,0.00089227,2.2837e-05,0.00010572,1.6293e-06
4.9849e-05,0.0065787,8.9911e-07,1.5723e-06,7.9356e-06
0.0014083,0.0028358,6.4524e-08,1.161e-06,1.1151e-06
0.0023574,3.2485e-05,0.00020734,1.4527e-05,1.3148e-07
0.0018362,0.00014921,2.3871e-06,2.3754e-05,0.00093404
0.00084087,1.1085e-06,1.5622e-05,4.6794e-05,0.0027355
8.6896e-07,3.027e-06,0.0080096,1.2673e-08,1.802e-10
0.0024332,1.4013e-06,2.5363e-08,3.1427e-06,1.3672e-06
5.4037e-05,8.137e-05,0.0039882,0.00014017,0.0019258
0.0015923,0.0011513,4.1306e-06,0.0021226,3.2485e-06
0.0015854,0.00097659,0.00030453,0.0015812,0.00015361
3.5135e-05,3.4459e-05,0.0078404,1.3061e-05,5.4637e-06
2.3666e-05,0.0065702,0.00010808,5.9937e-07,2.5795e-06
8.7694e-05,4.5106e-12,1.9198e-08,4.915e-08,0.0040647
0.00021209,1.3781e-05,8.8944e-07,1.0115e-05,0.0038368
0.0004741,8.0338e-05,4.1618e-06,0.001385,0.0028651
0,4.1363e-05,0.0018912,0.0091867,2.4804e-05
0.0012177,0.00029206,1.3261e-05,0.0048255,0.00025238
0.0024164,5.8552e-06,6.8717e-07,7.0278e-05,4.173e-06
0.0024291,3.7861e-09,2.802e-08,2.7059e-09,1.0442e-05
0.0024038,8.0338e-06,1.8524e-06,0.00012999,3.2787e-06
0.002109,7.5154e-05,1.0552e-06,3.5102e-06,0.00051588
0.00077793,0.004276,2.336e-05,0.00048946,9.5286e-06
0.0015086,0.0017179,3.5135e-05,0.0013189,5.4359e-05
2.254e-05,5.5538e-09,2.2971e-05,1.4756e-05,0.0041604
2.6832e-05,0.0054198,0.0010187,0.0006893,1.0707e-06
0.0024006,4.8619e-05,5.1586e-05,2.7266e-07,1.9887e-06
0.0023156,3.4261e-05,2.7499e-06,1.6726e-05,0.00017827
7.4591e-06,0.0067099,6.1467e-08,4.4743e-07,3.0919e-09
0.00036264,5.5127e-05,0.00010057,0.010129,4.8249e-06
0.00016238,0.0058486,0.00016604,9.5813e-05,0.00015111
0.00023272,5.8568e-05,0.00046767,0.010209,7.0446e-06
0.00025721,5.0091e-08,2.8033e-09,4.2224e-07,0.003771
0.00037108,3.7534e-05,0.00077075,0.0084969,0.00021214
0.00028186,0.0059414,1.2248e-05,1.6505e-08,6.9209e-09
2.9469e-05,0.0065898,3.3729e-05,5.6736e-05,0
0.0023665,1.2022e-07,9.6915e-08,0.00028787,1.9313e-05
0.0001448,3.3094e-06,0.00016596,5.8627e-05,0.0038563
2.2206e-06,0.0041203,0.0023861,0.0010117,2.718e-05
3.5662e-06,0.00060644,0.00047662,0.0046453,0.0019763
0.0017092,4.1486e-05,4.6455e-05,4.805e-06,0.0012049
0,0.00030981,0.0073157,3.0785e-06,0.00017329
7.7429e-05,7.4116e-05,0.00016117,0.0014878,0.0034378
0.0023821,4.4903e-07,0.0001125,3.3519e-06,3.1106e-05
0.0020813,2.0623e-06,1.1807e-05,5.8007e-06,0.00060318
0.0024231,5.9233e-07,3.1625e-05,7.0979e-06,1.2749e-06
0.0019056,0.00010819,0.00024116,0.0015644,0.00018221
0.0020691,3.3161e-06,8.2701e-07,1.5643e-05,0.00062582
0.0006768,0.0034117,0.0014601,0.00040348,3.5486e-08
3.8647e-05,0.0052419,0.0008231,0.001228,8.9731e-06
0.00094991,0.0022492,0.00013054,8.5542e-05,0.0010645
0.00042037,8.3198e-10,0.00016433,4.3397e-06,0.0034008
0.0010291,8.1518e-05,3.3049e-06,2.2399e-05,0.0023741
7.767e-05,1.3575e-10,8.8686e-07,1.102e-06,0.0040813
4.6739e-07,0.00086653,0.0014166,0.0084744,2.5822e-06
0.0022211,3.7925e-06,0.00014249,0.00084162,2.773e-06
0.00058527,0.003975,5.9836e-06,1.9431e-08,0.00070983
0.0016116,0.00075293,2.3561e-05,0.0027285,0
0.0018787,0.00028853,8.7818e-05,5.7958e-05,0.00071655
0.0011821,0.0030986,1.8696e-05,5.3519e-06,0.00021683
0.00011198,1.2194e-06,1.5153e-06,0.001279,0.0035797
7.0944e-05,0.0053038,0.00028799,0.00097457,0.00028325
1.743e-06,0.00032211,0.00039519,1.3665e-05,0.0037992
0.00012314,0.0028731,0.0005299,0.00052615,0.0017432
0.0016461,0.0015761,6.4738e-05,0.00027358,0.00025033
0.001026,4.8225e-05,0.0002311,0.0057931,0.0002885
0.0011394,0.00044955,0.0018479,0.0027565,3.8494e-05
0.002209,1.2592e-07,5.5178e-05,6.6653e-08,0.00036246
7.1686e-06,0.0063414,0.00029957,0.00012857,2.9599e-05
0.0021423,1.9474e-05,6.1382e-06,0.001424,0
0.0019221,3.8485e-08,6.7151e-06,2.2924e-05,0.00087692
0.00053672,4.4153e-07,1.7419e-06,0.00027685,0.0031905
0.0019706,4.5174e-05,8.4936e-07,4.4967e-05,0.00076004
0.00030628,0.004756,5.4307e-05,9.8192e-05,0.00064432
0.00044889,0.0046764,3.1534e-05,0.0014109,6.0987e-06
0.0022271,3.7053e-05,0.00032687,1.348e-05,0.00016036
4.8199e-06,2.5251e-05,5.1831e-06,0.00012895,0.0041452
0.0024349,6.8187e-09,9.0432e-09,6.588e-08,2.5761e-07
4.8276e-05,0.0065918,5.6656e-06,1.4436e-06,3.4885e-09
0.0006498,0.0027177,0.00044613,0.0032208,4.2457e-05
0.0015931,0.00057897,0.0010296,6.8306e-05,0.00053017
0.0021639,0.0006169,6.8186e-06,0.00023037,0
0.00057034,1.1426e-05,0.0061219,4.0288e-06,2.2954e-07
0.0024339,2.0405e-06,1.3034e-06,1.8247e-07,1.5544e-09
0.0022541,5.4925e-07,4.89e-05,0.00010825,0.00025005
6.7891e-05,3.3986e-06,4.4064e-07,4.5183e-05,0.0040811
4.223e-07,6.5034e-08,1.6858e-06,3.487e-06,0.0042137
2.4874e-06,0.00063101,3.801e-05,5.1369e-05,0.0037793
0.0002564,2.4007e-06,0.00027422,2.1439e-05,0.0036195
3.63e-05,5.8502e-08,0.0061458,2.4461e-06,0.00092007
5.7168e-06,0.0067041,3.2171e-06,1.1596e-05,1.1698e-06
2.5896e-07,9.92e-09,3.1642e-07,5.6507e-06,0.004214
0.00061284,0.0029658,0.0002685,0.0032394,3.8075e-05
1.0734e-05,3.6523e-10,1.9961e-08,3.9179e-06,0.0041967
2.6188e-05,1.6784e-06,0.0003425,0.011536,8.2109e-06
0.00082041,0.004376,0.00010361,1.5817e-07,0
0.00010798,5.8399e-06,1.2497e-05,0.00013495,0.0039728
0.0021326,7.5817e-06,2.2397e-08,0.0007088,0.00027445
0.00082303,7.5745e-06,6.3078e-05,6.1953e-05,0.0027321
0.0021261,2.0736e-06,0.00013581,0.001303,1.2601e-05
0.0020258,0.0011099,5.3104e-08,3.4313e-05,1.5873e-06
0.00081932,5.0272e-06,8.5302e-06,0.00040826,0.0026493
1.8231e-05,1.6996e-05,0.0079193,6.25e-06,6.5295e-06
0.0010155,0.0016634,0.00029394,0.0020107,0.00056746
1.1144e-05,0.0064969,0.00022659,1.5449e-05,2.7353e-06
7.8123e-05,0.00016547,2.179e-06,1.5874e-05,0.003971
0.0016789,5.3567e-05,0.00041978,0.00025426,0.00096736
0.001664,0.0019154,3.3178e-06,8.778e-05,0.0001032
2.8471e-05,0.0049243,0.00013948,0.0029119,3.9058e-06
9.4527e-05,0.0064088,6.4669e-06,4.41e-06,3.3103e-05
0.0023323,2.2627e-05,3.5859e-07,1.4341e-05,0.00015878
0.0013845,0.0027317,1.4207e-05,1.6773e-05,9.4554e-05
1.3969e-05,0.00029034,0.0073968,6.1523e-05,9.8417e-05
0.00067579,4.1767e-07,2.926e-08,0.0013538,0.0025788
0.00017976,0.0043728,0.0010293,1.5064e-05,0.00061933
0.00041061,0.0001187,0.0056447,0.0001035,0.00042631
6.3744e-05,0.00075467,0.0066323,0.00037072,1.6762e-05
0.0023558,0.0001263,2.3125e-06,6.452e-05,3.4642e-05
0.0019339,0.00053296,9.6929e-05,0.0004754,0.00031898
0.0004683,2.6621e-09,2.7775e-09,7.8678e-06,0.003403
0.0020053,0.00058442,0.00046901,0.0002726,3.7349e-05
2.4704e-05,2.0212e-06,0.0078862,6.795e-05,8.0772e-07
0.00075572,2.1365e-05,4.3552e-07,0.00014846,0.0028432
0.0018283,0.0012235,6.5334e-05,0.00014131,0.00020111
0.0022879,0.00012058,1.8896e-06,0.00050217,5.0861e-06
0.0022641,2.6741e-06,1.9042e-06,0.00018988,0.00022789
0.00068188,0.0036859,0.00044316,0.0014289,4.4355e-07
0.0019253,8.45e-06,1.6971e-06,0.0025387,3.6354e-07
2.4854e-05,0.0066448,2.0048e-05,1.5142e-07,2.3249e-07
0.00086287,1.6262e-07,3.3345e-05,1.717e-05,0.0026989
6.4365e-05,0.0059915,4.4666e-05,0.00054345,0.00014062
0.00064393,0.0017982,0.0031265,0.00094249,5.1561e-06
0.00045717,5.087e-09,0.0064864,2.2461e-07,1.2902e-05
0.001485,1.5834e-05,1.166e-05,0.0037985,0.00031795
0.0024033,7.6946e-05,4.4935e-06,5.15e-08,4.5645e-06
3.0947e-07,2.1535e-08,9.5274e-06,0.00021962,0.0041352
0.0018576,0.00076836,0.00036992,0.00034638,0.00020452
4.596e-06,0.002973,0.00018179,4.6472e-05,0.0022345
0.0019549,0.00056336,0.00014578,0.00080999,0.00012235
0.00077476,0.0010438,0.00035407,0.0058952,0
0.0024218,1.0871e-06,4.2335e-05,2.6049e-08,6.7205e-09
0.0011462,4.8137e-07,0.00014827,1.2511e-05,0.0021493
0.0016803,1.1759e-06,1.8868e-06,0.00022407,0.0012279
0.0013691,0.0021985,0.00082455,2.8491e-05,2.5025e-05
0.00037417,0.00017016,0.0065793,3.6476e-06,7.0392e-09
0.0018058,0.00014592,0.00084771,0.00015675,0.00049828
0.0024103,4.6152e-07,7.9108e-06,0.00011133,0
0.00049938,0.00056348,6.1622e-06,0.0078792,0.00027591
0.002433,2.4013e-06,3.0707e-07,5.874e-06,5.1341e-09
0.00015254,0.0056604,0.00076075,1.6661e-05,5.2134e-07
2.3607e-05,5.1524e-07,1.4799e-06,2.8455e-07,0.0041745
0.00067153,9.0587e-05,7.7273e-06,0.0086708,0
0.001143,7.0313e-05,0.0039951,8.4854e-05,6.2502e-05
0,0.0010601,0.0021839,0.0001747,0.0023434
0.0024057,2.3258e-07,8.7487e-05,1.3782e-05,0
0.0011795,0.00043077,0.00043402,0.0048553,0
0.0016088,0.0015872,0.00068838,0.00020117,4.9814e-06
0.00076333,1.0369e-08,1.9932e-08,7.5998e-08,0.0028948
0.0022656,9.7763e-06,1.7452e-05,0.00066706,4.7863e-05
0.00048918,0.00025218,0.00036309,0.0078448,0.00031271
0.0017992,1.3439e-06,0.001038,4.123e-05,0.00054004
0.0019306,1.4735e-09,1.3932e-06,3.0274e-06,0.00087183
0.0002831,6.2558e-06,6.9743e-05,6.7835e-05,0.0036624
0.0023697,3.1967e-08,5.6446e-07,2.2647e-05,0.00010508
0.00027887,3.6745e-07,2.9007e-05,2.2013e-05,0.0037106
0.0023267,1.4182e-07,0.00010021,3.5525e-07,0.00013471
0.00028972,0.0054377,0.00058359,4.1416e-06,1.1185e-08
0.00021407,5.4918e-05,1.923e-08,0.010985,1.9717e-05
0.0017608,5.8807e-06,6.0577e-07,0.00067965,0.00092902
3.497e-05,1.5966e-06,7.4812e-07,0.00032741,0.0040416
0.0024342,1.6977e-07,7.9983e-08,6.7706e-08,1.4103e-06
3.0585e-06,3.1947e-07,3.1804e-07,2.1564e-06,0.0042102
0.00015973,0.00056526,0.0058186,1.2009e-05,0.00052105
0.0023419,1.0562e-07,1.1255e-07,5.893e-09,0.00016125
0.0024266,1.4597e-06,1.3314e-08,3.6517e-07,1.366e-05
0.0022103,1.5957e-05,3.7711e-06,0.0010819,3.8915e-06
1.2376e-05,6.6715e-06,0.0030867,2.1782e-06,0.0025666
6.538e-05,1.3014e-05,0.0001026,6.9903e-06,0.0040389
3.2604e-05,3.4396e-05,0.00046021,0.00077349,0.0036295
0.00010516,3.2109e-05,2.2778e-05,0.0038293,0.0026806
0.0023795,9.5947e-05,4.4493e-05,3.705e-05,0
0.0016256,2.3154e-05,9.7828e-08,1.1421e-06,0.0013867
1.8827e-05,0.00062313,0.0031432,0.0013187,0.0016851
2.4011e-06,1.2666e-06,0.008006,2.6394e-08,3.2817e-07
0.0022713,0.0001671,0.0003341,3.366e-06,1.9752e-06
2.8733e-05,6.5009e-05,0.0078429,6.4393e-07,3.8355e-07
0.0017734,0.0014608,0.00018304,2.2688e-05,0.00012665
3.3179e-05,9.6881e-05,2.108e-06,0.0011449,0.0037022
0.0023702,5.7153e-07,1.1733e-07,3.273e-06,0.00011075
7.3623e-06,0.0056791,0.001154,4.4477e-05,2.3717e-05
0.0024348,3.3518e-07,1.6049e-09,2.9439e-07,1.3466e-07
0.0012666,1.5307e-06,0.00041181,0.00086217,0.0015082
0.00010816,1.4854e-07,0.0069846,4.9491e-07,0.00035501
3.7834e-07,4.6804e-10,5.5426e-08,9.2523e-08,0.0042159
1.2684e-05,0.0045094,0.0025947,9.5496e-06,1.5343e-06
5.5792e-05,8.5937e-07,3.1331e-07,0.0013168,0.0036648
0.002427,1.2668e-05,4.7774e-07,1.7147e-05,0
0.0020394,0.0009454,0.00017652,2.6035e-07,6.2732e-08
0.00052997,0.0041835,0.001263,5.909e-06,1.1732e-05
0.00079217,0.0045349,2.9682e-06,7.0028e-06,1.5791e-09
0.0023251,5.2386e-05,3.0199e-05,2.9753e-05,0.00013151
0.0023977,1.412e-05,5.5461e-07,0.00011018,1.759e-05
0.0011852,0.0034527,7.2996e-07,2.5995e-06,4.0454e-08
0.002423,1.7106e-08,1.9364e-06,3.2778e-07,1.974e-05
1.0178e-06,0.0066499,2.9743e-05,8.4509e-05,4.1146e-06
0.00063371,0.002871,9.4296e-05,0.0036817,2.4177e-07
2.9565e-06,0.00015104,1.6681e-06,8.6067e-05,0.0040863
0.0019971,1.3349e-07,0.00043099,2.2666e-06,0.00053083
0.0001361,0.0063291,1.1285e-05,2.9162e-05,9.9502e-09
0.00097872,4.0933e-05,0.0003864,0.0033627,0.0011322
0.00021756,1.4714e-07,6.0298e-09,1.16e-06,0.0038394
0.0017044,0.0018909,2.4084e-05,0.00017725,6.77e-06
0.0023066,1.0181e-05,5.0256e-07,3.273e-05,0.00020458
0.00063789,1.9589e-06,0.004905,1.2004e-05,0.00052656
0.0018111,0.0016748,1.2323e-05,4.597e-05,8.9417e-06
1.9772e-06,0.00051152,0.00027842,0.0002346,0.0036653
1.4706e-05,2.5083e-07,0.0078908,1.2466e-05,3.5976e-05
0.0022287,5.6231e-05,6.7415e-06,0.0007585,5.6829e-05
0.00044362,2.6551e-05,4.0518e-06,0.00025384,0.0033421
0.0022692,6.8827e-05,5.8333e-07,0.00064715,2.0456e-05
0.0013696,0.0022993,0.00023633,0.00055778,8.7729e-05
3.8247e-06,0.0009071,0.0068147,0.00016475,1.8404e-07
0.00067334,0.0048294,4.5939e-05,2.6766e-06,1.4301e-07
0.00033235,0.0056519,4.5915e-06,5.5606e-06,9.6051e-05
0.00036776,0.00093262,1.1955e-05,0.0076214,0.0003585
0.0020657,0.00079298,1.1364e-05,0.00039466,6.6387e-07
0.00015586,0.00038547,0.0015672,0.008346,0
0.00055685,2.0264e-05,5.5691e-07,7.4142e-05,0.0032138
1.647e-06,1.5136e-05,0.00048217,5.7526e-06,0.0039487
0.0018247,0.00013408,0.001211,0.0001265,0.00029222
0.0015585,6.3395e-07,1.9998e-06,0.00015315,0.0014637
0.00020387,0.00094491,9.4653e-05,0.0092545,2.7362e-05
6.0823e-05,0.0024918,0.004219,0.00065046,0.00010649
2.2774e-05,9.5092e-06,9.2397e-05,0.00023725,0.0040407
0.0011435,0.00018405,1.476e-05,0.0052803,0.00029086
0.00026294,2.952e-05,0.0071135,1.8048e-06,3.4905e-07
2.8539e-06,0.00013004,0.0075523,0.00045571,2.2892e-07
0.001711,0.0015724,5.1232e-07,2.6343e-05,0.00025938
0.0022484,0.00017377,0.00032945,8.5078e-05,1.1819e-05
0.0024351,7.787e-08,1.2038e-11,2.3573e-08,1.2557e-09
1.5039e-05,0.0066524,8.2759e-06,3.5199e-05,6.5909e-06
0.0020209,2.2077e-05,5.342e-05,0.0019369,6.7691e-06
0.00080301,3.5352e-09,1.9081e-05,7.1351e-08,0.002816
0.00089379,0.0004112,8.3691e-05,0.0064223,0.00015045
0.0011462,4.8137e-07,0.00014827,1.2511e-05,0.0021493
0.001342,0.0024845,0.00032893,0.00047074,9.1251e-07
5.3621e-05,1.9654e-07,1.8594e-07,6.9361e-05,0.0040996
0.0011182,0.00011885,0.0018129,0.0023536,0.00043987
0,5.071e-06,0.00725,6.2782e-06,0.00039762
0.0023914,1.3615e-06,0,0.00021178,1.7763e-06
0.0024195,3.067e-05,1.1837e-06,9.753e-08,7.2263e-06
0.0013185,0.00047791,0.00013477,1.7551e-05,0.0015572
0.00025926,0.0052524,9.9033e-05,0.00093581,0.00010212
0.00047635,7.0118e-06,0.0064395,2.2394e-07,6.1699e-09
0.0020654,5.1175e-07,8.29e-05,4.6677e-06,0.00059463
4.7896e-06,0.0059222,0.00083893,0.00015488,3.5439e-06
0.00042946,0.0014071,0.00058097,0.00013421,0.0022395
2.3198e-05,3.2155e-07,5.9529e-06,0.00011687,0.0041328
0.00010229,0.00080243,0.0038554,0.004151,7.5928e-05
1.2207e-06,2.7011e-06,8.7082e-06,2.2844e-05,0.0042003
0.0013863,0.0011956,0.0017031,0.00010587,0.00013461
0.0024262,4.2976e-07,3.1927e-07,3.1947e-05,3.9397e-06
5.6079e-05,0.00025184,0.0075237,1.0221e-05,6.1833e-07
0.00028612,0.000268,0.001467,0.0080583,0
0.0022086,6.8541e-05,1.0296e-06,2.8991e-05,0.00033876
0.00052071,0.00050941,0.001196,0.0023399,0.001559
0.00065616,4.8806e-05,2.3069e-05,0.0086408,5.5062e-05
2.9219e-05,3.4016e-05,0.0025798,3.5219e-05,0.0027755
0.0015878,0.00028018,0.0012159,0.00035139,0.00053087
0.0024296,4.4626e-09,4.0575e-07,1.2251e-06,8.8926e-06
0.00010826,9.134e-06,5.4097e-05,0.00041865,0.0038505
9.1766e-06,0.00040868,0.00014171,0.00083054,0.0035835
0.00043432,3.9912e-06,2.2239e-06,0.0047083,0.0018356
0.0020714,0.00098598,1.5704e-05,6.4064e-06,1.6179e-06
0.0014856,0.00013049,0.00039842,5.4463e-05,0.001334
1.1416e-07,1.9292e-08,1.5658e-07,2.5097e-05,0.0042077
0.0019828,0.00097447,0.0001228,0.00031318,0
0.0015042,0.00026439,4.6671e-05,0.0040722,1.6084e-05
0.0010388,5.3534e-05,0.004519,1.9177e-05,5.6899e-07
0.0021923,0.00042627,0.00012277,1.1467e-05,8.4839e-05
8.8531e-05,4.5545e-06,1.5335e-07,6.8949e-05,0.0040366
3.4196e-06,0.00032999,0.00029408,0.0089809,0.00074926
0.0012594,0.00085381,0.0026808,0.00020936,1.8447e-05
0.0011054,0.0032133,0.00050876,1.1063e-06,2.1505e-05
0.00013742,2.1981e-06,1.964e-07,0.00013487,0.0039306
0.0017969,0.0013782,4.1777e-06,0.00067103,7.8411e-06
0.002051,4.5166e-05,0.0007316,1.7481e-07,0.000252
0.00035564,0.00088274,0.0056173,4.9183e-05,7.6012e-05
0.002434,1.2055e-06,2.2926e-06,1.1575e-08,5.2966e-10
4.0033e-05,0.0018813,0.00024916,0.00011289,0.0027987
0.0021914,6.9207e-08,0.00014376,5.2303e-07,0.00034621
0.0023866,3.3746e-05,1.8652e-05,4.6365e-05,3.7024e-05
0.0014456,1.5193e-06,0.0014897,5.6061e-05,0.00090946
0.0021471,0.00078801,9.3828e-06,9.5599e-08,3.3344e-08
3.2546e-05,3.188e-06,1.5895e-05,0.0012387,0.0037223
7.6667e-05,0.0052598,0.0013852,0.00012096,1.8405e-05
0.0022246,0.00056861,1.3534e-05,2.5464e-07,1.163e-06
7.7597e-05,1.1648e-05,0.00015607,0.0036202,0.0027432
0.0024321,8.0605e-06,1.5917e-07,3.9796e-07,0
0.0011205,0.0036112,1.6791e-05,8.8475e-06,2.201e-06
2.0386e-05,0.00060574,0.00034026,0.010489,2.305e-06
1.9361e-05,0.00015521,0.0020719,0.0079971,0.00023555
0.00041614,0.00017522,0.0035005,0.0029591,0.0005235
0.00047532,0.0051904,1.2258e-06,0.00040383,1.9022e-06
0.0003689,0.005534,2.3388e-05,0.00013175,5.3207e-05
0.00033809,3.3662e-05,0.0052943,4.6552e-07,0.00082504
0.00050951,9.0661e-06,0.00039088,5.0971e-05,0.0031055
0.0012088,3.2171e-06,9.1123e-08,4.0764e-07,0.0021213
0.00095124,0.00020025,3.0712e-05,0.0001091,0.0023902
0.00013389,0.0063604,2.1556e-08,1.8849e-07,1.4383e-07
4.8937e-05,1.8179e-06,0.0013618,0.0098579,1.1641e-05
3.6392e-07,0.0067213,9.8239e-07,6.3599e-08,4.7671e-06
0.0023447,6.2206e-06,9.0145e-07,1.4717e-05,0.00014709
0.00042946,7.6226e-05,0.0017404,0.00021551,0.0024353
0.0024035,4.4778e-05,6.3658e-06,6.5389e-05,7.8676e-07
0.0023492,2.6147e-06,1.9887e-09,1.4195e-08,0.00014714
0.00057567,0.0050601,8.4052e-05,2.1609e-06,4.8334e-06
0.0023649,6.7185e-05,3.1978e-05,0.00018134,0
0.00062031,0.0050066,3.0206e-07,4.9742e-07,5.6908e-06
6.7922e-05,0.00010499,1.3758e-06,3.1125e-05,0.0040218
5.4777e-05,0.0021587,0.0032975,0.0027863,7.308e-05
0.0021075,2.9673e-08,1.905e-08,2.1594e-06,0.00056651
0.00025847,5.8396e-06,9.0718e-05,0.0005419,0.0035306
0.0024195,1.4575e-05,3.3903e-05,1.6765e-07,0
3.558e-05,0.00034368,0.00039007,0.010654,5.6873e-05
2.8262e-05,2.5969e-06,2.194e-08,5.9462e-07,0.0041658
0.0023079,0.00018532,0.00019695,9.1452e-07,3.2171e-07
0.0012665,2.2666e-05,9.6049e-06,0.00012088,0.0019625
5.1418e-05,0.00027565,6.3356e-05,0.00028838,0.003822
0.0024206,3.7745e-05,5.9668e-07,1.9736e-06,4.8118e-07
0.0010189,0.0031666,0.00029094,0.0007986,3.9878e-05
0.000612,7.4098e-06,8.662e-05,0.00013181,0.0030612
0.0019747,5.0158e-08,5.5575e-10,1.5217e-06,0.00079662
0.0016809,1.5821e-06,9.9921e-08,0.0015422,0.00077254
3.8042e-06,2.4741e-05,0.00010902,0.011981,1.6836e-06
0.0020414,2.7397e-05,0.00029362,0.0014776,0
0.00013784,0.00024539,5.8997e-06,0.0097952,0.00044
0.00089408,1.248e-07,3.7835e-05,2.7119e-05,0.0026391
0.0020115,0.00065725,8.3168e-07,1.2885e-06,0.00032081
0.0022647,3.1378e-05,1.3355e-07,7.3921e-06,0.00027286
0.0019164,0.0012465,6.4609e-06,0.00013933,6.5763e-05
0.001633,8.5555e-05,6.1061e-06,0.00039733,0.001195
0.0023701,1.6396e-05,1.0309e-05,1.2505e-05,9.2531e-05
4.3245e-05,6.4919e-06,2.0023e-06,0.00025577,0.0040483
0.00017582,0.0057321,3.1764e-06,8.7071e-07,0.00031922
0.0012122,1.9446e-05,1.3775e-05,0.0030495,0.0010455
0.0024306,9.3939e-06,1.3808e-07,9.6071e-07,1.424e-06
3.5329e-05,1.3245e-07,0.0065323,1.2591e-05,0.00071488
2.5915e-06,0.0057885,0.0010763,5.3415e-05,1.2458e-06
0.00021824,1.1088e-06,0.00024911,0.00032153,0.003596
1.8441e-06,1.6142e-09,2.773e-05,6.4947e-06,0.0041966
1.4637e-05,1.1815e-05,9.5986e-06,1.7343e-05,0.0041728
0.00035409,3.5844e-06,1.8894e-05,6.0021e-07,0.0035911
9.9127e-06,2.4761e-06,0.00092707,7.1661e-06,0.0037078
0.0013191,0.00076829,3.7203e-05,0.0041473,0
0.0021113,2.6429e-07,4.4944e-06,7.6238e-07,0.00055798
0.0013682,0.00051019,0.0028192,0.00011179,6.2116e-06
0.0018711,0.00035116,0.00038196,0.001395,7.4172e-05
0.0010224,7.7425e-08,1.5532e-06,5.8721e-07,0.0024452
0.0022462,8.2964e-05,1.8284e-06,4.3784e-05,0.000259
0.00044511,0.005376,0,3.1632e-05,6.7058e-05
0.0024305,9.1671e-06,3.6448e-07,2.8326e-06,1.1101e-06
0.0021419,2.3787e-05,0.00029037,1.1862e-05,0.00033593
0.00025907,0.0029427,2.4755e-05,0.0055294,2.8561e-06
0.0016291,0.0017236,0.00017139,6.5647e-06,0.00022352
0.0024292,6.8141e-11,2.4206e-06,2.1342e-07,8.9442e-06
0.0022028,6.1694e-10,7.829e-06,5.565e-07,0.00039792
0.0021577,0.00017515,1.4514e-05,0.00049676,0.00019151
0.0024349,8.3508e-09,5.8598e-11,6.8636e-09,3.3961e-07
0.0024347,1.2643e-07,4.1424e-10,8.5006e-07,3.8048e-07
0.00025687,4.3652e-07,3.6946e-07,2.2979e-06,0.0037706
0.0023777,6.9793e-05,2.8544e-06,5.6506e-05,3.475e-05
0.0021249,6.988e-05,1.6612e-06,0.0014219,1.6835e-06
0.0018889,1.6375e-05,8.4312e-07,3.8516e-05,0.00092186
0.0022865,0.00011248,0.0003319,2.5243e-07,1.2215e-05
0.00067103,3.3017e-08,0.0054846,3.2308e-06,0.00016854
0.00071875,0.0041241,4.2458e-06,7.3596e-06,0.00038368
0.002358,1.2454e-09,2.9227e-08,1.0546e-08,0.00013349
0.0010498,0.0037864,1.3088e-06,7.0562e-05,1.5927e-06
0.0024323,1.2948e-07,1.374e-09,2.232e-07,4.7158e-06
1.2426e-05,7.6536e-08,3.8007e-06,2.7364e-05,0.0041836
3.6091e-05,4.9288e-05,0.0064466,0.0020414,2.7551e-05
0.00049387,0.0013023,0.00091867,0.00023149,0.0019825
0.0019696,0.00013059,0.00012177,0.00062282,0.00044528
0.0024336,3.2362e-06,2.1555e-08,1.5085e-06,2.8014e-09
1.2877e-05,0.006647,5.642e-05,4.1073e-08,4.8655e-07
0.0023326,3.2987e-09,1.028e-10,6.2523e-07,0.00017734
0.00089413,0.0023445,1.0005e-05,0.0017379,0.00059446
0.0023909,0.00012162,3.3032e-07,5.4162e-07,0
0.0022634,0.00046788,5.8127e-06,2.4752e-06,2.5912e-07
0.0016506,3.0113e-06,0.0005139,3.1798e-05,0.0010753
0.00076324,0.004531,6.6612e-05,1.8231e-05,1.516e-05
3.5432e-05,0.0063634,0.00018701,0.00015023,1.8596e-05
0.00010566,4.4881e-07,0.0046458,0.00012807,0.0015454
5.6211e-05,0.00030934,6.3246e-05,0.0025855,0.0029997
4.0232e-06,9.4625e-08,0.0080014,1.55e-08,6.6508e-07
0.0022575,0.00017675,2.9958e-05,0.00051521,3.2039e-06
0.00069606,0.00044182,0.0051449,7.743e-05,1.4979e-06
0.00027089,0.00050508,0.00062996,0.0014657,0.0025938
0.0021028,1.1478e-06,2.1062e-06,0.0005397,0.00038727
2.0005e-05,7.5411e-06,0.00033859,0.003167,0.0029059
0.00084586,3.2811e-06,6.14e-06,0.00027716,0.002651
0.0001679,0.0052765,3.7677e-05,0.00030883,0.0004939
0.00092671,0.0031165,0.0002257,0.00022938,0.00046163
0.0012725,0.00015037,0.0028725,3.146e-05,0.00039705
0.0023246,0.00023188,4.249e-07,9.7247e-06,4.2468e-05
0.0022661,6.4115e-06,1.0253e-06,0.00029554,0.00018609
0.00236,6.1469e-05,2.178e-07,6.5036e-05,6.8921e-05
0.0004597,3.0394e-05,0.0053156,0.0016998,1.8681e-05
5.8182e-05,0.0011324,0.00080038,7.4045e-07,0.0029852
0.0024344,5.9691e-07,7.2697e-09,3.2513e-07,6.472e-07
0.00064097,0.0037252,2.0691e-05,0.0020356,5.9475e-05
0.0022696,0.00045018,6.6545e-07,1.1863e-05,1.13e-07
0.0017201,0.001171,9.5054e-07,5.388e-05,0.00048548
0.00046187,0.0031696,1.7832e-05,0.00033362,0.0013067
0.0024346,1.1294e-06,9.8736e-10,4.4723e-08,1.0637e-07
2.5223e-05,0.0059592,0.00083558,3.8749e-07,6.8171e-08
0.0020249,0.00018064,2.5579e-05,0.00069522,0.00034365
0.00074787,4.1249e-06,2.1227e-05,3.3755e-05,0.0028962
0.001165,0.0030528,0.00022452,0.00031308,6.0617e-05
0.00030987,1.7023e-05,4.5347e-05,5.3111e-05,0.0036272
0.0012182,1.6858e-06,0.0038864,6.1638e-08,6.1744e-05
0.00010643,1.884e-05,0.00048151,5.7387e-05,0.0037474
0.0015069,0.0025398,1.9612e-05,1.6422e-05,2.4358e-07
0.0024165,5.0603e-05,3.8568e-07,4.2639e-07,1.249e-07
0.0019717,0.00039749,0.0002895,9.4112e-05,0.00036871
5.2254e-08,2.977e-05,0.0079769,1.1813e-06,1.4353e-06
0.00034841,3.0424e-06,1.4713e-06,4.8882e-05,0.0035938
1.8349e-06,2.3528e-06,5.1475e-06,0.012122,2.5008e-05
2.9018e-05,0.0001243,2.2378e-05,0.01181,2.0555e-08
0.00012324,3.2555e-09,1.8072e-07,6.2118e-07,0.0040029
0.0021684,5.2237e-09,8.8074e-10,1.1791e-05,0.00045769
0.0018092,0.00043285,3.1045e-06,0.0019706,0.00013082
0.0021767,1.0608e-06,0.00065101,5.3415e-05,8.5975e-05
0.00067283,0.004858,1.1672e-05,5.6034e-07,1.8558e-06
0.002318,9.3877e-06,6.6251e-07,9.1659e-06,0.00019343
2.4724e-05,9.9024e-05,0.0011873,0.0089306,0.00040457
2.0006e-05,0.00035048,1.5743e-05,0.011359,3.336e-05
0.002426,9.0316e-10,2.9676e-07,2.7749e-08,1.5568e-05
0.0012672,1.4965e-07,1.9715e-07,6.9319e-05,0.0019982
0.0015851,0.0023456,1.8112e-07,6.4383e-06,1.6671e-07
0.0014265,5.5414e-07,9.473e-05,0.00018625,0.001632
0.00031733,0.0027051,0.0018927,0.001775,0.00036422
0.0017033,9.1899e-05,0.00017172,4.6413e-06,0.0011176
0.00044839,0.0014577,0.00011295,0.00058361,0.0022661
0.001328,4.0548e-07,0.0027019,3.0282e-05,0.00048518
0.0024047,3.9321e-06,5.6927e-08,9.6913e-05,1.6772e-05
0.0020214,0.0011017,2.6015e-05,5.8875e-06,1.0491e-05
0.00035948,8.5458e-05,0.0066381,6.5187e-05,2.6346e-05
1.0511e-05,1.5585e-08,2.0927e-07,5.9402e-08,0.0041983
0.00029928,1.373e-07,9.0445e-07,0.00023326,0.0036173
9.0644e-06,3.5161e-08,1.5011e-09,6.946e-07,0.0042007
1.4983e-05,2.2833e-06,0.0079057,6.8955e-05,6.8819e-06
0.00084477,0.0037169,0.00069511,2.7715e-05,5.0087e-05
0.00053799,6.7747e-06,1.056e-05,0.0094318,1.9561e-05
0.00055805,0.0019851,0.0021531,0.0021092,0.00014611
0.0021084,0.000822,2.1388e-06,0.00014295,3.5508e-07
0.0004017,0.0030664,0.00044798,0.0039426,3.5186e-06
0.00031261,5.6425e-05,0.00050401,0.0089127,0.00029835
0.001619,0.00045047,2.5814e-05,0.00039887,0.00097977
0.00013104,1.3259e-05,0.00060357,4.1595e-05,0.0036496
0.0015211,0.00087897,0.0015274,0.00030825,0.00012211
0.00013231,0.0038136,0.00066619,0.0035001,3.9827e-05
0.000553,3.0886e-06,0.0061897,2.2821e-06,4.1091e-07
3.74e-05,0.0014263,0.0061766,2.3651e-05,1.103e-06
3.4345e-06,6.2026e-07,7.1179e-09,1.5195e-05,0.004205
0.00053066,0.00071706,0.0022452,0.0045295,0.00010399
0.0023243,9.1612e-07,1.5018e-06,7.4143e-05,0.00016493
0.00038578,0.0052902,6.5052e-07,0.00063356,1.5425e-05
0.0023552,1.889e-05,3.9312e-07,1.1602e-08,0.00012637
1.2595e-05,2.8133e-07,0.0072614,9.062e-06,0.00037185
0.00017069,0.00011865,0.00012742,1.795e-06,0.0037791
0.0024307,1.8349e-07,4.3052e-08,5.6937e-06,5.5134e-06
0.0017352,0.00083432,0.00015556,4.1255e-07,0.00060723
0.00070811,2.3215e-06,6.7002e-05,0.00011274,0.0029148
0.0017326,0.00020169,4.6181e-06,0.00061342,0.00087599
3.2942e-06,0.0012366,0.00079312,0.00047211,0.002856
2.0561e-06,0.00029439,0.00030106,5.6354e-05,0.0038508
0.0024311,1.2895e-06,1.8322e-09,9.7868e-06,2.7723e-06
6.807e-06,3.8341e-08,2.438e-05,5.8345e-06,0.00419
0.0010455,8.5674e-05,0.00018205,0.00031585,0.0021478
0.0023258,5.7721e-06,4.9369e-10,0.00036154,6.0908e-05
0.0011636,0.0015009,0.00027808,0.0026665,0.00019482
0.00030947,0.00013954,0.00016405,4.3784e-06,0.0035055
0.00053863,2.1681e-05,0.00010166,6.2967e-05,0.0031951
0.00014016,0.0062907,2.7001e-05,4.0385e-06,1.7406e-05
4.2274e-05,0.0064138,1.5944e-06,2.685e-06,0.00012361
0.00013259,1.5889e-06,9.0477e-08,2.4762e-06,0.0039851
0.00019246,2.9053e-07,0.0071935,0.00013979,5.0977e-05
1.0583e-07,2.4126e-05,6.3166e-07,0.00015912,0.0041461
0.0008928,0.0042494,4.1408e-06,1.3871e-05,1.5743e-06
6.2732e-05,2.9975e-08,3.9568e-07,8.4532e-06,0.0041048
0.0021354,1.4616e-05,1.78e-05,0.00063916,0.0002798
0.0021612,4.7642e-06,4.8021e-07,0.00067849,0.00023688
0.0023114,3.4089e-06,0.00039085,3.1205e-06,5.4024e-06
4.8704e-05,0.0051534,0.0016499,9.2223e-05,4.1698e-06
0.00071161,2.6515e-05,2.733e-06,3.4597e-05,0.0029544
0.0010969,0.0020579,9.6086e-05,4.6646e-05,0.0009613
1.3946e-06,2.7216e-06,0.0076849,0.00019942,0.00010126
0.0015699,9.8619e-06,1.147e-06,0.00059606,0.0012856
4.488e-05,7.6039e-05,3.9397e-06,0.0003056,0.0039837
7.7127e-05,0.0048304,6.7642e-06,2.4836e-07,0.0010533
0.00090337,0.00011559,5.5183e-05,0.00041787,0.0024067
6.8859e-05,4.6158e-07,0.00032336,1.4258e-06,0.0039265
0.0010831,0.0013302,0.0026492,0.00030353,9.4483e-06
0.00024012,4.4604e-06,8.4075e-08,3.4539e-05,0.0037861
0.00147,4.0845e-06,0.00085594,0.0012755,0.00077812
0.0024108,1.0205e-05,1.0991e-07,5.7703e-05,1.5697e-05
3.2338e-06,1.8734e-06,0.0080022,1.6715e-08,5.4331e-07
0.00061123,4.39e-08,1.4348e-09,9.467e-05,0.0031255
0.0023213,6.9479e-08,7.6971e-10,3.5894e-06,0.00019582
4.3877e-06,1.1243e-05,0.007988,3.3159e-07,4.0669e-09
9.1155e-05,0.0018772,0.0025579,0.0044401,4.6099e-06
0.0022607,2.6603e-06,3.4021e-07,0.0001731,0.00024037
0.00083516,0.004418,3.3471e-08,7.817e-06,8.1308e-09
0.0023042,0.00035875,1.4292e-07,5.3577e-06,0
0.00054309,7.1694e-06,0.00025039,0.0012227,0.0027179
0.0015867,0.00069485,8.5019e-06,0.0028189,5.6327e-05
1.768e-06,5.4974e-05,8.6151e-05,0.007897,0.0014079
0.0010346,6.0058e-06,2.9847e-05,0.00021692,0.0023307
0.0009748,4.3097e-08,2.4104e-06,1.2628e-05,0.002523
0.0024185,3.4959e-08,2.2501e-05,4.6649e-08,1.6891e-05
0.00010662,0.00046472,0.0059512,0.0014549,0.00010821
0.0024348,6.2974e-07,2.6787e-10,1.4765e-07,0
0.0023385,2.6485e-05,1.9104e-07,9.1006e-06,0.0001475
6.5514e-05,0.00044185,0.00025949,0.010689,3.8101e-07
0.0024342,1.6637e-07,3.2303e-09,6.835e-07,1.2229e-06
0.00033216,0.0048719,0.00026342,2.7181e-05,0.00044141
8.692e-07,0.0062229,0.00015722,0.00067794,0
0.0022149,8.3793e-05,5.7867e-07,1.2599e-05,0.00032424
0.00063294,0.0031768,0.002149,7.9561e-08,1.2847e-09
1.8733e-07,0.0036448,0.0033606,9.2077e-05,0.00013339
0.0019078,9.0278e-09,3.1394e-05,0.0011686,0.00049311
0.00060567,0.0015349,0.00058714,0.0054604,1.2575e-05
0.0013385,1.6451e-07,0.0015771,8.511e-06,0.0010662
4.501e-05,0.0061405,0.00021187,0.0004544,2.3598e-05
9.6412e-06,7.2421e-06,0.0079276,7.0352e-05,1.0268e-06
0.00026476,6.5632e-10,9.2098e-05,7.5595e-06,0.0037071
0.0018226,0.00019072,0.00030289,0.00047004,0.00061949
0.0013784,1.5488e-05,2.3359e-05,2.4208e-06,0.001807
0.0023953,6.9223e-05,2.7148e-05,3.2416e-05,0
0.001585,1.0503e-05,0.0012304,8.7682e-05,0.00078805
0.00091266,0.0040646,1.7379e-05,0.00021332,7.1433e-06
0.00019256,0.00017063,1.224e-05,0.0093575,0.00053983
5.1943e-05,0.0004005,0.0051579,0.00057073,0.00096562
5.2531e-05,0.0058527,0.00073308,0.00019067,7.7461e-06
0.002208,0.0005766,3.7402e-08,8.3039e-05,3.365e-06
0.0018571,7.5181e-08,0.00068203,9.6139e-06,0.00063866
2.5276e-05,1.3722e-06,1.021e-06,0.00010572,0.004135
1.9111e-05,2.0803e-05,6.2126e-05,0.00029768,0.004035
0.002386,8.1251e-06,3.5118e-06,7.1454e-05,5.3389e-05
3.5693e-06,0.0056604,0.0012558,2.5694e-07,3.7552e-06
0.00012799,0.0059614,0.00047579,2.9164e-05,2.5798e-08
3.226e-05,3.5316e-05,0.00011659,8.9308e-07,0.004077
0.00040932,3.81e-05,3.6857e-05,2.5636e-06,0.0034637
0.00096169,0.0004078,0.00098466,0.0050495,3.4936e-05
0.0022535,0.00050051,4.3003e-09,4.4435e-07,6.8825e-07
4.362e-06,0.0049159,0.0020434,0.00014166,5.6504e-06
0.0009236,0.00050398,2.3879e-05,0.0017236,0.001694
0.0018617,1.7786e-05,7.2028e-06,0.0024595,0.00012896
0.0024307,3.4912e-07,1.6381e-08,4.4029e-06,5.9403e-06
3.068e-05,1.9505e-05,0.0078906,4.1783e-07,5.2874e-07
0.00017562,5.1298e-07,0.00099369,6.0428e-07,0.0033893
0.0022997,0.0003734,6.8334e-09,9.1922e-08,5.3186e-07
0.0019787,8.2908e-08,4.2802e-05,7.7839e-05,0.00074085
6.8523e-06,0.0018991,0.0013497,0.0001812,0.0022425
1.4659e-05,7.6086e-05,0.0077418,0.00017648,1.0288e-05
0.0010535,2.1444e-05,2.16e-06,0.0042648,0.00090567
6.9826e-05,0.00010981,0.0010508,0.0082452,0.00062808
0.0017645,2.8948e-05,3.7369e-05,6.2139e-05,0.0011019
0.0023174,0.00032077,1.1264e-08,4.1684e-06,1.4873e-06
0.0021735,0.00058452,1.8649e-05,0.00018665,1.2504e-05
0.00094601,1.8124e-05,0.0048031,9.8576e-05,6.6015e-06
5.3421e-05,0.0060082,0.00046205,0.00033925,6.0852e-08
0.0001363,1.7474e-06,3.124e-06,9.8555e-07,0.0039775
0.00094028,0.0039306,0.00023703,3.5276e-06,1.1376e-07
0.00010505,0.004386,0.0014904,0.0014419,5.317e-06
0.0024304,2.8587e-06,1.5001e-06,5.4961e-06,3.6228e-06
5.2401e-05,0.00011528,0.0077025,2.4382e-06,1.1206e-06
1.0838e-05,0.0037111,0.0028159,0.00031119,0.00028434
0.0020908,6.5445e-05,8.3895e-06,0.0015417,1.8693e-05
0.0023837,6.3125e-07,9.9187e-05,0.0001021,1.1608e-06
0.00042432,3.1328e-06,0.0036692,0.00013445,0.0015034
0.0023063,0.00034362,2.5085e-08,2.2525e-05,4.4187e-08
0.0015521,0.0006972,0.00023788,0.0028017,0
0.0022996,4.4923e-05,1.1323e-06,0.00012669,0.0001622
0.00031548,1.5926e-05,6.7041e-06,9.5655e-06,0.0036535
0.0023424,1.292e-05,6.6486e-05,0.00010572,8.0993e-05
0.00010715,0.0050624,0.0013138,0.00018978,0.0001031
2.206e-05,9.8414e-11,3.1943e-08,3.8602e-07,0.0041783
0.00033995,0.0048045,0.00028963,0.001341,2.9097e-06
0.00069433,0.00076512,0.00046937,0.00038924,0.0021537
0.00097113,0.00054106,2.0892e-06,0.0061839,6.0391e-05
6.8243e-05,7.6179e-05,0.00051073,0.00086228,0.0034844
0.0020155,0.0010807,2.8959e-06,4.1455e-05,3.3657e-05
0.0011616,1.4342e-05,6.9314e-06,0.0043185,0.00070183
8.8911e-05,0.0018461,0.0054996,5.6038e-06,1.1318e-05
0.00088154,3.4214e-05,0.00041229,0.00030595,0.0023462
0.0015302,0.0024845,5.5692e-06,9.6599e-06,4.2428e-06
0.0021132,0.0006906,2.2579e-05,0.00027381,1.8374e-05
0.00019143,0.00048145,0.0010895,0.0087117,3.3056e-06
0.0015025,0.0014548,0.00069003,0.00077327,7.3613e-05
0.00045121,8.7344e-06,1.4837e-06,0.00077094,0.0031629
0.001456,0.00031629,1.6411e-05,0.0030414,0.00043875
7.1054e-05,0.00076968,0.0068632,7.3657e-07,9.7713e-07
0,3.4874e-06,0.00098151,2.6964e-05,0.0036888
0,0.00028431,0.0059948,0.00017988,0.00082302
0.0024322,8.5737e-07,2.4002e-08,1.2791e-05,0
0.0024335,2.365e-06,9.0273e-08,2.5623e-06,3.5166e-07
0.0024351,2.1242e-08,6.5444e-11,1.6429e-08,5.0968e-08
0.00018789,9.1884e-08,2.5893e-09,4.2488e-06,0.0038897
1.4494e-05,5.0989e-06,0.0079371,2.5057e-05,4.5813e-06
0.002119,9.0728e-07,3.0075e-05,3.3106e-05,0.00051952
0.0016064,2.382e-06,3.0716e-05,3.6996e-06,0.001416
0.0023567,3.8126e-06,0.00010367,0.00012563,3.5428e-05
0.0021879,0.00060203,2.7106e-05,0.00010603,0
0.00023838,5.2276e-10,1.7575e-05,7.0522e-07,0.0037943
0.0010087,0.0004697,0.0022376,0.002893,8.4679e-08
0,9.7836e-05,0.0037459,0.0041346,0.00075774
0.00020169,8.113e-06,0.0046857,0.0012269,0.00097403
0.00020038,4.209e-06,9.3202e-05,0.0063682,0.0016198
1.9984e-06,0.0036875,0.0034035,0.00031974,2.3564e-06
4.8657e-08,0.0054712,0.0014811,4.4904e-07,9.7757e-06
3.6426e-05,1.4325e-09,8.5809e-06,2.2433e-08,0.004149
9.5485e-06,1.3399e-06,1.812e-06,0.012154,3.05e-06
0.0024129,3.6544e-05,2.8681e-06,4.0535e-05,0
0.00083977,0.001884,0.00054386,0.0024124,0.00046344
4.2538e-05,0.0066013,1.4105e-05,1.5098e-07,5.004e-11
8.2278e-06,1.3475e-05,2.1164e-05,0.0022218,0.0034159
0.00022877,0.0001857,0.0068886,0.00021848,5.189e-06
0.00038901,1.0446e-05,2.6375e-06,1.1084e-05,0.0035312
5.2321e-06,1.7064e-09,1.8874e-06,6.2064e-05,0.0041851
0.0017715,3.1727e-06,7.066e-06,3.98e-06,0.001142
3.331e-05,0.00072843,2.2408e-05,0.00015402,0.0036376
0.0023866,2.5952e-06,1.2939e-05,0.00021151,2.6054e-06
0.00075399,0.002904,0.0015469,0.00058844,7.4921e-05
0.0024313,6.0084e-07,9.7445e-11,2.7358e-08,6.2539e-06
1.2381e-05,7.8403e-06,0.0077285,0.00016389,6.835e-05
0.00023733,0.00024368,3.4194e-05,0.0034734,0.0024361
0.00017517,0.0062413,5.6155e-06,3.8096e-07,2.3173e-07
6.1181e-05,0.00017381,3.2671e-06,0.00024618,0.0039151
1.4429e-05,0.00060709,0.00045959,5.7631e-06,0.0035676
4.8653e-05,0.0058203,0.00033176,0.00089543,2.5403e-06
0.0014868,0.0025976,3.7085e-07,4.1793e-05,1.9655e-07
0.0010054,4.4875e-05,5.6463e-09,0.00043106,0.0022988
0.00098077,1.3554e-06,7.7538e-05,0.007068,3.6934e-05
0.0010405,0.002799,0.00074245,0.00021871,0.00019534
0.00021994,0.00039994,0.0002757,7.4521e-06,0.0034376
0.0012439,1.0698e-05,2.8178e-06,1.0315e-05,0.0020509
2.4173e-05,1.7805e-06,4.7674e-08,0.0099488,0.00073949
1.9144e-05,0.0066496,5.6003e-06,4.2893e-05,1.9019e-09
0.0023292,3.4613e-07,3.7013e-08,1.4744e-06,0.00018267
0.0024299,5.6313e-07,3.0289e-09,8.5598e-07,8.3072e-06
0.0015926,0.00034444,0.00010052,0.003445,1.0514e-06
0.0005696,0.0021811,0.0020164,0.0018448,0.00016648
0.00024454,0.00010742,1.3449e-05,1.5676e-07,0.0037187
0.0023146,0.00032439,6.7104e-06,3.6211e-06,7.0005e-07
0.0022385,4.4151e-06,3.0654e-07,0.00077653,6.9507e-05
0.0010563,0.0019408,7.2657e-06,0.0033736,3.447e-06
0.00046808,1.0451e-05,5.7639e-06,0.0057744,0.0014033
0.0024334,1.2722e-09,2.9301e-10,1.1717e-06,2.5838e-06
0.00036304,0.00046686,4.141e-06,0.0071236,0.00083442
0.00042127,0.0044238,8.0283e-06,0.00041201,0.00056934
0.001678,0.0014155,0.00025179,0.00026509,0.00020021
1.4267e-05,0.0062921,0.00045961,2.3823e-05,1.6334e-07
0.0013652,8.8052e-05,2.125e-05,0.00038574,0.0016531
0.00019282,0.0059784,6.973e-05,0.00029206,0
0.00055346,0.0024715,0.0025001,0.00075548,0.00013407
0.0024285,6.7073e-06,1.3881e-07,1.9639e-05,3.4288e-07
0.0022894,0.0003006,5.2252e-07,0.00017218,4.3048e-06
0.0017062,0.00033746,5.6314e-06,2.4144e-06,0.001047
0.0010335,0.00070469,0.00059011,0.0043231,0.00018288
0.0021508,0.00030364,0.00039393,0.00012195,5.2763e-05
0.0023405,1.3497e-05,4.3051e-06,1.4483e-05,0.00014802
0.0012239,0.0010039,0.00013268,0.00084133,0.0011081
0.0005644,6.8658e-05,0.0056539,5.5432e-06,0.0002203
0.00074447,3.368e-07,7.1479e-09,9.839e-06,0.0029239
0.00032422,0.0057729,2.2572e-05,7.8926e-06,2.4104e-05
1.2456e-05,1.9748e-05,0.0010168,5.5091e-06,0.0036459
0.0017031,0.00087517,1.3788e-05,0.0019051,5.4366e-05
0.00044728,0.0054202,5.946e-05,1.7992e-06,1.4632e-05
0.00016146,0.00072143,0.00045741,0.00040295,0.0031054
0.0019022,9.3434e-05,2.5246e-07,2.6106e-05,0.00085506
1.6443e-05,0.0017634,0.00056376,1.047e-05,0.0027833
0.00064714,0.0040045,4.8105e-05,1.2509e-05,0.00055772
0.00017039,0.00089278,0.0034566,6.1248e-05,0.0015229
0.0023904,9.6538e-07,0.0001255,3.5239e-06,9.5228e-06
0.00014906,3.357e-05,0.0072092,0.00039894,7.5665e-06
0.00095695,5.6391e-06,0.0047743,6.0364e-06,4.2576e-05
