1.6196e-08,0,1.327e-10,6.6805e-08,0.0051332
0.00081229,2.1064e-05,0.000321,0.0032955,9.7634e-05
3.4462e-08,3.5242e-05,0.014064,0.00065908,3.8079e-08
0.0020144,6.2579e-06,8.4548e-06,1.147e-05,6.3338e-06
0.001906,7.2903e-05,0.00080282,1.265e-05,7.2386e-07
0.0019754,4.0818e-13,3.4817e-13,8.5193e-11,0.00012007
6.663e-05,7.8542e-06,0.00010785,0.0056704,2.161e-08
0.00017934,0.0066908,0.0073753,8.0284e-06,8.8274e-11
0.0019208,2.5093e-07,9.0776e-07,9.9978e-05,0.00017148
0.0019556,0.00047927,1.3117e-05,2.6889e-06,6.4872e-08
0.0007533,0.0093453,8.774e-05,2.904e-07,1.112e-09
0.0020207,0,0,5.9165e-06,0
0.0020227,0,0,0,0
8.2287e-07,0.0088218,0.0065272,7.1338e-06,8.7603e-12
0.0020227,0,0,1.7095e-07,0
0.0020061,0,0,4.8645e-05,0
0.0019853,3.8511e-06,6.2568e-06,8.6098e-05,1.6756e-05
0.0002206,7.1097e-07,1.9442e-06,3.1519e-05,0.0045452
3.967e-09,1.3001e-11,2.966e-10,1.0167e-05,0.0051245
0.0020219,2.0114e-08,3.4589e-09,2.1555e-09,2.1983e-06
4.3626e-05,3.6049e-10,1.5145e-07,1.1709e-05,0.0050124
4.9847e-10,3.2804e-09,7.4029e-09,0.00024656,0.0049191
8.0989e-07,0.012397,0.0018289,0.00034857,1.3543e-06
6.399e-05,0,8.1937e-09,2.9811e-07,0.0049707
0.0010415,0.0055939,0.0017757,5.3204e-06,1.1439e-09
4.3526e-07,0.0038777,0.011674,3.662e-05,3.5626e-12
6.3372e-05,0,2.5856e-10,3.0438e-09,0.0049725
4.3874e-05,0.0065597,0.0053284,0.0012169,2.6482e-07
2.957e-05,0.0020856,0.013382,2.051e-05,5.0884e-09
0.0016772,8.9723e-08,6.6336e-05,1.5373e-06,0.00085408
2.7261e-05,3.4209e-15,1.0662e-13,3.2962e-11,0.0050642
0.0020227,0,0,0,6.5307e-08
0.00049939,0,7.6695e-05,7.5797e-05,0.0037753
0.0020222,0,7.5997e-12,7.4528e-11,1.2405e-06
5.2056e-08,0.00033908,1.0976e-06,0.0055955,0.00015539
3.0256e-06,2.3232e-08,1.6441e-06,0,0.0051251
0.00021929,0,1.38e-09,5.6315e-07,0.0045763
0.0020147,1.3669e-05,1.8903e-05,8.3375e-06,2.4076e-06
6.3647e-05,0.00026231,0.012552,0.00094557,1.1528e-06
0.0020116,4.99e-05,1.7589e-05,6.3609e-06,1.309e-09
0.0015292,0.0027807,0.00066929,9.9003e-05,4.9913e-08
0.0020227,0,0,0,0
0.0020157,4.4775e-05,6.3633e-06,6.9717e-07,4.6206e-10
0.00094843,2.387e-08,1.2822e-07,1.5613e-05,0.0027128
3.2666e-06,7.1267e-10,1.0908e-06,0.0037574,0.0018601
5.1809e-05,0.00013464,0.0025357,0.0047341,2.2569e-05
0.0020227,0,0,1.2742e-08,0
0.0019973,7.4068e-05,8.2215e-05,1.4435e-05,3.8433e-11
0.0018854,9.5873e-09,9.9562e-08,3.2352e-07,0.00034813
1.1674e-06,1.3612e-06,1.7294e-06,4.6935e-05,0.0050886
0.0020227,0,4.7344e-10,3.8002e-09,4.8392e-08
0.0020049,3.2882e-10,1.7371e-08,0,4.5365e-05
0.0020198,6.22e-06,1.3882e-05,5.2648e-07,4.088e-07
0.00079132,0.0020771,0.0070568,0.00015323,7.1298e-08
0.001989,1.5476e-05,8.6005e-06,8.9054e-05,5.4337e-08
0.0017649,0.00034954,6.9354e-06,0.00061237,5.1967e-07
1.7739e-07,0,3.3786e-07,0.00053958,0.004664
0.0020097,1.084e-05,9.7546e-06,2.9816e-05,2.004e-07
0.0020215,2.385e-09,1.5548e-08,5.2894e-08,3.0337e-06
0.0020195,0,1.7736e-05,2.5717e-06,1.375e-07
0.0020227,0,1.3955e-11,0,0
0.0019749,0,8.2734e-06,5.6617e-06,0.00011387
0.0019621,0.00038827,6.2633e-05,1.2208e-06,2.4808e-09
0.0020045,8.1413e-05,1.2027e-05,1.6709e-05,1.6826e-07
0.002014,4.8752e-07,7.8816e-07,7.3327e-06,1.5391e-05
0.00075168,0.0091751,0.00028109,0,2.7126e-11
0,0,0,0.00062476,0.0045905
0.00068033,0.0011819,0.0011101,0.0030423,6.3594e-07
0,0,0,0,0
0.0020188,0,4.578e-08,6.9822e-06,3.8404e-06
0.00013084,0.0015881,0.013168,2.9765e-07,2.2021e-10
0.0019159,0,1.0291e-07,0.00029355,1.6002e-05
0.0019033,0,1.1154e-07,8.8473e-05,0.0002263
0.0013743,0.0010238,0.00022865,0.0014059,4.9682e-07
0.0020223,0,0,1.1201e-06,0
0.0014645,0.0024344,0.0018074,4.8149e-07,1.8177e-09
1.0626e-06,0.014821,0.00012674,2.978e-05,1.2812e-09
0.00011185,0,5.0597e-06,6.6084e-06,0.0048421
1.5103e-06,0.0034829,0.012181,2.0476e-07,9.2451e-11
0.0017061,0,0,2.4026e-07,0.00080331
0.00044812,0,0.0094966,0.00097601,7.6844e-05
2.3478e-07,0.00023787,3.5061e-05,0.0058004,4.5445e-07
0.0013728,0.004615,0.00016236,2.3101e-05,3.6212e-08
0.0016688,0.0017626,0.00052849,0.00014256,1.2574e-06
1.936e-05,0.0001298,1.7504e-05,0.0047316,0.00092313
0.0020227,0,0,0,0
0.002005,1.257e-07,1.6595e-08,2.3627e-08,4.4895e-05
2.8829e-05,0.0074284,0.0010083,0.0025273,2.0312e-07
0.00085643,0.0041564,0.0019772,0.001036,2.3881e-07
0.0019639,0.00036481,7.59e-05,2.914e-08,5.5021e-09
3.3822e-07,5.3623e-10,6.0045e-10,5.524e-07,0.005132
0.0020225,0,0,5.3435e-07,2.2506e-08
0.0017736,2.0865e-10,1.0088e-09,1.3947e-07,0.00063221
0.00087719,1.1752e-07,2.3618e-06,0,0.0029064
8.9994e-08,0.014213,8.4841e-05,0.00028733,2.4655e-09
0.00042754,0.004773,0.0060862,0.0005024,1.2762e-05
0.00046405,2.6373e-05,0.0010287,0.0041551,3.8867e-06
7.2212e-06,0.00023246,0.00027555,0.0056931,2.1038e-08
0.0020224,0,7.3159e-11,2.6239e-10,9.2626e-07
1.526e-07,0.00012319,0.0011497,0.0054208,9.2176e-06
4.6225e-06,0.014578,0.00041765,6.6176e-06,1.084e-09
1.6813e-06,2.8233e-06,8.0878e-05,0.0057392,0.00011548
0.00020748,0,2.0843e-05,0.00018561,0.0044388
0.0020225,0,0,4.9838e-07,7.42e-08
0.0020227,0,0,3.9553e-08,0
0.0020227,0,0,3.1435e-08,0
0.0019561,1.2279e-06,5.3676e-07,1.4885e-05,0.00015566
8.296e-10,4.3476e-10,1.0043e-09,6.9797e-05,0.0050727
8.583e-12,0,0,5.9847e-08,0.0051333
0.0020224,5.9161e-07,1.3366e-07,4.94e-07,7.9872e-08
0.0020071,0.00011103,4.7054e-06,2.041e-07,2.1353e-08
1.0099e-06,0.0040442,0.0099457,0.00060867,3.6889e-06
0.0016172,0.0002982,0.0027538,4.1589e-05,4.6489e-07
0.0019625,3.6543e-07,1.9686e-06,8.2344e-05,8.044e-05
4.5985e-07,1.9798e-09,5.1317e-07,0.0027887,0.0027091
0.00036411,0.00050103,0.00016994,0.0045825,1.7136e-06
0.00013022,0.012492,0.0016254,1.0314e-05,2.4813e-10
0.00018573,2.1207e-05,0.0050003,0.0031315,0.00031685
6.6813e-05,3.0905e-05,0.0010483,0.0053107,7.0383e-08
0.001975,0.00034152,1.1441e-05,9.3648e-07,1.9979e-10
0.0016381,5.0796e-05,0.0019511,0.00037209,4.4912e-06
1.4814e-05,7.7115e-05,0.013277,0.00089231,1.0059e-07
0.0020181,0,1.8503e-11,1.4755e-09,1.1803e-05
5.1198e-06,0.00019873,0.0019732,0.0050806,8.9109e-08
4.8966e-05,0.010598,0.0015328,0.001027,6.7495e-08
0.0012449,1.4546e-09,7.215e-08,2.6203e-05,0.0019513
0,0,0,0,0
0.0014332,0,0,0.0017219,0
0.0019742,0.00015371,6.6585e-05,5.6536e-05,1.0062e-07
0.0018124,0,3.6444e-12,3.8248e-09,0.0005339
0.0020213,0,1.0793e-08,6.456e-09,3.6751e-06
6.2274e-06,5.1844e-06,4.2991e-05,0.0057382,0.00011625
6.5144e-05,0,1.4298e-08,6.8097e-05,0.0049088
3.7227e-08,7.4818e-12,5.1453e-10,1.4255e-08,0.0051332
0,0,0,0,0
0,0,0,0,0
0.00073925,0.0022638,0.0076646,5.7493e-06,7.6008e-09
9.5531e-06,3.1365e-09,4.297e-07,0.0016828,0.0036469
0.0017888,2.1808e-07,1.2726e-06,0.00017699,0.00043941
0.00028626,0.007188,0.006016,6.1573e-06,3.7973e-11
0.0020227,0,0,1.5557e-08,2.4443e-10
0.00014594,0.012947,0.00097825,2.6721e-05,3.1336e-10
0.00016438,1.1143e-06,1.8965e-06,0.00028606,0.0044666
1.0168e-05,0.014013,0.00060705,0.00014191,6.4272e-09
0.0020208,3.3225e-06,4.9899e-06,2.4967e-06,1.2471e-08
0.0019309,5.1385e-09,3.2122e-07,1.7776e-05,0.0002174
2.854e-05,0.0014427,0.01367,0.00016933,5.8609e-08
0.0020189,1.5666e-05,1.0399e-05,9.9335e-07,1.378e-07
1.9496e-09,6.8112e-13,7.419e-11,1.3849e-07,0.0051332
1.284e-07,0,3.9622e-09,1.7677e-05,0.0051177
0.0020144,0,4.394e-05,7.8974e-06,1.2185e-07
1.7076e-05,0.003092,0.0048397,0.0027596,7.0702e-05
7.7251e-05,1.5637e-08,1.5954e-05,0.0056767,0
0.0014778,3.3322e-12,5.2778e-10,5.1953e-09,0.0013829
5.7264e-07,5.1225e-09,8.845e-08,0.005897,8.2873e-06
0.0019736,0.00021678,0.0001439,4.5699e-06,4.2943e-08
0.001975,0,7.6786e-11,7.8163e-09,0.00012102
3.084e-05,1.4672e-09,8.6247e-09,1.3425e-07,0.005055
0.0018884,0.00095691,4.214e-05,3.4018e-07,3.7497e-08
0,0.010396,0.0011716,0.0010819,0.0002626
0.0020227,2.4086e-08,4.535e-09,3.4467e-08,3.5886e-08
8.5066e-08,1.6962e-12,2.4255e-12,0,0.0051331
0.00017181,0.013292,0,0.00017881,5.1773e-07
0.00055452,0,1.9297e-08,2.6428e-08,0.003726
0.0020205,1.2413e-10,2.5098e-10,8.8909e-09,5.6064e-06
0.0017439,1.4827e-05,0.000669,0.00052094,3.3512e-05
0.0020196,8.583e-07,9.5424e-06,5.1658e-06,3.3898e-09
0.0014049,2.1691e-05,0.0013895,0.0012756,2.9348e-06
0.0010255,5.8149e-05,7.3932e-06,0.0027239,0.00014183
6.3066e-05,0.01005,0.0026029,0.00080215,7.0982e-07
0.0020052,0,9.6052e-09,6.4634e-09,4.4557e-05
2.2336e-05,1.4321e-11,2.6082e-09,4.0325e-09,0.0050766
1.0783e-06,3.1239e-08,5.8022e-07,0.0022612,0.0031657
0.001979,0.0001846,5.0279e-05,1.9026e-05,1.5058e-05
1.9809e-05,0.00017483,0.0039335,0.0043139,3.1523e-06
0.0020227,0,0,2.1906e-07,0
0.00077874,0.0069096,0.002462,0,1.6455e-08
0.0013499,0,3.4771e-06,0.00049118,0.0012796
2.6128e-05,1.0237e-05,0,0.0058279,0
1.8798e-06,0.0097231,0.0046154,0.00036119,5.2636e-08
0.00068965,0.0067819,0.0032557,1.5071e-05,9.7542e-10
0.0020224,0,1.8535e-11,1.2789e-10,8.5345e-07
9.598e-05,0.010239,0.0023692,0.00069278,2.345e-05
0.00031822,0,6.7801e-08,5.087e-05,0.0042815
0.0019488,0.00053546,1.4744e-05,1.1987e-08,1.4798e-09
0.0010889,0,7.1773e-09,1.2647e-06,0.0023688
0.00077215,1.0974e-05,2.9023e-05,0.0035666,6.1811e-05
0.00022465,0.0010123,0.0012619,0.0043838,4.0005e-07
2.033e-07,0.013254,0.0016258,8.9737e-05,7.2849e-07
0,0,0,0,0
0.0019948,1.8052e-05,0.00019647,1.458e-06,2.4128e-09
0.0019939,0.00015315,6.324e-06,7.1621e-06,1.2514e-05
0.00036798,0,3.7067e-13,8.6437e-11,0.0041995
0.0014758,9.0726e-07,0.00010832,0.0011012,0.00039606
3.9629e-06,0,1.6683e-10,4.1546e-09,0.0051233
0.0020227,0,0,6.3694e-08,0
0.0012476,2.8037e-06,0.00025447,5.2857e-05,0.001838
1.8554e-06,0.0011184,0.00027567,0.003597,0.0015322
0.0016687,0.0020438,0.00046589,4.3536e-05,1.1571e-05
0.0015517,0,0,0.0011589,0.00018839
0.00074929,8.5913e-05,9.098e-05,0.0035967,4.8051e-05
0.0020227,0,0,0,0
0.0020227,0,0,1.1803e-07,0
0.0020226,1.1397e-08,1.1753e-07,8.4608e-09,3.9387e-07
0,8.769e-07,0.001254,0.0015418,0.0033879
4.1394e-07,0,6.711e-08,2.0939e-06,0.0051304
0.0020218,5.8494e-07,8.5132e-07,1.5317e-06,6.783e-07
0.0020227,7.2984e-09,1.9257e-10,6.3774e-09,1.7798e-08
0.0020227,0,0,1.8243e-08,0
0.0007676,0.0024467,0.001804,0.0020322,1.9569e-07
0.0020221,3.3106e-06,1.2206e-06,8.8542e-08,4.1677e-08
0.0016324,0,6.531e-09,2.495e-07,0.00099044
0.0020042,5.7567e-07,0.00010415,8.246e-06,5.9676e-06
4.363e-05,0.0146,6.266e-05,1.625e-05,3.2734e-08
1.0308e-08,3.345e-06,9.0801e-05,0.0045359,0.0011618
0.0019864,6.6928e-06,2.8759e-05,8.071e-05,1.0568e-05
0.00012564,0.0017087,0,0.0017438,0.0027156
3.5652e-10,1.0734e-10,2.254e-10,8.6272e-07,0.0051326
0.0020227,5.6215e-11,4.1567e-11,8.0034e-10,9.8669e-09
1.3899e-05,1.2383e-06,3.8481e-06,0.0057023,0.00014198
4.8607e-07,8.8249e-14,7.7243e-11,2.7313e-09,0.0051321
4.5904e-06,0.00029393,0.015522,1.5627e-06,1.4484e-09
2.2203e-05,0,7.3129e-08,2.9839e-05,0.005051
1.0395e-10,2.3326e-09,4.3163e-07,0.0051144,0.00068962
0.0016418,6.3616e-06,3.1288e-06,0.0011087,1.6105e-07
7.1512e-08,0,7.3012e-08,1.0132e-06,0.0051323
0.0019596,0.00041493,4.7115e-05,3.4906e-06,6.7469e-08
0.0010219,0.00029866,0.0022694,0.0019548,5.5101e-06
0.0018046,1.8308e-09,1.2583e-09,1.198e-08,0.00055351
2.3329e-05,9.9527e-07,1.8761e-05,0.0057393,8.1193e-05
0.0020157,0,1.7144e-05,2.8733e-07,1.2058e-05
0.00096302,3.5189e-08,6.435e-07,1.6674e-06,0.0026877
6.6964e-06,0.00026303,0.01542,4.5395e-05,1.9515e-09
7.0164e-06,0.0009828,0.014768,4.1422e-06,1.6154e-11
5.6702e-05,0.014509,8.1729e-05,6.3823e-06,3.0059e-07
0.0011408,5.1113e-09,3.1786e-07,2.2659e-06,0.0022361
0.0020227,0,2.0992e-08,4.9664e-08,4.0157e-10
3.1416e-05,2.6131e-08,5.0116e-07,0.0048048,0.0008788
0.0020145,0,1.1777e-05,1.9633e-05,1.8448e-09
4.6629e-07,4.846e-05,0.00016479,0.0058265,3.6705e-09
0.0020222,2.09e-08,2.4041e-07,1.524e-08,1.2508e-06
0.0020227,0,0,1.2733e-10,0
0.0020025,6.8032e-05,5.2174e-05,1.2937e-05,6.6501e-08
0.0011579,1.8862e-06,2.5777e-05,0.0024902,2.2316e-05
2.4878e-08,2.6161e-11,9.4217e-09,0.00020847,0.0049521
0.0018649,0.00087621,0.00030061,4.0385e-06,3.5911e-07
0.00064301,0,0,0.0040301,0
1.4322e-05,0,5.3702e-05,0.00092162,0.0042789
2.3389e-06,1.1901e-13,9.5742e-11,1.3699e-07,0.0051273
2.7149e-07,1.1617e-12,4.1818e-11,1.7265e-06,0.0051311
0.0012578,0,9.2583e-05,0.00020807,0.0017305
0.00064472,2.764e-08,1.9124e-07,2.3795e-05,0.0034764
8.1789e-06,0,4.7215e-07,3.3604e-06,0.0051095
0.0020212,4.1448e-06,7.9024e-08,1.9001e-06,8.4797e-07
0.0020225,9.8294e-08,3.0924e-08,7.6866e-07,4.5672e-09
0.00047495,1.9185e-05,4.5435e-05,0.0044891,6.4261e-06
0.0019292,6.3249e-05,5.5498e-05,0.00021451,1.1368e-05
0.0020227,0,1.0655e-08,1.2358e-09,1.553e-08
0.0011435,0.0045821,0.00051912,0.00057293,1.0535e-10
3.3682e-06,0,5.2823e-06,0.0058404,4.8702e-05
0,0,0,0,0
7.8653e-06,0.0001922,0.00011573,0.0057553,9.8433e-06
0.0019849,0.00011304,4.8251e-05,4.8064e-05,5.9716e-08
1.9993e-06,0,2.4208e-07,8.7761e-07,0.0051274
1.0629e-07,9.3169e-11,2.1728e-08,2.2842e-07,0.0051329
0.001961,2.8934e-08,1.0731e-06,1.69e-06,0.00015479
3.4879e-07,5.0753e-07,0.00022782,0.0044391,0.0012017
0.0020219,3.4458e-07,1.4209e-06,1.7773e-06,0
2.9417e-09,4.2947e-07,9.4169e-05,0.0058644,7.4545e-06
0.0020227,0,0,2.0415e-10,3.7715e-09
2.5435e-05,0.0059657,0.0073915,0.00073636,2.7757e-07
0.00074112,0.0084846,0.00017537,0.00033368,6.9681e-06
0.00023015,0.013289,0,1.0022e-05,1.798e-10
0.0011218,0.0047946,0.0019017,3.8056e-05,1.0181e-07
0.0020227,0,2.0744e-07,9.2922e-08,1.1842e-10
5.7787e-07,9.8122e-07,1.1819e-05,0.0057836,0.00010267
2.9792e-08,1.5879e-12,1.8624e-08,2.6588e-07,0.005133
0.0020227,1.5688e-10,0,3.0253e-09,0
4.9182e-08,6.8524e-07,4.3547e-07,0.0016694,0.0036824
0.0020219,0,0,2.3969e-06,0
0.00017702,0.00010693,5.5577e-05,0.0053276,6.9397e-07
1.5758e-05,0,1.5852e-10,1.3121e-08,0.0050933
1.7019e-09,0,3.1462e-06,0.0058903,1.4553e-05
0.0020019,0,3.9798e-06,0,5.158e-05
0.0015602,0.0023432,0.001138,6.1032e-06,2.1399e-09
0.0001086,3.3729e-05,2.6564e-06,0.0055758,8.5493e-07
3.7143e-05,5.6886e-06,0.00015862,0.0057385,0
0.0020101,7.6992e-05,1.4776e-05,1.1614e-06,1.4716e-08
4.2651e-08,5.6982e-09,5.8517e-06,0.0059028,2.6817e-06
0.0019249,0,9.7329e-06,4.933e-06,0.00024082
0.0020199,0,5.2777e-09,3.0012e-09,7.0643e-06
1.2823e-05,0.012342,0.0013857,0.00050144,7.7896e-08
6.5355e-05,2.277e-06,3.8642e-05,0.0052969,0.00035205
0.0004617,2.59e-05,2.9729e-05,0.0037724,0.00066549
0.0013179,0.0047649,7.0369e-06,0.00014296,3.434e-05
1.662e-06,8.9648e-08,1.4842e-06,3.0137e-06,0.005126
0.0014974,1.0256e-05,0.0013858,7.63e-05,0.00081514
0.00028539,3.3367e-08,1.9842e-07,0.0025489,0.0021944
0.0019919,0.0001735,2.9727e-05,1.0897e-05,1.4303e-09
0.0009729,0,2.9392e-06,4.9816e-06,0.002659
0.0019169,1.0793e-05,0.00049792,3.3677e-05,7.4593e-05
0.0020227,0,0,9.7953e-11,0
3.3872e-06,9.9986e-05,1.9532e-05,0.0058441,6.6314e-06
1.1578e-08,1.0899e-05,0.00010075,0.0058663,8.474e-08
0.001679,0.0021957,0.00033152,1.7105e-05,1.7213e-07
1.9747e-05,0.0049788,0.010384,2.7364e-05,2.4564e-09
0,8.9868e-06,4.2972e-05,0.00095525,0.0042864
0.0018557,0.00080404,0.00038106,2.929e-05,4.9693e-07
0.0011347,7.2723e-06,4.9511e-05,0.0024067,0.00014416
0.0019258,0.00054701,7.6416e-05,2.1861e-05,1.5375e-05
0.0018051,0.0012628,0.00026927,3.8769e-05,2.6075e-08
2.7694e-05,0.00033255,0.0069776,0.0030628,3.1794e-05
1.1681e-05,5.9471e-06,0.00068599,0.0056121,3.77e-06
0.0020227,0,4.4719e-09,2.4077e-08,6.6936e-09
4.0522e-09,3.488e-06,1.2723e-05,0.0059014,6.616e-07
0.0010664,1.6867e-05,1.5906e-05,0.001239,0.0013395
8.8985e-07,5.6794e-06,2.1194e-06,0.0059012,1.1928e-06
0.0020227,0,2.9142e-10,3.1521e-11,6.6968e-12
0.0020121,1.2827e-05,3.5956e-06,2.3794e-05,7.9456e-07
0.0020081,0,1.8729e-10,2.3608e-08,3.7231e-05
8.0484e-06,0.00030359,0.00018955,0.0055678,0.00011036
0.0020107,0,0,3.5025e-05,1.714e-07
0.00071616,0.0091862,0.00054327,1.7792e-06,0
0.0019727,3.9344e-08,1.91e-06,0.00014121,3.7074e-06
0.0020226,0,0,2.7586e-07,0
0.0018253,6.9518e-05,0.00031444,0.00043096,1.2756e-06
0.0020182,9.8787e-06,2.3449e-05,7.3433e-07,1.3933e-10
0.00012608,1.1502e-05,1.7756e-05,2.7888e-05,0.0047795
0.0020218,0,1.4577e-10,0,2.4622e-06
0.0020227,0,0,1.432e-10,0
0.0020227,0,2.8277e-08,4.5297e-08,1.1395e-09
0.0020225,0,1.3866e-06,9.474e-08,2.0934e-08
0.0020205,0,0,6.4065e-06,0
0.00010703,0,0,8.728e-07,0.004861
1.7372e-06,0,0,5.9774e-09,0.0051289
0.0020227,0,0,1.807e-08,0
0.0020206,0,0,6.373e-06,0
3.7858e-07,1.1257e-06,2.4645e-05,0.0058511,4.029e-05
4.1632e-05,1.0445e-12,2.2277e-10,0,0.0050277
9.3311e-07,0.010028,0.0051499,4.5114e-05,1.6384e-11
0.0014889,0,2.8091e-07,2.7321e-06,0.0013524
3.2213e-05,2.8708e-06,7.1575e-06,0.002157,0.0031742
9.2876e-05,0,0,0.005637,0
0.00044653,3.071e-08,9.9953e-07,4.1169e-07,0.0039994
0.0020227,0,0,3.8423e-08,4.6354e-08
0.00019443,0.0012412,0.00022737,0.0038281,0.00081631
0.0018715,0,3.4349e-08,3.4261e-08,0.00038365
0.0020224,2.1148e-06,0,2.1632e-09,0
0.00027109,0.0014178,0.0046187,0.0028341,4.8558e-06
6.1478e-06,0,0.00054461,0.0056874,1.5339e-07
3.0809e-05,7.7679e-10,3.6522e-06,5.9353e-05,0.0050024
0.0020227,0,5.7564e-11,2.8448e-09,1.73e-08
4.0012e-06,0.0089483,0.0061098,0.00010196,1.331e-06
0,0.0047127,0.010235,0.00024511,1.9444e-09
3.0165e-06,1.9547e-12,4.6755e-12,1.1806e-08,0.0051257
0,0,0,0,0.0051333
0.00090799,0,1.3854e-06,0.0010368,0.0019278
1.5923e-07,1.0585e-11,3.2191e-11,4.8612e-05,0.0050907
0.0020226,0,0,5.1825e-09,3.3029e-07
0.0001402,0.00015648,0.011909,0.0010042,9.3227e-08
0.0019294,2.1578e-07,1.0969e-06,6.3015e-06,0.00023094
2.6895e-06,0,2.41e-08,9.9962e-08,0.0051264
0.0019702,0.00023454,3.4085e-05,3.9598e-05,7.8649e-06
0.00063171,0.0028153,0.0072728,0.00024866,1.9829e-07
7.7995e-07,0.00070756,0.010215,0.0018241,1.1582e-06
0.0020213,0,3.1572e-08,9.3105e-08,3.5397e-06
0.0019931,0.00021901,0,4.1215e-07,1.0278e-08
0.0020151,1.5743e-11,2.2831e-09,4.6924e-11,1.9477e-05
0,0.0019204,0.013844,0,0
0.0020153,0,5.523e-08,3.8912e-10,1.8871e-05
5.14e-06,0,0.00015545,3.4742e-05,0.0050398
0.0017966,0.0016707,8.5552e-06,2.8618e-07,5.2731e-09
0.00021925,3.2018e-07,8.2809e-08,1.847e-05,0.0045607
0.00079816,0.0038615,0.0036286,0.00066853,3.4046e-05
0.0020227,0,0,5.2464e-11,8.4452e-09
0.0020216,0,0,3.3925e-06,0
1.114e-06,0.0061961,0.0068792,0.00090782,0
0.0014673,0,7.4845e-05,0.0015682,2.2829e-05
0.001993,0.00017444,4.3232e-05,2.1237e-06,1.4112e-07
3.122e-07,0,0,1.3034e-11,0.0051325
0.0010662,3.3289e-08,3.1426e-08,5.2936e-09,0.0024275
0.0020134,3.7251e-08,2.4785e-08,2.2281e-09,2.3682e-05
0.0017968,9.0055e-05,3.5538e-05,0.00061129,9.8315e-10
0.0019359,3.775e-09,1.2666e-07,6.5922e-06,0.00021465
0.0019469,5.7004e-09,3.85e-08,9.2244e-07,0.00019154
0.0020227,0,0,3.2026e-09,0
0.0019282,0,0,0.00027621,0
0.0020031,1.358e-06,1.3043e-06,4.761e-05,7.5457e-06
2.9333e-05,0.00025065,0.00016199,0.0056612,2.1837e-06
0.00017303,5.2673e-12,2.7098e-12,4.594e-09,0.0046942
0.001991,0.00020297,1.096e-05,8.8384e-06,2.1254e-08
2.4508e-05,8.028e-07,3.8168e-05,0.00018242,0.0049
8.0132e-06,0.00034234,0.0035799,0.0044176,5.5983e-08
1.6548e-08,2.0079e-06,4.6919e-06,0.0058994,5.3976e-06
8.7239e-08,0,2.0306e-08,7.6311e-06,0.0051265
5.2212e-05,0,1.0435e-07,0.00013494,0.0048836
7.3229e-08,2.044e-07,1.4362e-05,0.0058496,4.6028e-05
0.0015553,0.00046828,0.00043653,0.00030139,0.00062327
0.0011059,0,1.3565e-10,6.2701e-07,0.0023263
0.0020227,0,0,1.0131e-12,0
0.0018053,3.0866e-05,0.0013194,0.00012856,2.8007e-06
0.0020148,0,0,2.3311e-05,0
0.00025746,0.0017911,0.01115,0.00030109,5.155e-07
9.8524e-06,3.1285e-07,5.6615e-06,0.0015329,0.0037746
0.0020224,0,0,9.9631e-07,0
0.0013143,0.0043629,0.00054478,0.00014897,1.5002e-06
2.5225e-07,1.4586e-06,3.6926e-06,0.0058924,1.1432e-05
5.3225e-05,0,3.8909e-10,3.5708e-06,0.0049952
1.9458e-06,4.6956e-05,4.1931e-05,0.0057284,0.00012175
1.5596e-05,0.0036909,0.010637,0.00043945,1.0877e-05
0.00036288,0,0.012927,2.9641e-05,5.887e-06
0.0020222,0,3.4141e-06,6.3657e-08,2.8341e-07
0.0015396,0,3.3556e-05,3.099e-06,0.0012125
0,1.0612e-05,0.012331,0.0013118,1.9738e-06
0.0020051,0,0,5.1437e-05,0
0.0020227,0,0,5.8809e-10,3.038e-08
6.5697e-07,0.0048846,7.335e-05,0.0031726,0.00068256
0.001947,1.5455e-06,6.3909e-08,0.00020748,1.1462e-05
1.0388e-06,0.011549,0.0035789,3.1431e-05,1.1561e-09
0.0020006,4.6042e-05,0.00012163,1.1348e-06,1.5382e-10
5.6927e-08,0,3.5202e-14,1.1239e-08,0.0051332
5.8734e-05,3.5905e-07,3.8623e-07,0.0056558,7.0011e-05
0.00068016,5.6238e-05,2.309e-05,0.0038904,4.2829e-07
0.0019154,0,0.00012454,0.00026187,4.5471e-06
0.0020227,0,0,1.1868e-09,0
0.0005917,0.0092007,2.3668e-05,0.0005091,3.8161e-05
0.00097917,0.00027216,5.5385e-05,0.0029086,1.0376e-05
0.0020227,0,0,1.0336e-10,0
0.00056568,0.00026015,0.0014683,0.0035487,5.0749e-05
0.0017356,0.00010088,9.5211e-05,4.715e-05,0.00062236
4.1928e-06,1.6309e-05,4.6939e-05,0.0058709,1.0529e-06
0.0016356,0,5.9986e-08,1.8407e-06,0.00098084
0.0020227,0,3.2187e-10,0,0
0.0010323,2.3977e-06,7.1442e-06,1.0831e-05,0.002501
1.6102e-05,0.004648,0.00065135,0.0037815,8.223e-06
0.0020227,0,1.3355e-09,6.2862e-09,3.6052e-09
0.0018028,0.0015977,3.7801e-05,1.2491e-08,5.8413e-10
0.0005423,0.0030117,0.0050345,0.001255,9.4965e-06
0.0020227,0,0,1.8731e-08,0
0.0019427,0,8.4605e-07,1.2203e-06,0.00020175
2.6401e-09,1.735e-07,3.0631e-06,0.0058741,2.8632e-05
0,1.3894e-06,0.00019688,0.0057411,8.1098e-05
4.3376e-08,0.0077897,0.0043589,0.0012224,1.1656e-09
0.0020154,0,2.6202e-08,2.2313e-06,1.6626e-05
5.6187e-07,0.014428,0.0006193,2.5264e-06,3.8044e-10
0.0020227,0,2.8705e-09,3.7426e-11,3.0154e-11
5.3484e-05,5.0939e-10,2.6076e-08,2.7286e-08,0.0049976
0.0020225,0,6.3669e-11,2.8861e-09,6.3598e-07
3.3921e-05,8.1389e-06,7.3557e-06,0.00040458,0.0046906
0.0020221,0,2.3899e-08,3.2928e-09,1.5166e-06
0.0016979,0.00066232,6.6842e-05,0.0006616,1.632e-06
8.1929e-05,1.0324e-08,1.2473e-07,0.0020729,0.0031243
0,0.0039927,0,0.0043363,1.5776e-06
0.0019971,8.3936e-05,5.2474e-05,2.1882e-05,3.6345e-07
3.2743e-08,0,5.1345e-10,0,0.0051333
0.0019825,2.0855e-10,4.9762e-10,3.6202e-09,0.00010219
0.0015803,0,2.0901e-06,2.2469e-06,0.0011202
0.0010494,0.0010023,0.00014852,0.0016173,0.00067432
0.0019933,7.8003e-05,7.2099e-05,2.5566e-05,2.4233e-06
0.00026957,4.8422e-08,3.8848e-06,0.00019139,0.0042817
0,0,0,0,0
2.1103e-05,0.0039652,0.0099609,0,0.0005036
8.715e-10,4.8466e-06,8.6027e-05,0.0058439,2.6452e-05
0.0015899,3.3266e-05,7.7502e-05,0.00099395,0.00019855
0.0020227,1.6909e-09,3.2312e-10,6.216e-09,1.7063e-07
0.00072299,0.00014903,0.00050002,0.003549,2.4073e-06
0.0019732,2.7064e-07,4.2085e-07,2.6482e-06,0.00012329
8.129e-09,0.0015496,0.014232,1.3933e-06,3.9577e-13
3.9947e-08,4.155e-11,1.1402e-08,1.321e-05,0.0051218
0.0020227,5.0662e-07,3.8496e-09,4.3633e-10,1.0555e-10
0.0020226,0,2.408e-07,1.9005e-07,2.884e-08
2.9459e-06,0,1.2792e-08,1.2442e-07,0.0051257
0.0014691,0,0,0.0016036,1.165e-05
0.0020227,0,0,1.3773e-08,0
1.0312e-08,4.6528e-14,1.4786e-12,4.6268e-07,0.0051329
0.00088534,1.4878e-13,2.7593e-11,3.9196e-08,0.0028865
0.0020227,0,0,9.723e-10,0
5.5147e-06,5.5862e-11,2.2727e-07,7.5523e-06,0.0051127
0,0,0,2.3482e-05,0.0051129
0,3.2458e-08,1.1514e-08,8.4213e-08,0.0051333
3.8712e-07,1.8514e-05,1.5194e-05,0.0050184,0.00076095
1.2336e-06,3.7381e-05,8.1017e-05,0.005859,7.0553e-07
0.0020186,9.6869e-06,2.239e-05,0,0
5.3224e-07,4.0248e-09,2.1065e-09,2.3358e-07,0.0051318
0.00050468,0,6.9046e-08,2.4797e-06,0.0038504
0.00063885,0.010074,8.1797e-06,7.7306e-05,4.3643e-07
1.3319e-07,0.01497,5.5952e-05,1.0454e-07,0
1.9255e-07,0,2.1408e-12,6.4007e-10,0.0051328
0.0019978,0,0,7.2886e-05,0
0.0019685,6.3627e-06,3.9526e-06,8.9011e-06,0.00012649
0.0017795,0.001233,0.00060569,7.7536e-08,1.3032e-08
0.00010312,0,4.9984e-13,1.8789e-09,0.0048716
0.00043398,5.4351e-07,8.5313e-05,0.0019798,0.0022841
0.0020208,0,2.1616e-09,6.1267e-08,4.8966e-06
1.0534e-05,0,1.3041e-07,0.0022709,0.0031335
0.0020181,0,0,1.3403e-05,0
0.0019988,0.00017718,3.8952e-07,3.8387e-08,4.0781e-11
3.0764e-07,0.00050761,0.00055551,0.0055004,4.4792e-07
0.00081101,0.0077106,0.00013048,0.00037982,6.8492e-05
1.516e-05,3.8141e-05,7.6564e-06,0.0053175,0.00045932
7.7711e-06,5.2845e-05,0.0054799,0.0037975,2.3912e-05
0.0017175,4.7879e-05,9.4197e-05,0.00059588,0.00021
0.00017708,0,3.5212e-10,1.233e-08,0.0046839
0.0020165,0,4.5116e-05,1.385e-06,6.1574e-10
0,0,0,0,0
0.0001274,2.9771e-08,6.8177e-07,0.00027444,0.0045713
0.0019807,0.0002905,0,8.6305e-06,0
0,0.00040405,0.00051786,3.3245e-05,0.0047989
1.3559e-05,0.00088799,0.014229,0.00022313,2.3953e-10
0.0020227,0,3.935e-11,0,0
0.0010153,0,1.9236e-07,0,0.0025567
0,0,0,0.0057683,0.00012155
5.1488e-05,0.00015271,0.00015628,0.0055755,5.5713e-05
0.00039538,0.0020543,0.0047625,0.0021699,2.4893e-06
0.0020227,0,0,0,0
0.00067948,4.957e-06,0.00011128,0.0038477,2.8203e-05
0.00020038,4.4243e-06,3.947e-06,0.0014259,0.0033831
0.001989,3.7923e-11,1.0824e-11,7.9696e-10,8.5548e-05
0.00092802,0,0.0076134,0.00036364,5.8082e-10
0.00046864,0.0052205,0.00043649,0.002323,8.4306e-07
0.0019916,0.00022529,4.563e-06,6.0417e-07,4.4928e-10
0.001438,1.4468e-05,4.2095e-05,0.0016242,5.4308e-05
2.0383e-09,3.8092e-09,1.4688e-06,0.0058469,5.2817e-05
0.0020216,0,0,7.1606e-11,2.9005e-06
2.2142e-05,2.7635e-09,0,2.3791e-06,0.0050751
0.00012732,1.0798e-06,5.0761e-07,0.0038123,0.0014974
4.7011e-06,0,9.9493e-08,8.5997e-05,0.0050467
0.00035033,3.8766e-05,0.011308,0.00039718,0.00022881
0.001791,0.0015877,0.00013662,1.7021e-06,8.2673e-09
5.8938e-06,0.0084056,0.0012651,0.0020594,4.7985e-05
1.0865e-06,1.5978e-05,2.6775e-06,0.0016211,0.0037158
2.348e-06,3.2205e-06,0.0003474,0.0057681,2.3546e-06
0.0020227,0,0,1.5073e-09,0
0.00048616,9.9958e-06,2.6949e-05,0.0013004,0.0027576
0.00201,8.5868e-05,2.8714e-07,3.258e-06,1.0625e-07
7.4013e-05,9.4253e-07,1.8106e-07,0.00024119,0.0047356
0.0020217,0,3.0609e-06,1.8468e-06,1.4607e-07
6.4045e-09,2.7604e-05,0.0073705,0.0030897,5.5746e-05
0.0019861,0,0,0.0001071,0
0.0018696,7.6377e-07,1.5353e-06,0.00044013,5.4178e-06
0.0020115,2.7366e-05,1.0156e-08,2.1931e-05,5.2834e-08
4.38e-06,0.013433,0.0016211,9.5978e-06,3.055e-10
0.0019672,0.00041278,0,2.5971e-08,0
0.0019641,4.9404e-05,8.5524e-06,9.4665e-05,4.7019e-05
0.0019873,0,1.72e-11,2.019e-12,8.9891e-05
0.0020226,6.5083e-07,4.4346e-08,1.3575e-07,2.1515e-09
0.0020208,1.1372e-05,1.3248e-07,9.9807e-07,3.2639e-09
0.00034634,0,1.7396e-10,6.0924e-08,0.0042543
0.0020218,5.4923e-06,8.454e-07,2.726e-07,9.8471e-08
0.0019915,0.0002275,3.6846e-06,2.8984e-07,5.9001e-09
0.00043054,0.0099495,0.0018479,5.0218e-05,3.6371e-08
0.0018854,0,0,0.00040119,0
2.6022e-06,1.032e-05,0.00014705,0.0047966,0.00090816
1.4152e-06,4.0506e-07,1.4197e-06,0.0024593,0.0029924
2.4367e-06,7.1185e-05,1.6748e-06,0.0058724,9.2848e-08
0.001814,7.1738e-06,0.0014103,6.4465e-05,1.5168e-05
0.00014229,1.5312e-11,2.901e-11,2.3698e-08,0.0047722
0.0010899,0.0058781,0.0010252,3.1565e-05,2.9681e-09
0.001491,2.5748e-09,6.8435e-09,1.9629e-07,0.0013492
0.0006664,8.3464e-05,0.00023824,0.0028398,0.00086922
0.0020227,0,1.9036e-08,5.6216e-11,6.8125e-10
0.0019965,1.2479e-06,1.5087e-05,5.9129e-05,1.0006e-05
9.336e-05,0.013594,0.0007782,5.4002e-08,1.4535e-11
4.6696e-06,2.516e-06,0.0003385,0.0056156,0.00013211
6.3817e-05,0,1.9038e-06,1.4914e-05,0.0049578
0.0019321,9.6553e-09,5.2558e-06,2.9197e-07,0.00022794
4.853e-06,0.0032966,0.012326,9.7355e-06,4.2604e-12
0.0017608,0.0019199,1.5685e-05,4.2719e-06,1.3654e-08
0.00091109,1.4473e-08,8.6258e-09,2.7396e-08,0.0028211
2.5078e-07,0.0029945,0.010954,0.00065273,1.6079e-09
1.7248e-06,0.0070476,0.0073975,0.00037797,2.462e-07
8.2244e-05,1.613e-10,3.2781e-07,5.177e-05,0.0048795
0.0020227,1.1804e-07,5.6067e-08,1.3469e-07,9.5049e-09
0.0020224,0,5.461e-09,1.2895e-09,8.8698e-07
0.0019212,3.2092e-05,7.1516e-05,0.00014751,9.5324e-05
0.0020224,0,2.3294e-06,0,0
0.0019137,0.00029991,0.00051285,9.7277e-06,2.7888e-09
0.00058356,2.2462e-06,1.1291e-05,0.0041449,4.664e-05
2.3401e-09,0,4.5365e-08,4.1611e-05,0.0050972
1.3877e-05,0,4.9684e-07,1.1444e-05,0.005088
0.0018582,0.0011129,0.00010925,2.1107e-06,5.2413e-08
0.001564,0,1.3654e-05,1.3367e-05,0.0011481
1.4527e-08,0,1.3956e-05,0.0059018,1.0168e-06
0.0020227,0,0,0,0
0.0017743,0,3.1237e-10,1.6084e-08,0.00063043
0.002008,0,0,4.2905e-05,0
0.0020227,0,0,2.9847e-11,0
3.0477e-08,0.0011141,0.014573,4.5673e-05,4.0366e-10
6.6604e-08,0.00047897,0.014353,0.00037505,1.9294e-06
0.0011577,0.0048206,0.0016458,1.8352e-05,9.3489e-08
0.0020227,0,0,1.9159e-07,0
0.0020199,9.6488e-06,1.4684e-06,3.741e-06,7.2611e-08
4.42e-05,0.01153,0.0018471,0.0005564,9.9897e-07
0.0013447,0.00011758,3.2386e-05,0.001906,1.3978e-05
0.0018757,0,2.762e-05,0.00037239,4.071e-05
0.0012526,0.0056506,6.8311e-05,2.1728e-06,7.9772e-12
1.0331e-09,5.2725e-07,0.00047888,0.0057296,1.1677e-07
9.0759e-09,3.8522e-05,0.00060748,0.0056588,7.0387e-06
0.0018301,0,0.0014675,5.0862e-06,9.9431e-06
6.9049e-06,2.1872e-05,6.9854e-05,0.0058525,8.3639e-07
1.8466e-05,4.8036e-08,2.0474e-08,3.5181e-07,0.0050861
0.0014664,0,0.0042001,6.1751e-05,1.6468e-09
7.5971e-05,1.9603e-05,0.0010831,0.0030018,0.0019755
1.075e-06,0.012956,0.0021716,1.8764e-06,7.2412e-09
0.0020218,0,1.111e-12,5.17e-11,2.4337e-06
1.002e-07,0,5.6296e-11,1.4192e-07,0.005133
0,1.0637e-13,2.1454e-13,1.0734e-08,0.0051333
0.0020214,0,0,3.8775e-06,0
1.8321e-05,0,0.00011325,0.00017026,0.0049023
3.6593e-08,0.00064246,0.0069275,0.0030769,2.1137e-08
0.0020227,0,0,1.0597e-07,0
0.0020227,0,0,4.7714e-10,0
1.3084e-07,0,1.0871e-12,2.2797e-09,0.005133
0.002017,2.9573e-05,7.3889e-06,2.3441e-06,1.2161e-07
0.00019842,7.096e-06,0.0004239,2.3101e-05,0.0044702
5.9749e-05,2.0875e-06,2.6519e-05,0.004429,0.0011243
0,0.0060399,0.0013901,0.0030157,0
1.4957e-07,2.4333e-08,4.758e-07,0.0058274,6.9685e-05
0.0018883,0.00028467,1.1704e-05,0.0001989,6.7413e-05
0.00035259,0.012328,8.1945e-05,1.2698e-07,1.3014e-08
0.0013084,0,0,1.2883e-05,0.0018016
1.018e-06,0,1.138e-09,5.1815e-06,0.0051263
0.0019389,0,0.00065752,0,0
0.0015652,0,0,0.0013364,0
0.00072718,7.737e-06,0.010073,1.9655e-05,1.0474e-05
3.1311e-06,0.0079991,0.00018966,0.0026829,2.5272e-08
0.002006,0,0,4.8969e-05,0
0.0019196,0,0.00080482,1.3946e-06,1.8769e-07
9.2673e-08,1.4883e-08,1.0745e-08,1.8228e-05,0.0051173
0.0018523,0,0,0.00049782,0
5.5837e-10,3.1935e-07,2.1663e-05,0.0058973,2.3831e-06
2.1094e-06,0,5.0355e-12,2.6995e-09,0.005128
3.7373e-05,4.4588e-06,0.001639,0.0049502,0.00020595
0.00011866,0.0019875,0.010731,0.00078276,2.6687e-06
4.6732e-08,4.6801e-07,3.9835e-06,0.0059037,2.3652e-06
0.0020225,0,0,1.2431e-08,6.6117e-07
0.0020162,0,2.3418e-09,1.5478e-08,1.6444e-05
0.00071687,0,2.616e-06,2.5263e-06,0.003311
0.002016,3.2216e-06,1.3556e-06,1.7851e-05,4.7694e-08
0.0014737,0,5.7964e-06,8.1051e-05,0.001321
0.0020165,0,4.312e-05,2.0938e-06,1.6011e-07
0,0,5.2474e-08,3.0137e-06,0.0051307
0.0020227,0,3.7655e-08,5.0083e-10,1.3173e-13
2.1209e-05,1.6676e-10,6.7783e-09,1.0691e-05,0.0050702
0.00096966,0.00017973,0.00021434,0.0024708,0.00039508
9.9671e-06,0,3.8785e-09,1.0283e-07,0.005108
1.2087e-07,0.00017435,0.00037783,0.00038024,0.0046209
0.0019941,0,0,3.6313e-08,7.2543e-05
1.0044e-06,0.00028576,0.013627,0.00072059,8.5721e-08
0.0019463,0.00046705,3.3962e-05,2.6159e-05,6.1573e-07
4.9526e-05,0,4.3333e-05,0.0015132,0.0036789
0.0020227,0,3.1925e-09,4.0361e-09,1.7651e-07
0.0020173,0,0,1.5948e-05,0
9.5281e-07,0,4.9505e-09,1.2321e-05,0.0051202
0.00023697,1.2661e-07,3.6568e-06,0.00025017,0.0043134
0.0020226,0,0,3.5563e-07,0
7.9175e-05,4.4158e-05,0.0019485,0.0048836,4.4109e-05
0.0017787,0,4.4518e-06,0,0.00061792
0.0019357,0.00010725,0.00047001,3.5317e-05,1.5185e-06
0.0020227,0,0,4.057e-13,0
9.9749e-11,0,1.3744e-11,9.7739e-07,0.0051325
8.9293e-08,2.4132e-13,7.4561e-14,8.884e-08,0.005133
0.00016067,0.00015936,6.8077e-05,0.0053504,4.4879e-07
0.0019724,0,3.8512e-09,1.568e-08,0.00012775
0.0020218,0,4.0309e-08,2.6854e-06,1.1323e-09
0.0020079,0,0.00010166,0,4.7277e-06
0.0020227,0,9.0349e-10,4.6153e-11,1.7579e-08
0.0017008,9.7466e-05,0.00022317,0.00077854,3.521e-05
0.0020227,4.2413e-08,6.8237e-09,1.9562e-07,1.2362e-09
0.00091175,0.0016682,0.0041564,0.0010326,8.1812e-06
0.00090381,2.8635e-06,1.9677e-06,0.0013405,0.0016733
0.00090397,9.0081e-09,1.1969e-07,2.8778e-05,0.0028142
5.0316e-06,8.832e-13,7.0551e-12,3.4965e-08,0.0051205
0.0020227,0,0,9.9519e-08,0
0.0019594,0,0,0.00018504,7.0365e-11
0.0019458,2.1448e-06,0.00055848,0,1.3947e-05
0.0010984,0,5.5429e-10,1.9009e-07,0.0023457
0.0020223,1.9304e-07,4.5643e-08,1.119e-06,7.1961e-10
6.3345e-07,1.0424e-05,1.8893e-05,0.0032614,0.0022884
1.3405e-05,5.4762e-13,1.1314e-11,2.5805e-09,0.0050993
0.0020209,3.7789e-08,3.7122e-07,1.8982e-08,4.3998e-06
0.0020211,3.8109e-06,3.8032e-06,1.5657e-06,1.6255e-07
1.008e-06,8.8023e-09,3.6297e-08,0.0019197,0.0034629
0.0020227,0,0,0,0
0.0019764,0.00032411,1.8099e-05,1.0576e-06,5.5794e-08
0.00071048,1.0589e-05,1.2457e-05,0.0026722,0.0010009
0.0020227,0,0,0,0
0,0,0,0,0
0.001986,2.4593e-05,5.2958e-05,7.3762e-05,3.6581e-06
2.711e-07,8.7455e-12,0,1.49e-07,0.0051325
0.00042575,0,8.1232e-08,1.5736e-06,0.0040515
0.0005527,1.047e-08,4.1599e-09,3.8441e-08,0.0037306
0.0020222,0,0,1.5457e-06,0
0.0016586,0,0,0.0010073,4.9062e-05
0.0020213,2.0584e-06,1.6983e-06,5.1245e-07,1.9902e-06
0.0020183,0,3.6162e-06,1.1463e-05,3.9217e-09
0.00066497,6.3641e-08,1.7154e-08,0.00047925,0.0030293
7.4211e-05,4.9344e-07,3.7254e-06,0.0049774,0.00061906
1.9469e-05,0.00085867,0.014524,0.00010738,6.3864e-10
1.9758e-06,0.0065676,0.0088793,1.4749e-05,4.981e-13
8.7288e-08,6.0758e-08,5.3461e-07,2.4063e-05,0.005112
0.0020227,0,0,1.6075e-11,0
4.8404e-10,6.6026e-09,4.9488e-07,0.0042315,0.0014567
0.0017914,0.00010717,0.0015421,5.666e-05,2.4111e-06
0,0,0.0096054,0.0023089,2.0848e-05
8.4903e-09,2.6831e-08,6.5048e-07,0.0044833,0.0012378
0.002021,2.6404e-09,2.1126e-06,1.1391e-06,2.6975e-06
0.00046729,1.988e-12,3.5322e-12,6.3837e-09,0.0039474
0.0020227,0,0,8.1631e-10,0
6.3204e-05,0.0003479,0.0030402,0.0044518,2.9242e-06
0.0020224,8.9534e-07,0,5.5777e-07,0
0.0017458,9.7687e-05,7.0065e-05,0.00074273,1.5e-06
0.0020227,0,0,2.529e-08,0
7.8619e-05,1.356e-08,9.6992e-07,2.1134e-05,0.0049151
0.0020144,4.2806e-10,1.4453e-09,3.2732e-08,2.123e-05
0.0019881,0,1.0782e-08,4.2066e-08,8.7926e-05
0.0020054,1.9281e-07,1.5313e-06,1.1835e-05,3.3077e-05
0.0017913,0.00084768,0.00088748,1.2456e-05,7.956e-10
4.4004e-06,0.006735,0.0053848,0.0012423,2.3461e-07
1.5465e-07,3.6218e-06,5.0615e-05,0.0012721,0.0040101
0.0020226,0,0,4.8639e-07,0
0.0020223,0,2.813e-10,3.9013e-09,1.1308e-06
0.0015235,0,0.00081952,0.0010941,5.1321e-05
5.5881e-07,0.0070285,0.0071782,0.00047072,6.0932e-08
8.1265e-09,3.9383e-10,3.2643e-10,9.3506e-06,0.0051252
0.00014883,0.00021709,0.0042242,0.0038075,7.1829e-06
0.0010497,0.00010966,0.0016977,0.0016697,0.00043215
0.0019902,0,0.00011292,1.4314e-06,4.4854e-05
0.002021,8.3981e-06,1.2064e-06,0,1.2545e-06
1.0111e-05,1.185e-09,3.7423e-07,5.526e-05,0.0050595
3.9057e-08,0.00014163,0.00028656,0.0057451,5.8731e-07
0.0020125,5.2143e-06,1.8201e-07,8.5467e-06,1.6601e-05
0.0015232,0,4.194e-08,3.4707e-06,0.0012646
4.2906e-06,4.6021e-06,0.0064014,0.0035095,1.3966e-06
0.002022,5.5439e-08,3.7086e-07,2.0936e-06,0
2.9082e-06,0.0013431,0.002939,0.0042769,6.5749e-07
0.00061892,0,9.2593e-07,2.1268e-06,0.0035605
0.0017336,0.0011918,1.9677e-06,0,0.00032584
0.00014052,0.0034594,0.007863,0.0012106,1.5795e-08
0.0020227,0,0,0,0
0.00030849,0.0037164,0.0060487,0.0012943,0
0.0020212,0,8.3391e-09,1.1229e-08,3.983e-06
0.0018844,0,0.00099705,3.0593e-05,1.9725e-06
0.0018452,1.1064e-05,7.7384e-06,0.00014125,0.00032159
0.0010525,0,5.1914e-13,5.7358e-11,0.0024623
1.6592e-06,0,5.806e-08,2.0763e-05,0.0051111
0.0017467,5.7316e-07,3.5512e-06,0.00079141,1.151e-05
0.0011026,0.0066778,0.00016559,7.7366e-08,3.5784e-09
4.2645e-06,0.0011226,0.013224,0.00053151,5.005e-07
0.00048587,0,4.1685e-10,4.1674e-08,0.0039003
0.0016664,0.0015289,3.0408e-06,0.00042021,1.5823e-05
0.002017,4.2565e-05,0,0,0
0.00017522,1.3082e-07,1.7513e-07,7.6843e-08,0.0046885
0.0016732,0,5.1009e-07,7.4597e-07,0.00088622
6.8809e-06,2.2382e-06,3.3487e-05,0.0058699,4.265e-06
1.7867e-06,4.5537e-07,7.3425e-06,0.0013264,0.0039738
1.8897e-05,0.014701,8.8291e-05,3.8979e-05,4.9337e-09
0.0020226,2.7955e-07,2.9793e-07,1.1703e-07,1.1889e-07
0.002022,4.4023e-06,9.8892e-08,2.5159e-07,2.5998e-10
0.00085623,8.3733e-05,2.0393e-05,0.0025191,0.0007365
0.00022607,0,0,0.0051711,6.6754e-05
7.6952e-06,5.643e-05,0.0015005,0.0053039,1.0452e-06
0.0016821,2.3179e-06,8.6381e-06,0.00051898,0.00040991
0.0020227,0,0,7.1369e-10,0
0.00014802,3.9436e-07,3.0593e-08,1.6661e-07,0.0047574
0.0020227,0,0,1.3155e-07,0
0.0001319,0.00014775,4.045e-05,0.0040946,0.0011775
2.1177e-05,1.1922e-05,0,0.00055094,0.0045968
0.0015338,0,1.8873e-09,3.1725e-11,0.0012407
0.0020223,0,3.8564e-07,1.0109e-06,2.7218e-09
0.0014426,0,0,0.0016945,0
0,0.0002072,0.00082507,0.0055192,3.8207e-07
0.0020227,0,0,3.1081e-08,2.9218e-08
0.0020212,9.0988e-09,1.4593e-08,8.4618e-07,3.2061e-06
0.0020226,4.171e-07,7.0434e-09,7.6982e-08,7.4184e-08
0.0018514,0,6.5397e-05,0.0004267,4.2877e-05
0,0,1.0737e-05,0.0058675,3.196e-05
0.00022766,2.4014e-05,1.1033e-06,6.541e-05,0.0044902
0.0014186,0.0038746,0.00064563,6.8444e-07,1.6248e-10
0.00050407,2.4734e-07,1.1426e-08,4.8254e-05,0.0038121
0.0019257,0,7.2239e-05,0.00025609,4.1992e-07
0,0,0,0,0
0.00054284,0,0,0.0043227,0
0.001942,0,0,0.00023579,0
2.9377e-09,8.6445e-12,1.7934e-10,3.8177e-06,0.00513
3.1229e-07,1.9948e-06,0.013666,0.00080972,8.6086e-06
0.0017547,0,3.0314e-08,1.1173e-07,0.00068019
0,0,0.0015577,6.4748e-06,0.004624
0.0020125,1.1434e-08,5.1314e-08,2.9424e-07,2.5612e-05
6.7285e-06,3.1653e-09,1.9218e-08,9.8554e-06,0.0051077
1.7819e-05,0.014293,0.00062554,2.6493e-06,9.6925e-12
0.00024719,0,0.013914,6.927e-06,1.8436e-14
1.6496e-06,1.8671e-07,8.221e-08,0.00021872,0.004939
6.0741e-08,1.2971e-07,2.263e-05,0.00080903,0.0044229
0.0018288,4.6484e-06,8.6553e-06,3.7119e-05,0.00045553
0.0015744,0,0,0.0012903,1.666e-05
0.0020211,3.5981e-07,1.3147e-07,4.5075e-06,2.066e-08
0.0020227,0,0,0,0
0.00051876,0,0,0,0.0038168
0.0020227,0,0,0,0
8.473e-05,0.0045545,0.0053836,0.0018656,1.6444e-07
0,0,0,0,0
4.0663e-07,5.0375e-08,4.9974e-06,0.0043751,0.0013294
0.00011214,0.01401,0.00016303,1.081e-05,6.1114e-09
7.7908e-07,2.7983e-06,0.00010732,0.005222,0.00055859
0.0020221,0,3.6812e-09,3.9448e-07,1.1601e-06
0.00092299,0,2.2058e-06,1.86e-05,0.0027741
3.7024e-05,1.4829e-05,2.8454e-05,0.0054864,0.00025825
0.00084137,0,0.0052527,0,0.0012993
1.8343e-07,2.9528e-07,2.0463e-06,0.0059068,0
0.0020227,0,7.8395e-09,4.075e-11,1.9258e-10
1.2774e-05,0.0023209,0.013314,2.4603e-06,3.5151e-12
0.0010409,0.0050294,0,0.00089017,0
0.0020227,0,0,4.053e-11,9.632e-09
0.0018541,0.0003738,0.00033379,0.00019884,1.951e-05
3.7672e-06,0,6.2808e-08,2.1393e-05,0.0051052
0.0020227,4.5881e-09,3.0028e-11,8.4861e-08,9.1096e-08
2.6568e-05,0.013154,0.0017669,1.6559e-07,1.4516e-09
0.0020021,0.00010773,1.6765e-05,5.4589e-06,5.4599e-06
0.0013221,2.029e-08,1.9582e-09,2.0615e-06,0.0017762
0.0020109,0,9.1972e-05,4.033e-07,2.5399e-11
2.0763e-05,1.7824e-05,0.00023825,0.00575,1.6157e-06
4.4256e-06,0.0026327,0.0014264,0.0043288,2.1254e-07
0,0,0,1.2662e-06,0.0051322
0,0,0,1.2807e-05,0.0051222
0.0015373,0,5.8076e-05,0.0013948,1.3234e-06
0.0019359,4.3061e-06,1.1249e-07,0.00023156,1.7565e-05
4.294e-08,2.0313e-06,1.5732e-06,0.0023684,0.0030742
0.0020193,2.2527e-07,4.2258e-07,9.5167e-06,2.7438e-07
0.0008639,0.00043615,0.00024914,0.001793,0.0011534
0.0012879,0,2.8837e-10,5.9756e-11,0.0018649
0.00020869,3.886e-07,2.2647e-06,0.0052325,5.6639e-05
0.0020195,0,0,9.3231e-06,0
0.0020169,0,3.0535e-10,1.6631e-08,1.4819e-05
0.0020213,0,3.277e-09,1.0748e-07,3.5525e-06
9.4602e-09,1.3672e-13,5.7252e-12,1.6464e-10,0.0051333
0.0020213,1.0684e-05,0,0,0
4.5537e-07,0,1.7492e-09,2.2037e-06,0.0051303
6.3369e-05,2.7153e-05,0.00016907,0.0032311,0.0021012
3.4888e-06,2.3981e-06,0.00028996,0.0057885,5.5626e-07
0,0,0,0,0
0.0020075,0.0001043,7.9782e-06,5.3668e-07,3.6594e-10
6.2543e-06,0.0016829,0.0093325,0.0017521,2.0221e-06
0.0020227,0,0,1.0212e-07,0
2.8235e-06,8.993e-05,0.00095516,0.0052932,0.00018761
2.8715e-05,0.014492,9.2237e-06,0.00012206,8.9679e-10
0.00014773,0,0,2.3437e-09,0.0047584
6.2919e-05,0,1.2931e-07,7.7047e-06,0.0049669
0.0020163,0,1.5104e-11,2.1703e-09,1.6316e-05
1.433e-07,0.011267,0.003863,3.9112e-05,3.9906e-10
0.0020175,4.2595e-06,2.3786e-07,1.338e-05,0
0.0008766,4.329e-09,6.5857e-06,1.5072e-05,0.0028935
0.0013389,0.0050084,6.9941e-05,1.9874e-06,1.5318e-10
0.0020222,3.5235e-06,5.8136e-07,1.4583e-09,3.6347e-08
0.0020006,0,1.6132e-05,0,5.093e-05
0,0.00012604,0.0040375,0.0043549,7.8445e-07
7.941e-06,4.8871e-06,0.00010204,0.0058406,3.9868e-06
0.0020226,3.061e-07,4.61e-07,5.4258e-10,6.5231e-11
0.00010762,0.012972,0.0013196,1.7173e-06,3.5921e-10
0.0011793,0,0,0.0024636,0
0.0020227,0,0,1.1374e-07,0
5.2453e-07,0,2.5601e-11,5.6054e-10,0.005132
2.9949e-05,4.7837e-05,1.6163e-05,0.0048021,0.00086345
0.0020227,0,0,7.8974e-09,0
0,0,0,0,0
1.7622e-06,0.0037408,0.011847,2.2243e-05,6.2107e-14
0.0018427,0.00080881,8.814e-05,0.00017487,5.3288e-08
0.00053642,0.010879,0.00013073,1.468e-05,2.6312e-09
0.0015847,0,2.7665e-06,2.8978e-05,0.0010857
0,0,0,0,0
9.4691e-06,1.2096e-06,1.2859e-05,0.0014217,0.0038695
0.0019066,9.0007e-05,1.0139e-05,0.00030011,1.6791e-08
0.0001141,0.012124,0.0021385,1.1388e-05,2.1026e-11
3.3407e-06,0,2.1942e-06,0.00056085,0.0046369
0.0020227,0,0,2.1102e-09,0
0.0019545,0.00021296,0.00030362,2.0653e-06,4.5456e-07
0,0.0012835,0.0047091,6.0336e-05,0.0031194
0.0012645,6.6035e-06,3.0129e-05,0.00061412,0.0013787
0.00043442,4.2062e-11,2.6105e-10,3.1822e-08,0.0040308
4.8165e-09,0.0001019,0.015515,9.3217e-05,2.9439e-13
0.0004513,0.00011743,0.012207,0,0
0.0020227,0,0,1.9195e-08,0
0.0018506,0,0.00066125,0.00018409,6.3115e-05
0.0020227,5.148e-13,0,1.5883e-08,0
0.0020227,0,0,0,0
3.8972e-06,6.1683e-07,1.6233e-05,0.005761,0.00011256
0.0019441,1.7179e-10,1.2195e-10,7.3188e-06,0.00019308
0,0.00023649,3.5335e-05,0.0057952,6.0209e-06
6.6085e-07,0,1.0316e-06,1.7225e-05,0.0051164
0.00024875,0.0058577,0.00015431,0.0016079,0.0010537
0.0016292,0,0,0.0011494,0
0.001809,0,0,0,0.00054244
3.1486e-07,0.0067156,0.00018046,0.0031972,1.7729e-06
0.0012353,1.0555e-05,0.0052081,0.00012843,0.00019889
0.0019483,0,0,0.00021732,0
0.0017438,5.8447e-08,5.5425e-08,9.0116e-05,0.00062964
1.2808e-06,4.4915e-06,1.6575e-05,0.0058769,1.7046e-05
0.0020146,0,0,2.3849e-05,0
0.0020227,1.136e-08,4.5606e-10,4.907e-08,2.4959e-09
4.7817e-06,2.0548e-06,5.5382e-06,0.0058381,4.6317e-05
1.3954e-08,0,1.9526e-10,3.4823e-07,0.005133
9.9264e-05,0,3.4469e-08,2.1101e-05,0.0048631
0.0019959,0,0,7.8351e-05,0
0.0019685,8.2987e-11,3.7418e-10,1.0865e-08,0.00013753
0.00083144,0.00018467,0.00015378,0.0033364,1.1639e-05
0.00083529,0.00039973,0.00022969,0.0031949,2.6811e-05
0.0019605,2.0313e-05,0.00046696,0,1.1115e-09
0.001891,0,2.3141e-10,1.2681e-07,0.00033415
0.00014777,0.003682,0.00017315,0.003454,0.00044334
0.0020211,0,0,4.8817e-06,0
2.0486e-06,0.002341,0.012568,0.00030342,1.2921e-07
0.0017137,0,4.7524e-08,7.3357e-05,0.0007206
0.002018,3.0761e-05,3.5313e-06,4.1833e-07,1.4226e-08
3.1227e-05,4.6707e-05,4.44e-05,0.0057811,8.8688e-07
0.0017091,0,4.8551e-07,3.3457e-07,0.00079546
0.0020227,0,8.7735e-09,2.7401e-08,1.2685e-10
0.0020227,0,2.8057e-10,1.3053e-11,1.339e-07
0.0020158,4.7789e-05,3.1352e-06,3.2866e-07,2.6859e-10
0.002022,1.0899e-07,2.1415e-08,1.9291e-06,4.2686e-08
0.00071862,0.0086001,0.0011435,1.5773e-06,7.9837e-08
0.00202,1.503e-05,1.2903e-06,1.7171e-06,8.7498e-11
0.0020227,0,0,1.2315e-13,0
0.0020227,0,0,2.1245e-08,0
8.14e-07,1.1653e-11,5.9303e-09,9.0759e-06,0.0051234
0.0020227,0,1.1787e-07,7.7743e-10,1.6787e-08
0,2.3137e-06,0,0.005853,4.7174e-05
0.0016409,0,4.0285e-08,1.2516e-06,0.00096798
0.0020227,5.2915e-08,6.2583e-08,2.6288e-09,3.9213e-09
0.0012107,4.6717e-06,6.253e-06,0.0010829,0.0011164
0.0019833,1.8416e-05,2.8181e-05,5.9451e-05,3.2951e-05
0,2.0185e-11,4.3994e-08,2.855e-06,0.0051308
0.0020227,0,0,0,0
0.0020207,2.3336e-06,1.8908e-06,4.18e-06,9.7023e-08
0.0015771,1.1346e-06,2.698e-05,0.001003,0.0002503
0.0020183,0,3.206e-12,1.3099e-09,1.1175e-05
0.00061335,5.7318e-06,1.9016e-05,0.0041073,3.9449e-08
0.00021391,0.0071471,0.0038341,0.001005,3.5424e-05
0.0018846,4.8722e-08,2.0526e-07,9.718e-07,0.0003497
0.0020136,4.9117e-05,1.7301e-05,5.3949e-07,3.5969e-07
0.0020226,0,0,2.4537e-07,0
0.0018926,0.000767,0.00018543,9.3813e-06,1.3696e-08
2.6458e-06,0.0036911,8.8851e-05,0.0043854,2.6537e-05
0.00134,0.0046972,0.00020779,4.9681e-05,1.7387e-05
5.2685e-05,0,3.6466e-09,0.0014389,0.0037495
0.0016779,0,0.00045435,0.00041287,0.0003694
0.00083755,2.882e-06,8.2071e-07,0.00047769,0.0025915
0.0020227,0,0,0,0
0.0020227,0,0,0,0
1.762e-07,0,1.0613e-09,1.4218e-08,0.0051329
0.0020208,0,0,5.4952e-06,9.4379e-09
1.7424e-11,0,3.829e-12,1.601e-07,0.0051332
3.473e-08,9.1477e-07,3.7715e-07,0.0057092,0.00017244
0.00034464,0,0.0002509,0.0004574,0.0037801
5.2084e-07,0.00024124,0.015598,6.0443e-06,1.3574e-10
1.4831e-05,0.0063511,4.7257e-05,0.0029605,0.00033825
6.8925e-06,0.014744,0.00022894,4.8447e-06,2.1796e-11
3.2403e-05,1.75e-05,1.4897e-06,0.00575,4.8819e-05
1.936e-06,2.1202e-07,8.3449e-05,0.0058656,5.0708e-06
4.4876e-07,0.00011652,0.00015269,0.005801,2.8674e-06
1.2279e-09,4.5399e-16,1.9485e-14,2.4709e-10,0.0051333
1.9392e-06,0.00011575,0.00015479,0.0057409,5.0833e-05
0.0020207,0,4.5191e-07,5.7959e-06,5.3888e-08
0.0020214,0,0,3.7649e-06,0
0.0020227,0,0,0,0
2.1604e-06,0,0,0.0059019,0
0.0020227,0,0,3.309e-08,0
1.0368e-05,6.0947e-09,3.9494e-07,0.00035401,0.0047993
0,0,0,0.0027854,0.0027132
0.0017963,0.0013637,6.8748e-05,5.0665e-05,4.2515e-05
0.001996,0,8.3756e-05,4.4374e-05,2.2903e-06
3.0141e-05,4.4298e-06,0.00013174,0.0022953,0.0030185
0.0020227,0,0,1.3452e-11,0
0.0020183,0,0,1.2995e-05,0
0.0020152,4.6734e-12,9.136e-12,5.1206e-10,1.916e-05
0.0014625,2.0994e-09,1.4944e-05,8.4039e-05,0.0013438
0.0020227,0,0,1.7064e-07,0
0.0020227,0,0,2.9419e-08,0
9.643e-05,0,0.0088714,0.0011133,0.0010523
0.0020227,0,0,5.4967e-09,0
0,0,0,0,0
3.4657e-06,3.7594e-07,1.0293e-05,0.0058722,1.9086e-05
5.2248e-05,5.2929e-06,3.9189e-05,0.0049617,0.00067531
7.3047e-08,6.6929e-07,4.6984e-06,0.0058793,2.3187e-05
2.846e-06,5.1292e-06,3.5384e-06,0.0058949,1.5025e-06
0.00037327,0.0038065,0.0072516,0.00057592,3.9894e-05
0.00035529,0.00053153,0.00087405,0.0040902,0.00021365
0.0019921,0.0001604,1.4112e-05,2.112e-05,2.0622e-08
0.0016502,0,3.2284e-08,6.8722e-07,0.00094476
0.0020225,0,0,5.9819e-07,0
0.0020227,0,0,6.2707e-10,0
0.0018875,7.6425e-07,8.3632e-08,4.8122e-06,0.00033875
0.00059791,0.0039286,0.0044096,0.00097526,2.3459e-07
9.6137e-05,1.2439e-05,0.0022151,0.004726,6.2571e-05
7.0199e-07,4.7895e-05,0.00071489,0.0056212,7.1112e-08
0.0020227,0,0,0,0
0.0018925,0.00096664,7.4588e-07,0,8.2405e-10
0.0020227,0,0,5.6602e-09,0
0.0018877,0,0.0010288,1.1458e-05,5.0524e-10
0.00189,3.2708e-05,0.00073959,9.9403e-05,2.2427e-08
0.0012353,7.4959e-05,4.1364e-05,0.0022362,1.6427e-05
3.1403e-05,1.675e-08,1.314e-06,0.00037858,0.0047243
0.00018009,1.0625e-05,0.011936,0.00091012,2.1679e-05
2.3205e-07,1.6693e-12,1.7923e-10,6.4019e-07,0.0051322
