1.4581e-08,0,6.5258e-11,1.3136e-08,0.0044447
0.00087782,1.7135e-06,0.00010628,0.0030119,0.00033795
9.1316e-07,1.2275e-05,0.010286,0.002931,5.5455e-06
0.0021006,4.3345e-06,2.8905e-06,1.2741e-07,2.1345e-08
0.0020658,5.9052e-06,0.00029292,9.919e-06,1.9381e-06
0.00057057,7.4048e-13,1.4166e-11,4.5641e-10,0.003238
8.1501e-05,2.6474e-05,0.00031102,0.0056759,1.0196e-07
0.0003235,0.0097746,0.0032026,8.6481e-07,1.8176e-12
0.0019928,1.1384e-08,9.7458e-08,6.1708e-05,0.00018441
0.0020117,0.00057289,3.7584e-05,3.7543e-06,4.9628e-09
0.0020886,7.4485e-05,1.8032e-05,1.5508e-07,9.2783e-09
0.00047822,0,0.013189,0.00030316,0.00030261
0.0021016,1.6764e-10,0,0,0
6.4719e-06,0.0049069,0.012927,6.6199e-05,4.4349e-10
0.0018019,0,1.1394e-07,1.0154e-05,0.00062623
0.0019724,4.8893e-08,6.8635e-07,0.00034861,1.5467e-05
0.002078,1.4775e-07,7.9698e-07,4.242e-05,1.8214e-05
0.00034251,5.1863e-08,2.5766e-07,9.3661e-06,0.0037133
1.6748e-09,2.1582e-13,6.4784e-11,2.8452e-06,0.0044426
0.0020988,9.2164e-08,1.3514e-07,4.6618e-08,5.7554e-06
1.1375e-05,1.1035e-10,2.4755e-06,8.218e-05,0.0043594
3.3371e-09,1.1061e-10,0,9.7411e-05,0.0043727
8.7711e-07,0.013187,0.00086389,0.00017879,9.7157e-08
1.2844e-06,0,2.9296e-09,3.3659e-09,0.004442
0.0019985,0.00038494,0.00037602,2.0243e-05,7.6248e-10
9.3026e-05,0.0018389,0.014465,0.00065708,6.7514e-11
7.5726e-05,0,1.0366e-09,6.6038e-10,0.0042846
0.00014385,0.0077201,0.0048755,0.00088455,1.0484e-08
0.00049659,0.0012031,0.013493,6.0361e-05,3.7589e-07
0.0019596,1.8319e-06,1.1723e-05,1.251e-07,0.00029709
3.7491e-07,5.3343e-16,1.0973e-13,4.1398e-12,0.0044439
0.0020937,1.3939e-07,6.0144e-07,0,1.6454e-05
0.00074339,0,3.7771e-06,1.2337e-05,0.0028625
0.001863,3.9327e-11,6.347e-10,1.3779e-08,0.00050465
6.5191e-06,8.6918e-07,3.5072e-07,0.0058927,7.4921e-05
2.6737e-05,1.0601e-09,1.5926e-06,0.00036136,0.0041207
2.7059e-05,0,2.2414e-10,7.645e-08,0.0043874
0.0020999,2.6682e-07,7.5863e-07,2.4677e-06,1.5822e-06
0.00052304,0.0007893,0.013704,9.6726e-05,3.7573e-07
0.002057,4.7954e-05,0.00015813,6.0081e-05,4.751e-08
0.0019483,0.00015376,0.00031633,0.00027893,1.8724e-07
0.0021016,0,1.0339e-09,0,0
0.0021009,3.1561e-06,6.43e-07,5.0276e-07,4.1728e-10
0.00067808,1.1816e-09,2.3897e-08,5.6762e-06,0.0030064
2.5865e-05,7.6001e-09,3.3449e-07,0.0013999,0.0033552
0.00039417,1.1368e-05,0.00031636,0.0044045,0.00028217
0.0020977,2.3378e-08,5.0252e-07,1.8497e-06,6.6825e-06
0.00052985,0.005949,0.0066291,5.9624e-06,1.4354e-11
0.0020404,2.8135e-10,5.5772e-09,6.3229e-08,0.00012939
1.0452e-05,2.4939e-07,4.0121e-07,3.8133e-05,0.0043943
0.0021006,0,1.673e-08,2.837e-08,2.0258e-06
0.0021016,5.2547e-11,6.7801e-09,3.7085e-09,0
0.0021013,2.5763e-07,9.9189e-07,1.291e-07,2.3255e-07
0.0017248,0.00028821,0.0025087,0.00020774,4.0772e-07
0,0.0043818,0.0074864,0.0019287,9.8813e-08
3.0222e-05,0.00053259,0.00077024,0.0054646,5.3937e-06
4.8286e-06,0,3.0481e-05,0.0014347,0.0033673
0.0020976,2.4416e-07,4.5128e-07,1.0883e-05,2.0472e-07
0.0020934,1.8395e-08,1.107e-07,5.8539e-08,1.7279e-05
0.0020286,0,0.00069988,1.5226e-07,1.2856e-08
0.0021016,0,0,0,1.8608e-08
0.0021013,0,2.0819e-06,1.3385e-08,1.6261e-07
0.0014181,0.0045288,0.00013689,5.3954e-07,1.654e-11
0.0020994,0,2.6989e-06,5.4199e-06,5.9041e-08
0.0020981,1.454e-06,5.3603e-06,5.6145e-06,1.6645e-06
3.0404e-05,0.013938,0.00011524,0,9.0624e-14
0,0.0011274,0.006037,0.0026662,0.0007913
0.0015803,4.7758e-05,0.0001347,0.0014301,8.727e-07
0,0,0,0,0
0.0020981,0,8.3931e-06,5.9935e-06,1.0411e-06
3.0445e-05,0.0010218,0.018426,4.5142e-07,3.0152e-10
3.5119e-05,6.0966e-10,3.4009e-07,0.0045999,0.00097029
0.0020398,0,3.9108e-05,0,0.00012205
0.0018858,4.6499e-05,8.6226e-05,0.00056799,2.9963e-06
0.002089,1.7758e-07,1.2675e-06,1.3044e-06,2.538e-05
0.0010576,0.0070553,1.5857e-05,1.1074e-10,9.0811e-14
0.00012197,0.012674,0.0004465,0.00017345,1.4958e-08
0.00064531,0,3.0769e-07,1.1439e-06,0.003079
1.7437e-05,0,0.019999,6.204e-07,0
0.00021948,8.1903e-10,3.1767e-08,3.2115e-05,0.0039568
0.00046758,0.010094,0.0013671,0,7.1921e-07
0.00095916,0.00040864,0.0005018,0.0029461,2.5335e-07
0.0020821,0.00010945,2.074e-05,3.1676e-06,1.6922e-07
0.00032457,0.01133,0.00075942,6.8859e-05,0
0.00015255,8.3267e-06,2.6912e-06,0.0035949,0.0014617
0.0021016,0,0,0,0
0.0021008,1.5883e-07,1.6416e-09,0,1.5688e-06
0.0010048,0.00015398,0.00026284,0.0029945,1.427e-07
0.0019558,0.00053938,0.00033571,8.9009e-05,2.7936e-08
0.0021012,2.0967e-06,4.589e-07,2.0149e-09,4.855e-10
1.5362e-05,8.2902e-09,6.2031e-07,5.1039e-06,0.0044083
0.0020961,1.2085e-05,1.5902e-05,4.9525e-06,6.6453e-07
0.0018537,5.8018e-07,4.3684e-06,6.9676e-08,0.00052315
0.0017494,0,3.8228e-08,2.9424e-06,0.00074259
1.0039e-07,0.01409,0.00011789,2.1771e-05,7.6475e-12
0.002046,5.9972e-05,0.00011248,9.4742e-05,3.9972e-06
0.0020718,1.0731e-05,1.6275e-05,7.4801e-05,7.5737e-07
1.7613e-07,0.00035883,0.005519,0.0042155,1.1995e-08
0.0020758,8.9733e-10,0,4.165e-09,5.4546e-05
1.7587e-05,0.0032965,0.0061076,0.0027295,1.3971e-05
7.9422e-05,0.013566,0.00013475,1.1139e-05,1.2663e-08
1.2154e-05,2.3758e-07,2.6561e-05,0.0053044,0.00049228
4.9833e-05,0,6.3208e-07,2.4605e-05,0.004321
0.00087705,0.0073936,0.001137,3.927e-05,5.6264e-08
0.00043067,0,1.304e-10,1.9337e-06,0.0035324
0.0020962,0,1.73e-06,3.5866e-08,1.1018e-05
0.0020826,1.661e-09,1.1039e-07,3.4978e-06,3.7585e-05
3.6139e-09,2.4615e-12,2.021e-10,2.0776e-05,0.0044293
5.3336e-09,0,2.2107e-13,1.2024e-08,0.0044447
0.0020884,5.8839e-05,3.9314e-05,1.0693e-06,7.1818e-08
0.0020986,1.7059e-05,1.2033e-06,7.985e-07,8.9681e-08
0.00010853,0.0015166,0.0024647,0.0042965,2.2317e-05
0.0020617,0.00010832,0.00018006,1.4136e-05,4.0959e-07
0.0020996,3.7646e-07,8.9822e-07,3.9126e-06,8.838e-07
6.5875e-07,5.1438e-10,2.6718e-07,0.0031869,0.0020876
0.00037335,4.6933e-05,8.9899e-05,0.0048908,5.5404e-06
2.9369e-05,0.012976,0.00149,0,4.5957e-13
0.0020768,2.0545e-06,2.2424e-05,1.9887e-05,3.2116e-05
0.00014111,1.9315e-06,0.0002983,0.0055195,1.6222e-07
0.0020983,1.9025e-05,2.2353e-06,5.8129e-07,1.4374e-09
0.00208,6.1231e-07,2.6219e-05,4.8615e-05,3.6561e-06
0.00019592,0.0015773,0,0.0047838,1.503e-06
0.0018105,0,2.6039e-09,8.7826e-09,0.00061566
8.1472e-05,5.2346e-05,0.00034272,0.0056555,1.6444e-07
7.5998e-05,0.012287,0.0012019,0.0002434,2.0212e-09
0.0012725,3.7096e-09,4.7938e-08,2.381e-05,0.0017359
0,0,0,0,0
1.3444e-05,0.00011907,0.01327,0.0019675,4.3167e-07
0.0020365,3.3713e-05,2.1392e-05,0.00016518,2.1077e-07
0.00053454,0,6.5178e-11,3.7448e-09,0.0033142
0.0021013,0,4.2321e-09,4.3221e-09,6.6641e-07
9.6281e-06,1.96e-07,8.9939e-06,0.0059696,9.7906e-06
1.298e-06,1.8232e-10,1.1822e-08,1.6492e-05,0.0044298
1.6974e-06,3.7913e-10,1.9653e-08,8.9893e-08,0.0044411
0,0,0,0,0
0,0,0,0,0
0.0017498,0.00056807,0.0025328,1.1277e-05,5.359e-08
2.3784e-06,7.3485e-11,7.718e-08,0.00056856,0.0040194
0.0019759,1.2732e-07,6.2395e-07,0.00017092,0.00013938
0.0001452,0.0091753,0.0057659,1.3778e-07,2.0891e-13
0.0021006,2.4959e-06,1.8572e-06,1.1415e-06,7.6069e-08
3.0006e-06,0.010478,0.0051557,3.8399e-05,4.4954e-10
6.1426e-05,3.6636e-08,1.03e-06,0.00016357,0.0041937
0.00049583,0.0086324,0.00044022,0.0008141,7.5327e-08
0.0020679,0.00012941,0.00011942,5.9949e-06,3.1832e-08
0.00040796,2.1628e-09,2.6657e-06,5.2029e-05,0.0035429
0.001014,0.00053143,0.0073496,0.00069416,1.3815e-06
0.0020952,8.9034e-06,3.7978e-05,2.1133e-06,8.7319e-07
8.634e-10,1.3771e-14,7.7907e-12,7.3145e-08,0.0044447
5.2573e-09,8.5694e-13,5.1165e-10,5.4766e-06,0.0044407
0.0007133,0.0055901,0.0010599,0.0012641,2.1578e-05
9.4112e-05,8.3383e-05,0.0077006,0.0029172,0.00036625
5.6204e-06,2.0467e-12,1.1899e-09,6.8009e-06,0.0044278
0.0018827,0,9.0323e-12,1.4435e-09,0.00046294
1.0321e-07,6.6256e-11,1.9514e-08,0.0059763,2.7071e-05
0.0021012,1.4823e-06,8.1724e-07,3.102e-07,4.1756e-09
0.00078705,0,8.5318e-10,1.9067e-08,0.0027801
0.0001234,4.0809e-11,5.2685e-10,3.9663e-08,0.0041837
0.0017304,0.0025086,5.0753e-06,2.1118e-08,2.4185e-09
0.001295,0.0041247,0,0.00030301,0.00019303
0.0020949,5.7348e-08,4.771e-07,2.2315e-07,1.3939e-05
0,2.3278e-13,1.506e-12,3.347e-08,0.0044447
0.00060606,0.0074898,0.0037182,4.4692e-06,2.1801e-09
0.0010753,0,1.0847e-09,6.4681e-09,0.0021705
0.002044,2.327e-10,4.7654e-09,5.5408e-08,0.00012182
0.0019783,5.1794e-06,0.00036498,0.00017674,4.8005e-05
0.0019801,3.6246e-06,0.00064719,0.00015248,5.2794e-07
0.0017114,2.4194e-06,0.00067618,0.00090654,5.2524e-06
0.0015102,1.1203e-07,3.2864e-06,0.0015612,9.5929e-05
0.00063894,0.0022147,0.0022741,0.0025631,5.6782e-06
0.0019817,0,1.394e-09,1.9481e-09,0.00025359
0.0001069,1.3505e-13,8.3648e-11,7.3779e-10,0.0042186
1.7577e-07,1.8504e-09,1.6618e-07,0.0011658,0.0035826
0.0019783,0.00043896,0.00037136,5.5848e-05,4.1853e-07
0.00026492,2.5498e-05,0.0009424,0.0049467,1.2337e-05
0.0021011,1.2467e-06,1.9189e-07,7.4016e-07,9.7902e-12
0.0012167,0.0055969,0.00051486,1.2453e-05,4.5161e-10
7.5306e-06,0,3.8128e-06,0.00051199,0.0040495
6.63e-06,4.7296e-06,5.1517e-06,0.0059471,3.2199e-05
0.00098547,0.00017025,0.0058442,0.0013776,1.0797e-06
0.0019001,0.00077288,0.00080298,1.0474e-05,2.473e-09
0.0019305,7.4824e-11,1.5103e-09,2.3538e-08,0.00036189
0.00010277,0.012624,0.00077046,0.00015237,5.8424e-07
7.012e-05,0,3.0653e-08,3.3372e-06,0.0042939
0.0020995,1.3804e-05,4.6777e-07,3.7481e-09,8.747e-10
5.5367e-06,2.234e-12,2.6168e-09,1.003e-06,0.0044323
7.5175e-05,9.2298e-07,2.0673e-05,0.0057867,3.5502e-06
8.5016e-07,0.0067074,0.0095849,0.00031769,3.4121e-09
3.1864e-07,0.013852,0.0005072,5.6157e-06,7.7353e-09
0,0,0,0,0
0.0020981,2.9174e-06,2.7623e-05,3.5197e-07,3.8558e-09
0.002091,5.392e-05,5.1627e-06,3.1651e-06,2.1549e-06
0.00018861,0,5.3414e-14,9.4375e-12,0.0040458
0.0020243,1.0445e-08,1.1378e-06,7.3812e-05,0.00010867
5.7841e-06,0,7.8055e-12,8.5217e-10,0.0044325
0.0021005,2.0065e-07,3.7352e-07,1.2432e-06,1.129e-06
0.0020967,1.019e-06,2.7439e-06,7.5606e-07,8.7797e-06
5.4986e-05,0.0046709,0,0.0036521,0.00016953
0.0020902,2.9945e-05,7.5593e-06,9.9241e-06,5.7815e-06
4.4821e-05,3.2911e-07,0.00070558,0.0055713,7.623e-05
0.0011228,0.00031288,0.00033724,0.0025606,5.3045e-06
5.0577e-05,0.013883,0,0,0
0.001932,0,1.4575e-06,1.9272e-05,0.00034417
0.0021016,2.3696e-10,4.3696e-09,7.5309e-10,0
3.6359e-06,2.8559e-09,4.2205e-05,9.3641e-05,0.0043585
2.9565e-05,2.4883e-11,4.3858e-09,9.5328e-07,0.0043815
0.002099,6.9251e-08,4.5935e-07,2.6241e-06,3.382e-06
0.0020926,4.4237e-08,1.3484e-07,8.1108e-07,1.8454e-05
0.000831,0,8.9896e-08,9.0684e-07,0.0026865
0.0013137,7.0268e-05,0.00022096,0.0021584,3.469e-07
0.0021016,4.0929e-08,2.2236e-08,1.0943e-08,1.1456e-08
0.0019716,0,1.8853e-08,1.8279e-08,0.00027478
0.0020987,1.1529e-06,2.206e-05,1.0785e-06,4.9137e-08
0.00099624,0.0071812,6.4543e-05,0.0001073,3.922e-07
4.3167e-06,6.1517e-06,0.00016614,0.0051627,0.00058101
0.0020898,1.2489e-07,9.3995e-07,2.0157e-05,9.8019e-06
0,0.012167,1.4116e-05,0.00061173,0.00018794
1.5247e-08,9.3957e-12,1.8579e-11,6.645e-07,0.0044442
0.0021013,3.3984e-10,1.9107e-09,1.6356e-08,4.88e-07
9.6597e-07,1.1748e-07,7.6034e-06,0.0052816,0.00053701
0.00019518,6.2092e-11,5.3876e-09,1.4398e-08,0.0040319
0.00078604,0.0088097,0,4.0015e-05,8.2703e-08
0.00070046,0,3.4833e-09,1.7832e-06,0.002962
5.6372e-07,4.7033e-08,3.0736e-07,0.0036738,0.0017279
0.0006447,2.8842e-06,2.8595e-05,0.0041558,2.1983e-06
3.4685e-07,0,6.2744e-09,7.9072e-07,0.0044434
0.0021011,2.5865e-06,3.4941e-07,2.27e-07,1.0003e-08
0.00030074,0.00010812,0.0022646,0.0043689,4.6528e-05
0.0019661,3.9806e-11,6.3109e-10,3.2963e-09,0.00028658
0.00020794,7.7685e-08,3.0168e-06,0.0051216,0.00021856
0.0021007,0,5.0656e-07,2.5575e-08,1.6673e-06
0.0013115,4.4283e-10,3.0951e-08,3.5538e-07,0.0016708
0.0016945,0.00043544,0.002854,0.00012982,1.0847e-08
0.00036084,0.0014311,0.014622,1.6269e-05,9.936e-10
0.00023617,0.012599,3.5872e-05,1.0834e-06,5.3493e-09
0.0016188,1.2773e-10,8.7394e-09,4.4304e-07,0.0010208
0.0020449,3.3965e-06,1.1265e-05,0.0001538,2.5847e-06
2.2503e-06,6.2247e-08,6.8616e-06,0.0053659,0.00047218
0.001467,5.7391e-05,0.00020839,0.0017286,5.3041e-07
1.0733e-08,2.3057e-06,0.00012382,0.0059752,1.6935e-08
0.0020457,1.3153e-08,1.0118e-06,7.2192e-08,0.00011799
0.0021014,0,4.1904e-08,1.3425e-08,4.1225e-07
0.0020575,0.00014304,0.00019737,6.7346e-06,4.2012e-09
0.00112,2.9762e-07,1.4238e-05,0.002716,6.5165e-05
1.1565e-07,9.3499e-12,1.6236e-08,7.4439e-05,0.0043894
0.0020888,4.5638e-05,4.4335e-05,3.0366e-06,6.6854e-07
3.6235e-06,0.00039905,0.0039472,0.004656,9.5655e-07
0.00077038,1.3478e-08,6.9738e-07,0.00030917,0.0025867
3.141e-05,3.9691e-12,8.3793e-09,3.2978e-07,0.004378
5.8442e-08,4.2045e-14,1.5329e-11,4.0992e-07,0.0044443
0.00066519,0,0.001709,7.4695e-05,0.002606
0.0011711,1.5132e-09,9.7357e-09,9.1905e-06,0.0019611
2.2034e-06,0,1.2856e-07,8.6135e-07,0.0044394
0.0020907,7.2727e-05,1.1742e-06,1.1327e-07,3.3801e-08
0.0020987,1.6887e-08,2.2282e-08,7.6802e-06,4.2021e-07
0.0014585,8.1049e-07,4.344e-06,0.0018196,1.3975e-05
0.0021008,2.794e-08,6.1252e-08,1.4921e-06,5.6712e-07
0.0020896,2.2344e-09,1.0807e-06,2.6164e-07,2.5003e-05
9.9417e-05,0.010894,0.0035719,5.8927e-05,2.194e-12
9.8949e-07,1.8456e-07,3.1437e-06,0.0050219,0.0007299
0,0,0,0,0
5.7909e-05,0.0039494,0.0035546,0.0031095,6.4629e-06
0.0020671,2.8293e-05,8.3863e-05,6.1039e-05,4.6368e-07
3.2194e-06,0,1.2424e-07,1.5157e-07,0.0044378
1.0552e-05,3.5956e-11,5.4934e-08,3.1481e-06,0.0044201
0.0020317,7.2033e-10,1.1702e-07,7.1809e-07,0.00014713
3.4437e-05,1.0317e-05,3.0778e-05,0.0032055,0.0019925
0.0021016,2.6968e-09,5.647e-08,0,0
5.0659e-07,7.8235e-08,0.00025985,0.0059276,4.869e-06
0.0021012,4.6571e-08,3.5082e-08,2.2359e-08,7.8867e-07
0.00093819,0.00356,0.0029958,0.00092916,1.1422e-06
0.0017882,0.00063859,4.527e-05,0.00056745,3.377e-05
0,0.013277,0.0013445,0,6.4938e-11
0.0020865,5.3103e-05,4.685e-05,6.8154e-06,1.6977e-08
0.0020936,9.9991e-06,7.7764e-06,1.6151e-05,5.0859e-08
3.5634e-06,1.1369e-07,1.4034e-06,0.0057785,0.00016561
2.4975e-07,1.7666e-10,1.0537e-07,6.2659e-07,0.0044437
0.0020934,0,2.6126e-07,7.5311e-07,1.6749e-05
7.0978e-05,3.6685e-05,2.6698e-06,0.0017698,0.0029744
5.909e-06,0.014181,0,1.7497e-06,2.8337e-10
0.0021001,3.3661e-07,1.6596e-06,3.605e-06,5.1735e-10
1.7501e-05,0,9.5856e-11,3.7887e-09,0.0044077
1.3014e-08,9.392e-09,3.7441e-07,0.0059579,4.0785e-05
0.0021007,0,0,2.5998e-06,0
0.00099044,0.0047203,0.0039552,4.7109e-06,2.6705e-10
1.0641e-05,1.2302e-05,1.2587e-05,0.0059658,5.8987e-06
0.0020672,4.8114e-07,0.00032927,0,0
0.0020986,1.7749e-05,2.9758e-06,1.7385e-07,3.5397e-10
5.7932e-06,7.4521e-08,1.1354e-06,0.0059248,5.2796e-05
0.0020699,0,2.6532e-07,3.6951e-07,6.6603e-05
0.0020974,7.3418e-10,1.0384e-10,3.8717e-09,8.7817e-06
0.00027024,0.0080363,0.00031658,0.0017476,7.0314e-07
2.5611e-05,1.4769e-07,5.2341e-06,0.0055167,0.00031163
0.002079,1.7223e-05,8.6181e-06,5.265e-05,1.6615e-06
0.0019898,5.1121e-06,2.2966e-05,7.1449e-05,0.00017694
2.2623e-06,3.4939e-09,1.0486e-07,9.0656e-07,0.0044392
0.0020347,0,6.0554e-06,1.6481e-05,0.00012803
8.23e-05,5.7387e-08,5.2448e-06,0.0025511,0.0023838
0.0017766,0.00039746,0.0018663,0.00020429,8.7798e-07
0.0014129,0,1.2765e-07,7.6926e-07,0.0014559
0.001733,3.1391e-07,3.7112e-05,2.0012e-05,0.00075638
0,0,4.2545e-09,4.2063e-09,0.0044447
2.8378e-06,0.00012966,4.3915e-05,0.0059363,6.2699e-07
3.1188e-08,2.8492e-06,4.7096e-05,0.0059968,7.8715e-07
0.0020729,0.00018021,1.911e-05,7.427e-08,5.5508e-09
0.0013693,0.0018785,0.0040807,8.4441e-05,0
0.0020974,0,1.9633e-05,6.1711e-06,0
0.0020119,0.00017705,0.00041648,5.7319e-05,1.001e-07
0.0018324,2.6846e-07,2.7851e-06,0.00062786,0.00010454
0.0020635,3.756e-06,5.9807e-05,2.9055e-05,4.4721e-05
9.4515e-07,0.0046791,0.013525,0,1.7737e-10
9.1326e-07,2.6243e-05,0.0053077,0.004368,3.621e-05
0.0001353,1.1798e-05,0.00047813,0.0054754,2.2767e-06
0.0020983,2.147e-08,1.8621e-07,5.3046e-06,2.8941e-06
1.4644e-08,2.8364e-06,1.6642e-05,0.0060068,1.498e-07
0.0002285,0.00052678,0,0.0036505,0.0010985
2.0384e-06,1.1464e-06,1.8212e-06,0.0059984,5.8268e-06
0.0021015,2.8197e-07,1.9186e-07,1.4171e-08,7.3852e-10
0.0019541,1.8879e-05,8.7073e-05,0.00032137,4.9328e-05
4.1668e-05,2.9394e-12,1.001e-08,1.2433e-06,0.0043557
2.3344e-05,0.0022168,0.0009095,0.0047267,8.4973e-06
0.0016151,0,1.2588e-05,0.0012333,0.00011445
0.0015673,0.002241,0.0019215,8.411e-06,6.1654e-11
0.001314,8.0806e-08,5.548e-05,0.0019365,0.00022208
0.0020878,7.9621e-07,2.3773e-07,3.5578e-05,2.4812e-06
0.0020921,3.1141e-05,2.3792e-05,6.9493e-06,2.8903e-09
0.00010775,0.0016817,0.01675,0,3.3704e-11
2.2197e-05,3.6793e-07,2.8087e-06,5.5904e-06,0.0043929
0.0019975,0,3.021e-10,5.3246e-09,0.00022015
0.0021012,2.1915e-06,4.2614e-07,6.1368e-08,4.0096e-09
0.0020986,8.2877e-06,1.2195e-05,1.4259e-06,1.3156e-08
0.0021013,9.4361e-08,4.783e-07,4.9663e-07,2.6867e-08
7.0971e-08,0,1.6062e-12,7.1569e-08,0.0044445
0.00054653,0,5.7419e-09,1.0642e-07,0.0032888
9.5396e-08,4.9624e-13,3.6976e-11,7.3944e-08,0.0044445
0.0020852,8.2676e-06,0.00013422,3.4214e-06,2.4235e-08
0.0007449,8.1105e-05,3.9855e-05,0.0036942,0.00010453
3.069e-06,1.9031e-05,0.00042327,0.0058599,7.5862e-06
9.4795e-07,2.6173e-13,1.8324e-10,0,0.0044427
8.8909e-06,0.0054427,0.011799,0.00016927,0
1.3178e-05,3.9074e-08,4.196e-06,7.0831e-06,0.0044107
1.3005e-05,1.0079e-07,1.5928e-06,0.00080098,0.0038248
5.4859e-06,0.00096782,0.0039267,0.0044102,5.4959e-06
0.0015952,0,7.7454e-08,5.1219e-07,0.0010706
0.0020835,2.8766e-06,1.0398e-05,4.3367e-05,2.9529e-06
0.001794,0.00053818,0.0001694,0.00041103,0.00014111
0.0020907,0,8.6005e-11,8.103e-11,2.2988e-05
0.0021016,6.8665e-10,2.7191e-09,9.2433e-11,8.0961e-10
0.0016444,0.0024181,0.00094374,4.2106e-06,1.943e-07
1.0522e-05,0.0092127,0.001575,0.0016192,1.109e-08
0.00090078,1.2458e-10,4.7721e-06,0.00041171,0.0022343
0.0020988,6.3323e-09,9.4261e-09,9.2291e-07,5.1261e-06
0.00027615,0.0041691,0.0090421,0.00074629,1.3708e-05
8.7045e-07,0,0.0044462,0.0046851,0
4.5388e-06,4.9986e-14,0,6.0485e-09,0.0044351
6.6406e-05,0.013775,0,3.7458e-07,0
4.9822e-06,3.0224e-09,3.6301e-07,0.00032968,0.0041904
1.5921e-08,4.3839e-11,5.2946e-09,4.5301e-05,0.0044112
0.0021014,3.5717e-08,9.7137e-09,3.871e-09,2.903e-07
0.00036465,3.9809e-05,0.0089175,0.0022941,8.6141e-08
0.0020867,1.7508e-09,1.6324e-08,8.7347e-07,3.0803e-05
7.9756e-06,0,1.2951e-09,2.3221e-08,0.0044278
0.0020678,0.00021008,1.2447e-05,3.9635e-06,2.7654e-08
0.0017353,0.0019072,0.00073966,2.1419e-05,1.7557e-08
6.8327e-06,0.0001405,0.0054422,0.0042966,1.1156e-05
0.0014337,1.1468e-08,1.9722e-06,1.148e-05,0.0014037
0.0017738,0.00029468,0.0027156,3.5714e-06,0
0.0021016,1.6016e-12,9.5098e-11,1.7696e-11,0
0,0.014225,0,0,0
0.0020432,0,2.4142e-09,6.5277e-10,0.00012337
0.00090939,0,0.00018819,2.2089e-05,0.0024636
0.0020962,3.5839e-05,8.7526e-07,2.9688e-08,0
0.00023555,1.0307e-08,7.3125e-09,5.0157e-06,0.0039428
0.0018581,0.0014932,0.00020867,2.8682e-06,3.3316e-07
0.0021015,4.6023e-08,2.7195e-09,5.1377e-10,5.8307e-08
0.00073872,0.0044029,0.0061889,0.00019305,4.9406e-08
8.9134e-07,0.00041584,0.012394,0.0021395,2.0408e-09
4.1275e-06,4.7506e-05,5.1838e-05,0.0058192,0.00010843
0.0020924,5.981e-05,2.5931e-06,8.1202e-08,5.8729e-09
7.9108e-09,0,3.0924e-17,2.5043e-12,0.0044447
0.0020943,0,1.4994e-09,3.2589e-10,1.5323e-05
0.0021013,2.8848e-08,1.8201e-07,1.4597e-10,5.5765e-07
0.00064393,0.00016295,0.00067435,0.0039007,3.59e-08
0.0020135,6.7126e-11,9.2781e-09,1.6231e-06,0.00018506
0.0017159,1.585e-09,6.0122e-08,1.3252e-06,0.0008147
0.0019055,0,1.0355e-06,1.1333e-06,0.00041369
5.0995e-06,0,6.8007e-06,6.2328e-05,0.0043864
0.0020543,4.308e-06,3.6764e-05,6.7332e-05,4.0863e-05
9.8722e-05,0.0004241,0.00044709,0.0054178,2.5068e-07
1.8612e-06,3.9512e-13,3.5607e-12,8.2846e-10,0.0044408
0.0020868,4.4481e-05,1.9151e-05,1.7503e-05,1.3789e-07
6.6131e-05,1.4333e-08,1.1567e-06,5.9093e-05,0.0042609
6.2825e-05,0.00092651,0.0082355,0.0029864,4.5443e-09
0,1.551e-07,2.8843e-07,0.0060012,8.7844e-06
1.3396e-06,0,1.0695e-06,0,0.0044416
4.5175e-06,0,1.6761e-09,9.5174e-07,0.0044345
1.941e-07,3.122e-08,5.0664e-06,0.005883,9.4678e-05
0.0014904,0.00025141,0.00093157,0.00072169,0.00047525
4.115e-06,1.3301e-11,4.0364e-11,4.2081e-07,0.0044357
0.0021015,0,5.8107e-07,6.9678e-12,1.6118e-11
0.0017824,7.8787e-06,0.001626,0.00026984,0.00011488
4.2316e-08,0.0035101,0.01519,3.1181e-07,1.001e-13
0.0017291,0.00014788,0.0020181,0.00039329,6.0124e-06
1.9436e-06,4.6837e-06,0.00048939,0.0022593,0.0026613
0.00010269,0.0080521,0.0076877,2.357e-05,1.4973e-09
0.0013251,0.0049092,0.00044885,1.2711e-05,2.9586e-08
3.7262e-07,1.1441e-07,3.0132e-06,0.0059569,4.0144e-05
1.0046e-07,1.629e-12,3.8708e-11,1.7362e-06,0.0044432
8.9997e-07,5.7483e-06,1.6902e-05,0.0055689,0.00032102
6.8264e-06,0.0031115,0.014475,0.00035846,3.1079e-06
0.0014183,0,0.0064986,0,1.3025e-05
0.0021015,0,2.7174e-08,4.9807e-09,8.6535e-08
0.0020321,0,4.9818e-06,4.1617e-07,0.0001455
0.0001123,2.9922e-06,0,0.0056106,5.9155e-05
8.9609e-05,5.0993e-08,9.9723e-07,0.00040478,0.0039558
0.0020997,6.3281e-10,1.0343e-08,3.3186e-08,3.9502e-06
0.00014378,0.0085402,0.00012585,0.0019485,4.2372e-06
0.0020958,1.1938e-05,1.3503e-06,9.1415e-06,1.4128e-06
1.1477e-05,0.012671,0.0016841,0.00012224,5.8406e-09
0.0012419,0.00018089,0.0079583,1.0426e-05,6.8962e-08
4.9886e-08,0,0,8.6066e-09,0.0044446
3.0592e-05,6.7554e-08,5.4956e-07,0.0024419,0.0025749
0.00027225,8.74e-06,3.7588e-05,0.0052168,1.8293e-06
0.0017745,0,0.0031119,7.8393e-06,2.5456e-07
8.6136e-05,0,1.6583e-10,0,0.0042625
0.002092,6.4061e-07,2.6235e-07,1.6364e-05,7.9288e-06
8.7337e-05,0.0020638,0.0027416,0.004063,7.7272e-06
0.0020949,0,4.6005e-13,1.8165e-10,1.4162e-05
0.0019348,4.6732e-05,0.00038246,0.00033213,8.2861e-06
0.0018612,0.00086017,0.00019466,0.00012177,0.00010666
0.00011439,0.00079726,0.00097949,0.0050565,2.3791e-07
0.0019721,0,4.1186e-10,1.0905e-08,0.00027394
0.0021012,4.5758e-08,0,1.2098e-07,6.0733e-07
0.0011666,5.2483e-07,4.2605e-07,1.338e-06,0.0019761
0.00085898,0.00042191,0.0020055,0.0027605,1.3792e-05
0.0021,3.491e-09,4.34e-08,1.1128e-06,2.4119e-06
0.0020951,4.1981e-05,2.7257e-06,4.2937e-09,5.1902e-10
0.0019524,5.6334e-05,0.00020499,0.00033534,4.8124e-06
0.0020975,2.9541e-07,2.9322e-06,9.154e-06,1.0757e-06
0.002092,0,7.5025e-09,4.1974e-08,2.0173e-05
1.1149e-08,2.2938e-09,1.4968e-06,0.0059179,7.011e-05
0.0020792,5.4915e-09,1.4146e-06,6.2983e-05,5.2025e-07
2.3838e-07,0.012548,0.0023425,1.0056e-05,6.9151e-12
2.865e-06,7.4149e-11,1.8002e-07,3.3843e-05,0.0044136
2.7942e-06,0.011454,0.0039019,0,4.349e-09
0.0021015,4.4446e-07,4.2161e-07,6.4468e-10,0
0.00016887,1.4079e-11,1.7088e-09,8.9414e-09,0.0040876
0.0020868,0,2.4333e-09,2.1973e-08,3.1296e-05
0.0008764,7.3376e-05,4.421e-05,0.00068925,0.0020491
0.0021016,0,2.9578e-10,0,3.5975e-08
0.0015463,0.0027703,0.00045341,0.00028271,1.7431e-08
3.7376e-06,1.4191e-09,1.6039e-07,0.0005846,0.0040047
0,0.012983,0.00046589,0.00038616,3.8335e-08
0.0020847,0.00010619,8.6235e-06,7.1421e-07,7.6214e-10
0.0021002,0,0,3.914e-06,0
0.002056,4.6975e-12,5.3129e-11,1.0402e-09,9.6505e-05
0.0020323,0,2.1628e-08,8.9997e-08,0.00014649
0.0019664,1.7955e-05,4.9431e-06,0.00014786,0.00016993
0.0020959,3.2011e-05,6.9202e-06,6.1296e-07,8.8366e-09
0.00078868,2.7603e-06,0.00044758,0.00051684,0.0022952
0,0,0,0,0
0,0.00025872,0.0053531,0.0043076,1.433e-07
1.6705e-09,3.9977e-07,1.7781e-05,0.0060048,2.1219e-06
0.0020611,2.3262e-06,1.4628e-05,7.6761e-05,2.4942e-05
0.001992,3.539e-08,5.2343e-07,1.343e-06,0.00023063
0.00059081,1.2887e-05,2.0715e-05,0.0043053,4.2775e-06
0.0020935,1.0815e-09,0,3.8192e-07,1.6908e-05
2.9702e-07,0.0038995,0.014479,4.6924e-05,5.65e-11
1.2225e-06,0,3.2332e-10,9.6941e-06,0.004435
0.0021013,1.8982e-06,7.4881e-08,1.0509e-08,1.2695e-08
0.00019505,0.012885,2.5671e-05,0,6.3578e-07
4.0674e-06,0,7.2915e-11,2.8422e-09,0.0044361
4.5773e-05,2.7598e-06,1.8557e-05,0.0052553,0.00045846
0.0020942,6.6827e-08,7.4133e-07,3.2515e-06,1.2918e-05
6.1246e-10,4.1626e-15,1.9314e-13,1.1987e-07,0.0044446
1.7842e-05,6.7067e-14,8.1708e-11,1.2275e-08,0.004407
0.00070719,0,1.2453e-07,7.038e-08,0.002949
0.00010679,7.2361e-11,1.4085e-06,8.1519e-05,0.0041583
1.519e-09,9.6816e-14,0,5.11e-06,0.0044409
0.001646,1.0171e-09,2.9766e-10,6.7567e-09,0.00096343
7.1904e-06,6.8074e-07,1.6646e-05,0.0049208,0.00078835
1.4621e-05,0.0002105,0.00051045,0.0057301,1.0069e-07
0.0020996,3.3416e-06,1.3955e-05,0,0
3.5476e-06,5.8461e-10,1.4756e-10,1.2956e-07,0.0044371
0.00028164,4.8936e-06,6.1166e-06,2.3227e-05,0.003829
0.0021014,1.6253e-07,3.0378e-08,2.792e-07,1.4103e-07
1.0196e-05,0.013941,0.00030532,7.5018e-09,0
1.9111e-07,0,2.3796e-13,1.1067e-11,0.0044443
0.00050087,9.6994e-08,1.8814e-06,0.0032343,0.00099431
0.0020845,0,4.4442e-08,1.9909e-06,3.4722e-05
0.002096,3.0535e-05,1.0542e-05,1.3683e-08,3.4069e-09
2.0392e-05,0,6.0877e-12,3.2932e-10,0.0044016
0.00072994,4.0111e-08,1.1808e-05,0.00086594,0.0022582
0.0012071,6.5991e-11,1.1301e-07,2.5554e-06,0.0018898
0.0013947,0,3.1943e-09,0.00010373,0.0014184
1.639e-05,0,8.8759e-09,7.1636e-06,0.0044048
0.0020546,0.00030738,1.0957e-05,1.1745e-06,0
8.4529e-07,0.0039267,0.0010415,0.0040403,4.0102e-08
0.0011387,0.0064295,5.6173e-05,2.0351e-05,5.5942e-08
9.7262e-05,4.516e-05,3.4517e-05,0.0055812,9.1897e-05
0.00015126,8.4413e-06,0.0010524,0.0051754,6.4763e-05
0.0019719,2.1818e-06,1.1319e-05,0.00035367,9.6832e-06
0.00028053,0,2.2431e-11,1.9673e-09,0.0038514
0.001641,0,0.0043467,2.1885e-05,7.347e-09
0.0021016,0,0,0,0
1.0099e-05,2.5713e-08,2.5366e-07,8.3081e-05,0.0043619
0.0019081,0.0011529,2.0931e-05,4.1548e-05,1.3748e-05
0.0018367,9.414e-07,6.5414e-06,8.6216e-08,0.00055836
0.0013421,0.001125,0.0056117,2.4353e-05,1.0865e-10
0.0010172,1.8381e-10,0,1.6429e-07,0.0022933
0.00020977,0,1.3709e-08,7.8095e-06,0.0039953
0.0020225,4.2581e-05,0.00065945,1.1041e-05,4.0836e-07
0.0013286,0.00047913,0,0.0020042,3.6258e-06
0.0012835,9.9614e-05,0.00078282,0.0020583,5.1182e-06
0,0,0,0,0
0.0010539,2.2911e-07,2.7303e-05,0.002914,5.5757e-05
8.5176e-05,0.00022382,0.0010153,0.0032363,0.0015787
0.0011013,0,3.1692e-11,9.8547e-09,0.0021154
1.9259e-05,0,0.019923,1.8154e-05,1.1309e-11
0.00029514,0.011933,0.00020233,6.4033e-05,2.3774e-08
0.0020895,7.4595e-05,7.1542e-06,8.9269e-07,6.4044e-09
0.00069661,6.2045e-06,2.8857e-05,0.0033235,0.00050653
1.2593e-09,5.0838e-10,1.3801e-07,0.0059201,6.8759e-05
0.001743,4.393e-11,6.2504e-10,6.0823e-09,0.00075833
0.0017502,4.2774e-08,1.3214e-07,1.2102e-06,0.00074231
0.0012091,4.5892e-06,6.4586e-05,0.0022347,0.00022
1.3745e-05,0,6.4085e-09,1.7371e-05,0.0044028
0.0020214,3.1502e-07,2.8341e-05,0.00017818,3.1503e-05
0.0017358,0.0021482,0.00045757,2.0561e-06,4.4058e-08
4.8247e-05,0.0087953,0.0021342,0.0015137,5.3385e-06
4.3184e-05,0.00058688,4.1163e-05,0.0036217,0.0014839
4.8585e-06,7.4699e-08,9.1128e-05,0.0059719,1.7248e-07
0.0020999,0,1.5466e-08,3.5976e-09,3.5001e-06
0.0018032,0.00031087,8.6438e-05,0.00052098,0.00012973
0.0021016,1.0176e-07,4.6621e-08,0,9.9745e-12
0.0020919,1.8681e-10,2.7809e-08,9.4638e-07,1.973e-05
0.0020757,0.00017469,3.684e-07,7.1334e-08,1.1547e-07
2.1468e-08,4.0256e-06,0.0025401,0.0047966,0.00033819
0.00011903,0.0033923,0.013307,0.00027121,7.9821e-10
0.0010945,8.7214e-07,2.4078e-05,0.0025919,0.00020848
0.0021,1.6237e-08,8.1275e-09,4.2804e-06,8.6548e-08
1.9258e-06,0.013719,0.00069796,2.0956e-07,4.0647e-12
0.001989,0.00074737,1.8997e-05,5.5187e-07,6.8513e-10
0.0020953,3.8903e-07,1.4032e-07,1.1273e-05,4.7339e-06
0.0020906,0,5.7254e-13,1.8386e-13,2.3277e-05
0.0021011,4.4691e-07,4.5778e-07,9.55e-07,6.8811e-08
0.0020964,1.2255e-05,3.4975e-06,8.473e-06,8.9559e-08
3.6772e-06,0,0,0,0.0044369
0.0021015,8.1891e-08,3.8808e-08,6.6398e-08,4.13e-08
0.0020851,0.00011088,4.9659e-07,3.6698e-08,4.8273e-10
0.0020892,8.8761e-06,0.00010278,1.0881e-06,5.5389e-09
1.4257e-05,0,0.00020139,0.00037134,0.0040957
1.255e-05,6.7659e-07,6.5813e-05,0.0058534,7.6837e-05
7.4132e-06,9.4158e-09,9.455e-08,0.000465,0.0040853
2.1997e-05,2.5259e-07,1.3573e-05,0.0059445,1.1781e-06
0.0020217,1.448e-07,6.384e-05,1.6354e-05,0.00014267
2.7763e-06,1.8249e-13,3.4469e-12,6.878e-09,0.0044388
0.0020862,7.0017e-05,2.5072e-05,6.8404e-06,1.0783e-09
0.0010118,3.1141e-10,4.0919e-09,1.1975e-07,0.0023048
0.0013482,0.00013403,0.00043799,0.0018009,0.00012375
0.0021016,0,2.2771e-08,7.1337e-12,4.9578e-09
0.0020996,1.2229e-08,9.5518e-08,4.0653e-06,1.2092e-06
0.00075294,0.0083464,0.0011063,8.609e-07,2.6043e-10
1.553e-05,9.125e-08,3.5993e-05,0.0028965,0.0022629
0.00063007,0,7.0887e-06,3.3993e-05,0.0030855
0.0020547,6.4673e-10,2.2181e-07,2.3007e-07,9.8893e-05
0.000411,0.0021348,0.012948,7.4258e-05,4.1789e-11
0.001106,0.0067228,2.1975e-05,2.7736e-07,0
0.0020783,8.3846e-12,1.824e-10,5.4304e-10,4.9292e-05
0.0012616,0.0014148,0.0037932,0.00067418,1.2335e-07
0.00040514,0.0054097,0.0060875,0.00072004,2.3822e-05
6.0686e-06,2.429e-11,4.5899e-08,6.2234e-06,0.0044273
0.0021001,3.382e-07,2.0952e-06,2.6732e-06,6.4846e-07
0.0021005,0,9.8299e-09,1.6499e-11,2.2276e-06
0.0020758,3.0781e-07,9.9069e-07,2.6343e-05,3.4716e-05
0.0021016,1.9084e-10,9.167e-08,0,0
0.0020243,0.00010664,0.00055689,9.8939e-06,3.6113e-09
0,1.3774e-06,8.5866e-06,0.0059452,4.7911e-05
1.2799e-09,0,4.4228e-09,8.0042e-06,0.0044388
0.0020456,0,0.00010078,0.00013004,0
0.002098,2.0217e-05,4.1438e-06,3.844e-07,2.296e-08
0.0021014,0,2.0031e-07,7.2766e-09,3.6231e-07
3.3721e-07,5.6251e-09,1.1843e-06,0.0060097,1.6088e-06
0.0021016,0,0,0,0
0.00054788,0,1.0997e-08,2.6151e-08,0.003286
7.5874e-05,0.011286,0.00027555,0.00094007,2.3523e-06
0.0021016,0,1.6571e-07,3.7811e-09,2.0036e-08
1.6617e-06,0.00086125,0.017807,0.00033528,1.0226e-08
7.0311e-06,0.012178,0.0023615,0.00013709,2.9017e-06
0.0020905,5.1765e-05,2.8508e-05,1.3545e-06,1.4715e-08
0.0018172,4.8696e-09,3.1234e-08,3.0342e-05,0.00057912
0.0020997,6.82e-07,7.8688e-07,4.5113e-06,2.4112e-07
0.00070117,0.0036281,0.0017159,0.0019376,1.7849e-05
0.0020972,1.6157e-09,5.3769e-08,1.1796e-05,5.4221e-07
0.0010323,0,0.00046305,0.0014615,0.0010791
0.0018743,0.0014032,0.00017256,5.5982e-06,4.7749e-11
9.5011e-09,5.4401e-05,0.0066022,0.0040215,1.6407e-07
3.1681e-08,0.00054833,0.0011148,0.0054488,1.2614e-07
0.0021013,0,7.9968e-07,0,3.4273e-07
1.4249e-05,1.1289e-06,2.0841e-05,0.0059627,2.2205e-06
0.00052733,0,0,1.0502e-06,0.0033287
4.5967e-06,0.012124,0.0029307,1.2711e-06,4.1547e-12
4.3158e-05,0.0018013,0.011369,0.0014904,0.00018345
4.1927e-06,0.013062,0.0016083,3.0388e-07,5.1827e-11
0.0020996,4.6821e-10,8.1915e-10,8.7067e-10,4.115e-06
1.3441e-07,0,7.6318e-12,3.0408e-08,0.0044444
4.4811e-09,6.3076e-15,3.1076e-13,1.2018e-08,0.0044447
0.00095004,0.0017094,0.00013977,0.0022879,0.00017943
6.2844e-05,0,1.9848e-05,5.119e-05,0.0042696
1.3677e-07,6.8989e-05,0.0028883,0.0051224,1.0307e-07
0.0014255,0.0027328,0.002582,9.2895e-06,1.0302e-07
0.0021015,0,0,4.301e-08,2.2717e-07
1.1035e-08,0,3.1982e-14,1.499e-11,0.0044447
0.0021013,4.064e-07,1.2294e-07,4.1956e-07,4.783e-08
0.00081427,3.4733e-07,3.4279e-05,0,0.0027149
2.1169e-05,9.3983e-08,3.1067e-05,0.0056893,0.00018779
0.0020071,9.7612e-06,0,0.00026511,8.4324e-07
2.7533e-08,2.5151e-09,5.6087e-07,0.00566,0.00026088
0.00056454,0.00021049,0.00019129,0.001446,0.002074
0.00087326,0.0082844,4.2113e-05,6.5564e-08,1.7491e-09
0.0012257,9.1479e-10,8.5776e-08,7.9243e-06,0.0018466
0.0015531,0,6.1897e-08,1.8797e-06,0.0011586
0.00037555,0,3.9237e-05,0.002831,0.0015493
3.0101e-05,5.1495e-06,0.00039366,0.0057345,5.3988e-05
0.0020341,2.722e-07,0.00060657,8.7804e-06,2.3612e-06
1.0088e-06,0.00026037,8.3889e-05,0.005875,1.5007e-07
1.1457e-07,0,7.8871e-11,2.5622e-07,0.0044443
0.0020028,0,0.00094636,4.8332e-07,6.1443e-08
9.0206e-08,1.8204e-10,9.3549e-10,5.6703e-06,0.0044403
3.6494e-06,0,1.3634e-10,2.7991e-06,0.0044349
4.886e-08,6.6245e-06,0.00014779,0.0059657,3.7434e-07
5.9998e-07,0,3.8411e-13,2.9501e-10,0.0044434
9.5384e-05,2.3398e-06,0.002166,0.0049597,9.886e-05
0.00021467,0.012642,0,5.5073e-05,1.1159e-08
1.5302e-07,5.4033e-08,9.9811e-07,0.006004,6.2279e-06
0.0014006,4.046e-09,4.3592e-06,3.756e-07,0.0014814
0.00075337,8.9059e-09,1.1768e-07,1.0797e-06,0.0028505
0.00052408,0,3.1429e-07,3.3491e-07,0.003336
0.0020082,0.00028779,0.00035334,4.01e-05,3.416e-08
0.0020119,0,1.0953e-08,9.0872e-08,0.00018955
0.00074719,0.0091588,1.2461e-05,1.786e-08,0
0,0,0,7.0876e-08,0.0044447
0.0020755,0.00016223,2.0434e-05,0,1.4023e-09
1.5785e-05,1.3071e-10,1.3588e-08,0,0.0044113
0.00085296,0.00043992,0.0012053,0.0029054,9.011e-05
3.0699e-05,0,2.0519e-10,1.6659e-08,0.0043798
1.5904e-05,0.0033646,0.011981,0.00064496,0.00024275
0.00040195,4.3854e-11,2.6199e-09,0,0.0035946
4.738e-05,8.9803e-05,0.0080734,0.0034318,5.8402e-07
0.0020972,1.1997e-05,7.6057e-07,5.9844e-06,8.4793e-07
0.00015723,0,2.665e-05,0.00080828,0.0035089
0.0020815,1.4876e-08,2.1584e-07,2.6001e-06,4.045e-05
8.2782e-06,6.3704e-08,7.7242e-07,1.9605e-05,0.0044125
7.6129e-06,0,4.2915e-10,4.0177e-06,0.0044256
0.0018272,2.1815e-07,3.0403e-05,0.0002015,0.00042453
0.00030213,0,6.6151e-07,1.7421e-06,0.0038043
0.00047775,8.2304e-05,0.00018761,0.0044563,7.3338e-05
0.002049,0,6.4605e-09,9.8626e-09,0.00011127
0.0017382,0.00014568,0.0020825,0.00035219,3.6652e-06
0.0020942,0,5.1982e-12,5.1679e-11,1.5548e-05
2.8347e-10,0,1.8638e-12,1.4711e-07,0.0044446
6.1656e-09,7.9041e-15,2.6161e-13,1.3696e-08,0.0044447
1.2542e-05,2.1831e-05,0.00020911,0.0059018,2.899e-06
0.0020468,0,7.2448e-10,3.5341e-09,0.00011593
0.0021009,0,6.28e-07,1.7342e-06,3.074e-08
0.0021016,0,0,0,0
0.0020934,4.5662e-07,4.2434e-07,6.8564e-08,1.7031e-05
0.0020236,7.3765e-06,2.4544e-05,0.00019087,1.6064e-05
0.0020992,1.4047e-05,1.5566e-06,5.1612e-07,4.5063e-09
0.0012044,0.003951,0.0027392,8.0247e-05,6.6112e-08
0.0010427,5.9507e-08,3.3752e-07,0.00058625,0.0018061
0.00056145,1.1582e-09,1.7379e-08,3.042e-05,0.0032348
2.3934e-06,8.9854e-14,1.3937e-12,9.346e-09,0.0044396
0.0015534,0,1.5505e-06,1.1498e-05,0.0011505
3.3304e-07,0.0066218,0.010757,5.7884e-06,2.0579e-11
0.0019432,4.275e-07,0.00015387,0.00025274,0.00011405
0.00097868,0,3.3196e-10,2.8486e-08,0.0023748
0.0020963,8.3927e-07,1.8371e-06,1.4157e-05,4.2176e-08
1.9794e-06,3.5437e-07,1.5849e-06,0.0016517,0.0032192
0.00015042,1.748e-14,1.075e-12,1.2445e-09,0.0041266
0.0020979,7.0847e-09,9.996e-08,2.1901e-08,7.6395e-06
0.0021014,1.1142e-07,2.3101e-07,3.4825e-07,1.0817e-07
2.3082e-06,3.2843e-10,1.0464e-07,0.00060173,0.003995
0,0,0,0,0
0.0021013,9.4854e-07,1.2891e-06,2.3915e-09,7.9895e-09
0.0016046,1.7517e-07,5.6226e-07,0.0005217,0.00066535
0.0021016,0,0,0,0
0,0,0,0,0
0.0020151,0.00038661,7.9976e-05,5.8448e-05,1.323e-06
6.5661e-07,8.2147e-13,1.095e-11,4.3127e-08,0.0044433
2.4981e-05,0,3.7791e-06,2.0489e-06,0.0043895
8.7668e-05,0,3.1704e-10,2.3362e-08,0.0042593
0.00082647,6.0424e-05,0.0098716,0.00065942,1.4981e-05
0.00010409,1.3266e-05,1.9102e-05,0.0048703,0.00061625
0.0021012,2.0269e-08,3.5001e-08,8.0572e-08,6.4294e-07
0.0013472,3.6002e-05,9.927e-05,0.0021108,2.2377e-06
1.3522e-05,3.1468e-09,7.6214e-09,0.00012035,0.0043272
0.00023672,2.2627e-09,2.604e-06,0.0044704,0.00063916
0.00010321,0.0014008,0.016998,5.7914e-05,8.7603e-10
1.3674e-06,0.0079068,0.0089378,2.1721e-06,1.1003e-14
2.5905e-06,1.6577e-08,2.7514e-08,2.0096e-05,0.0044244
0.0020062,0.00063939,8.643e-06,3.3262e-09,2.3374e-11
0,2.8825e-10,7.2474e-08,0.0030841,0.002165
0.0019673,4.1893e-05,0.0010916,4.0969e-05,1.0032e-07
0.0020429,1.0969e-06,0.00024239,7.6475e-05,1.3871e-05
5.9147e-08,1.4809e-09,7.5158e-08,0.0042959,0.0012692
0.0019133,1.2548e-08,0.00014289,3.5814e-05,0.00034021
5.6193e-05,1.1113e-13,0,4.7202e-09,0.0043259
0.0020299,0.00047238,1.8135e-05,0,9.0521e-10
0.00053331,0.0025004,0.0050474,0.0019252,1.8765e-07
0.0020603,1.1366e-05,0.00030261,2.3151e-05,4.6167e-09
0.0015521,0.00040947,0.00057936,0.0012258,4.2809e-07
0.0019123,0,2.5645e-05,7.7174e-06,0.00038895
0,8.5483e-09,4.6515e-09,1.8165e-06,0.0044434
0.0020837,2.3127e-08,2.5115e-08,4.5604e-08,3.7779e-05
0.0020258,0,2.4685e-09,1.2391e-08,0.00016032
0.0019638,5.094e-08,3.304e-06,2.7338e-05,0.00027038
0.0020911,5.0476e-05,1.6262e-05,3.679e-06,3.1533e-10
1.8431e-05,0.011402,0.0033653,0.00013731,3.3941e-09
1.222e-06,2.1456e-07,3.142e-06,0.0008059,0.0038457
0.0001715,0,1.912e-08,3.1056e-06,0.0040797
0.0020439,0,1.0065e-08,2.0067e-08,0.00012207
3.6955e-05,0.00023654,0.00092041,0.0046039,0.00068676
6.4995e-07,0.0012029,0.0052179,0.003946,8.063e-07
3.5983e-08,4.936e-12,8.0934e-11,2.5515e-06,0.0044428
0,3.4661e-05,0.00086032,0.0055785,0.00012088
0.0018297,2.0074e-06,6.7239e-05,0.00048864,0.0001984
0.0019828,0.0006316,0.00016808,0,1.6893e-05
0.0021015,2.7518e-07,0,0,0
6.0758e-05,1.5089e-09,6.9684e-07,7.1304e-05,0.0042634
9.7131e-07,0.00096591,0.00063527,0.0054126,7.0683e-08
0.0021015,4.0049e-07,1.3715e-07,5.8142e-08,3.9865e-08
0.0010123,0,4.5924e-08,4.7281e-07,0.0023033
0,1.3926e-06,0.0050445,0.0045055,2.2732e-06
0.0021016,2.2485e-09,1.4387e-07,0,0
6.9137e-07,0.0037065,0.0087098,0.0018475,4.0499e-08
0.00072365,0,2.8885e-08,3.234e-07,0.002914
0.0021016,2.207e-08,9.8403e-09,0,2.2842e-08
0.00013375,0.0025325,0.014116,0.00035123,2.8651e-09
0.0021016,0,0,0,0
0.0006128,0,0,0.0042598,1.403e-08
0.0015409,9.8481e-09,3.7347e-07,1.1997e-06,0.0011848
0.0020997,0,1.1714e-05,1.4927e-06,3.1434e-07
0,1.4111e-06,1.0777e-06,0.00041053,0.0041406
0.00070255,0,3.0092e-12,7.5409e-11,0.0029589
8.0538e-06,2.432e-10,2.2948e-05,0.00026298,0.0042282
0.0011784,1.9801e-07,1.3442e-05,0.0024626,0.00012926
0.0021006,4.0954e-06,3.7715e-06,1.7288e-09,6.69e-11
1.4334e-05,0.00024399,0.014475,0.0015474,4.4469e-06
0.0002616,0,1.8006e-10,7.6167e-09,0.0038915
0.0020086,8.265e-05,5.7628e-05,0.00020555,6.1713e-06
0.0021016,0,0,0,0
0.00089868,7.7139e-09,8.027e-09,2.1094e-08,0.002544
0.0018052,0,4.0862e-08,1.2442e-07,0.00062683
3.0096e-06,1.2817e-07,1.5811e-05,0.0059868,9.5958e-06
5.0949e-07,1.1518e-08,8.5021e-07,0.00039635,0.0041505
6.7026e-06,0.014148,4.4634e-05,9.5241e-08,1.3182e-11
0.0021006,3.3845e-08,3.5966e-07,5.7225e-07,1.4727e-06
0.0020988,7.076e-06,3.4544e-06,3.9601e-06,1.4573e-08
0.0017142,6.3501e-07,9.7313e-07,0.00081394,0.00021715
1.8403e-06,2.3739e-07,3.0371e-05,0.0059901,6.3765e-06
2.8395e-05,0.0012256,0.017121,0.00030922,8.1458e-08
0.0020264,2.7505e-08,8.1188e-08,7.7634e-05,0.00010168
0.0019559,0,7.3063e-07,7.0835e-08,0.00030794
0.0011247,3.8266e-08,3.564e-08,6.7627e-08,0.0020659
0.0010949,0,1.3739e-10,1.2489e-07,0.0021289
0.00066708,0.00028517,1.8736e-05,0.0028218,0.00085493
2.3021e-05,2.7631e-07,1.5655e-07,0.00014403,0.0042894
0.0020759,0,1.2431e-12,0,5.43e-05
0.0020131,1.564e-06,1.298e-05,0.0002467,1.4892e-06
1.8856e-05,3.6633e-07,1.7911e-05,0.0059108,3.1747e-05
0,4.8409e-05,0,0.0059917,7.3127e-07
0.0020998,5.1574e-09,3.8981e-06,3.375e-06,4.2725e-07
0.0019117,3.7064e-08,2.1414e-06,3.7081e-05,0.00037379
0.0021014,2.3426e-07,1.5069e-07,1.5276e-07,1.3665e-07
0.00048397,0.00028678,5.2391e-05,0.0025845,0.0014096
0.00016472,1.0748e-07,9.1944e-06,0.0053908,0.00010966
0.0015938,0.00028234,9.5262e-06,9.2431e-05,0.00091533
0.0011584,0.0051538,0.0017434,4.5496e-07,2.6098e-11
1.805e-05,1.7125e-08,8.5026e-09,1.9486e-05,0.0043921
0.0019667,4.8018e-06,6.1681e-06,0.00038132,5.5065e-07
0,0,0,0,0
0.00023413,3.0476e-05,1.3116e-05,0.0053162,7.6058e-06
0.00013658,2.7426e-05,0.00067653,0.0041793,0.00090903
1.6252e-09,5.0072e-13,2.3534e-11,8.3808e-07,0.0044441
1.0906e-06,2.5596e-06,0.016605,0.0010037,4.0237e-05
0.0020029,0,9.7421e-08,7.2957e-08,0.00020856
0.00195,7.0953e-07,0.00076193,2.1381e-07,0.00015226
0.0020914,5.3242e-10,6.6479e-09,9.5692e-08,2.1492e-05
2.552e-06,7.4227e-11,1.9997e-09,3.5831e-06,0.0044367
0.0005264,0.010574,0.00012528,1.025e-08,1.7457e-13
1.0682e-05,0.0023032,0.016617,5.4795e-05,6.969e-13
1.9589e-05,4.1039e-07,6.1811e-07,0.00060182,0.0039582
3.773e-07,1.3357e-08,3.756e-06,0.00032204,0.004205
0.0020889,5.2475e-09,2.9681e-07,1.0883e-06,2.5972e-05
8.3466e-05,5.3192e-05,0.0008877,0.0054709,1.2075e-05
0.0020821,6.0204e-07,3.2886e-06,5.2794e-05,1.3472e-06
0.0011929,0.00038717,0.0081711,0,0
0.00025741,0,6.9786e-09,2.737e-06,0.0038983
0.0021016,0,0,0,0
0.00013178,0.011583,0.0023955,2.546e-05,3.6769e-09
0,0,0,0,0
3.5894e-06,7.5457e-08,7.0653e-07,0.0030939,0.0021501
5.0259e-06,0.014179,1.7383e-05,1.6744e-07,8.5358e-11
1.3805e-06,5.5974e-08,2.8971e-05,0.00057417,0.004011
0.0020869,0,2.7986e-08,4.2774e-06,2.7779e-05
0.0020887,0,1.3625e-06,3.6401e-05,0
2.7421e-05,2.5778e-05,2.2671e-05,0.0046997,0.0008998
0.0020984,0,6.1617e-06,0,5.4742e-06
1.0097e-06,0,0,0.006007,2.4695e-06
0.0021014,6.7309e-07,4.9947e-07,7.4317e-09,1.0933e-07
0.0010281,0.0022376,0.0070847,1.3406e-05,1.5946e-10
0.0017918,0.00011991,0.0015604,0.00037032,8.894e-08
0.0020955,4.7327e-11,5.0112e-10,1.0856e-08,1.2835e-05
0.0020685,4.745e-05,8.1599e-05,4.5981e-05,3.1887e-06
1.0485e-05,0,3.4543e-05,3.3003e-05,0.0043905
0.0021016,3.796e-12,2.5482e-11,0,4.1685e-08
0.0014706,0.0037334,0.00076173,1.9149e-07,2.1143e-09
0.0020077,0.00055373,9.6417e-05,5.6035e-06,1.6469e-07
0.00017894,4.5948e-08,3.7786e-08,6.6134e-06,0.0040614
0.0020961,8.3785e-06,3.8619e-05,4.999e-07,1.1138e-09
0.00024277,1.5779e-06,4.1241e-05,0.0053003,3.9569e-06
8.9774e-06,0.0003921,0.00024819,0.0057463,1.1056e-06
0.00014033,4.3203e-11,2.7708e-09,2.4613e-07,0.0041477
7.858e-08,1.733e-11,6.0544e-10,2.6398e-06,0.0044426
8.7972e-05,0.00017519,0.0010455,0.0053749,6.2744e-07
0.0015614,5.9338e-06,8.7652e-06,0.0012157,0.00024013
3.6039e-06,1.1624e-05,3.2887e-06,0.0032718,0.0020143
0.001626,1.954e-06,0.00011802,0.0013225,1.5658e-06
0.0011205,2.9865e-05,2.1158e-05,0.000722,0.0015272
0.0018986,0,2.2337e-11,5.636e-13,0.00042928
8.505e-05,1.9124e-07,5.2654e-06,0.005518,0.00018493
4.4312e-05,0.012654,0.00079701,0.00029965,2.6867e-09
0.0006014,2.5529e-09,1.3919e-08,1.099e-06,0.003172
0.0016271,1.0564e-09,9.5391e-08,1.7365e-06,0.0010022
8.6093e-06,5.4193e-15,0,2.676e-10,0.0044265
0.0021014,3.8788e-07,9.3238e-07,0,0
3.7621e-07,0,1.19e-10,5.1283e-07,0.0044435
7.8682e-05,2.0422e-06,1.6986e-05,0.0019899,0.002803
9.3458e-05,3.1616e-07,2.5274e-05,0.0057366,1.1356e-06
0,0,0,0,0
0.00063727,0.0089286,0.0013927,3.4251e-07,1.1015e-10
9.0139e-07,0.00046238,0.0172,0.00068683,8.037e-08
0.00098074,0,2.1611e-07,5.1756e-05,0.0023322
2.1341e-06,0.00016182,0.0017917,0.0053413,4.6688e-05
0.00011357,0.0012898,0.0012973,0.0047562,1.1521e-08
1.0124e-05,1.1513e-14,3.5667e-10,2.5915e-08,0.0044233
0.0010173,2.2322e-07,1.3349e-07,2.6532e-05,0.0022736
0.0006357,5.7599e-11,5.6208e-10,1.5195e-07,0.0031001
3.8018e-07,0.013476,0.0010297,8.5448e-06,6.9863e-11
0.0020792,0,0,4.028e-05,1.7595e-05
0.0017018,1.6084e-10,2.8658e-07,2.628e-06,0.00084358
0.0020823,0,0.00017531,3.0378e-06,2.3096e-10
0.0021015,4.6884e-07,2.0345e-07,1.3357e-09,7.6078e-08
0.0013191,0,7.5771e-06,5.1414e-07,0.0016529
2.3352e-07,5.7928e-05,0.0038637,0.0048034,2.4159e-05
0,5.4441e-08,4.9647e-05,0.0059903,5.9413e-06
0,0.0057394,0.011978,1.2261e-05,2.5835e-06
0.0018787,0.0013963,0.00015421,1.5844e-06,4.7867e-10
1.8542e-05,0.00023263,7.4974e-05,0.005835,3.2862e-06
0.00044316,6.3318e-09,3.8205e-06,1.5103e-05,0.0034955
1.5091e-06,3.9105e-13,0,2.1004e-10,0.0044415
0.00059774,3.5486e-06,1.884e-06,0.002193,0.001558
0.0015798,0,9.8501e-09,1.3034e-07,0.0011034
0,0,0,0,0
3.1259e-07,0.0040616,0.0144,2.0939e-06,4.5562e-15
0.0020075,0.00059673,2.09e-05,1.0658e-05,2.8447e-10
0.00011502,0.012832,0.00083552,1.0878e-05,1.7808e-10
0.0021007,0,3.8431e-07,1.337e-07,1.6558e-06
0,0,0,0,0
7.375e-06,3.4111e-08,1.2493e-06,0.00066703,0.0039358
0.0020851,9.3589e-05,8.7285e-06,4.8602e-06,1.7508e-09
0.00011257,0.012808,0.00091999,2.8098e-06,1.7014e-12
1.2981e-05,0,1.3212e-07,5.322e-05,0.0043779
0.00046732,0,5.4222e-11,2.1246e-08,0.0034564
0.0020702,0.00020785,6.5149e-06,1.034e-08,0
0.001558,1.536e-06,2.3077e-05,1.6636e-06,0.0011428
0.001976,1.168e-05,4.0076e-05,0.00022587,8.6255e-05
0.00091087,1.8019e-13,7.5356e-11,2.0028e-08,0.0025183
2.3086e-07,0.00013931,0.017656,0.00068949,2.7641e-11
0.0015736,0.00035326,0,0.0013615,3.197e-09
0.0020959,3.2483e-08,9.1319e-07,6.191e-06,7.1539e-06
0.0020738,0.00017832,0,4.0662e-06,8.4427e-08
0.0020977,1.5369e-11,3.7851e-09,1.5798e-07,8.1639e-06
0.0020953,2.8418e-06,5.5867e-05,0,0
7.8956e-05,5.7732e-08,3.0953e-06,0.0054487,0.00024957
0.00050232,3.156e-10,8.7175e-10,2.8448e-05,0.0033613
0,0.001603,0,0.0053344,8.8983e-07
2.8771e-06,0,5.0802e-09,1.809e-07,0.0044385
0,0.005263,0.00012463,0.003107,0.00047622
0.0010714,0.00011903,2.7748e-05,0.0028857,2.4938e-06
0.0020703,7.9439e-07,1.2966e-06,0,6.5671e-05
3.4806e-05,0,0.000619,0.0057274,1.226e-06
0.0020097,3.2145e-07,0.00031874,3.4184e-05,9.8672e-05
0.00034473,0.00052363,0.00075515,0.0045779,1.809e-06
0.0011893,5.7653e-09,3.8064e-08,6.8854e-05,0.0018785
1.6188e-06,1.109e-07,2.8628e-06,0.0059506,4.2191e-05
0.00040851,2.2251e-07,3.9277e-06,0.00098571,0.0028512
0.0021009,3.5011e-06,2.1736e-07,3.6849e-07,1.3064e-08
0.00094442,1.8248e-09,1.6139e-06,0.0031695,0.00010422
1.7871e-09,0,1.5405e-11,3.8503e-08,0.0044447
0.0010253,0,1.9548e-09,4.0744e-06,0.0022732
0.00048798,6.7051e-06,0.00015459,0.0045553,9.3752e-06
0.0019892,1.1009e-11,1.6996e-10,8.6326e-09,0.0002376
0.0020819,3.4291e-07,1.0251e-06,5.4825e-05,8.5587e-07
0.0015904,2.6106e-05,2.3418e-05,0.0013206,9.1597e-05
0.0021012,2.0562e-07,2.7637e-06,1.1442e-07,8.1438e-10
0.0013755,0,2.731e-09,1.3912e-07,0.0015354
0.0018071,0.0014671,0.0004424,8.8652e-05,1.3597e-06
2.5831e-05,0,9.6607e-08,2.6772e-05,0.0043703
8.1e-05,0.00087588,0.01024,0.0023556,1.7256e-06
0.00088485,7.7238e-06,2.0674e-05,0.00067706,0.0020659
0.0020987,1.7424e-05,3.158e-06,2.3792e-08,1.5533e-09
9.0932e-06,3.329e-05,0.00016107,0.0059203,3.5363e-06
0.0020574,6.2456e-09,1.417e-07,0,9.3384e-05
0.0020996,1.3266e-07,3.8487e-07,5.4489e-06,5.9643e-08
0.0021015,0,3.4747e-11,2.4733e-12,1.4958e-07
0.0020906,5.3404e-05,2.3494e-05,1.9414e-06,5.6518e-09
0.002083,2.0005e-05,2.4225e-05,3.7239e-05,1.5869e-07
0.0020432,0.00032907,8.276e-05,3.0271e-06,7.4589e-08
0.0020502,0.00033746,8.0847e-06,2.0619e-06,7.3965e-11
0.0020856,0,3.7272e-12,1.4121e-11,3.3786e-05
0.0020994,6.3638e-10,7.9527e-08,6.3231e-06,0
1.3227e-06,1.7995e-13,4.2835e-10,2.7551e-06,0.0044399
0.0021015,0,1.0221e-07,1.3358e-10,2.2845e-07
0.00043956,7.6267e-08,0,0.0046214,9.9066e-05
1.8359e-05,1.7565e-10,5.1831e-08,2.8117e-06,0.0044038
0.0021012,0,8.5065e-07,7.5303e-08,5.2549e-07
0.0015274,1.6166e-07,3.9463e-07,0.00031845,0.00097881
0.0020998,1.1447e-07,1.233e-07,2.2068e-06,2.0352e-06
1.6902e-08,7.6992e-12,4.8999e-09,7.7701e-09,0.0044447
0.0021016,0,0,0,0
0.0021008,2.9693e-07,3.4408e-07,2.0257e-06,8.7054e-08
0.0020744,1.0507e-08,1.56e-07,4.6985e-05,2.2796e-05
0.0017729,0,0,1.2543e-08,0.0006952
7.5387e-05,1.0338e-06,6.928e-05,0.0057761,2.1289e-07
0.00023288,0.0019876,0.005754,0.0024649,0.00024113
4.251e-05,0,2.2706e-07,6.0774e-06,0.0043503
0.002098,2.1657e-05,3.386e-06,1.791e-08,9.8642e-10
1.6435e-05,0,4.5859e-11,1.7453e-07,0.0044098
0.0020917,2.7314e-05,4.2241e-05,4.0674e-06,3.4264e-08
8.2513e-06,0.0035623,0.00013413,0.0044374,4.694e-06
0.002034,0.00026968,2.6134e-05,2.4857e-05,3.4581e-05
5.5782e-07,5.0113e-11,0,0,0.0044435
0.0020553,0,7.9412e-06,2.1138e-05,8.05e-05
0.00032981,1.6798e-07,1.5735e-07,0.00028056,0.0035397
0.0021016,0,0,0,0
0.0020371,2.7108e-05,0.00033659,7.2793e-05,6.5664e-10
1.0599e-08,0,4.0739e-12,3.5001e-09,0.0044447
0.00049452,0.0037543,0.0027621,0.0021859,1.3827e-06
8.5196e-13,0,4.8222e-13,2.5644e-08,0.0044447
3.2367e-07,1.25e-08,1.4233e-08,0.0057881,0.00016568
0.00022955,0,0.00012928,0.00010366,0.0038541
2.7844e-05,0.00020273,0.01923,0.0001143,3.3688e-09
0.0018289,1.9173e-06,1.3285e-06,0.00048485,0.00021753
0.0014532,0.0022217,0.0030696,7.9637e-07,8.7547e-13
2.3081e-05,0.00051923,0.00015438,0.0056728,6.538e-06
9.0359e-06,2.4769e-08,1.2901e-05,0.005973,7.7448e-06
5.8663e-06,1.4116e-05,3.6405e-05,0.0059716,5.9029e-06
1.2809e-09,0,2.0703e-15,0,0.0044447
2.0694e-05,0.00050518,0.0007283,0.0055125,7.9749e-06
0.0015487,5.3319e-05,0.00043057,0.0014137,1.2836e-05
1.1901e-05,0,1.9137e-09,4.246e-08,0.0044195
0.0021016,0,0,0,0
2.152e-08,5.8798e-09,9.5966e-06,0.0035589,0.001812
0.0016106,0,1.136e-07,1.3983e-06,0.0010372
1.4526e-05,1.4505e-10,3.8257e-08,0.00014804,0.0043046
0.00032309,8.594e-09,0.0001248,0.0048536,0.0001463
0.0020604,0.0002144,8.3157e-05,0,1.7815e-06
0.0010121,8.6095e-06,0.0033235,0.0011917,0.00068818
5.0586e-05,1.6805e-07,1.0765e-05,0.0016584,0.0031095
0.0021011,0,9.4533e-10,0,1.0715e-06
0,7.5617e-07,3.7883e-05,0.0058865,8.5048e-05
0.0015436,0,9.1303e-11,1.6849e-08,0.0011801
0.00027549,4.6831e-10,4.1288e-05,0.00034824,0.0035956
0.0020179,0.00020763,0.00037751,3.9143e-05,1.5553e-08
0,0,5.0243e-07,0,0.0044446
0.00086199,0,0.0010366,0.00064724,0.0019148
0.0021015,1.0019e-08,3.7638e-08,1.2762e-08,2.5056e-07
0,0,0,0,0
0.00018921,1.0017e-05,0.00011303,0.0054313,1.8866e-06
0.00027462,3.8096e-07,6.0035e-06,0.0048047,0.00031099
1.4107e-05,1.0368e-07,2.3375e-05,0.0058981,5.007e-05
5.6875e-07,5.4862e-07,4.3189e-06,0.0059986,8.4348e-06
0.0015297,0.0035371,0.00037256,2.803e-05,1.4555e-06
0.0010153,2.828e-05,1.6406e-05,0.0029374,0.00011385
0.0020923,9.6704e-06,2.1773e-06,2.1763e-05,2.9897e-08
0.0021012,0,3.2446e-09,5.8844e-10,7.6861e-07
0.0020507,2.1456e-07,1.4522e-06,1.1962e-05,9.8374e-05
0.0021009,0,6.3331e-06,9.9505e-09,1.9498e-08
0.0019638,2.0333e-05,2.4556e-05,3.2446e-05,0.00025555
0.0011665,0.0043175,0.0022872,0.00016849,2.853e-09
0.00058011,2.0897e-06,0.00061107,0.0039505,0.00016248
2.2938e-05,0.00051279,0.0042271,0.0044705,7.0152e-09
0.0021016,0,0,0,0
0.0021013,1.6222e-06,1.4662e-07,0,1.4281e-12
0.002092,0,7.8198e-06,3.9981e-07,1.8235e-05
5.3782e-05,0.012132,0.0024519,3.4082e-09,2.1142e-12
0.0020197,8.7675e-05,0.00065885,7.6585e-07,1.8359e-10
0.0020363,4.6024e-07,1.4503e-06,0.00018057,4.1337e-06
2.5478e-05,5.7953e-08,2.9758e-07,0.00020416,0.0042398
0.0012567,2.6924e-06,0.004141,0.0010359,0.00010777
2.8032e-05,9.2017e-10,2.9365e-08,1.3928e-05,0.0043751
