4.6165e-09,0,1.2082e-10,2.8235e-08,0.0048234
0.0010015,2.493e-06,6.217e-05,0.0026017,0.00032049
3.7229e-08,4.2364e-06,0.010718,0.002212,5.1292e-07
0.0020634,4.983e-05,3.1997e-05,2.5294e-06,3.2996e-07
0.0020201,5.7183e-06,0.00034699,2.6708e-05,7.4303e-06
0.0017138,8.9117e-14,9.9304e-14,1.4289e-10,0.0008401
0.00036879,8.1304e-06,1.6503e-05,0.0047752,6.3954e-08
6.7579e-05,0.009848,0.005298,6.9529e-07,1.247e-12
0.0015089,2.3448e-08,4.587e-07,0.00023402,0.0011221
0.0017258,0.0023706,0.00013391,8.6052e-06,4.7664e-08
0.0020715,2.6986e-05,0,4.9841e-08,1.5309e-09
0.0019561,0,0,0.00018962,0.00011979
0.0020753,0,0,0,0
3.8523e-05,0.0079834,0.0074878,7.4186e-05,4.9699e-10
0.0020681,0,0,8.1828e-07,1.6047e-05
0.0020624,2.9128e-08,0,3.4918e-05,9.498e-07
0.001976,4.0559e-07,2.3322e-06,0.00016257,9.5012e-05
0.0001144,1.7083e-08,5.9176e-08,5.0876e-06,0.0045532
5.6901e-09,9.5149e-13,6.1896e-11,7.1812e-07,0.0048228
0.0020752,2.7794e-10,5.3328e-11,4.5645e-10,6.5707e-08
0.00083744,1.6505e-09,5.0298e-08,7.5388e-05,0.0028145
2.4275e-10,1.7073e-10,5.6039e-10,5.5405e-05,0.0047775
0,0.013376,0.0016091,5.227e-05,5.9504e-08
1.5502e-06,0,3.2182e-09,1.0155e-07,0.0048197
0.0019984,0.00029504,0.00029844,0,2.4573e-09
0,0.0026245,0.013096,0.00038986,1.3188e-10
3.2712e-05,0,3.1967e-09,4.2314e-08,0.0047473
7.0473e-05,0.0077687,0.0065215,0.00039335,1.5444e-08
0.0013575,0,0.0058568,4.2997e-05,9.8197e-08
0.0018592,2.0216e-07,1.3706e-05,7.194e-07,0.0004977
5.0168e-06,2.52e-16,9.2859e-15,2.8721e-12,0.0048117
0.0020751,0,3.4265e-09,0,3.9784e-07
7.4429e-05,0,3.6959e-06,2.039e-05,0.0046325
0.0020753,1.2527e-13,0,1.944e-10,0
0,0,3.3718e-08,0.0028286,0.0024783
1.9823e-05,4.7494e-11,1.8915e-07,0.00018442,0.0046244
4.8305e-05,0,7.9512e-11,1.8783e-07,0.004711
0.0020595,1.6468e-06,8.557e-06,2.033e-05,1.6749e-05
7.0306e-05,0.00051771,0.015852,8.8761e-05,6.2257e-08
0.0020741,2.2286e-06,7.3175e-07,2.0045e-06,1.687e-09
0.0020125,0.00023449,0.00020883,1.3951e-05,7.6516e-08
0.0020753,0,0,0,0
0.0020738,4.873e-06,2.0405e-06,1.4817e-06,1.3415e-09
0.00028666,8.1054e-10,9.6725e-09,6.1346e-06,0.004152
1.1949e-05,7.8867e-09,1.1052e-07,0.0012553,0.0037548
2.1488e-05,7.9121e-06,0.00047057,0.0055169,6.5922e-05
0.0020752,1.9896e-11,0,9.0734e-09,1.2655e-08
0.0019044,0.00081054,0.00047393,3.062e-06,8.6248e-11
0.0013065,7.3169e-10,1.9934e-08,3.1412e-07,0.0017865
3.6376e-07,6.0405e-08,4.4094e-07,5.3471e-05,0.0047781
0.0020751,0,1.4653e-10,8.0515e-09,3.2051e-07
0.0020665,7.7404e-13,4.878e-11,0,2.0314e-05
0.0020749,1.7708e-07,3.6767e-07,9.3881e-08,4.8597e-07
0.0012279,0.00044388,0.0049431,0.00053883,1.0642e-06
0,0,0.0038618,0.0045188,6.2519e-07
0.00197,0.00024284,1.3927e-05,0.00019513,2.2821e-07
9.0951e-06,0,1.0848e-05,0.0023521,0.0028492
0.0020388,1.0878e-06,5.9106e-06,9.8254e-05,1.3724e-06
0.0020743,5.3154e-10,3.2585e-10,5.7897e-09,2.1494e-06
0.002075,0,2.2115e-06,5.7129e-08,1.1022e-09
0.0020753,0,9.8255e-12,0,0
0.0020724,0,8.282e-06,7.6949e-07,3.6612e-06
0.0019779,0.00066232,4.2144e-05,6.1208e-08,1.3954e-11
0.0020654,8.0015e-06,4.5079e-06,1.8423e-05,3.681e-06
0.0020653,3.0084e-06,1.2173e-05,1.7049e-05,4.5294e-06
9.2599e-05,0.013902,0.00038179,7.914e-09,2.3839e-13
0.0020726,1.1267e-05,2.0152e-06,1.5624e-06,7.4628e-07
0.0015525,2.506e-05,6.1766e-05,0.0014337,1.1451e-06
0,0,0,0,0
0.0020742,0,8.4321e-08,2.6651e-06,1.9665e-07
0.0005822,0.0010658,0.011211,2.0464e-07,1.4378e-10
0.00052691,2.7985e-10,0,0.0043408,0
0.0020714,1.2268e-07,1.6021e-07,4.5031e-06,5.1668e-06
0.0010944,4.4198e-05,0.00035445,0.0026026,8.8701e-06
0.002075,3.1299e-09,0,3.632e-07,2.9565e-07
0.0020732,0,1.7271e-05,1.0843e-09,2.7019e-12
8.5212e-06,0.012841,0.00082001,0.00050236,4.3121e-07
5.1496e-05,0,1.4165e-07,7.7686e-07,0.004703
3.424e-05,0.0039739,0.012402,3.1733e-08,3.5106e-11
0.00078883,4.0152e-11,8.6737e-11,3.8802e-06,0.0029867
4.2296e-05,0.013803,0.00052563,0.0001311,3.4394e-07
9.5871e-06,0.0018823,0.0071243,0.0026603,1.8254e-07
0.0020413,0.00021022,1.5004e-05,7.8055e-06,8.7376e-08
0.00023673,0.002031,0.010062,0.00097763,3.6786e-07
5.5617e-06,4.8607e-06,2.5012e-06,0.0042406,0.0012925
0.0020753,0,0,0,0
0.0020659,1.807e-07,6.9001e-09,0,2.1725e-05
4.4689e-05,0.0012839,0.00038581,0.0050459,1.2882e-05
0.00011677,0.0073821,0.0011395,0.0022239,1.7894e-07
0.0020651,4.6838e-05,3.0295e-05,7.568e-08,3.3542e-08
0,1.5221e-09,0,3.5415e-07,0.0048231
0.0020748,5.8792e-08,7.76e-07,8.4146e-07,1.6494e-07
0.0020402,1.8325e-09,3.8702e-08,5.006e-08,8.1329e-05
0.0015718,0,3.9663e-08,1.2946e-06,0.001169
9.7386e-09,0.014733,0.00015817,1.0261e-05,3.7527e-12
0.0011277,0.00041723,0.0037137,0.0011286,9.645e-05
0.0019484,1.4251e-05,5.6745e-06,0.000344,3.5342e-06
1.2094e-06,0.00016866,0.00051067,0.005577,6.4542e-09
0.0020708,8.6589e-12,0,5.6052e-10,1.0291e-05
1.6451e-05,0.0038884,0.0038451,0.0029581,1.7928e-06
6.4351e-05,0.013571,0.00095053,1.7456e-05,1.6485e-08
7.645e-07,1.1771e-07,1.4329e-05,0.0054179,0.00032586
5.6177e-06,0,1.607e-07,0,0.0048103
0.002075,1.1827e-06,1.3534e-07,1.5905e-07,6.8592e-11
0.0020753,0,0,0,0
0.0020752,0,0,6.779e-09,1.9008e-08
0.0020097,1.0931e-08,5.201e-07,1.2323e-05,0.00014204
2.182e-10,1.0369e-11,2.9514e-10,2.5308e-05,0.0048024
9.7876e-12,0,0,4.8036e-08,0.0048233
0.0020749,1.8829e-06,1.2992e-07,9.8261e-08,2.4118e-09
0.0020675,4.2779e-05,6.7964e-06,1.36e-06,1.1262e-06
3.256e-06,0.00070104,0.0072033,0.0030227,7.4939e-05
0.0016362,0.00058746,0.002346,0.00021239,2.6582e-07
0.0020588,2.7195e-06,7.6866e-06,3.6283e-05,5.0197e-06
1.0094e-08,5.9788e-12,1.8959e-07,0.0013967,0.0036653
0.00014518,1.5821e-05,3.9193e-05,0.0053875,3.3701e-06
0,0,0.017186,3.9779e-05,1.0085e-11
0.0013536,1.9837e-05,3.6938e-05,0.00098881,0.00084091
4.176e-05,1.0567e-06,0.00033404,0.0055879,1.4796e-07
0.0020666,5.3398e-05,5.2436e-06,1.6483e-06,5.655e-09
0.0019351,3.2392e-06,0.00023828,0.000296,1.2966e-05
0,5.3857e-06,0.010218,0.0023802,4.2123e-08
0.0020679,0,1.4807e-11,0,1.7139e-05
6.3708e-06,1.8822e-05,0.00052107,0.0056172,2.3769e-07
7.7594e-06,0.01091,0.0030132,0.00052191,4.5288e-09
0.00016742,1.6122e-09,1.86e-08,7.8065e-05,0.0043695
0,0,0,0,0
0.00079028,4.3105e-05,0,0.0035849,5.6303e-07
0.0020625,5.4893e-06,5.3376e-06,3.1583e-05,9.3339e-08
0.0010033,0,2.4028e-12,1.3875e-08,0.0024914
0.002072,2.9761e-08,1.7502e-07,1.6891e-08,7.5588e-06
6.3287e-07,4.9386e-07,8.3443e-07,0.0056916,0.00010283
0.00067901,1.3394e-09,5.1598e-10,3.4215e-06,0.0032424
2.3724e-07,1.5694e-10,6.6172e-09,4.2958e-08,0.0048228
0,0,0,0,0
0,0,0,0,0
0.00051214,0.001185,0.011471,6.2126e-05,2.1678e-07
5.0742e-06,5.041e-11,3.7441e-08,0.00059105,0.0043216
0.00052845,1.3923e-08,6.3263e-06,0.003665,0.00055489
0.0002407,0.010374,0.003245,1.0731e-07,9.7276e-13
0.0020752,1.915e-08,1.5415e-08,8.5015e-08,2.3421e-09
0.00022306,0.011223,0.0016712,0.00024725,0
1.1389e-05,2.1699e-08,1.3549e-06,0.00014521,0.0046761
7.0386e-05,0.0077687,0.0013648,0.0021271,2.7563e-07
0.0020731,6.7261e-06,1.1417e-06,2.9448e-06,1.0491e-09
0.0017081,4.9298e-10,1.1052e-07,6.0766e-05,0.00080303
9.8996e-05,0.0050654,0.0067463,0.0012876,5.0664e-06
0.0020751,1.9958e-07,1.1395e-07,8.3014e-08,1.1062e-07
2.861e-09,8.2689e-14,1.5576e-11,1.5687e-08,0.0048234
0.0002678,2.2896e-10,0,0.0050672,0
0.0020719,9.1329e-06,0,5.8935e-06,0
0,0.00024919,0.00081705,0.0035593,0.0015641
0,2.7058e-09,2.0932e-06,0.0058172,0
0.00099447,8.6416e-14,2.5668e-11,4.2567e-09,0.002512
4.4492e-06,4.7961e-09,1.7795e-07,0.0057147,7.5211e-05
0.0020638,1.7009e-05,5.5021e-05,6.7756e-06,8.5101e-08
0.0019833,0,4.2864e-12,4.8168e-09,0.00021381
1.1656e-05,3.2341e-11,4.4692e-10,4.2773e-08,0.0047963
0.0015284,0.0038897,4.0856e-05,1.6994e-07,9.5204e-09
0.00037312,0.0023756,0.00044206,0.0035443,0.00012525
0.0020752,3.936e-10,4.5027e-10,7.2196e-09,4.5543e-08
0,3.3382e-14,0,1.5425e-08,0.0048234
0.00029473,0.012775,0,1.7877e-06,5.3026e-09
0.00016741,0,1.2942e-09,1.7356e-08,0.0044343
0.0020589,1.6627e-11,7.5097e-11,1.3567e-08,3.8058e-05
0.00058328,1.2013e-06,0.0027607,0.0030984,0.00012903
0.0020401,2.4297e-07,2.0873e-05,9.1118e-05,2.0687e-07
0.0016844,1.1197e-06,0.00014053,0.0010459,1.7309e-06
0,3.2591e-05,6.4247e-06,0.0011386,0.0038671
0.00070199,0.002906,0.0012267,0.002294,6.9854e-06
0.001649,0,1.802e-09,0,0.00099079
3.1957e-06,5.2435e-14,1.5459e-10,1.9744e-09,0.004816
2.962e-07,1.0488e-09,5.6893e-08,0.0016485,0.003456
0.0020605,5.6691e-05,2.6755e-05,1.0172e-05,8.1739e-08
0.00034315,4.0803e-05,0.00068907,0.0045898,1.5346e-05
0.0020751,7.3009e-07,0,9.9411e-08,2.3177e-13
0.0010376,0.0070933,0.00039522,5.7591e-06,1.6499e-10
5.1122e-05,0,2.5158e-07,0.00046121,0.0043221
0.00075847,1.8909e-06,0,0.0036908,0
4.771e-07,0.00029844,0.016874,2.6368e-05,1.1717e-07
0.0013608,0.0016664,0.0038602,5.4107e-05,4.526e-09
0.0020753,2.3916e-13,0,3.2199e-10,0
4.5647e-05,0.012664,0.0015797,0.00021149,6.7504e-07
0.00015688,0,4.7785e-10,5.2368e-06,0.0044544
0.0020593,0.00010921,6.291e-06,6.2266e-08,0
0.0020752,1.4004e-12,0,2.3741e-08,0
0.0018112,2.1929e-05,0.00068431,0,0.00041589
1.4392e-05,0.004318,0.0040387,0.0027331,2.7393e-08
3.088e-08,0.013534,0.0015541,9.2174e-06,6.4353e-09
0,0,0,0,0
0.0020751,2.1554e-07,8.8953e-07,1.6944e-07,3.4837e-10
0.0020016,0.00035829,4.1947e-05,3.2711e-05,1.6344e-05
3.7078e-05,0,5.3659e-15,1.6893e-11,0.0047372
0.0011247,2.5565e-07,2.8627e-05,0.00063923,0.0016713
7.2814e-07,0,1.1405e-11,1.1836e-09,0.0048217
0.0020752,9.8843e-10,0,7.38e-08,1.9321e-09
0.0018074,5.9899e-06,0.00030996,2.2449e-05,0.00051568
0,0.00068284,0.00025428,0.0053692,8.0049e-05
0.0020628,1.0702e-05,4.1063e-06,6.955e-06,1.8638e-05
0.0019373,5.1447e-08,1.4889e-06,0.00038267,2.8359e-06
0.0004959,0.00025913,0.00053829,0.0041341,9.4222e-06
0.0020753,0,0,0,0
0.0020735,0,0,1.1776e-06,3.1007e-06
0.0020697,2.0865e-09,0,3.5835e-08,1.2982e-05
0.00072142,3.2144e-08,0.00010223,4.282e-05,0.0030826
5.9559e-06,7.2011e-12,4.9505e-10,2.3922e-07,0.0048093
0.0020741,5.5316e-08,1.1661e-07,1.1272e-06,1.7912e-06
0.0020752,7.6558e-10,5.135e-11,4.5865e-10,1.1928e-08
0.0020509,0,0,1.1497e-07,5.6397e-05
0.0017769,0.00026585,0.00070556,0.00049491,3.8371e-07
0.0020751,2.5744e-07,2.3671e-07,1.868e-07,1.0366e-07
0.00049856,0,1.3381e-07,2.2171e-06,0.0036627
0.0017739,1.2373e-05,0.0022248,8.5396e-05,5.5055e-06
0.00031049,0.011657,0.00019662,0.00032686,1.1695e-06
6.1233e-08,1.656e-06,9.1469e-05,0.0043498,0.001191
0.0019852,4.2602e-07,1.6758e-05,0.00013574,9.1922e-05
0.00010025,0.008553,1.0938e-05,0.0010203,0.00097184
8.7579e-11,2.1584e-12,2.0506e-11,1.2885e-06,0.0048223
0.0020752,7.2712e-12,3.304e-11,3.6826e-09,4.8515e-08
2.1989e-05,4.7451e-08,6.859e-07,0.0052936,0.0003834
3.9334e-06,4.3041e-12,4.7216e-09,1.2355e-08,0.0048142
0,0.00051804,0.016656,1.5369e-05,2.3961e-08
2.4234e-05,0,5.9717e-08,2.5244e-06,0.0047649
1.3698e-08,2.4405e-08,1.254e-08,0.004199,0.0013421
0.001394,2.1956e-07,1.2152e-06,0.0019087,6.5805e-07
1.7081e-09,0,1.6173e-09,3.1033e-07,0.0048231
0.0020613,5.741e-05,2.2839e-05,8.3689e-06,4.5898e-07
6.3843e-05,2.5734e-05,0.0011501,0.0051871,4.5698e-05
0.00053688,5.6265e-11,3.4766e-10,5.6038e-09,0.0035755
1.3488e-05,3.054e-08,2.4325e-06,0.0054914,0.00023864
0.0020217,0,2.8295e-05,1.344e-06,0.00011543
0.00097295,9.7126e-10,3.2443e-08,6.8133e-07,0.0025614
0.00016608,0.0017795,0.013246,0.00020361,1.4957e-08
0.00019467,0.00016713,0.015448,1.3098e-05,4.6382e-10
1.4262e-05,0.014545,0.00027893,3.0702e-06,1.7239e-08
0.0004125,7.9314e-10,5.0042e-08,2.3686e-06,0.0038627
0.0020752,1.0104e-08,0,1.3106e-08,0
2.5092e-05,8.3006e-09,5.6393e-07,0.0055345,0.00017649
0.0020479,1.0836e-06,0,7.6352e-05,0
2.2861e-06,8.958e-05,0.00092961,0.0054639,9.3832e-08
0.0020747,3.1507e-10,5.7845e-09,1.4585e-09,1.2811e-06
0.0020752,0,0,9.1425e-10,4.9327e-09
0.0020431,0.00017948,5.1356e-05,2.6284e-06,2.2664e-09
0.0010263,2.0702e-07,1.1293e-05,0.0028048,0.0001096
6.6842e-10,8.6345e-13,1.3992e-08,0.00020839,0.0046506
0.0020341,0.00012127,0.00015425,1.2679e-05,2.919e-06
0.00084333,9.8092e-05,0,0.0034149,3.7464e-07
2.2121e-05,2.2898e-08,1.7512e-06,0.00021074,0.0045968
5.567e-06,1.0542e-12,1.4921e-09,2.1753e-07,0.0048103
2.7011e-08,1.1792e-14,1.4509e-12,3.2451e-07,0.0048231
0.0017728,0,6.5019e-06,0.00014471,0.00058125
0.00031255,9.9582e-10,6.0407e-09,4.9852e-06,0.0040928
1.2601e-06,0,2.0591e-08,2.3056e-07,0.0048203
0.0020719,1.9222e-05,1.7161e-07,1.8778e-06,2.8906e-08
0.0020742,1.1176e-09,3.9925e-09,2.7738e-06,1.0067e-07
0.0003764,7.5753e-07,2.0699e-05,0.0047191,3.0121e-05
0.0020608,1.7463e-07,4.4935e-07,2.1022e-05,1.5909e-05
0.0020753,6.1283e-12,0,3.465e-09,0
0.00043011,0.0098698,0.0018879,0.00012241,3.2894e-12
4.6304e-06,2.4178e-08,0,0.0058049,0
0,0,0,0,0
5.2877e-05,0.0015135,0.00041622,0.0049386,0
0.0020257,1.2741e-05,2.9436e-05,0.00012372,3.3333e-07
7.9218e-08,0,1.0741e-07,9.2529e-07,0.0048224
2.4617e-06,5.0248e-10,1.2373e-08,1.8221e-06,0.0048161
0.001713,4.019e-09,6.7597e-07,4.2444e-06,0.00083836
4.7231e-07,7.6261e-06,2.763e-05,0.0029385,0.002376
0.0020176,2.4571e-08,4.0112e-07,0,0.00013396
7.2767e-08,1.0434e-08,0.00053626,0.0056145,1.9023e-05
0.0020752,3.3358e-10,2.6373e-10,1.8098e-09,2.0985e-08
4.6504e-05,0.001579,0.0087295,0.002131,3.9882e-06
0.00092109,0.0053847,0.00015429,0.0010292,4.2602e-05
8.1529e-05,0.013373,0.0010856,1.264e-06,3.0063e-11
0.0015884,0.00061341,0.0023284,0.00034213,1.9058e-07
0.0020751,5.7114e-08,0,4.3672e-07,0
1.8118e-07,1.297e-08,1.147e-06,0.0053933,0.00035128
3.3988e-08,6.0934e-11,1.6643e-08,2.4759e-07,0.0048231
0.0020752,0,0,1.1177e-08,0
1.0014e-07,6.8197e-06,9.7211e-07,0.0038758,0.0016074
0,0.014719,0,6.9095e-05,7.4723e-10
0,0.0049815,0,0.0038702,1.732e-06
9.8933e-07,0,9.0029e-11,4.5225e-09,0.0048211
2.5923e-07,9.7774e-07,2.9051e-06,0.0056547,0.00013363
0.0020682,3.4846e-05,1.8411e-05,0,0
0.00021272,0.0055487,0.0090723,4.0443e-06,3.8345e-10
5.5087e-05,2.9385e-06,6.9153e-07,0.0056586,2.8929e-06
0.0019662,9.2322e-06,0.00089898,0,0
0.002017,0.00027016,0.00015402,5.8844e-06,8.7449e-09
1.8289e-07,1.3986e-08,7.2243e-08,0.0057926,2.0548e-05
0.0016575,0,1.9644e-06,5.9078e-06,0.00096552
0.0018966,7.2247e-10,0,6.3553e-09,0.00041533
2.1021e-05,0.0077249,0.00046597,0.0025842,7.7542e-07
1.7749e-05,7.3244e-08,1.1318e-05,0.0051071,0.00054487
0.0016602,6.1729e-05,5.3065e-05,0.0010651,4.6994e-05
0.0020234,1.4353e-05,3.8309e-06,3.2234e-05,8.8173e-05
1.7716e-06,5.2467e-10,1.0454e-08,2.3244e-07,0.0048191
0.00074427,0,0.00019149,0.00021246,0.002864
0.00016273,3.3186e-08,1.0469e-06,0.0032606,0.0017416
0.0020576,2.5555e-05,3.4025e-05,2.7979e-05,1.68e-08
0.00025135,0,2.633e-07,3.2798e-06,0.0042364
0.001619,1.2183e-06,0.00023217,8.3629e-05,0.00092592
0.0020753,0,0,0,0
6.6396e-06,0.0017308,5.4094e-05,0.0051018,2.7681e-06
2.8376e-07,7.443e-06,0.00011192,0.0057761,4.1808e-07
0.0020246,0.00018161,2.9395e-05,6.1209e-05,5.5663e-09
6.4525e-05,0.0016075,0.014281,0.00020771,1.3126e-08
0.0020749,0,5.3265e-08,5.2712e-07,3.8381e-07
0.0020691,1.4809e-05,1.0554e-05,7.8378e-06,1.7375e-08
0.0007465,6.4018e-07,1.0948e-05,0.0029237,0.00066114
0.002069,5.1493e-07,4.0317e-07,1.0055e-06,1.3496e-05
0.00010895,0.0014694,0.011125,0.001198,0
1.3329e-06,6.9383e-05,0.00021886,0.0056239,7.4275e-05
4.9639e-06,3.0875e-06,0.00031966,0.0056928,2.0725e-06
0.0020752,1.2264e-10,0,8.6167e-08,0
8.5907e-09,3.0197e-06,1.2603e-05,0.0058123,1.8979e-07
0.0015396,2.2791e-05,0.00018558,0.0014304,0
2.7846e-07,5.1907e-07,5.7644e-07,0.0058134,2.7426e-06
0.0020753,1.4067e-09,0,1.148e-09,0
0.0020561,8.0845e-07,1.2812e-06,4.5481e-05,6.1779e-06
0.0020753,1.2218e-13,0,3.2261e-09,0
4.5723e-06,0.0019438,0.0014626,0.0045442,8.2041e-06
0.0020545,2.9962e-09,2.0069e-07,5.5561e-05,2.0823e-06
0.0016422,0.0010419,0.0023688,1.0546e-05,0
0.0020503,2.5278e-09,1.2108e-07,6.1533e-05,7.0175e-06
0.0020747,5.5257e-09,0,1.5118e-06,3.4127e-08
0.0017491,0.00054056,0.0015038,0.00019747,1.7689e-07
0.0019663,5.8399e-05,0.00080075,1.3434e-05,0
9.6383e-06,1.3896e-07,6.0209e-07,5.7237e-06,0.004796
0.0020691,0,1.3496e-11,9.4746e-10,1.4187e-05
0.0020753,8.6392e-09,0,1.9114e-09,7.047e-11
0.0020752,4.8056e-08,0,1.8514e-08,0
0.002074,3.4136e-06,4.7852e-07,8.2624e-07,9.0304e-07
5.45e-06,0,0,2.8447e-07,0.0048105
0,0,7.4946e-09,1.3022e-07,0.0048233
3.4504e-05,4.8117e-14,2.4433e-12,9.0258e-08,0.0047431
0.0020752,4.702e-08,0,1.3404e-07,4.186e-10
0.0020495,3.0616e-07,0,7.1559e-05,4.8058e-07
6.7477e-06,2.2318e-05,0.0003075,0.0056778,7.515e-06
8.4843e-05,3.6697e-14,1.9295e-12,2.8612e-08,0.0046262
6.976e-07,0.0026113,0.01385,0.00013949,2.0907e-11
0.0020659,2.7598e-08,0,2.6284e-05,0
5.8938e-06,5.5966e-08,8.1409e-07,0.00086724,0.0040904
0.00033108,0.00022819,0,0.0047789,1.8006e-05
0.0010829,0,1.1842e-07,6.4177e-07,0.002306
0.0020747,5.3048e-08,4.9458e-09,9.9886e-07,3.5084e-07
0.00017091,5.842e-05,0.00027073,0.0047834,0.00036609
0.0018744,0,1.4699e-08,0,0.00046692
0,0.0063919,0.001722,0,0.0022736
0.00013774,0.0040013,0.011072,0.00014557,7.0248e-07
5.0696e-05,0.01204,0.0028941,0,4.2673e-08
0.00064892,4.1301e-09,2.2249e-06,0.00037137,0.0030066
0.0020752,2.8277e-11,0,9.0885e-09,0
0.00014792,0.0017717,0.011967,0.00062883,4.8784e-05
0,0.0081648,0.0026415,0.0017407,1.2366e-09
1.048e-07,8.6793e-15,0,2.1192e-09,0.0048231
0,0.014894,0,6.8962e-07,2.7277e-09
0.001855,1.9405e-09,0,0.0006176,0
1.0834e-07,6.5015e-11,5.142e-12,3.5907e-06,0.0048202
0.002075,0,8.6183e-09,3.9335e-09,5.5127e-07
0.00011108,5.1686e-05,0.0095824,0.0022644,8.1521e-08
0.00172,1.4654e-08,6.1558e-07,1.5612e-05,0.00081256
9.8092e-07,0,7.9419e-10,2.1887e-08,0.0048211
0.0015897,0.0031569,0.00034172,1.3248e-05,0
0.00022802,0.0079535,0.0041478,0.00067737,1.8507e-07
6.865e-06,0.00017043,0.0054983,0.0038495,2.821e-05
0.0020752,5.4685e-12,0,1.3254e-08,0
0.0020632,0,9.4727e-05,1.9872e-06,4.2441e-08
0.0020546,2.7451e-13,0,2.646e-11,4.7969e-05
0,1.8529e-05,0.017282,0,0
0.0018725,0,1.7577e-08,0,0.00047126
1.1046e-06,5.0033e-05,0.00075074,5.4985e-05,0.0045498
0.0019899,0.00058976,2.2509e-05,1.3246e-06,1.4812e-08
8.163e-05,1.323e-08,1.8289e-08,2.1094e-05,0.0046162
0.0013266,0.003106,0.0024273,6.9096e-05,3.5426e-07
0.0020753,2.3512e-10,8.1797e-11,7.1385e-11,2.9037e-09
0.0020555,8.564e-05,0,2.1831e-05,1.4588e-09
1.4447e-05,0.0061105,0.0098717,7.167e-05,2.0004e-08
0.00060364,0.00010884,0,0.0040831,0
0.0018692,0.0013516,8.0482e-05,2.2305e-05,3.2072e-07
1.7739e-08,0,0,0,0.0048233
0.0019866,0,0,2.9435e-09,0.00020611
0.0020752,3.6981e-09,3.2544e-09,1.2608e-11,1.4594e-07
0.0016743,1.0869e-05,1.2879e-05,0.0011155,7.046e-09
0.0019927,4.6182e-11,6.7709e-09,1.5769e-06,0.00019063
0.0016764,5.3758e-10,8.9967e-09,9.2232e-07,0.00092615
0.0020745,0,0,9.1829e-08,1.7606e-06
0.0015284,0,0,6.2656e-05,0.0012191
0.0020455,4.4831e-06,1.2635e-05,7.1894e-05,4.6071e-06
9.2558e-06,0.00037883,0.00070071,0.005408,3.2444e-07
0.00017104,1.7736e-13,7.4901e-14,5.2923e-10,0.0044258
0.0020655,2.223e-05,5.7763e-06,1.6443e-05,1.2129e-07
1.0912e-05,1.5841e-08,2.8889e-06,9.8797e-05,0.0047153
1.8951e-05,0.00092706,0.0087113,0.0024738,7.7717e-09
0,3.3788e-07,2.7102e-06,0.0058008,1.3345e-05
4.4813e-07,0,1.1363e-06,0.0010596,0.0039435
5.3062e-05,0,2.5104e-09,2.6326e-05,0.0046782
1.532e-06,2.3772e-08,2.2402e-06,0.0055352,0.00023022
0.0019466,5.1897e-05,8.4942e-05,0.00010567,0.00017085
0.0020742,1.7523e-11,0,3.0276e-06,0
0.0020753,0,0,5.829e-13,3.2065e-13
0.0020352,1.0514e-06,0.00012869,5.5164e-05,1.106e-05
0.00071641,0.0095553,0,7.7334e-05,2.0776e-12
0.00048171,0.00042429,0.0088466,0.0013212,5.0624e-06
5.2426e-06,1.35e-06,3.3622e-05,0.0025786,0.0026636
0.0020458,0.00020703,0,1.7439e-06,6.202e-11
0.00046961,0.010573,0.00099436,3.754e-05,2.1119e-08
1.1009e-07,5.1469e-08,1.2502e-06,0.0057837,2.7779e-05
0.0020739,8.5095e-11,0,3.6784e-06,0
2.7128e-06,5.8363e-06,1.2602e-05,0.00528,0.0004343
1.8165e-06,0.0045107,0.011019,0.0003402,5.0363e-06
0.0016177,0,0.0034127,9.365e-05,3.4576e-05
0.0020742,0,5.4846e-07,1.0191e-07,2.094e-06
0.001855,0,5.688e-06,1.4816e-06,0.00050913
0,2.3652e-06,0.0004446,0.0055733,7.8142e-05
0.0020092,1.4782e-09,0,3.4915e-05,0.00012455
0.0020752,1.6308e-12,1.6977e-11,1.3526e-09,2.3783e-08
9.4784e-07,0.014813,2.8834e-06,2.6315e-05,1.8217e-06
0.0020688,8.901e-07,3.5556e-07,1.5311e-05,1.9007e-06
7.2977e-07,0.012439,0.0023241,0.00017601,5.6673e-09
0.0020692,6.7039e-06,3.7204e-05,1.7049e-06,2.6426e-09
1.9286e-08,0,5.3933e-14,3.5025e-08,0.0048233
0.00022945,1.4508e-08,3.5784e-08,0.0049022,0.00022591
0.00032487,2.5034e-06,4.0467e-06,0.0049035,1.0755e-06
0.0020522,0,0.00011583,2.5373e-05,1.789e-07
0.0016039,0,0,5.4398e-09,0.0010956
0.0019633,0.00012734,7.6895e-05,0.0001208,9.7392e-05
0.0016882,0.00015272,1.9195e-05,0.0010156,2.7657e-06
0.002075,0,0,2.4831e-11,5.2486e-07
5.8533e-05,0.00029684,0.00065698,0.0052821,2.8955e-05
0,0.013694,0.00062452,0.00012811,0.00010891
5.1117e-05,0.00053738,0.00080669,0.0051933,1.3203e-07
0.0011834,0,6.366e-10,1.5552e-07,0.0020728
0.0020753,9.9197e-10,0,0,0
0.00045898,1.9426e-07,3.5033e-06,1.0743e-05,0.0037467
2.4949e-05,0.00014626,0.0051592,0.0039347,1.7805e-05
0.0020752,2.1695e-11,0,2.9943e-08,0
0.0020463,0.00018876,2.2271e-05,3.1274e-08,4.0379e-09
0.0016119,0.00015934,0.00060725,0.0010102,1.858e-05
0.0020751,1.4026e-09,0,3.2533e-07,1.0966e-08
0.0016717,0,2.8894e-07,2.5994e-06,0.00093574
8.3562e-09,1.9127e-08,2.3341e-06,0.0056363,0.00014986
0.001797,1.0462e-07,4.1584e-05,0.00076595,0
2.1367e-08,0.0084081,0.0072238,0.00010499,7.3924e-11
0.0020752,3.556e-12,0,6.1918e-08,0
1.4182e-05,0.007322,0.0071658,0.00050901,3.4603e-09
0.0020753,1.0455e-09,0,7.991e-13,0
3.9806e-05,8.5489e-12,4.2803e-10,3.7059e-09,0.0047309
0.0020737,0,1.9704e-11,7.7729e-09,3.5352e-06
0.00019596,0.00010935,0.00016976,0.0022347,0.0024325
0.0020743,0,8.7479e-09,4.0981e-09,2.2087e-06
0.0015124,0.0009237,0.00040536,0.0010807,5.3323e-09
7.1872e-06,3.4216e-10,6.6455e-09,0.00073534,0.004197
1.9139e-05,0.012267,0.0013289,0.00052616,5.1771e-08
0.0013947,0.0032118,0.0016286,0.00010586,0
0,0,0,0,0
0.0018305,1.2984e-11,1.7791e-10,5.5201e-09,0.00056885
0.0013022,0,1.4539e-07,1.093e-06,0.0017958
0.0003523,8.5407e-05,2.8946e-05,0.0021198,0.0022114
0.0020055,0.0002992,0.00020807,8.5506e-06,2.0561e-07
0.0017601,7.8883e-07,1.2828e-05,9.3534e-05,0.00065104
0,0,0,0,0
0,0.0010387,0.0014613,0.0049145,5.3076e-06
3.6427e-09,3.4064e-07,8.0287e-06,0.0058099,4.3001e-06
0,0.00018061,0.00010604,0.005187,0.00043501
0.0020752,1.3633e-10,5.0522e-11,4.5029e-10,1.6057e-07
0.00013304,2.1584e-06,6.4955e-05,0.0054033,1.5735e-05
0.0016641,2.497e-08,0,7.8876e-06,0.00094899
1.2587e-07,0.0009347,0.016199,5.9709e-06,3.2698e-11
1.9134e-08,0,6.9926e-10,9.5843e-06,0.0048154
0.0020752,4.2117e-08,1.5371e-09,1.2328e-09,4.4426e-10
0.0019567,0.00084684,0,1.6954e-06,0
1.4501e-06,0,3.7982e-10,4.3475e-08,0.00482
0.0019033,4.3083e-08,9.4087e-08,0.00045742,2.0321e-05
0.0020752,1.0158e-10,0,1.4228e-08,2.4815e-08
1.3485e-10,1.3509e-15,5.6095e-14,9.1074e-08,0.0048233
0.0018382,7.8507e-14,8.8982e-13,5.1005e-10,0.00055104
0.0020395,0,0,4.8805e-08,8.3074e-05
0.0004778,8.8563e-10,1.3519e-07,0.00011889,0.0036143
6.9719e-05,0,0,0.0056225,0
0.00070082,8.1381e-10,7.4895e-11,9.2503e-09,0.0031945
8.6994e-08,1.4634e-06,2.4636e-05,0.0040322,0.0014729
2.4594e-05,0.00019123,0.00018681,0.0056112,2.0408e-07
0.0020715,7.5822e-06,2.218e-05,0,0
7.9603e-08,1.0268e-10,9.4496e-11,4.6982e-07,0.0048228
0.0020743,1.3456e-07,0,2.6357e-06,0
0.0020502,0.00017181,1.95e-06,2.2406e-06,2.212e-07
2.2443e-08,0.014858,4.2781e-05,1.9745e-09,1.4567e-15
1.7773e-09,0,9.9357e-13,1.7763e-10,0.0048234
0.0019323,2.0085e-09,0,0.000366,2.8747e-05
0.0019017,0,6.6239e-07,2.6802e-05,0.00038088
0.0020274,0.00015589,0.00021762,1.3124e-07,4.4203e-08
6.779e-05,0,3.0853e-12,2.9983e-08,0.0046658
0.00049331,1.7662e-08,1.9748e-06,0.00032258,0.0034088
0.0020752,1.0594e-12,0,1.2447e-07,0
1.8896e-05,0,1.6299e-07,0.00019968,0.0046139
0.0020753,0,0,0,0
0.0020734,1.2444e-05,1.6108e-07,2.0601e-07,4.5671e-11
5.5109e-08,0.0017374,0.0019837,0.0044721,7.8405e-08
5.6169e-05,0.014437,4.1096e-05,7.4051e-06,3.319e-07
1.9139e-06,4.6916e-05,9.4707e-05,0.0054576,0.0002527
5.5046e-06,3.1848e-06,0.0016148,0.0051038,0.00012812
0.0020041,7.5625e-07,3.1633e-06,0.00018589,1.0085e-05
2.4186e-05,0,2.9367e-11,5.8814e-09,0.0047672
0.0019881,0.00046849,6.5593e-05,3.9162e-05,6.1813e-09
0.0020753,0,0,0,0
5.2471e-05,2.3594e-08,3.7327e-08,0.000108,0.0046119
0.0020238,0.00030515,2.4994e-06,2.076e-05,2.923e-06
0.0020676,1.3675e-08,2.9854e-08,7.188e-09,1.7718e-05
0.00021465,0.0027543,0.0099692,0.00078855,2.3716e-09
0.0020753,3.9494e-12,0,0,0
0.00021626,0,1.8048e-08,1.3565e-05,0.0043095
0.0020594,0,0.00012661,1.8105e-06,6.3205e-09
0.00011105,0.00080907,0.0021128,0.0044743,4.9431e-06
0.00070549,0.0001551,0.001373,0.0033059,9.9182e-06
0,0,0,0,0
0.00089042,2.194e-07,2.2602e-05,0.0032321,6.7841e-05
0.0009769,6.673e-05,5.8607e-05,0.0024124,0.0005149
0.0017359,0,7.3776e-12,1.0142e-08,0.00078884
0.0013248,0.0020272,0.0034856,0.00014013,1.3835e-10
0.00018948,0.012662,0.00023397,0.00026254,3.8068e-08
0.002069,3.7603e-05,1.3983e-06,2.4354e-06,2.9546e-09
0.00098337,3.2423e-06,1.3191e-05,0.0025994,0.00037799
1.7715e-10,4.2108e-11,1.3114e-07,0.0056445,0.00014378
0.0020732,1.1237e-13,6.6359e-13,1.7558e-10,4.8727e-06
0.00018993,0,2.5839e-07,7.1606e-06,0.0043759
0.0002489,2.8671e-06,0.00010514,0.0045972,0.00040328
8.1677e-07,0,5.5887e-09,2.4559e-05,0.0048011
0.00079175,0,0.00053666,0.0012966,0.0017587
0.0018264,0.00057601,0.0012872,3.9779e-05,1.0569e-07
2.1161e-06,0.0053533,0.001832,0.0030988,5.2746e-06
1.006e-05,0.00032005,1.5366e-05,0.00302,0.0021883
1.5283e-05,4.2987e-06,4.3899e-05,0.0057583,3.0787e-07
0.0020752,0,0,3.5174e-10,1.7166e-07
0.0012721,0.00014739,0,0.0019219,0.00022556
0.0020712,2.7521e-05,2.0488e-06,6.0086e-08,0
0.00034339,3.3973e-07,9.3795e-07,0.00042455,0.0036729
0.0020554,0.00014241,0,0,1.0177e-07
5.5288e-09,6.0898e-06,0.0022782,0.0041941,0.00070923
0.0020592,7.9659e-05,0,1.3834e-05,5.2327e-12
0.0017386,8.0618e-08,4.8717e-07,0.0009193,2.0129e-05
0.0020743,7.8446e-08,1.3813e-08,2.4322e-06,5.2988e-08
1.6904e-06,0.014622,0.00030253,2.0488e-07,3.5106e-12
0.0020659,6.6143e-05,9.9794e-07,9.9398e-08,1.6042e-10
0.0018554,4.9469e-06,6.8679e-06,0.00041812,0.00016083
0.0017987,0,1.2196e-11,0,0.00064283
0.0020752,6.8702e-08,3.4696e-08,2.0158e-07,3.7853e-08
0.0020743,7.3489e-07,3.7891e-08,2.2216e-06,1.3768e-08
6.7546e-06,0,3.049e-11,1.1517e-08,0.0048077
0.0020746,6.3728e-07,6.3314e-07,6.9248e-07,5.2009e-07
0.0016803,0.0028055,1.448e-05,6.5162e-06,4.3973e-08
0.001945,0.00033897,0.00057435,3.9522e-05,5.4998e-08
0.00059623,0,0,0.00065105,0.0028978
5.5869e-06,0,1.7574e-05,0.0055927,0.00016888
2.13e-07,8.1205e-09,8.3142e-08,0.0005804,0.0043417
6.6129e-05,5.9794e-06,4.1248e-05,0.0056092,5.8924e-06
0.0015315,2.3585e-06,0.0018229,0.00038966,0.00043185
0.00013034,7.9466e-13,4.8315e-12,2.6474e-09,0.0045204
0.001799,0.0007465,0.00093138,0.0001697,3.2005e-08
0.00064348,1.1046e-10,8.1479e-10,1.115e-07,0.0033277
0.0012937,0.00013711,0.00032145,0.0018156,0.00017725
0.0020752,0,2.1872e-08,5.9781e-11,2.3101e-09
0.0019723,1.4068e-07,7.9138e-06,0.00018127,8.6777e-05
0.0018174,0.0017346,0.00013469,9.9173e-08,3.0493e-10
2.1145e-06,9.7516e-08,5.7133e-05,0.005234,0.00046326
3.1156e-05,0,1.6423e-06,5.661e-05,0.0047036
0.00012079,7.8255e-09,3.996e-06,2.2613e-06,0.0045397
9.6616e-06,0.00089958,0.016048,4.3644e-05,4.7141e-11
0.00092568,0.0082186,3.6111e-05,5.9787e-07,5.1718e-10
0,9.1875e-11,1.2417e-10,1.6164e-09,0.0048234
0.00010122,0.001582,0.0047214,0.0033286,1.6883e-07
1.135e-05,0.0044935,0.010004,0.00064847,1.5882e-05
3.0514e-05,4.3499e-10,1.1858e-07,4.4483e-06,0.0047487
0.0020752,3.3601e-09,1.1786e-09,2.7022e-08,8.9129e-09
0.0020745,0,3.5796e-11,2.8434e-11,1.7056e-06
0.0017174,4.1444e-06,2.5432e-05,0.00031216,0.00056459
0.0020749,0,2.8156e-06,0,0
0.001732,0.0003856,0.0022811,4.4778e-05,1.0275e-08
0,3.2142e-06,2.5684e-05,0.0049664,0.00069775
9.4132e-10,0,7.6407e-10,7.7892e-06,0.0048169
0.00083381,0,6.2127e-06,6.3248e-05,0.0028312
0.0020474,0.00013564,5.572e-05,6.1962e-06,2.3678e-07
0.0020672,0,1.5741e-06,3.2211e-07,1.8075e-05
0,3.3465e-07,1.363e-05,0.0058041,7.5884e-06
0.0020753,0,0,0,0
0.0018105,0,4.3386e-10,1.0055e-07,0.00061534
0.0016341,0.0014664,0,0.00066325,6.9844e-07
0.0020753,0,0,3.3601e-10,0
1.924e-07,0.00033992,0.016288,0.0002084,5.1381e-09
8.6707e-06,0.0033528,0.0080019,0.0017792,1.195e-05
0.0018564,0.00050931,0.0010907,4.7335e-05,4.9286e-07
0.0020713,3.7227e-11,0,1.4629e-06,7.8673e-06
0.0020707,8.1544e-07,1.0955e-06,1.1512e-05,5.2798e-07
0.00012228,0.0035498,0.0025489,0.0032113,1.684e-05
0.0019689,9.1586e-07,4.4418e-05,0.00024549,3.107e-05
0.0016977,0,5.9667e-06,0.00076724,0.00023982
0.0019552,0.00077935,6.2994e-05,1.0901e-05,1.6564e-11
9.2484e-08,8.4935e-06,0.0043552,0.00435,4.106e-08
6.72e-09,0.00068873,0.0016959,0.0049787,4.4727e-08
0.0020712,0,1.8834e-05,1.413e-06,2.9475e-06
2.4618e-06,7.9095e-07,1.8789e-05,0.0058018,2.1534e-06
3.8632e-05,1.694e-08,3.3926e-08,4.8609e-07,0.0047332
0.0018845,0.0013673,0,7.32e-07,0
9.3822e-06,0.0011589,0.0063685,0.0029005,0.00024642
1.7835e-07,0.011771,0.0036204,2.6299e-06,9.9836e-11
0.0020753,1.5323e-12,0,9.5149e-12,0
5.3632e-08,0,5.4786e-12,3.155e-08,0.0048232
0,5.5872e-16,0,7.5805e-10,0.0048234
0.0020041,1.449e-05,0,0.00018987,3.3735e-06
1.236e-05,0,6.0616e-06,0.00015937,0.0046608
2.6674e-07,3.8057e-05,0.0012037,0.0053973,2.7171e-07
0.0020741,2.7895e-06,0,2.0168e-06,8.2996e-10
0,0,0,0.0045903,0.0010178
7.9893e-09,0,4.651e-14,7.6357e-10,0.0048234
0.0020709,5.1196e-06,4.4585e-06,8.04e-06,6.1195e-07
8.9877e-05,4.7227e-07,9.2267e-05,6.4107e-05,0.0045355
0.00029229,2.7238e-06,3.0546e-06,0.0047309,0.00022014
0.0018359,0.00018126,7.3157e-05,0.00057553,0
6.4899e-08,6.7239e-10,1.1079e-07,0.0055634,0.00021087
0.0015978,2.1291e-05,5.2446e-06,0.00076828,0.00046451
0.00011997,0.013837,0.00022833,2.8265e-07,7.1049e-09
0.00099491,0,3.9024e-08,5.5966e-06,0.0025063
0.00027952,0,1.2624e-06,1.529e-05,0.0041607
0.00018813,0,2.4324e-05,0.0029583,0.0019268
0.0016642,3.344e-07,0,0.001146,5.1926e-06
0.0019053,1.5262e-05,0.0013346,1.8437e-05,2.7395e-06
7.9923e-06,0.0063421,0.0007024,0.003082,2.2232e-07
5.2087e-06,0,0,6.8317e-07,0.0048107
0.001756,0,0.0026454,4.9641e-06,5.2634e-07
1.5308e-08,8.7942e-10,1.3409e-09,3.7793e-05,0.004792
0.00011733,0,0,7.4919e-06,0.0045445
1.7437e-09,3.0113e-06,0.00028557,0.0057204,2.5808e-07
2.7223e-06,0,7.869e-14,4.2606e-10,0.0048171
1.8755e-07,4.4982e-06,0.00025522,0.0056904,3.2719e-05
0,0.003744,0.011839,0.00037493,3.5989e-08
9.7036e-08,7.1776e-08,1.0015e-06,0.0058057,9.6069e-06
0.0020647,1.0591e-10,1.4339e-07,2.3048e-07,2.4331e-05
0.0020752,4.1388e-11,0,1.9295e-08,0
0.00029906,0,4.2623e-07,1.6514e-06,0.0041268
0.0020742,4.0746e-06,3.7863e-07,1.1121e-06,4.7718e-10
0.0012991,0,3.1528e-05,7.88e-06,0.0017887
0.0020033,0,0.00059673,1.0551e-06,4.8459e-08
0,0,1.3384e-06,3.6519e-05,0.0047927
0.0020752,1.7521e-07,0,0,0
0.0010777,1.6737e-09,1.0894e-06,0.0027964,0
0.00094579,0.00041489,0.00069749,0.0026366,0.00011044
1.2813e-05,0,6.4842e-11,2.0796e-08,0.0047936
5.2778e-06,0.00089511,0,0.0039786,0.0012228
0.001969,7.4393e-13,7.7965e-11,0,0.00024687
4.7012e-06,6.4972e-05,0.0094512,0.0026014,2.403e-07
0.0020636,5.6728e-05,1.9694e-05,0,3.2978e-06
9.8153e-06,0,1.0801e-05,0.00039844,0.0044672
0.0020753,6.3721e-11,0,0,0
0.0015589,1.923e-08,0,1.0123e-05,0.0011918
6.2035e-07,0,3.1103e-09,2.3751e-05,0.0048023
0.0018955,1.4265e-07,1.1209e-05,0.00015837,0.00028325
0.0020412,0,0,2.1983e-06,7.7336e-05
9.4545e-06,3.1942e-05,0.00038036,0.0055225,0.00010655
0.0016418,0,8.5091e-09,1.8229e-08,0.0010074
0.001057,0.00064552,0.0046346,0.0010161,2.3335e-05
0.0020751,0,0,2.0447e-12,3.2886e-07
5.2763e-11,0,3.7113e-13,1.293e-07,0.0048233
4.7517e-07,3.1428e-15,9.7709e-16,9.7219e-09,0.0048223
0.00061956,4.3785e-06,5.0457e-06,0.004076,1.3102e-06
0.001864,0,1.7626e-09,2.4921e-08,0.00049101
0.0020752,3.0645e-10,6.8431e-09,5.1722e-09,1.0964e-09
0.002069,4.3209e-05,1.6058e-06,0,0
0.0020753,7.8552e-09,0,2.0126e-10,0
0.0018985,5.8342e-06,1.488e-05,0.00039624,7.6282e-05
0.0020752,2.1375e-07,4.2258e-09,1.5057e-07,3.326e-10
0.00063024,0.0051185,0.0056478,0.00015262,2.9943e-07
0.00024194,1.0143e-07,3.3609e-07,0.0016308,0.0029089
8.1254e-05,4.3415e-10,1.037e-07,2.2723e-05,0.0046157
1.6313e-06,1.3073e-14,5.3657e-13,1.0845e-08,0.0048196
0.0020683,0,0,7.4776e-07,1.5647e-05
0.00038753,0.0056161,0.0074983,1.6856e-05,8.0853e-12
0.0017726,3.1287e-07,0.0004446,0.00029979,0.00033097
0.00021658,0,1.6746e-10,1.2653e-07,0.0043199
0.0020743,1.7693e-08,1.1241e-08,2.6384e-06,1.7202e-09
1.6605e-07,1.1204e-07,6.0832e-07,0.00052896,0.0043843
9.7239e-06,0,1.5858e-13,6.9302e-10,0.0048008
0.0020541,3.0877e-09,7.0497e-08,3.144e-08,4.9217e-05
0.0020735,4.2675e-07,2.2517e-06,3.4868e-06,4.2564e-07
1.3098e-07,2.4203e-11,2.8376e-08,0.00033933,0.0045417
0,0,0,0,0
0.0019698,0.00012243,0.00072569,1.6354e-06,1.8206e-06
0.00028927,4.6958e-07,2.6297e-06,0.0019944,0.0024967
0.0020753,0,0,0,0
0,0,0,0,0
0.0012741,0.0021655,0.00093131,0.0010735,1.1163e-05
4.1026e-08,7.6105e-14,0,2.168e-08,0.0048233
0.0007959,0,6.816e-08,2.0099e-06,0.0029718
0.00020389,0,2.8661e-10,1.1349e-07,0.0043494
0.002061,1.0946e-06,0,3.7601e-05,1.4948e-06
0.0012767,1.0375e-06,1.227e-06,0.002181,4.7071e-05
0.0020689,2.7683e-07,8.6446e-07,1.1577e-06,1.3404e-05
0.0020737,2.0439e-08,0,4.299e-06,0
0.00015613,8.1203e-10,1.6826e-09,0.00026765,0.0042386
0.00033485,7.7633e-09,2.4025e-06,0.0027515,0.0017633
1.6176e-06,0.00041086,0.016713,3.3622e-05,5.9593e-11
2.0985e-07,0.0046999,0.011834,2.9487e-06,6.5797e-15
0,2.6865e-09,0,3.8909e-05,0.0047911
0.0020746,5.026e-06,0,1.8057e-10,0
2.2178e-09,5.1382e-10,7.6317e-08,0.0018948,0.0032525
0.00086372,0.0001234,0.0093123,0.00021625,8.8264e-07
0.0020749,1.727e-08,4.8445e-07,8.5933e-07,7.2924e-08
1.2622e-09,5.7251e-10,8.9308e-08,0.0034557,0.0019584
0.0019801,1.5064e-09,4.4698e-06,1.1742e-05,0.0002101
0.0004657,2.2109e-14,0,1.0792e-09,0.003741
0.0020749,2.1898e-06,0,2.3969e-08,6.7818e-12
0.00016331,0.0028972,0.0094598,0.0010477,1.7526e-07
0.0020751,1.6694e-07,0,3.5121e-07,0
0.0012191,0.00031934,0.00048278,0.0021121,7.8457e-07
0.002075,0,0,1.3973e-07,5.7386e-07
0.00089021,3.5833e-09,3.9848e-07,3.3013e-05,0.0027268
0.0020748,3.4631e-10,1.2244e-10,3.5089e-09,9.9096e-07
0.0019086,0,2.8849e-09,7.013e-08,0.00038727
0.0020468,7.0074e-09,2.0868e-07,6.072e-06,6.0939e-05
0.0020012,0.00016059,0.00030262,4.304e-05,7.6875e-09
1.5258e-06,0.0098907,0.0052878,0.00017263,7.7808e-09
3.1638e-08,7.0714e-08,5.3772e-06,0.00062673,0.0043022
0.0017635,0,0,2.662e-06,0.00072229
0.0020688,0,1.9593e-11,3.0735e-08,1.4875e-05
0.00048312,4.4537e-05,0,0.0044461,0
2.7888e-06,0,0.013271,0.0013473,6.5317e-07
1.6076e-09,5.4982e-12,2.6055e-10,3.3992e-06,0.0048206
0,0.0002293,0.0035769,0.0044876,3.1651e-05
0.0012494,7.0119e-06,0.00032265,0.0011495,0.00087429
0.00043579,0.011472,3.2532e-05,1.5331e-05,7.4022e-05
0.002075,1.7905e-06,3.2297e-07,0,0
1.5038e-06,3.5368e-11,5.2732e-07,0.00011586,0.0047237
3.153e-08,0.00016981,0.0011048,0.0053799,9.8949e-08
0.0020747,1.8531e-06,4.1797e-07,5.0792e-07,1.2412e-07
0.00032459,0,5.4973e-08,2.0615e-06,0.0040672
0,0,0.0060147,0.0037942,1.1819e-06
0.0018153,6.7344e-09,2.6812e-07,2.3953e-06,0.00060216
1.8179e-07,0.0015924,0.0057662,0.0032567,4.9384e-08
0.00070535,0,2.4913e-08,2.1229e-07,0.0031838
0.0019787,0.00044076,0.00026452,0,7.9228e-06
8.257e-06,0.0016542,0.014014,0.00043682,2.2733e-09
0.0020608,0.0001039,0,0,0
1.5609e-06,0.013756,0.0010992,7.1076e-05,0
0.0020752,3.9295e-11,0,8.7044e-09,0
0.0020221,0,0.00019625,6.881e-05,1.1709e-05
0.0016949,1.1138e-06,9.9925e-07,2.1988e-05,0.00086518
0.00015887,0,1.2747e-12,0,0.0044541
1.7486e-05,2.7069e-12,6.4357e-09,3.7746e-05,0.0047514
0.0015278,3.5425e-08,1.8083e-06,0.0014619,5.9864e-05
0,0.014885,0,1.1043e-06,2.4126e-06
9.7017e-06,0.00021974,0.0098826,0.002367,1.2538e-05
6.1688e-05,0,2.6877e-11,8.1035e-09,0.00468
0.0020677,3.8745e-06,7.1512e-08,1.9613e-05,0
0.0020749,2.4604e-06,0,0,0
1.2842e-05,5.1737e-10,6.7706e-09,9.6004e-09,0.0047935
0.001751,0,1.1639e-08,1.6154e-07,0.00075358
1.8318e-06,5.3241e-08,9.3866e-06,0.0057989,8.8776e-06
2.5498e-06,1.0673e-08,1.9283e-07,0.00028673,0.0045797
3.109e-06,0.014836,3.9963e-05,1.0918e-06,4.1692e-11
0.0020752,3.76e-08,8.278e-08,1.2047e-08,1.1612e-07
0.0020749,2.3016e-07,4.3093e-08,8.7588e-07,1.641e-09
0.00040283,3.454e-06,8.8005e-06,0.0027703,0.0015868
0.00086026,8.5459e-09,1.0619e-06,0.0034023,2.9471e-06
2.5489e-05,0.00076625,0.0098003,0.0021518,2.7375e-07
0.001102,2.6747e-07,2.4358e-06,0.00088071,0.0015312
0.002075,0,0,3.0864e-10,5.1399e-07
0,5.9193e-09,9.0692e-08,6.2295e-07,0.0048228
0.0020077,0,0,3.0909e-08,0.00015691
0.00014252,2.2402e-05,4.2393e-06,0.0042548,0.00095621
2.4107e-06,4.2429e-07,1.3557e-07,0.00032255,0.0045502
0.0016588,0,2.5261e-10,3.1105e-10,0.00096804
0.0020751,3.3145e-09,0,4.7001e-07,0
0.0015756,4.1422e-08,0,0.0013952,4.6252e-06
0,5.1348e-06,0.00010563,0.00578,3.5812e-07
0.0020752,3.3758e-11,5.2853e-10,1.7078e-08,2.8101e-09
0.0020506,7.9548e-10,9.7662e-09,8.2923e-06,5.0527e-05
0.0020752,0,6.6114e-12,1.018e-09,9.2653e-08
0.0019379,0,0,0.00038497,0
0.0009094,5.4356e-08,0,0.0032684,0
0.00072915,0.00051142,3.7525e-05,0.00025677,0.0027397
0.00060184,0.0085507,0.0023393,4.3779e-06,3.8245e-11
0.00019516,7.6595e-09,1.2172e-09,5.7709e-05,0.0043219
0.0020739,2.9975e-06,6.3555e-06,0,3.6382e-07
0,0,0,0,0
0.0010578,0.00016106,0,0.0027864,2.6486e-06
0.001996,3.9748e-07,0,0.00020282,1.5945e-05
3.2972e-09,1.9987e-13,2.3517e-12,4.3996e-07,0.004823
2.6109e-07,0,0.015033,0.0007,5.211e-05
0.0016596,0,1.8781e-07,4.6041e-07,0.00096556
0.0020753,2.6266e-11,0,2.1104e-11,0
0.0019901,1.3954e-09,1.7372e-08,4.6437e-07,0.00019752
8.4887e-07,3.9335e-11,2.7402e-09,5.9112e-06,0.0048165
0.00023493,0.013137,8.3367e-05,8.1825e-08,2.1578e-13
0.0016944,0.0021818,0,0.00021559,0
6.3799e-08,2.8177e-08,2.3331e-07,0.0012356,0.0037988
1.0484e-07,1.1616e-09,1.7127e-07,7.8286e-05,0.0047582
0,1.4371e-07,3.5484e-07,8.173e-06,0.0048165
0.0016329,2.5806e-06,2.8301e-05,0.0012279,1.3491e-06
0.0020708,4.3524e-08,4.1761e-08,1.2198e-05,9.4156e-08
0.0020752,1.2082e-07,0,0,0
0.00070719,0,0,3.0492e-05,0.0031544
0.002062,9.4968e-05,0,0,0
4.7669e-05,0.01134,0.0035688,5.4954e-05,6.4366e-10
0,0,0,0,0
3.1389e-07,5.9807e-08,5.0236e-07,0.0026049,0.0026629
3.5524e-05,0.014611,3.08e-05,1.1736e-06,1.1155e-10
3.4856e-06,2.0578e-07,4.9119e-05,0.0018551,0.0032636
0.0020738,1.2233e-10,5.1982e-10,2.7157e-07,3.0498e-06
0.00059472,0,5.5884e-07,2.6921e-05,0.0034186
2.0361e-05,3.9399e-07,4.1888e-07,0.0054498,0.00025766
0.0020735,9.0567e-08,6.8816e-06,3.515e-08,2.1876e-06
1.2894e-08,2.6986e-06,1.1208e-05,0.0058131,0
0.0020753,1.2306e-09,0,3.0208e-11,0
5.4225e-05,0.00059221,0.016079,2.8369e-05,2.4207e-10
0.0016431,0.00015592,0.0024684,0.00032025,2.9271e-07
0.0020752,2.6543e-13,0,2.2548e-10,2.7236e-08
0.002021,5.377e-05,9.758e-05,8.6521e-05,9.7386e-06
4.7213e-05,0,1.7718e-06,5.9104e-05,0.0046642
0.0020752,1.0041e-11,7.6259e-12,6.454e-09,0
0.00033887,0.0073878,0.0058814,4.8964e-06,1.3168e-08
0.002001,0.00032124,0.00014154,3.4331e-05,5.432e-07
0.00098694,1.0657e-08,4.2812e-09,9.3923e-06,0.0025217
0.0020752,1.1216e-07,0,2.0856e-08,0
9.961e-06,9.3465e-07,5.4369e-05,0.005767,3.6083e-06
6.1453e-07,0.00011724,0.0002137,0.0056972,1.1663e-06
0,1.8601e-10,1.8501e-09,1.4181e-06,0.0048222
6.337e-06,4.9759e-12,1.7706e-10,3.4916e-06,0.0048058
0,0.00063574,0,0.0055696,0
0.0018918,1.5686e-08,1.3202e-08,0.00051185,2.0898e-06
1.9237e-08,1.7346e-07,6.8229e-07,0.00079418,0.0041647
0.0020745,1.1303e-07,3.3848e-06,0,6.9414e-07
8.7545e-05,1.9393e-05,4.1357e-05,0.00054619,0.0041493
0.0010052,0,3.5187e-11,1.2628e-10,0.0024871
3.0799e-05,1.117e-08,5.1068e-06,0.0055257,0.00016922
0.0016823,0.0024238,0,0.00015486,1.3805e-09
0.0020752,7.1239e-11,0,1.3342e-07,0
0.0020753,2.589e-12,0,5.3496e-10,0
0,2.476e-16,5.5074e-15,4.6071e-12,0.0048234
0.0020752,3.8558e-07,0,0,0
5.533e-08,0,1.0476e-10,6.5185e-07,0.0048227
7.6405e-06,8.4181e-07,2.5893e-05,0.0022515,0.0029316
1.7174e-05,2.3917e-07,4.5936e-05,0.005751,2.7135e-06
0,0,0,0,0
0.0020698,3.8666e-05,7.2482e-07,4.3783e-09,2.9292e-12
9.6971e-06,0.00051387,0.0062675,0.0034826,8.8341e-08
0.0020112,0,0,4.3743e-06,0.00014521
1.3651e-07,0.00012606,0.0037641,0.0044179,7.032e-05
0,0.013706,6.0509e-06,0.00046214,1.9839e-07
0.0017575,1.1978e-14,2.7246e-12,7.6888e-09,0.00073861
0.00034393,2.5486e-07,2.1257e-07,9.0268e-06,0.0040164
0.0020752,5.9688e-13,0,7.689e-09,0
8.5311e-08,0.014512,0.00035373,3.0602e-05,1.0255e-10
0.0020517,0.0001198,2.5772e-06,1.839e-05,0
0.00033241,1.1966e-10,4.0494e-07,5.1949e-06,0.0040464
0.0019976,0.00051205,4.5321e-05,2.4878e-06,6.2506e-09
0.002075,3.777e-07,1.4343e-07,2.381e-09,3.6762e-07
0.0020007,0,1.1669e-06,3.4478e-07,0.0001726
3.2138e-06,6.2816e-05,0.0071004,0.0033911,4.9385e-06
3.8153e-05,2.8975e-07,0.00016193,0.0056287,2.3006e-05
0,0.013217,0.00193,6.5268e-06,6.4356e-08
0.00059722,0.0084436,0.0024413,2.4881e-05,0
0.0013885,2.0316e-05,0,0.0019169,4.511e-07
0.0019984,1.6515e-11,0,3.1314e-06,0.000176
5.0224e-07,1.0138e-13,0,1.3413e-10,0.0048222
1.1203e-05,2.4698e-06,5.0257e-06,0.0033898,0.0019848
0.0020735,0,0,6.1582e-09,4.0585e-06
0,0,0,0,0
1.6772e-07,0.004006,0.012638,3.6163e-06,1.5255e-15
0.0013151,0.0043694,0.00078975,0.00015888,4.1818e-09
0.00018771,0.013405,0.00016415,5.584e-07,1.8457e-11
0.0019424,0,0.0006752,4.1806e-05,8.5921e-05
0,0,0,0,0
1.6832e-06,2.3891e-08,1.5618e-06,0.00080853,0.0041487
0.0020668,8.6875e-06,0,2.0239e-05,1.1581e-09
0.00014658,0.013102,0.0008153,1.5448e-05,5.2356e-12
9.3408e-07,0,9.2963e-08,6.4488e-05,0.0047677
0.0018763,0,0,1.8282e-08,0.00046231
0.0019754,0.00058323,0.00015366,4.3138e-07,1.4355e-08
0.0020587,0,3.3599e-08,3.671e-08,3.853e-05
0.0011047,3.126e-05,0.00038403,0.0017673,0.00067333
0.00052503,0,4.6952e-12,1.515e-09,0.0036031
2.0338e-07,4.6496e-05,0.015729,0.0005109,1.5106e-11
3.1652e-05,0.0004773,0.016485,0,0
0.0020752,1.2375e-10,0,1.7672e-07,8.4068e-08
0,0.0026018,0.012419,0.0006198,5.2964e-06
0.0020753,0,0,2.2602e-09,0
0.0020753,1.5498e-08,0,0,0
2.9806e-06,1.989e-08,4.6548e-06,0.005452,0.00029512
0.0015425,8.6338e-11,1.863e-11,1.4088e-05,0.0012265
0,0.00031094,4.4171e-05,0.0056814,1.9689e-07
5.6219e-07,0,2.2369e-08,2.7579e-06,0.0048198
3.8441e-05,0.010529,0.00037867,0.0012594,0.00017488
0.0018407,4.3197e-06,0,0.00065567,9.1225e-08
0.0019143,0,7.6268e-06,0,0.00037202
1.3072e-05,0,2.2483e-05,0.0057568,1.401e-05
0.0012622,1.6314e-06,0.002275,0.00032167,0.00098829
0.0017598,2.7969e-05,0,0.00087313,1.4208e-07
0.001977,5.9467e-10,1.0214e-09,1.7113e-05,0.00021418
6.9991e-06,1.943e-06,2.018e-05,0.0057229,5.6244e-05
0.0019492,6.3806e-09,0,0.00016739,0.00015418
0.0020752,3.1461e-08,2.6351e-09,2.9691e-09,1.319e-10
5.9337e-05,6.4765e-08,4.1099e-05,0.0051639,0.00039283
6.9508e-09,0,2.4749e-12,4.5859e-08,0.0048233
1.4178e-05,0,1.301e-09,7.9227e-06,0.0047839
0.0020564,3.9097e-08,0,5.2586e-05,9.9855e-08
0.0017573,9.7345e-12,9.3718e-11,1.4719e-08,0.00073887
0.0018142,1.7996e-06,5.2378e-06,0.00070177,2.29e-05
0.0015567,3.1766e-05,2.3068e-05,0.001343,7.5098e-05
0.0020674,7.5778e-06,5.4219e-05,8.5148e-07,7.891e-09
0.001732,0,4.9587e-11,1.775e-07,0.00079762
0.00010229,0.0043,0.0087542,0.00088635,1.8206e-05
0.0011298,0,0,3.155e-05,0.0021712
3.4913e-06,0.00035917,0.01228,0.0015361,2.5463e-06
0.0020667,6.7452e-08,0,2.4041e-05,0
0.00202,0.00026547,0.00014753,1.6358e-06,9.3225e-09
5.4077e-06,2.0398e-06,0.00010672,0.0057625,2.9656e-06
0.0020602,0,1.2935e-08,6.6356e-08,3.4958e-05
0.0020752,8.4636e-10,0,8.6688e-08,0
0.002075,0,6.7632e-11,1.2743e-11,5.8374e-07
0.0020746,3.441e-06,5.311e-07,1.9526e-07,2.4426e-10
0.0020733,1.0503e-06,2.5439e-07,5.08e-06,1.9583e-08
0.0014885,0.0025995,0.0018279,1.2507e-05,2.174e-06
0.0020334,0.00026096,3.2093e-06,1.4391e-05,3.4559e-10
0.0020751,0,0,8.7961e-13,3.967e-07
0,2.4467e-07,0,0.0058178,0
1.4212e-07,1.1096e-13,7.1743e-10,2.9416e-06,0.0048206
0.0020752,0,1.7172e-07,2.0741e-09,1.8364e-07
0.00026412,0,1.0578e-06,0.0048411,0.00019565
0.0020728,4.9318e-11,0,6.9701e-06,0
0.0020752,0,4.162e-09,4.0188e-09,1.4859e-07
0.00048117,3.5125e-07,1.3443e-06,0.0010167,0.0028616
0.0020557,3.8705e-07,1.6675e-06,1.6785e-05,3.1036e-05
0.00061311,3.5929e-10,2.8452e-10,6.3595e-08,0.0033983
0.0020753,0,0,0,0
0.002074,0,7.1233e-07,2.8167e-06,3.5384e-07
0.0019919,1.5978e-08,6.0669e-07,9.8233e-05,0.00011209
0.0016706,0,1.1108e-12,1.1261e-09,0.0009405
0.00087285,2.1117e-07,4.2746e-06,0.0033693,1.1122e-07
0.0012125,0.00092801,0.00079108,0.0015954,0.00016143
0.0020652,4.3579e-10,3.4932e-10,0,2.3347e-05
0.0020479,0.00017173,2.816e-05,2.2384e-07,6.2125e-09
0.00090941,0,0,4.7026e-07,0.0027093
0.0020706,1.5546e-05,1.3681e-05,2.3587e-06,2.3143e-08
4.8641e-07,0.0020411,0.00010264,0.0049805,3.5795e-06
0.00197,0.0004405,2.8636e-05,4.716e-05,5.4913e-05
6.6564e-06,0,7.6955e-11,0.00011907,0.0047092
0.0013098,0,8.4069e-05,0.00042034,0.0014071
8.0537e-05,7.7766e-08,6.6338e-08,0.00035243,0.004344
0.0020753,0,0,0,0
0.0020748,8.6498e-08,0,1.3119e-06,5.445e-12
6.7564e-10,0,0,7.2211e-10,0.0048234
0.0019994,0.00022802,5.0347e-05,0.00010672,5.6172e-08
2.1418e-12,0,2.0448e-13,3.9803e-08,0.0048234
0,1.005e-07,5.4186e-08,0.0054026,0.00034428
0.00012969,0,4.4108e-05,7.6816e-05,0.004446
9.9402e-07,0,0.017177,3.9818e-05,4.938e-09
0.00013021,0.000242,0.00068668,0.0051275,0
2.4704e-05,0.011938,0.0032292,2.4758e-07,2.4601e-13
2.9382e-05,0.00013846,6.9621e-06,0.0056779,1.0034e-06
1.8598e-07,1.0682e-08,2.2275e-05,0.005791,1.5683e-05
2.41e-06,1.3992e-05,3.6758e-05,0.0057771,1.3489e-05
2.3766e-09,0,1.0216e-15,3.0013e-10,0.0048234
1.012e-05,0.00028274,0.00049674,0.0054962,1.3149e-05
0.0020726,5.1747e-07,0,7.3593e-06,0
0.00025387,0,0,8.4497e-08,0.0042333
0.0020753,0,1.0822e-14,0,0
4.3575e-07,7.4741e-09,0,0.0050975,0.00059627
0.0020681,0,0,9.2414e-08,1.6435e-05
1.0815e-05,1.1975e-10,1.3717e-08,0.00013986,0.0046823
0.002025,3.3106e-09,3.6692e-07,0.00013649,3.4978e-06
0.00025653,0.01042,0.00069382,0.0007633,2.689e-05
0.0020708,1.4997e-07,0,1.2311e-05,0
1.2886e-05,2.04e-07,1.1799e-05,0.0010808,0.003894
0.0020753,0,0,4.7469e-11,0
0,6.4045e-07,0,0.0058042,1.1178e-05
0.0020559,0,7.8624e-13,1.31e-09,4.4969e-05
0.0020294,6.4523e-10,1.3966e-07,1.0869e-05,9.7635e-05
0.0020747,1.0865e-06,0,1.1236e-06,1.5844e-10
0,2.6145e-06,0,0.0058169,0
4.2288e-05,0,0.0011952,0.0011423,0.0034449
0.0020752,4.4845e-11,0,9.9152e-09,3.4395e-09
0,0,0,0,0
7.2929e-05,8.508e-06,9.6057e-05,0.0055746,2.6864e-06
8.3237e-07,9.708e-09,2.7152e-06,0.0057695,3.7454e-05
9.6838e-08,1.4894e-08,3.4948e-05,0.0057657,3.3323e-05
1.0601e-06,2.6072e-07,4.6926e-07,0.0058101,3.7866e-06
0.00035716,0.010362,0,0.00074397,2.0955e-05
0.000691,0.00011757,0.00013155,0.0035005,0.00024049
0.0020486,2.1785e-05,9.0114e-06,6.2915e-05,2.3201e-07
0.0020396,0,9.9491e-08,1.3001e-07,8.2622e-05
0.002075,9.28e-10,0,5.5999e-07,1.6757e-07
0.0020752,0,0,3.6588e-08,2.947e-09
0.0015765,2.0917e-06,9.343e-07,0.00021112,0.00098323
0.00014001,0.0041012,0.009812,0.00052454,1.3484e-08
6.9154e-05,9.5074e-07,0.00040168,0.0051286,0.00029848
1.5541e-05,0.00056987,0.0030901,0.0045128,1.217e-08
0.0020734,1.3249e-05,0,0,0
0.0020555,0.00011395,3.1928e-05,0,0
0.0020752,0,0,2.7465e-08,0
5.9189e-05,0.0094897,0.0057853,2.9725e-07,1.9042e-11
0.0019083,0.0001241,0.0011989,1.6551e-05,1.8187e-09
0.00063189,7.4235e-06,6.7602e-05,0.0037496,0.00022482
3.8853e-06,0,1.7525e-07,8.6532e-05,0.0047426
0.0012139,2.4795e-06,0.0026953,0.0012085,0.00024791
7.7861e-06,3.661e-11,8.0441e-10,1.2334e-06,0.0048043
