1.1082e-06,5.0353e-05,1.5478e-08,0.00020671,0.0035069
4.2665e-05,5.4998e-07,0.006129,7.7656e-08,4.3117e-08
0.00040498,0.0024114,5.6846e-07,1.2974e-07,0.0010304
9.0886e-07,1.5234e-07,8.8137e-07,1.1301e-07,0.0035978
0,0.0039334,3.6323e-07,1.4217e-06,5.9731e-08
0.0038911,7.545e-07,2.6928e-05,3.6011e-06,0.00010122
7.9738e-06,2.5127e-05,0.0061437,1.8066e-07,1.1836e-08
0.0015196,1.702e-06,0.0032086,6.4041e-07,0.00037414
0,9.4749e-06,0.00086723,0.00031239,0.0030182
0.0036508,1.5265e-05,0.00051754,3.5861e-06,1.7869e-05
0.0020518,1.1373e-07,4.3222e-05,1.1076e-05,0.0017361
3.7349e-07,1.9192e-08,1.7087e-07,1.65e-05,0.0035953
0.0031182,0.00082653,7.4386e-05,3.8902e-05,1.782e-06
3.6766e-07,2.8199e-07,0.0058768,4.411e-05,0.00017494
0.0034669,0.00031544,1.0248e-07,6.6927e-06,0.00020768
0.0040149,7.8682e-06,6.0678e-08,2.7758e-07,3.143e-07
0.00087754,1.8098e-05,0.00021177,5.2786e-06,0.0026735
2.9414e-06,2.1084e-08,3.351e-06,8.235e-06,0.0035929
1.0505e-06,4.2452e-08,7.4061e-06,0.00013868,0.0035636
0.002287,0.00014585,5.9108e-06,0.0046088,0.00040418
3.2231e-05,4.244e-07,7.5195e-06,0.0050574,0.0024549
5.8136e-06,0.0031111,1.7814e-06,0.0029221,0.00010481
1.3609e-07,9.5945e-06,0.0061803,5.5525e-09,1.3231e-09
0,0.0018657,2.0953e-06,0.0010197,0.0016671
5.4702e-05,0.0030889,2.1126e-05,4.2155e-05,0.00070274
3.5825e-07,6.3533e-09,0.0061948,1.3225e-07,1.2904e-07
0.0018178,0.00039521,0.00013542,0.0021427,0.0010622
6.5956e-07,7.7955e-07,0.006193,9.2394e-07,9.1991e-09
0.0010929,3.3864e-06,0.00013902,1.5415e-06,0.0025374
0.00010155,1.3649e-08,0.00034674,7.4211e-07,0.0033069
0.00029011,9.5819e-06,7.7724e-06,3.5951e-06,0.0033257
0,4.7274e-05,1.8354e-05,0.012501,0.00079962
0.0030841,0.00076635,3.314e-07,0.00035252,6.1516e-05
0.0016387,1.9504e-06,7.8875e-05,0.00015492,0.0020517
2.1705e-05,1.1057e-05,0.0059083,2.0342e-05,0.00013295
3.4513e-06,0.00016417,4.0617e-09,8.5768e-07,0.0034458
2.7846e-05,3.314e-09,5.3372e-10,8.5829e-07,0.0035742
0.0017728,0.00022039,0.0031082,1.1466e-05,3.4903e-06
3.8828e-06,0.00023341,1.0192e-07,2.0426e-08,0.0033822
5.1827e-06,4.5199e-07,0.0061863,7.8506e-07,1.7713e-07
0.0036727,4.3175e-06,4.1338e-05,3.835e-05,0.00027733
0.00037201,0.0035467,2.518e-05,5.0182e-06,5.8244e-06
0.00080091,3.2018e-06,2.3857e-05,6.5255e-05,0.0028517
0.0039676,1.222e-07,3.1284e-05,3.0482e-07,3.1492e-05
5.8817e-07,0.0011462,0.0043734,3.6225e-06,8.5491e-06
0.00049387,2.096e-07,0.0052766,4.1392e-06,9.099e-05
0.0039075,1.7169e-05,1.371e-05,6.4381e-05,6.5814e-05
0.002587,0.00035305,0.001522,0.00024466,2.4031e-05
0.0018671,9.1758e-09,2.6123e-06,6.9579e-07,0.0019273
6.2837e-06,1.166e-06,1.131e-09,2.233e-07,0.0035926
0.0037544,8.5722e-06,7.2685e-06,0.00014967,0.00019567
8.6294e-05,3.0445e-08,2.9088e-06,1.1808e-06,0.0035202
0.00031939,4.8744e-08,0.00016506,2.9187e-06,0.003217
7.1139e-05,6.4993e-05,0.0059055,5.9655e-05,3.2336e-05
0.0003246,0.0033167,9.1536e-06,0.0012239,3.0453e-07
2.5521e-06,0.00033103,0.0042544,0.0033791,8.0374e-05
2.9018e-06,1.2353e-05,1.3012e-06,0.0006916,0.0034328
0.0032626,0.00013777,1.8386e-06,2.0047e-05,0.00054904
0.0015849,1.6893e-06,0.00011217,2.6374e-07,0.0021147
0.00093021,4.3722e-05,9.4043e-05,0.00053205,0.0025557
0.0038715,2.4287e-07,4.6826e-08,0.00020697,9.0185e-05
0.0010708,0.0004486,2.2149e-05,0.0089305,0.00025653
0.002022,2.2436e-05,0.0020744,3.4287e-06,0.00056402
1.7137e-05,2.4362e-07,0.0061687,3.31e-07,3.2389e-08
2.3245e-05,0.0036186,9.8401e-08,0.0012107,1.8203e-06
9.7954e-06,0.0031949,0.0001167,0.002729,2.386e-07
6.2006e-07,1.1361e-07,9.2903e-09,0.00043136,0.0035039
0.00013143,0.0020907,0.001208,0.0038593,1.9441e-05
0.0040026,1.5825e-05,4.0843e-06,6.2826e-06,3e-07
0.0039313,7.3208e-05,1.9507e-06,7.2618e-07,1.4086e-05
0.0010349,1.7288e-06,0.0045412,4.3312e-07,3.3615e-05
7.8393e-06,0.00016957,3.7958e-05,0.0077405,0.0017149
3.469e-06,0.0023331,1.2062e-05,0.0065706,1.1383e-05
2.9368e-06,7.4673e-07,0.0061899,1.1142e-07,6.4036e-09
2.5052e-06,0.0039291,7.5249e-07,8.1543e-06,3.3398e-11
1.7913e-06,9.2342e-09,0.0061928,4.9369e-10,2.2304e-08
7.1192e-08,1.7486e-07,0.0061952,3.0683e-09,1.5549e-08
0.0013251,0.00049821,3.4139e-05,0.0052032,0.00079532
0.00060653,9.5677e-09,0.0051997,1.2545e-05,3.3187e-05
0.0014814,1.2017e-06,0.0001712,8.1576e-06,0.0021717
1.0425e-07,0.003912,1.0889e-06,8.53e-05,6.7643e-07
3.717e-06,0.0038232,8.7839e-08,0.00044624,8.3455e-09
1.8449e-05,0.0038418,1.7581e-05,0.00025923,6.9867e-07
3.7998e-06,0.0038818,7.1575e-05,1.0446e-05,5.2002e-07
1.0279e-06,0.0038481,7.3889e-08,0.00033715,3.5954e-06
0.0038145,2.1968e-06,0.00031812,9.6575e-08,2.0583e-08
0.00093665,0.0029916,3.6272e-05,4.1183e-07,3.1091e-06
0.0034518,1.4012e-05,0.00085053,3.3928e-07,4.3467e-06
5.0351e-05,0.0037599,1.066e-05,0.00048797,8.5322e-07
0.0028666,0.00043612,9.7762e-06,1.9928e-05,0.00062576
0.00013428,8.8579e-06,0.0016266,1.5219e-06,0.0025258
0.00086109,9.0357e-05,3.35e-07,0.01112,0.00030358
4.7573e-05,0.003843,6.0098e-05,2.3566e-05,6.5655e-07
0.00070164,5.4605e-06,2.7759e-08,3.8787e-07,0.0029665
2.4619e-07,0.00012278,0.00015026,0.014478,0.00021931
0.00050477,0.00094015,4.8614e-05,0.0019891,0.0018224
1.2549e-05,8.3367e-06,0.0061629,2.9495e-07,7.5591e-08
1.8698e-06,2.1194e-06,0.005943,0.00047314,3.9238e-05
0.0033841,4.6683e-06,0.00012471,2.5649e-06,0.00049457
1.7192e-06,0.001857,9.4612e-06,0.0083596,5.7131e-05
2.7622e-06,0.00012783,4.5814e-05,1.5349e-05,0.0034499
0.00017849,0.00014944,0.0053985,4.0318e-05,0.0001578
0.0032727,9.9273e-05,3.8842e-06,4.5467e-06,0.0005775
9.466e-05,0.0037824,1.2409e-06,3.2726e-08,5.3329e-05
0.002391,1.7918e-08,2.4289e-06,0.0065869,1.2095e-05
0.0020296,0.00040228,1.0606e-05,0.006178,5.2455e-05
4.8351e-05,0.0033303,1.9728e-05,0.0002268,0.00044779
1.2352e-05,0.0036774,1.3102e-06,0.00021567,0.00017561
9.7366e-07,0.00011318,1.6e-06,6.911e-05,0.0034788
4.5318e-06,1.3304e-06,5.4913e-06,0.00088046,0.0033975
0.00011513,2.4806e-06,0.0051775,2.7696e-05,0.00048012
3.299e-07,0.0039169,1.961e-07,5.8875e-05,2.3294e-06
2.2087e-05,0.0039123,1.172e-07,3.7759e-08,5.8856e-09
0.00046796,0.0018555,0.00086628,1.7231e-06,0.0009794
0.00029802,0.0034175,2.4606e-06,3.4693e-05,0.0001969
0,0.0035692,0.00011291,0.00094771,6.0048e-05
0,0.0030908,0.0013004,2.6491e-05,1.0215e-05
0.00040398,1.4621e-06,0.0055702,5.8483e-08,5.6571e-07
0.001287,0.00039453,9.6003e-05,0.0017175,0.001654
0.00076917,0.0031451,3.778e-05,2.2176e-05,6.877e-06
0,4.4066e-06,0.00093497,0.0002266,0.0030024
1.2362e-08,1.9787e-05,0.0060031,0.00041278,3.0868e-06
0.0039215,5.4216e-05,2.4187e-07,1.8521e-05,3.7345e-05
1.6516e-05,0.0001008,6.0168e-05,0.011638,0.000901
4.4844e-06,0.00034843,0.005544,3.1419e-06,5.5063e-05
5.0721e-05,0.0015854,0.00023015,0.00028775,0.0019065
0.0033562,8.724e-05,0.00011967,0.000804,0.0002709
0.0016771,0.0022941,1.5201e-09,6.4609e-08,1.052e-08
0.00015027,0.003062,7.1201e-05,0.002583,5.4673e-05
0.0040094,3.0051e-07,2.0327e-09,7.1935e-07,1.2097e-05
0.0037533,0.00021396,6.0758e-06,3.9349e-05,3.3678e-05
0,0.00099203,0.0021686,2.7273e-05,0.0014258
4.3019e-05,7.4887e-06,0.00030856,0.010425,0.001085
5.5075e-05,6.6846e-07,0.0007108,4.8162e-07,0.0031364
0.0036649,1.9016e-06,1.2878e-08,1.1368e-06,0.00031865
2.6142e-05,1.6217e-06,3.4233e-06,3.9656e-06,0.0035716
0.0010149,0.002494,0.00051956,0.00027057,4.836e-05
0,0.0034959,1.8743e-07,1.9151e-05,0.0003965
0.0002568,0.0027759,0.00015651,0.00066839,0.0005921
0.00081509,0.00054817,0.00010105,0.00032477,0.0022386
0.0038774,0.00012535,4.7963e-07,4.0211e-05,6.8164e-06
1.5615e-05,0.00029585,6.6555e-05,0.00016959,0.0032388
2.6221e-06,0.0027583,1.8497e-07,0.0038634,0.00022469
0,2.6221e-06,0.0061853,1.1081e-05,1.1843e-06
7.8188e-06,1.13e-06,0.00033353,5.4805e-05,0.0033855
0.0032802,1.0998e-06,4.2751e-05,0.00068446,0.00048865
1.7507e-05,0.0036429,4.0053e-05,0.00043298,0.00013229
1.8471e-05,2.1028e-07,0.00048514,5.2819e-05,0.0032892
0.0039149,4.6902e-06,0.00014684,1.1348e-06,7.1405e-06
1.2259e-05,4.9415e-09,1.6516e-07,3.1557e-06,0.0035876
0,4.8965e-08,3.2141e-05,5.3725e-05,0.0035688
1.387e-06,3.7696e-06,0.0061822,2.0173e-07,3.0903e-06
6.2504e-05,1.331e-06,3.1551e-06,5.1297e-07,0.0035402
0.00030202,3.0234e-06,8.9997e-05,5.5681e-06,0.0032729
0.0039007,2.9894e-05,5.8139e-06,0.00035133,1.8723e-06
0.0014906,0.0016144,1.3101e-06,3.2934e-06,0.00078733
0.0002471,1.6728e-06,2.8855e-06,0.00016027,0.0033399
3.656e-05,2.1887e-07,1.8479e-07,5.2055e-06,0.0035652
0.00026619,0.0029014,1.7265e-05,2.1549e-05,0.00069192
1.6021e-06,0.00069412,1.1585e-07,0.00070588,0.0028077
0.00060286,0.0011833,3.1726e-05,0.0088461,1.5923e-05
8.4374e-07,3.4042e-07,1.1245e-08,6.812e-09,0.0035983
6.6206e-07,1.1234e-06,0.00025198,1.4229e-08,0.0034513
0.00011421,1.4329e-05,1.4711e-09,1.0318e-07,0.003484
0.00035237,3.5322e-08,6.3174e-06,2.6117e-05,0.0032747
1.0509e-05,0.0038274,4.0718e-06,0.00038982,1.4367e-07
0.0034955,0.00037478,0.00013586,0.00012927,2.2053e-05
0.0038756,6.9468e-06,0.00011373,1.0123e-05,5.7549e-05
0.00208,3.0104e-05,0.0028747,0.00018565,1.9305e-07
3.6435e-07,0.0039211,9.3904e-08,5.1985e-05,4.8246e-09
0,0.00013399,0.00036084,0.0033192,0.002538
0.00019305,0.0011968,1.1079e-06,2.9946e-05,0.0023244
4.4786e-06,3.4169e-05,0.0016838,0.00086003,0.002397
3.1726e-05,0.0036,0.00042922,0.00010782,4.212e-06
0.00065702,5.3509e-06,0.0051554,5.0314e-06,1.0521e-05
0.00072647,9.1357e-05,0.00010566,0.012709,1.2896e-05
3.0532e-06,0.0039302,5.5116e-07,2.1103e-06,2.751e-08
0.0039551,1.37e-05,2.0979e-07,8.3954e-07,4.8247e-05
6.9349e-05,0.00096283,1.5608e-05,0.0065474,0.0012092
1.7401e-07,0.0034636,5.7333e-06,0.0019433,5.3804e-08
1.6946e-05,0.0024914,1.4241e-05,0.0058419,1.3298e-05
0.0016387,1.9504e-06,7.8875e-05,0.00015492,0.0020517
2.1849e-07,0.0026079,0.00037675,0.0031056,0.0003121
2.0406e-06,7.6737e-07,3.4759e-07,2.0929e-05,0.003592
0.0011866,0.0024843,0.00019883,0.00058454,2.0969e-05
0.0039296,3.718e-08,3.8482e-07,1.9925e-05,7.9274e-05
0,0.00033343,0.00038469,0.012261,0.00037763
6.215e-07,0.0038762,6.1163e-07,0.00023537,2.7832e-07
1.1703e-08,4.1351e-06,1.4448e-08,1.0356e-06,0.0035953
0.0039624,4.2838e-05,9.4219e-06,3.3952e-05,2.4201e-06
0.00054,0.0019377,0.0013118,3.3451e-06,0.00058053
0,3.9338e-06,0.0061893,1.7663e-07,3.005e-08
0.0031096,0.00087629,1.4091e-09,8.2756e-08,1.571e-05
0,0.0037028,1.9609e-05,0.00053502,8.2608e-05
0.0018212,0.00076034,2.558e-06,0.00048798,0.0011658
0.0020406,0.0017871,2.4104e-06,0.00062437,2.3683e-07
1.8054e-06,4.9022e-05,4.5568e-09,7.0204e-07,0.0035527
5.6765e-05,0.0036664,4.1651e-05,0.00022293,0.00012091
0.00068104,0.00010168,0.0033335,6.5832e-05,0.00094597
0.0029009,2.1393e-05,4.6669e-08,2.6667e-05,0.00097871
8.4715e-05,0.0038244,3.9014e-05,9.3886e-08,1.8245e-06
2.6541e-05,5.0207e-08,3.8352e-06,0.015884,8.4459e-05
0.0039159,5.6616e-07,7.4848e-07,1.9608e-05,9.0899e-05
2.8481e-06,3.4118e-06,0.0061842,2.6652e-06,3.8723e-07
0.0039673,1.4069e-07,5.7713e-06,1.728e-05,4.2864e-05
3.7321e-05,3.2497e-06,0.0061312,1.4367e-08,1.0813e-06
0.00036099,8.232e-07,0.005599,7.8885e-05,5.6067e-06
0.0039652,3.8935e-07,3.2415e-05,0.00011367,7.9059e-06
0.0023385,1.8231e-05,2.0014e-06,0.00022126,0.0014409
0.0035904,0.00028583,0.00017632,0.00010339,6.4834e-07
0.0037686,1.8055e-06,4.4825e-08,2.5825e-06,0.00022569
4.0741e-07,2.1196e-07,3.947e-08,6.8243e-05,0.0035838
0.00023763,0.00028651,1.1475e-05,0.00046415,0.003016
0,1.2202e-07,0.0061853,1.9436e-05,1.6244e-06
1.6085e-06,0.0038334,2.6514e-06,0.00040037,1.1359e-06
0.0012832,4.9519e-05,3.5017e-07,2.481e-07,0.0024058
0.00042698,3.7287e-06,0.0025655,1.2411e-06,0.0017233
2.767e-06,1.9879e-07,5.3875e-11,2.1221e-10,0.0035967
9.089e-05,0.0038392,1.2837e-07,2.4623e-05,7.3927e-09
0.00025773,0.0036556,3.6515e-06,1.1343e-05,1.9599e-05
0.0032119,6.2478e-07,0.0011506,1.6512e-09,5.6991e-05
5.0708e-05,0.0028823,9.1315e-05,0.0034471,0.00010663
4.0111e-07,1.5364e-06,3.1099e-06,0.00021669,0.0035482
0.0001226,0.00018201,0.0057148,2.6807e-07,3.0729e-06
0.0031553,0.00084667,5.9512e-07,4.6667e-06,5.7276e-07
0.0002245,1.6545e-07,6.8389e-08,5.6034e-08,0.0033983
0,2.146e-08,0.006183,1.0289e-05,5.0541e-06
0,0.0036134,4.6023e-05,0.0010023,4.6445e-05
0.0018628,8.796e-06,0.003307,2.4362e-06,3.0394e-06
1.0122e-05,3.3414e-07,2.2011e-05,0.00048536,0.0034706
2.9604e-06,0.00019478,1.7817e-06,3.0733e-05,0.0034107
0.00050063,1.2788e-05,6.3774e-06,9.8025e-05,0.0031145
0,1.7996e-09,0.0061956,4.2907e-09,4.8049e-10
0.0035825,4.7256e-06,0.00034505,3.6079e-05,0.00018169
5.4667e-07,0.0039303,1.7824e-07,1.1606e-05,2.8462e-07
3.5319e-06,3.1662e-05,1.6138e-07,0.0018045,0.0031707
0.0034619,3.8994e-05,0.00046324,0.00089421,1.0487e-06
0.0021746,0.0017489,2.7421e-05,1.0744e-06,3.76e-05
3.8836e-05,1.9581e-06,0.0061299,7.4463e-06,2.2571e-08
1.624e-07,8.46e-07,0.0051015,0.0025209,8.1001e-05
0.001311,3.6911e-09,9.8073e-07,4.1916e-07,0.0024259
0.0040136,5.1926e-06,2.5559e-06,5.1898e-06,1.3464e-06
0.00016497,0.00015658,0.0056854,1.8149e-06,5.185e-06
0.0025063,5.6559e-05,0.0019263,0.00055263,6.4984e-05
0.00011693,1.9414e-05,2.215e-06,7.6068e-05,0.003459
5.3531e-05,2.3255e-07,0.0061102,8.9519e-09,1.5039e-06
1.3452e-06,0.0035093,1.9392e-06,0.0017585,4.5138e-08
0.0010003,1.1734e-06,1.8577e-05,4.1395e-07,0.0026925
1.3072e-08,7.4786e-09,1.1162e-10,5.4347e-09,0.0035993
0.0017178,2.0684e-07,2.7192e-06,1.4035e-05,0.0020577
6.8946e-07,6.5398e-05,6.4098e-06,0.0023924,0.0030097
0.0034485,1.3921e-06,0.00040931,1.6078e-05,0.0002717
0.0030461,0.00071076,1.9593e-08,9.0844e-06,0.00022194
0.0035268,0.00044284,1.8285e-05,2.68e-06,2.7843e-05
0.0033781,0.00059358,7.2153e-06,4.5638e-05,1.9971e-05
0.0033148,0.00065465,6.7466e-06,1.5866e-05,2.7487e-05
5.3221e-05,0.0038551,3.4069e-05,5.1466e-06,3.6498e-06
0.0026555,1.5527e-07,4.3658e-05,0.0002641,0.0011401
0.00029819,0.0020859,0.0013792,0.0028213,3.2048e-06
0.00022496,4.5698e-05,0.00010128,4.3494e-05,0.0032879
0.0040113,3.8068e-06,1.1287e-07,5.5443e-07,7.1564e-06
1.401e-06,0.0038963,1.3782e-05,1.1374e-05,2.2759e-05
0.00059655,0.003318,1.9853e-06,0.00010176,6.4522e-06
0.00023616,6.9896e-06,4.0884e-08,1.3364e-05,0.0033787
1.4473e-06,4.1718e-09,1.1765e-09,2.6464e-06,0.0035974
0.00082768,0.003117,5.2586e-06,1.7083e-05,2.4851e-07
0.00040414,0.00014233,0.0052836,3.8011e-07,3.7971e-05
0.00021358,8.58e-07,3.8002e-09,1.0389e-05,0.0034052
5.3241e-05,3.4101e-05,0.0060386,1.1865e-06,1.2119e-05
0.0018344,1.8021e-06,1.6975e-06,6.1346e-05,0.0019422
1.5932e-05,5.5438e-06,0.0035999,0.0002505,0.0014336
1.417e-06,0.0039323,7.8747e-08,9.9393e-07,1.875e-09
0.00010103,1.4846e-06,0.0058234,9.7327e-05,0.00010313
3.2319e-05,0.0038972,2.6021e-06,3.0501e-06,2.5804e-06
0.0011128,0.00012418,0.0042787,1.9416e-05,2.5514e-07
2.3008e-06,0.00024928,5.0407e-05,0.01264,0.00056364
0.002656,0.0010746,0.00016458,1.1207e-06,0.0001442
0.0027562,4.5176e-06,4.754e-08,4.9104e-06,0.0011284
9.963e-06,0.00021045,2.3922e-06,0.00090687,0.0031973
4.6812e-06,0.0039226,2.8739e-07,2.7828e-05,7.1865e-10
8.5554e-05,0.0001347,0.00044585,0.013818,0.00010549
8.7959e-05,0.00050858,5.3219e-07,1.6637e-05,0.0030514
3.6876e-05,5.9025e-05,0.0053529,0.0016644,3.7009e-05
4.6073e-07,0.0039222,3.0964e-08,1.0861e-05,8.0348e-06
0.0035043,2.732e-06,2.1474e-05,2.3182e-07,0.00044928
1.7595e-06,1.9364e-05,0.0018664,0.010622,0.00016272
0.0016377,0.001346,3.0559e-05,0.0005902,0.00075542
0.0029503,0.0010401,1.4062e-05,6.1896e-07,4.2116e-08
0.001292,0.00011187,0.0040294,6.142e-07,1.043e-07
0.002079,0.00021881,1.0859e-05,0.0044706,0.000551
0.0038239,0.00019067,5.8528e-06,2.0914e-08,5.9405e-07
2.2302e-05,0.00012639,0.0059614,1.4442e-06,1.7746e-07
2.2622e-05,9.7709e-05,8.7006e-07,0.002125,0.0030224
3.482e-07,0.0018572,8.5459e-06,1.6868e-05,0.0018912
0.00029654,0.0013977,1.3621e-05,0.0089775,7.5418e-05
5.945e-06,3.2271e-08,0.00017139,2.9354e-06,0.0034938
0.002882,3.1309e-06,1.9449e-07,1.7599e-07,0.001018
0,0.00056041,2.5854e-05,0.0011481,0.0028194
0.0018877,0.0017661,0.00023556,4.2391e-07,0.00015778
9.6003e-07,2.6927e-09,1.8568e-09,4.3295e-07,0.0035984
0.0040132,9.3963e-07,1.4163e-05,1.3019e-09,3.7946e-08
0.0032681,1.2173e-08,8.553e-08,1.1371e-05,0.0006731
2.3618e-07,0.0039211,1.2374e-05,1.8766e-05,3.0294e-07
2.7532e-06,2.9402e-06,0.0061371,7.6826e-05,1.1962e-05
1.5373e-07,6.5212e-05,2.2972e-06,0.016103,1.2203e-06
0.00027033,0.0034009,0.00011185,0.00079553,6.176e-06
0.0017627,1.8953e-06,3.5326e-05,0.00011582,0.0019747
7.4124e-05,0.0007325,0.0045243,0.00037157,0.00015282
0.0024506,0.00019835,0.0018841,5.5221e-05,0.00011888
6.4921e-05,5.0087e-05,0.0060146,4.1664e-06,3.7079e-07
1.2719e-05,0.0039199,2.3033e-06,2.4504e-07,1.5569e-07
2.4281e-06,0.0015542,0.0029519,4.4676e-06,0.00045934
0.00023704,0.0025137,0.0013125,0.00070281,0.0001705
0.0040067,9.9196e-07,4.1621e-07,8.8116e-06,1.1788e-05
2.0389e-05,0.0021455,0.0016538,0.00059894,0.00052576
8.3021e-05,0.0038508,6.4503e-08,8.472e-06,4.7249e-09
0.00027274,0.0019612,0.00057332,4.6625e-05,0.0012177
0.0037142,7.9505e-05,0.00033554,1.6768e-05,5.1811e-06
0.0032318,0.00074768,1.4447e-06,7.4983e-05,6.759e-06
0.0029619,1.6953e-06,1.233e-06,0.0030467,0.00027813
3.8866e-06,0.00035328,0.0056331,2.2011e-07,4.9159e-08
0.003906,2.4269e-06,9.2999e-07,0.00010596,7.892e-05
0.0006385,1.723e-06,0.0044893,8.2053e-05,0.00040049
0.00025624,0.0035843,2.8697e-05,0.00033032,1.5429e-06
0.0039399,7.9194e-05,2.1928e-07,3.1808e-06,1.4002e-06
2.5672e-05,2.87e-07,0.0061541,1.1326e-06,6.309e-07
3.0711e-07,0.0039336,1.5678e-07,2.9748e-07,1.5455e-10
9.0816e-06,3.6822e-09,3.6438e-07,5.6195e-09,0.003591
0.0037256,0.00016554,1.5599e-06,0.00031734,4.435e-05
0.0032492,0.00072853,5.5487e-07,0.00010407,2.8084e-06
0.0021372,1.93e-06,0.0020251,0.0019628,7.8006e-05
0.00023895,0.0011653,0.0004069,0.001317,0.0017937
0.001203,8.9033e-06,2.9084e-07,4.9388e-06,0.0025137
0.0027643,2.9025e-08,1.8506e-08,2.7622e-09,0.0011263
0.00016986,3.4748e-06,3.4739e-06,0.00076737,0.0032736
0.0039069,0.00010886,3.3618e-07,1.1988e-05,1.7231e-06
0.0034167,0.00059009,3.0359e-07,1.1269e-05,1.6245e-07
1.3132e-06,3.0502e-05,4.3171e-05,0.011844,0.00094365
6.4898e-05,4.9683e-06,8.7153e-05,2.3383e-05,0.003481
0.00025127,0.0035684,0.00017782,1.5485e-05,3.0706e-06
0.0019575,8.9268e-06,9.8432e-05,0.00019631,0.0017397
0,0.00028493,2.5398e-06,0.013696,0.00032873
2.2765e-07,0.0039326,1.5505e-08,5.0262e-06,1.6333e-09
0.00059796,0.0002112,2.3776e-05,1.3323e-05,0.0028544
0.0002114,9.337e-05,0.0042237,4.2244e-05,0.00086176
0.00035505,0.0034971,1.3646e-06,0.0003449,5.5987e-06
0.0018772,0.0019272,1.8238e-07,0.00068131,7.0397e-06
0.0006615,2.0255e-06,0.0051224,6.714e-05,1.5117e-05
5.4472e-06,0.0039286,1.4874e-07,1.0184e-08,1.6361e-09
2.9342e-06,0.0037899,8.9922e-05,0.0002855,1.4261e-05
0.00016071,5.8031e-07,5.7208e-06,4.3166e-06,0.0034508
0.0027749,1.3215e-06,0.0012812,0.0003327,0.00029829
9.7732e-08,0.0039004,4.1927e-05,2.8551e-05,9.9351e-09
1.296e-07,6.6703e-05,7.6711e-06,0.0012802,0.0032525
3.9857e-08,1.1399e-08,1.3571e-07,8.1021e-07,0.003599
9.2727e-07,1.7779e-07,0.0047909,2.1933e-06,0.00081462
3.6558e-07,3.8013e-09,4.1327e-07,0.00016659,0.0035622
0.00096874,3.6541e-07,0.0046995,3.2632e-06,1.468e-06
0.0036813,1.4009e-07,3.0365e-06,1.8359e-07,0.00030411
0.0013237,0.0010015,0.00248,2.1633e-05,5.33e-05
0.002071,0.00037787,0.00088009,0.0028168,0.00027085
0.0028426,1.3165e-05,2.1574e-06,3.2237e-05,0.001036
0.00022746,0.0036655,2.6565e-05,8.2449e-06,2.4946e-05
7.4574e-06,0.0037403,9.3486e-05,0.00052936,1.7529e-08
1.3246e-06,0.0035437,1.9896e-05,0.0013898,3.9144e-05
0.00016939,1.2046e-08,4.8987e-06,4.6378e-05,0.0034347
0.00212,0.00018432,1.0913e-05,1.2212e-06,0.0015275
0.00013381,2.1057e-08,1.6774e-07,6.6146e-07,0.0034794
4.7532e-08,0.0027126,0.0013237,0.0015734,2.8606e-06
0.00017372,0.00053606,4.2823e-07,2.8859e-07,0.0029532
3.7886e-07,0.0039131,9.8027e-09,3.3936e-05,1.1304e-05
0.00027132,0.0036567,1.5368e-06,4.4264e-05,4.0304e-07
3.9048e-06,0.0037023,6.5784e-07,0.00078263,3.621e-05
3.6711e-05,0.0038892,7.8648e-08,3.6897e-05,1.5676e-08
0.00052921,1.9839e-06,1.1433e-07,0.00015135,0.0030908
5.8452e-05,0.0013256,7.0061e-05,0.0068232,0.00079479
2.4325e-06,4.1469e-09,0.0061904,3.67e-06,5.0669e-08
2.2627e-06,1.4076e-06,0.00035123,0.0018598,0.0029835
6.6154e-05,0.0030786,3.1167e-05,0.0032062,1.1138e-06
2.6905e-07,0.00011533,2.4646e-08,5.7621e-06,0.0034923
0.00061266,0.00054088,1.3993e-06,6.2152e-06,0.0025542
0.0029554,1.5444e-08,0.00046879,1.0931e-07,0.000683
0.0012427,0.00035831,0.0031969,0.00067226,0.00015485
0.0014942,0.0024045,1.6736e-05,0.0002253,3.4724e-06
0.0036461,4.6862e-07,0.00037635,6.2639e-06,0.00011709
3.5464e-05,2.6077e-07,8.731e-07,3.1094e-05,0.00356
6.2594e-06,9.4612e-08,1.1607e-07,3.4924e-05,0.0035859
0,0.0038619,4.5407e-07,0.00029761,3.6001e-07
3.4934e-07,0.0035516,1.189e-07,5.8941e-05,0.00033652
4.3108e-05,1.3193e-05,0.00018933,0.00018187,0.0033988
0.0010868,0.002735,1.3737e-06,0.0005186,1.0037e-05
0.00029978,2.3911e-05,1.4014e-08,1.3743e-08,0.0033093
4.1103e-05,0.0035968,0.00044725,5.3324e-05,1.9481e-07
9.178e-06,0.00069458,0.00013726,0.009048,0.00088849
0.00013758,0.0011848,0.0002395,0.0027444,0.0016503
0.00046275,0.0022912,1.053e-06,0.0014547,0.00076892
0.0011137,0.0015928,0.0019721,8.8129e-08,3.7941e-08
0.0010948,0.0024352,1.9559e-07,3.596e-05,0.00038388
2.6389e-05,1.0663e-07,1.099e-07,0.00025837,0.0035188
0.0033131,0.00013012,6.9795e-06,0.0021931,3.0569e-05
0.00062695,2.256e-08,0.00072795,2.1482e-05,0.0026108
2.9666e-06,0.0039208,4.0219e-07,3.0814e-05,2.4652e-06
0.00015364,3.146e-07,0.0054305,2.7499e-05,0.00030071
5.682e-07,1.5422e-06,0.0061373,2.7954e-07,3.1889e-05
7.8921e-06,0.0039249,8.9353e-08,5.7217e-06,2.9428e-11
1.1088e-10,3.2177e-10,1.3203e-09,5.0188e-08,0.0035993
0,0.0017685,4.4739e-06,0.0076241,0.00030406
4.7481e-07,3.2453e-09,2.2839e-08,0.00093628,0.0033932
2.4402e-06,8.9235e-06,0.0061776,4.3374e-07,2.387e-08
6.9141e-08,0.0039339,5.8695e-08,9.7755e-08,4.5046e-09
0.00020274,4.7522e-06,0.00024904,5.5187e-05,0.0032568
0.0028091,1.0667e-06,2.2295e-05,0.00085161,0.0008853
0.0015811,3.8075e-05,5.4992e-05,0.0003577,0.0020395
0.003672,0.00028932,3.5037e-07,1.671e-08,4.9432e-05
0.0022881,0.0016867,1.9284e-08,3.0602e-05,2.4425e-06
0.0026302,1.3714e-06,2.7276e-05,0.00043808,0.001133
1.3506e-08,7.9688e-09,0.0061809,6.8741e-07,8.3667e-06
3.4336e-05,3.0632e-05,1.1049e-05,0.0006457,0.0033923
5.7668e-09,0.0039252,1.704e-07,3.608e-05,4.5218e-09
0.0019847,9.0647e-08,0.00076131,2.554e-05,0.0013758
3.0043e-05,0.00021973,3.1849e-06,0.00053882,0.0032512
0.00013835,0.003644,2.8986e-07,0.00054495,2.1746e-05
0.002754,0.0010695,8.5231e-05,0.00039034,2.183e-05
0.0027545,0.0012135,2.2906e-06,4.43e-05,1.3849e-05
0.0040142,2.6346e-06,2.114e-08,5.4402e-07,5.6527e-06
1.1332e-05,0.0039197,5.5286e-08,1.3468e-05,2.3924e-08
1.6758e-05,0.00023567,0.0056248,0.00012468,7.36e-05
7.4883e-05,9.8248e-07,1.4123e-09,0.00024112,0.0034785
8.2345e-06,0.0037229,6.0816e-06,0.00082966,2.7814e-08
3.396e-06,2.3686e-07,0.0061886,4.906e-07,7.1973e-07
2.7128e-05,2.2809e-06,0.0055752,8.5145e-05,0.00031541
0.0026437,0.00038841,2.6842e-06,3.0151e-05,0.00087075
7.7709e-06,5.8119e-05,3.4981e-05,0.0010136,0.0032962
1.044e-07,8.3419e-08,7.0733e-11,6.777e-12,0.0035992
0.00015073,0.0031986,3.139e-05,1.9243e-05,0.00051551
0.001085,3.5597e-05,0.0041882,0.00074091,2.6306e-07
0.0024875,0.00066965,3.2846e-06,0.0034498,1.6779e-06
3.1378e-05,0.0039017,2.2765e-08,6.8177e-07,1.298e-06
0.0039994,9.4426e-06,1.3206e-06,4.1047e-05,3.0117e-06
0.0013521,3.4524e-06,2.615e-05,0.00029758,0.002306
2.0302e-05,0.00086596,0.00039627,0.002783,0.0019474
0.0036161,7.9541e-06,8.1064e-07,7.0207e-05,0.00034115
2.9132e-06,0.0039216,2.408e-06,5.6199e-07,7.21e-06
0.0037684,8.1695e-08,1.2098e-08,0.0008794,3.4847e-05
6.3617e-06,0.0039137,1.1294e-06,5.5896e-05,5.1711e-09
4.54e-05,8.9127e-06,0.0060929,3.7164e-05,2.7765e-06
0.00035399,2.2418e-08,0.0056473,6.8115e-08,1.8655e-06
0.0020944,8.4365e-05,2.822e-07,1.2732e-05,0.0016455
3.9318e-06,0.0039278,1.3413e-07,3.7918e-06,1.2421e-06
4.8114e-05,6.9284e-05,6.9714e-07,3.1222e-05,0.0034856
0.0021156,0.00032016,0.00055543,0.0039053,0.00023332
1.5171e-07,1.1804e-07,2.1166e-05,0.00025931,0.0035298
1.6889e-07,1.2999e-05,5.3072e-05,1.1563e-05,0.0035539
0.0012983,0.0015788,0.00094369,0.0016697,7.8321e-05
0.0038822,9.5616e-05,6.2722e-05,7.8432e-07,2.1865e-06
0.0011803,7.6832e-07,0.00012684,5.7774e-06,0.0024678
0.00027816,4.149e-07,6.9072e-06,9.5402e-05,0.0033251
0.00023245,0.0029971,0.00017172,1.6492e-06,0.00054919
0.00024119,9.9292e-05,0.0056678,1.3046e-07,1.1811e-08
7.3236e-06,2.7077e-07,0.0061797,6.1196e-08,2.4606e-06
0.0012295,3.5094e-07,1.0252e-06,3.5395e-05,0.0024907
7.7942e-06,0.0034991,8.586e-05,9.1895e-05,0.00032089
8.5158e-07,0.0038887,3.9729e-06,8.1462e-06,3.6587e-05
0.0003066,0.0036163,2.0483e-05,2.0687e-05,7.7216e-09
0.000341,1.4662e-06,3.2273e-05,0.0010678,0.0030396
0.0022295,0.0013728,2.03e-06,1.5551e-06,0.00034729
0.0014345,0.00013938,0.0035894,4.9958e-05,9.2279e-05
6.9605e-07,3.8401e-09,0.0061939,4.5117e-07,2.7082e-07
0.0023125,4.1024e-06,2.9233e-09,1.4185e-08,0.0015268
0.0008492,0.0030884,1.9341e-05,3.1385e-06,2.0225e-06
5.381e-05,4.6842e-05,0.0050896,0.0018445,0.00014642
3.2154e-06,1.7868e-06,3.608e-08,5.9652e-05,0.0035817
3.9992e-06,6.1802e-05,1.1868e-06,0.00024367,0.003485
0.0037456,0.00010142,9.9119e-05,0.00028157,3.6258e-05
6.0914e-06,9.5544e-08,2.1611e-07,9.3056e-07,0.0035935
0.0035868,2.0212e-05,5.5364e-05,0.0008973,0.00014281
0.0021065,0.00015626,1.8308e-05,0.00031363,0.0014923
0.00062602,3.495e-07,1.9243e-07,3.5134e-05,0.0030311
1.4901e-05,1.0266e-08,5.7921e-08,3.0568e-05,0.0035792
0.0029125,6.1502e-06,0.00032801,2.1643e-07,0.00079751
8.5344e-10,0.003934,6.022e-10,2.231e-09,4.9877e-13
1.352e-09,6.0038e-07,6.4696e-07,1.1158e-06,0.0035982
0.00060701,0.0031655,6.7095e-07,4.5641e-08,0.00015968
8.913e-05,1.036e-05,1.1013e-07,5.1928e-07,0.0035099
0.00025754,4.3826e-08,2.391e-06,5.7741e-07,0.0033674
0.00076071,0.0015038,1.3093e-06,0.0057103,0.00028789
4.2301e-07,3.3668e-10,0.0061949,1.1214e-08,5.9237e-08
0.0039647,5.4548e-05,9.6603e-10,2.5595e-07,2.4965e-06
0.003895,3.2002e-07,6.7333e-09,3.8401e-07,0.00011448
3.8217e-05,1.9881e-06,1.5756e-08,1.3002e-07,0.0035633
2.0052e-06,1.2859e-08,0.0061911,4.3685e-09,8.1251e-07
0.0026471,0.0013243,1.7527e-07,4.4087e-05,9.7644e-06
0.00096108,3.7937e-07,0.00044066,3.363e-05,0.0024758
1.1494e-06,9.1963e-08,3.1023e-07,0.00054692,0.0034779
0.001331,1.8865e-05,2.8201e-06,0.00060903,0.0022559
0.0038126,1.1652e-08,6.1363e-07,0.00047409,8.4006e-05
0.0016716,0.0020729,0.00029059,0.00016251,2.8264e-06
5.0627e-07,9.2411e-06,0.0055303,4.72e-06,0.00037661
6.3716e-05,5.4541e-06,0.0059476,1.833e-06,8.1682e-05
1.2313e-06,0.00027523,0.0057451,1.8534e-05,4.7658e-06
0.00039904,0.0016701,2.0074e-05,0.00010409,0.0016798
3.0942e-05,0.00050739,0.0038716,0.00014601,0.00082617
0.0035242,0.00022908,4.862e-07,6.3991e-06,0.00023527
0.00030328,0.0035869,1.2641e-05,0.0001568,4.4911e-06
1.8072e-05,4.6257e-06,2.2482e-07,5.6814e-09,0.0035788
0.00034968,0.0015512,0.0022374,0.0012912,0.00028385
0.0005383,3.8658e-06,0.004995,2.1434e-06,0.00021192
3.8073e-09,1.2745e-10,8.5356e-09,3.0498e-06,0.0035986
1.2703e-05,0.003384,0.00081284,6.068e-05,6.3684e-06
2.9331e-07,8.798e-10,1.8998e-08,8.0197e-05,0.0035814
0.0030847,8.4338e-06,2.0673e-06,1.0234e-05,0.00082854
0.0038443,1.0926e-05,0.00025266,2.7516e-07,3.3366e-06
0.00034224,0.0035708,1.9987e-05,5.5249e-05,2.4392e-06
0.00027458,0.0036569,1.3085e-05,1.2348e-06,7.1826e-08
0.0039979,6.554e-06,9.2881e-06,5.188e-06,1.0231e-05
0.0022808,0.00089133,5.1279e-05,0.00035346,0.000636
0.00044486,0.0033161,2.424e-06,0.00071513,8.8652e-06
0.0040046,5.8097e-09,1.2144e-07,3.0034e-09,1.6711e-05
0.0002776,0.0033942,0.00027204,0.00029486,2.275e-05
2.7893e-07,0.00086989,3.985e-06,0.00032977,0.0027285
1.512e-07,1.0709e-06,0.00069891,3.2319e-05,0.0031851
6.403e-05,1.7872e-09,1.2572e-05,5.1512e-06,0.0035336
5.315e-06,0.0038737,1.7503e-05,8.6244e-05,2.1298e-05
0.0014261,1.3009e-06,4.3069e-06,0.00049607,0.0022109
5.5597e-06,6.2018e-08,5.2354e-07,1.2864e-08,0.003594
0.00072062,0.0031583,2.6787e-05,1.7616e-05,4.5597e-05
1.9966e-06,1.8384e-07,2.924e-08,1.7658e-05,0.0035935
0.0021127,3.6655e-06,0.0027696,8.6168e-06,9.5042e-05
7.387e-07,0.003928,2.6562e-06,1.2596e-05,5.4371e-07
2.3632e-08,0.0033131,3.5666e-07,0.0025824,6.5756e-07
7.0496e-07,2.7814e-08,0.00018391,5.3256e-05,0.0034801
0.00039209,0.00045535,0.003415,0.0013139,0.00055945
0.0025001,0.00041558,8.9097e-06,0.0039824,0.00010263
0.00040071,0.0029832,1.0577e-06,3.5552e-05,0.00050305
8.5554e-05,0.0001347,0.00044585,0.013818,0.00010549
5.2883e-07,0.0039333,8.4904e-08,7.9328e-07,6.3876e-09
1.0103e-05,0.0039235,5.1518e-07,1.362e-06,2.8904e-09
5.8707e-07,0.0039099,2.1471e-07,7.5972e-05,4.7564e-06
0.0032769,2.8856e-05,0.00010331,0.0019554,0.00015189
0.0022406,0.00040096,0.00013169,0.0038109,0.00031448
0.003111,0.00016294,2.6771e-05,0.0021123,0.00018759
4.8495e-07,3.2118e-05,2.0461e-06,5.6929e-07,0.0035682
2.0994e-06,4.101e-07,0.0061603,2.5091e-05,1.2792e-05
0.0024636,0.0014585,1.4536e-05,2.7937e-05,4.6379e-05
0,0.0010395,0.00012925,0.0013998,0.0022657
0.0029687,0.00052293,0.00033752,0.00090445,7.0352e-05
0.0010606,0.002795,8.3764e-05,0.00019843,1.0919e-06
2.7802e-05,0.0015332,1.0789e-05,0.0010156,0.0019424
0.00083487,0.0002392,9.4836e-06,0.0020966,0.0021676
0,1.1308e-06,0.0061932,6.5191e-08,3.7982e-07
1.9926e-05,0.00081431,0.0048559,3.6719e-06,1.4676e-05
0.0016357,0.0005526,1.3114e-06,0.00025358,0.0015739
7.3715e-06,0.00053093,0.0053308,9.9909e-06,7.8519e-06
0.0021568,0.00027139,1.2936e-05,6.8201e-05,0.0013991
0.0010081,0.0026631,6.988e-06,0.0011336,7.9235e-06
0.0023089,0.0010649,7.4407e-05,9.4882e-05,0.00049534
6.138e-05,1.6741e-08,4.0244e-05,1.5704e-05,0.0035176
0.0011594,0.00074767,0.0025343,0.0013343,0.0001127
0.00014934,6.2906e-07,7.3015e-05,7.2463e-06,0.0034211
8.9057e-06,0.0016729,0.0012681,0.0051365,0.0001958
0,0.00024231,7.485e-05,0.010432,0.0010429
0.0033369,5.778e-06,0.00083764,9.9806e-05,0.00010028
4.4471e-08,5.1267e-10,0.0061954,3.0829e-08,9.0234e-08
5.3718e-07,8.2266e-06,2.6922e-07,3.676e-05,0.0035831
0.0030095,0.00098958,6.9063e-08,2.8503e-06,9.5761e-07
0.00016822,0.0037619,1.4178e-06,2.0009e-05,1.7803e-06
4.7657e-05,0.0018942,0.0021514,0.0026047,1.6902e-06
8.3202e-07,4.8429e-08,0.0061943,2.3485e-09,1.78e-10
0.0016179,7.5483e-07,0.0026956,1.4043e-06,0.00058495
1.2327e-07,0.0038682,1.818e-05,0.00022575,1.9431e-09
5.6907e-07,0.0027556,2.8718e-06,0.0046924,4.5271e-05
0.00040152,7.0903e-07,0.0001106,0.003198,0.0024728
1.3526e-05,2.0797e-06,0.0061338,9.5707e-05,9.0667e-07
1.0479e-06,0.0037696,1.5455e-07,6.4779e-05,0.00013522
0.00077517,2.6512e-05,0.0048867,2.1015e-06,4.2201e-05
0.00057409,7.4218e-06,4.3906e-07,0.00015177,0.0030454
1.1861e-05,7.5943e-07,0.0061762,1.9166e-08,5.6229e-09
0.00068057,0.0019486,2.1414e-05,9.1253e-06,0.0011932
2.84e-05,1.7021e-05,9.0076e-09,0.00047414,0.0034542
0.00044241,0.0001045,0.00044189,0.00032219,0.0027804
0,0.0037714,1.2522e-06,0.00033602,7.4257e-05
0.00018597,0.00046176,0.0013067,0.0056127,0.0010185
0.0035008,9.3371e-05,0.00064141,3.7756e-05,1.1565e-06
0.0031241,1.6239e-08,2.2697e-09,2.2756e-10,0.0008045
4.6793e-05,1.5528e-05,3.9426e-05,0.00012267,0.0034934
5.9826e-06,0.003364,3.2957e-06,0.0023287,2.7938e-06
0.003728,8.9233e-07,7.343e-06,6.5118e-05,0.00024486
1.2593e-06,0.0020311,0.0028773,0.00017868,2.9096e-05
2.9956e-06,1.0119e-09,3.0011e-07,1.4118e-06,0.0035962
0.00031832,0.00073631,6.7071e-07,0.010392,0.00035796
0.0038801,0.00013851,8.4014e-07,1.8525e-06,5.2672e-07
0,0.0011142,0.0017306,0.0050244,0.00047087
3.6953e-08,8.1987e-07,0.0061943,2.6752e-09,3.4351e-11
0.00040522,0.0029982,2.6615e-05,0.0020018,3.8536e-05
2.4388e-05,7.829e-08,7.5783e-08,6.0942e-05,0.003564
0.0012307,0.0022819,0.00041559,0.00072737,9.3827e-06
4.6179e-05,4.6218e-05,0.0037542,0.0016358,0.00097545
2.807e-05,0.0034226,7.3774e-05,7.9861e-05,0.00038243
0.0010334,0.00018007,5.5624e-05,0.0077521,0.000775
0.0012767,0.001802,0.00030584,0.0019315,0.00020652
0.00021246,1.2618e-05,0.0014499,4.8078e-06,0.0025544
9.9158e-08,1.0262e-07,0.0061953,3.0888e-08,3.1869e-09
0.0011147,5.7389e-05,0.0043887,6.894e-09,2.3032e-09
3.2989e-08,0.0025765,4.7514e-06,0.0052647,8.2889e-05
0.00041095,2.3248e-07,5.9001e-06,3.1545e-06,0.0032274
0.0023757,2.3203e-05,7.8533e-06,1.4392e-05,0.001445
1.011e-06,5.1599e-08,5.2169e-06,1.7917e-06,0.003595
0.0005296,0.0034125,9.0176e-07,3.0194e-08,2.8819e-06
1.6266e-06,1.2167e-06,6.2963e-05,0.0003878,0.003475
2.3127e-06,0.0037754,7.5589e-05,0.00024733,4.4864e-05
0.00067883,0.0032245,6.0565e-05,3.1217e-06,5.9748e-06
0.0038552,1.2424e-05,5.3452e-05,0.00025536,5.1896e-05
0.00014983,0.0027221,1.9325e-08,0.00014348,0.00094324
0.0038799,7.1229e-06,0.00020701,2.8631e-07,1.4888e-06
1.4349e-08,0.0039134,2.0698e-06,6.4802e-05,3.384e-06
1.2359e-07,1.8064e-06,1.4642e-05,0.014544,0.00039436
0.0018802,1.1021e-05,0.0026032,0.00023571,0.00034314
0.0002443,0.0014792,9.9801e-06,0.004541,0.0010242
0.00026866,0.0036361,3.6906e-07,9.8251e-07,3.1817e-05
7.2011e-06,2.3851e-06,0.0061798,1.5469e-08,5.4744e-07
0.0011803,7.6832e-07,0.00012684,5.7774e-06,0.0024678
2.2593e-06,0.0001679,4.8287e-10,6.8737e-05,0.0034286
7.0763e-07,2.9887e-06,3.5634e-08,0.00012151,0.0035693
0.00012857,0.0038081,8.9905e-10,8.2356e-07,9.6737e-10
0.0016809,0.0015187,4.1206e-06,0.0004492,0.000605
8.2973e-06,3.9781e-05,0.0060594,0.00012472,7.9325e-06
0.00012627,2.8169e-07,2.2084e-07,3.9088e-05,0.0034774
0.00017973,0.00013214,0.0047908,4.5497e-05,0.00052446
0.00088337,0.0017368,8.4978e-06,0.00033186,0.0011422
0.0037829,3.1091e-07,1.6396e-10,2.0441e-07,0.00021476
4.7287e-05,0.0033734,4.2457e-06,0.00016117,0.00043276
0.00045067,0.0027402,2.6411e-08,4.5781e-07,0.00068894
6.7484e-05,0.0038506,5.8867e-07,7.05e-05,1.7014e-07
0.0001099,0.0025039,2.7247e-06,0.0054791,5.0547e-06
2.0167e-05,1.4346e-05,0.00057044,0.0017228,0.0028584
0.0019886,2.8576e-08,6.064e-08,9.6663e-07,0.0018201
0.00013165,1.3689e-06,0.00014883,0.0021174,0.0029288
0.0014609,0.0024966,8.8003e-08,2.9317e-06,7.5372e-06
2.2001e-05,0.00012146,0.00019317,0.0089281,0.0013952
0.00092857,0.0010243,4.1136e-06,0.0061385,0.00048074
0.00020112,1.3145e-05,0.0058465,3.1157e-07,1.0833e-05
0,0.002415,3.1395e-05,0.0034711,0.0006091
0.00030864,1.1489e-06,0.00013534,0.014591,3.8538e-05
0.00027118,0.0036291,1.2419e-06,5.2099e-06,3.4482e-05
1.2395e-06,0.0033848,1.348e-05,0.0022434,7.9639e-07
5.4218e-05,1.2136e-05,5.7729e-06,2.7616e-05,0.0035303
6.6398e-07,2.7487e-06,3.9926e-11,7.5956e-10,0.0035962
2.0928e-05,7.6711e-09,1.4686e-08,0.00015733,0.003546
1.8888e-07,7.0737e-06,0.0021617,0.010495,3.1622e-05
4.986e-05,0.00087741,2.152e-07,1.0702e-05,0.0027495
1.2782e-05,9.274e-05,1.1099e-07,1.9961e-05,0.0034986
0.0014505,1.7424e-06,0.0039269,1.2568e-05,1.6018e-05
0.00030164,0.0036082,9.6893e-09,6.3259e-05,1.4381e-05
1.2837e-05,0.0006465,5.412e-09,0.00018305,0.0029561
0.00023529,0.0032763,6.4464e-09,5.6647e-06,0.00039007
0.00022166,0.00034263,9.7858e-07,0.011194,0.00062818
0.0013896,3.9864e-06,4.5881e-05,4.6971e-07,0.0023257
5.9366e-05,1.4781e-06,4.9843e-07,7.8983e-06,0.0035428
5.9051e-06,0.0039282,2.8163e-10,2.3026e-07,2.1081e-09
0.0033337,0.00042547,3.2395e-07,2.0926e-05,0.00022289
0.00028159,7.1585e-05,2.1936e-07,8.3535e-06,0.00328
4.9587e-07,4.2523e-06,0.00017938,0.00091093,0.0032907
1.8841e-05,0.0038272,9.4579e-05,0.0001174,1.1361e-07
1.6792e-05,8.0348e-06,6.8583e-08,7.9234e-07,0.0035767
0.00050884,1.3864e-07,0.00013835,0.00017011,0.0030263
1.6744e-05,0.0037331,9.3923e-07,0.00072887,8.1939e-06
0.00019941,1.9045e-07,0.0058249,1.1715e-06,3.6535e-05
0.0024573,5.3235e-06,0.00068242,4.8923e-06,0.00099862
0.00067999,0.00011573,0.0010791,0.0091033,0.00025868
0.0015883,1.8424e-06,0.00029853,4.0616e-08,0.0020033
0.0010144,0.002913,2.205e-05,4.5397e-05,3.9182e-06
5.9277e-05,0.0021005,0.0014119,0.0020237,0.00035981
1.8761e-07,1.3806e-09,5.005e-10,1.3753e-08,0.0035992
0.0040134,6.2402e-06,1.5657e-08,2.278e-06,2.7153e-06
9.315e-08,3.761e-05,0.0030476,5.4285e-06,0.0017932
0.004019,2.9892e-06,2.5759e-08,5.4429e-08,1.1137e-06
0.0036775,9.8728e-05,1.604e-06,3.3587e-06,0.00021741
0.0035207,0.00044722,3.642e-05,2.9312e-05,1.2891e-05
4.1353e-07,0.00015819,0.0049696,1.9014e-07,0.00056714
0.0040136,1.1288e-08,3.4369e-08,3.2789e-08,8.6953e-06
0.003806,6.5245e-09,2.6885e-07,4.5282e-09,0.00019429
0.00022833,0.0019876,2.9713e-05,0.0070822,3.7112e-06
0.0035446,1.5985e-06,2.7839e-06,2.2038e-06,0.0004247
0.0040171,1.0965e-07,6.3104e-08,6.3255e-06,4.0878e-06
3.1968e-05,3.657e-06,0.00038332,7.5132e-08,0.0033447
0.00054177,0.0028288,0.00030744,9.1424e-05,0.0003278
0.00096389,1.5945e-05,8.8092e-07,0.01136,0.00022678
0.0012003,2.1851e-06,4.1309e-05,1.412e-06,0.0024992
0.0025179,0.0014207,2.1789e-05,1.6506e-07,3.4246e-05
2.5677e-05,1.2626e-06,7.1016e-05,7.3193e-06,0.0035323
0.00079114,0.0031572,2.6446e-07,1.2066e-05,1.9671e-07
0.0035938,3.6116e-06,1.1955e-08,1.2828e-09,0.00038101
0.0037937,0.00022328,4.2453e-07,1.1392e-06,6.8459e-07
5.7262e-08,2.191e-08,2.4209e-08,1.3184e-08,0.0035992
0.0010012,1.7865e-07,0.0024915,2.862e-05,0.0012498
0.00066718,3.6822e-05,0.0048468,0.00069451,5.1919e-07
0.00063981,0.0011096,4.4325e-06,0.0015505,0.0016686
0.00012849,0.000626,1.9625e-07,5.6057e-06,0.0029103
0.00028049,0.0036368,1.5417e-06,4.1809e-07,2.0012e-05
7.4685e-07,0.0039315,1.9535e-06,2.4899e-06,1.7862e-10
6.2613e-05,8.8883e-06,2.0306e-08,3.5566e-09,0.0035352
0.0037526,0.00022644,9.2209e-07,2.7551e-05,2.8443e-05
0.0015831,0.0019217,9.4651e-06,3.2631e-05,0.0004122
5.206e-06,0.0039279,1.0609e-06,1.6821e-06,2.7641e-10
0.0018268,0.00017963,0.0029994,0.00012197,3.1403e-05
4.5043e-05,0.0038798,2.7097e-07,1.5768e-05,5.7298e-06
1.7201e-05,0.0039172,2.1439e-09,3.9069e-08,4.1231e-09
6.999e-05,9.1019e-06,0.00014896,0.00042874,0.0033477
0.0033209,0.00055799,1.8354e-06,0.00036411,3.6858e-05
0,1.1287e-07,0.0058767,3.6952e-07,0.00018508
0.0040132,6.2897e-06,5.1614e-06,1.2536e-06,6.8691e-08
0.0039029,0.00011392,6.0692e-06,6.6512e-08,2.6316e-08
0.0030034,0.0009545,1.9259e-05,9.0023e-05,8.1901e-06
3.6902e-06,6.8181e-07,8.3375e-07,4.792e-07,0.0035948
3.4481e-06,1.4908e-07,1.3822e-06,0.00027833,0.0035342
0.00066315,7.1778e-06,1.3504e-05,0.00037933,0.0029083
0.00014198,0.003681,8.1262e-06,0.00045408,2.9288e-08
0.0026145,1.5962e-05,0.0019232,1.2752e-05,0.00012567
5.904e-08,4.4947e-07,0.0061943,1.48e-08,3.1041e-07
3.0339e-07,0.0039292,6.2424e-09,1.7187e-05,3.8406e-07
2.0354e-05,1.7239e-07,1.3313e-07,0.00016243,0.0035452
0.0039852,5.2745e-06,9.4907e-08,3.627e-06,2.8503e-05
3.7066e-08,4.4479e-07,0.0061897,1.2819e-05,1.9976e-07
1.0825e-05,3.3159e-06,0.00020864,1.1215e-05,0.0034629
0.00035556,0.00017226,9.357e-08,0.002015,0.002681
3.4215e-05,0.0030266,2.507e-05,0.0035698,9.8183e-07
0.0035312,0.00047915,1.3884e-06,4.5373e-06,1.3273e-07
2.6916e-06,0.0039165,1.309e-08,3.3848e-05,6.1927e-06
0.0039364,7.4323e-05,3.0309e-07,4.059e-06,8.7232e-06
6.0398e-05,0.0038748,1.9383e-09,5.5003e-07,6.9388e-08
0.00025839,0.0012724,0.0037809,5.5622e-06,6.3299e-06
0.00045382,0.00059189,4.365e-08,1.1233e-05,0.0026493
2.4842e-05,1.479e-05,6.0292e-07,5.4171e-05,0.0035513
4.7634e-05,0.0023621,0.0012016,0.00016492,0.00066131
0.003072,6.0102e-08,1.3576e-05,8.1375e-07,0.00084298
8.4022e-05,0.00029118,0.0051288,4.0138e-07,0.00027808
2.2066e-05,0.0036362,6.2219e-07,4.7999e-06,0.0002513
0.0010657,0.0026317,3.1583e-05,0.00079287,4.5584e-05
0.0011012,0.0026236,0.00018856,2.015e-06,0.00010381
0.0022712,0.00051196,0.00015271,0.003744,0.00018801
2.5078e-07,8.3142e-06,0.0061817,1.8118e-07,2.1276e-07
0.0029918,1.2244e-08,2.3231e-05,6.0493e-06,0.00090797
2.2184e-05,0.00012914,1.9317e-06,0.00037694,0.0033774
1.5243e-05,0.0038942,1.7294e-05,1.207e-06,1.2493e-05
6.0923e-06,2.1367e-05,6.289e-09,1.1737e-06,0.0035741
1.7421e-08,6.336e-11,1.3993e-10,7.8878e-10,0.0035993
0.0037016,8.9328e-06,5.8998e-06,0.00023187,0.00022536
0.0031729,8.6363e-08,0.001303,2.0066e-06,3.323e-06
0,0.003934,2.0508e-09,6.868e-09,3.6032e-10
0.0035627,4.1295e-05,1.8984e-06,2.1222e-05,0.0003686
1.7325e-07,0.0014852,4.2686e-05,0.00021528,0.0021682
0.0020307,0.00024278,0.0016066,0.0022694,0.00012874
0.0027537,2.0952e-06,0.0018185,1.4788e-08,7.7462e-05
0.00011834,2.2666e-08,3.4425e-07,2.062e-05,0.0034887
0,0.0038925,1.847e-05,7.4227e-05,1.0943e-05
0.00058005,2.0043e-05,0.0031706,4.5748e-05,0.0012101
1.5511e-06,0.00057918,0.00013306,0.0039142,0.002131
0.0040008,1.4838e-05,9.6949e-06,2.7655e-06,3.6913e-07
0.0032645,0.00062344,4.2528e-07,8.7455e-05,8.9044e-05
0.0014259,6.9492e-05,0.0038875,6.0661e-07,1.5586e-06
9.6603e-05,0.00014673,0.00024462,0.00016024,0.0032013
0,0.00020863,0.00046,0.00095695,0.002931
0.0036811,4.299e-06,0.00050922,1.5669e-05,2.9636e-06
0.003811,7.7909e-05,3.1322e-07,0.00015224,8.5036e-05
0.0028425,2.7295e-05,4.5148e-08,4.4827e-05,0.0010216
6.498e-07,2.0537e-07,8.9804e-11,0.0040761,0.0027032
8.18e-07,3.8536e-07,0.00028767,0.00030083,0.003365
4.9987e-06,9.1089e-07,0.0001844,1.2623e-05,0.0034841
0.0035976,1.2364e-06,9.873e-07,2.7935e-07,0.00037917
0.0022713,0.00011552,0.0018508,0.0014214,7.4325e-05
0.0025088,0.00063962,4.4344e-05,0.0031785,4.5773e-05
3.9524e-06,0.00014746,0.00015753,0.00016336,0.0033335
0.00087903,6.8999e-06,8.4496e-05,0.012079,0.00010428
0.00018148,0.0037399,4.901e-07,6.7964e-05,8.548e-08
7.5461e-05,5.0355e-07,0.0060136,7.484e-06,3.6132e-05
4.7774e-05,2.5714e-05,0.0054496,0.00049172,0.00025915
0.00042919,0.00013861,0.00096794,0.0099911,0.00033169
0,2.8566e-05,0.0049626,2.8981e-05,0.0006838
1.1726e-06,0.00014679,0.0059624,8.732e-08,1.3354e-07
8.8617e-07,1.1973e-07,7.531e-08,2.4607e-06,0.0035978
0.00041705,0.0011103,0.00079196,0.0078095,3.4951e-05
0.00010515,2.5619e-05,6.0258e-07,0.00010208,0.003459
3.7184e-05,0.00019068,3.5081e-06,0.01041,0.001103
0.0039062,0.00011454,4.478e-09,1.591e-07,1.9639e-08
1.3006e-06,1.5627e-06,0.00016612,3.6761e-05,0.0034922
1.4203e-06,0.0038563,1.2583e-05,0.00019125,2.052e-05
0.0040079,1.2071e-07,1.152e-07,1.92e-06,1.3262e-05
0.00080302,1.0086e-05,0.0022845,1.6598e-05,0.0015409
0.0029552,1.5059e-07,5.2023e-05,6.3865e-06,0.00092381
5.167e-05,0.00043903,2.0631e-07,0.001708,0.0027761
4.8094e-07,0.0037514,1.9992e-05,0.00070575,1.2622e-08
0,1.0762e-07,0.0060014,0.00029134,4.8761e-05
0.0024027,0.00075507,1.4494e-06,6.1226e-06,0.00075681
1.8399e-05,3.557e-07,0.0048416,2.0445e-06,0.00076941
0.0032505,1.1871e-07,0.00088712,1.2456e-06,0.0001757
4.2581e-07,5.6489e-07,9.5629e-10,8.3505e-07,0.0035982
0.0026095,0.00033975,0.0006805,0.0022817,5.75e-05
3.8299e-05,1.7586e-08,0.0001185,7.5025e-06,0.0034946
0.002376,5.3135e-05,6.1059e-05,0.00056782,0.001265
6.2678e-05,0.0038676,1.2635e-07,1.8446e-05,5.6608e-07
6.8072e-06,0.0039272,3.1165e-09,4.8826e-07,6.5391e-10
0.0037774,4.2985e-07,6.0385e-07,0.00030405,0.00015249
9.6749e-06,7.2594e-05,0.0060634,4.8065e-06,6.7572e-07
1.0087e-09,7.6818e-08,1.2711e-07,3.5097e-06,0.0035984
3.0257e-06,0.0039297,2.1034e-08,5.1388e-06,6.6152e-08
0.0039351,2.3658e-09,6.9885e-07,4.1806e-06,7.7669e-05
0.0020147,1.4309e-05,1.9877e-05,2.3581e-05,0.0017672
4.4235e-08,6.5353e-06,2.4083e-06,3.4552e-08,0.0035919
5.1334e-05,1.8889e-05,0.0060867,6.3916e-08,5.4415e-08
6.4398e-05,3.3546e-05,0.0017589,7.4246e-05,0.0024729
0.0017485,1.6448e-07,0.0019931,2.0699e-05,0.00087253
0.0036604,4.5674e-06,0.00026338,6.1894e-06,0.00016615
8.6264e-06,3.36e-08,0.0061515,4.2034e-05,8.6446e-06
0.0031386,1.9834e-06,2.8047e-06,0.00062675,0.00065036
0.001247,0.0024441,3.3951e-06,6.0609e-07,0.00024552
4.1384e-05,0.0019389,5.3463e-08,0.0001155,0.0017629
0.0019571,0.001462,2.067e-05,0.0014478,0.00018093
0.00094176,0.0025583,0.00065724,0.0001383,3.9967e-06
0.00028871,0.0036499,1.3277e-06,4.2781e-06,9.3928e-10
0.0002383,1.3643e-06,2.3974e-06,4.7831e-06,0.0033825
0.0006449,1.4954e-06,0.0050895,0.00027087,4.8243e-06
0.0011843,0.00051639,0.0026488,0.00020601,0.00048328
3.8863e-05,0.00025302,0.005124,3.8935e-06,0.00035544
1.5996e-05,9.8992e-08,4.1033e-09,1.2671e-06,0.0035846
0.00019832,1.8508e-08,5.2082e-10,1.9027e-06,0.0034215
5.3516e-07,1.9581e-05,0.0061634,1.4067e-06,1.1545e-09
0.0019535,0.001974,2.2168e-05,0.00011862,6.6895e-06
0,3.2348e-05,4.7357e-08,3.5298e-06,0.0035689
0.0038675,0.00015238,3.1288e-08,2.1241e-07,9.5105e-10
0.00033457,0.003602,1.6594e-07,8.3906e-06,2.5594e-06
6.1641e-05,0.0038324,1.3563e-07,4.4505e-06,3.6758e-05
2.0959e-05,0.00030428,1.1678e-05,0.0007472,0.0031313
1.2785e-05,0.0037389,5.2589e-06,0.00074043,1.4178e-06
0.00018833,5.0128e-07,1.6968e-05,0.00030588,0.0033533
0.0039117,1.1096e-06,2.4034e-05,0.00027194,2.5157e-05
0.00036735,9.5527e-06,0.0056115,1.6661e-08,1.9876e-06
0.00061784,3.8111e-05,0.0050593,0.00011426,4.7448e-05
0.0036731,3.5601e-07,6.9232e-10,1.0657e-07,0.00031298
5.0471e-05,0.00053328,2.611e-07,0.013886,1.6127e-05
0.0019895,0.00086451,1.8287e-05,3.7297e-05,0.0010097
0.00035071,1.2746e-06,2.4807e-06,0.00037497,0.0032006
0.00025126,3.0557e-06,0.0027911,3.0741e-05,0.0017435
2.8462e-06,0.0039187,1.903e-05,1.7373e-06,4.2735e-09
0.0037092,7.2743e-07,3.2744e-08,6.1184e-07,0.00028019
3.8e-06,0.0039288,2.3169e-06,8.7271e-08,7.6021e-09
1.0879e-08,1.1048e-07,0.0061954,1.3614e-07,8.1303e-09
6.6163e-05,2.8248e-09,8.1034e-10,3.8754e-06,0.0035393
1.1883e-06,0.00077406,2.2506e-05,0.00047123,0.0027735
0.0038167,5.5951e-06,8.8796e-05,5.9373e-05,0.00011513
6.5768e-08,0.0030146,0.00023343,0.003197,3.3146e-06
2.851e-07,2.8616e-05,0.0060146,0.00033313,5.548e-06
0.00071187,6.1682e-09,9.756e-07,2.1252e-06,0.0029614
0,3.3368e-08,0.0061806,6.7766e-06,7.2044e-06
0.0012528,2.7352e-06,0.00035248,1.5631e-06,0.002271
0.0013185,0.0015727,8.131e-06,0.00026442,0.00091805
4.8099e-05,4.9637e-05,0.0059494,7.4428e-05,3.8263e-05
8.7625e-05,0.0038306,9.4171e-09,1.9083e-07,1.621e-05
0.00021373,0.00045812,0.0016307,0.0084717,0.00018081
0.00050596,0.0027717,0.00076595,0.00028581,0.00010302
1.2656e-05,0.0037867,2.9967e-06,0.00028146,5.9879e-05
0.0026849,0.0012925,5.0126e-07,4.005e-05,5.8162e-06
2.2989e-05,1.5386e-06,0.00030856,9.5096e-06,0.003396
3.5994e-07,1.5598e-07,8.8755e-09,1.0015e-06,0.0035986
0.00061369,0.0033297,1.8661e-09,1.209e-06,3.645e-06
0.0039433,7.9783e-06,4.4006e-06,0.00014224,3.0497e-05
1.6975e-05,1.4156e-06,0.0061666,5.3612e-08,3.8787e-07
7.3148e-05,0.0038503,2.8688e-06,1.3221e-07,9.4887e-06
4.7774e-05,5.3274e-07,0.0060846,4.962e-06,2.0174e-05
5.4685e-06,0.0019986,9.5791e-06,0.0078799,2.9517e-05
0.0021442,9.3057e-05,1.5766e-05,0.0060836,0.00025058
1.7821e-05,0.0038943,2.8109e-09,9.2211e-05,1.3549e-07
7.0942e-05,0.0032925,0.00041742,0.0012757,7.5891e-07
1.068e-05,0.001646,0.0002756,1.7204e-05,0.0019199
5.2292e-08,7.7558e-07,1.0512e-08,8.0529e-06,0.0035968
0.0039878,3.8982e-08,6.8304e-10,4.2062e-08,3.1798e-05
1.8762e-07,1.5592e-06,0.0061929,1.0967e-08,1.168e-08
0.00018204,8.6601e-07,0.0055157,1.0837e-06,0.00023113
0.0030805,0.00092096,5.1132e-09,7.7246e-08,8.5345e-07
0.0040056,2.8924e-07,6.6586e-07,1.6324e-05,1.1625e-05
0.00024901,1.5905e-06,0.0057172,5.2498e-05,4.2212e-05
0.0017591,4.7967e-06,0.0034464,8.4577e-05,4.7803e-07
0.0023984,0.0015629,4.6008e-09,4.9773e-05,1.2912e-05
0.00021886,0.00026315,0.0037955,0.0040274,7.321e-05
0.0034394,0.00012451,5.5266e-07,9.62e-05,0.00038709
0.0040165,3.7318e-06,1.3151e-08,4.1683e-06,1.7764e-06
0.00053087,0.0016716,9.819e-06,0.0070079,4.999e-05
0.0021337,0.001235,0.00041373,0.0012274,5.0622e-05
0,0.0039075,3.5192e-05,1.5095e-05,5.3616e-07
2.4179e-06,0.00013057,5.7424e-07,0.0089978,0.001501
2.7335e-07,0.0039336,1.7512e-08,7.7647e-07,4.6211e-10
2.8516e-05,0.0030292,8.836e-05,0.0022614,0.00025427
0.0035599,6.4958e-05,8.7187e-06,4.4942e-07,0.00035002
4.3513e-08,1.4749e-07,0.0061949,5.8224e-08,2.6398e-07
1.9441e-06,0.0039239,6.5454e-07,3.2528e-05,1.2443e-10
0.0029063,2.6905e-05,0.00024838,0.0011042,0.00058784
0.0013592,5.7388e-05,0.0040087,8.6057e-06,1.6677e-07
7.2756e-05,2.8434e-05,0.0059888,0.00013085,2.9935e-07
0.0028489,0.001032,5.2655e-07,0.0004694,3.1216e-06
0.0025318,0.00027733,0.0013892,0.0010079,5.22e-05
0.00036027,4.2786e-06,2.2219e-05,0.0051753,0.0021235
3.9196e-06,0.00033924,8.8654e-07,0.00074508,0.0031213
0.0034074,3.463e-05,2.4167e-06,4.7884e-05,0.00050748
0.0021786,0.0017158,7.1218e-05,0.00016971,1.867e-06
0.00027864,3.9941e-10,2.2587e-09,4.251e-08,0.00335
1.4531e-05,0.0037649,9.7765e-05,0.00026789,2.6113e-05
5.9551e-06,1.8309e-07,1.1976e-05,4.6541e-05,0.0035767
0,0.0012218,0.0015659,0.0013844,0.0012677
0.00010978,0.0038128,2.3265e-09,4.5721e-06,1.1668e-05
0,0.00031502,2.2994e-08,2.9693e-06,0.0033104
0.00035278,2.9878e-06,2.3074e-06,4.837e-05,0.003269
3.3672e-06,0.0038099,0.00016158,4.9586e-05,5.8043e-06
7.8245e-07,7.2542e-09,8.0132e-08,1.7554e-05,0.0035947
4.5818e-05,0.0038871,1.1461e-06,5.8436e-06,2.03e-09
0,0.0029471,0.00013116,0.0015302,0.00049068
0.0007626,0.0028975,2.3444e-05,0.00099888,3.3046e-05
0.0035862,5.7435e-05,0.00037766,0.00044844,2.0649e-05
7.6236e-05,0.0036836,1.5115e-07,0.00040362,7.2197e-05
0.00094289,0.0027418,7.9221e-05,8.3874e-05,0.00018279
1.7916e-05,0.00052092,0.0053455,4.3976e-06,2.7483e-07
5.5259e-05,8.8939e-08,0.0052113,8.9645e-07,0.00052212
2.0695e-05,2.3689e-06,0.00058275,0.00017137,0.0032025
0.0037827,0.0002349,7.1162e-11,3.5434e-07,2.8556e-07
0.0039937,2.8982e-05,7.8969e-09,8.0979e-08,9.4052e-09
0.0040181,2.6208e-06,3.644e-10,1.0177e-08,2.3008e-06
0.0014255,1.0019e-05,1.5636e-06,0.0013638,0.0020145
0.00091303,0.00013469,0.0045568,3.3714e-05,4.6247e-06
0.0028645,1.9285e-05,0.0013196,3.0759e-05,0.00024571
0.0039961,1.3137e-07,1.8187e-07,7.5943e-09,2.4184e-05
0.00018958,5.2307e-05,1.5424e-06,0.00010799,0.0033573
0.00013483,0.0037712,1.7964e-06,0.00012141,6.3963e-07
0.00067156,3.7494e-05,0.0023341,0.0005957,0.0014774
0.00075622,0.0031429,1.603e-06,4.63e-07,4.6233e-05
0.0012406,2.7292e-06,0.0039061,0.00030855,0.00014997
0.00269,3.4392e-05,0.00038664,0.0002025,0.00089231
0.003508,8.3968e-06,0.00043162,1.0521e-06,0.00020236
0.00032461,0.0031785,0.0003321,0.00092428,4.9329e-06
4.201e-10,0.0039339,5.2172e-09,3.9971e-07,1.5448e-10
0.0022879,6.9874e-05,0.0010306,0.0011041,0.0006474
9.2201e-06,0.00015734,1.1067e-06,1.8748e-05,0.0034424
0.0040034,9.7252e-07,3.788e-08,3.056e-07,1.6891e-05
0.00013248,0.00066969,0.0045515,0.000742,6.0946e-05
4.0135e-07,0.0039336,2.6456e-08,1.3509e-08,5.3674e-10
2.8364e-08,0.00014008,3.5761e-06,0.015719,1.6363e-05
5.3437e-05,0.0013467,0.00023028,0.0073794,0.00056472
0.0014714,0.00070543,7.625e-06,0.0067477,0.00015103
0,1.8366e-11,5.0996e-10,2.4542e-06,0.0035988
0.0039717,3.8453e-07,5.3623e-07,1.0532e-06,4.5332e-05
0.0005387,0.002444,3.9628e-06,0.0039621,8.7672e-06
1.7917e-05,2.0218e-05,4.3526e-08,1.5649e-08,0.0035648
3.5962e-05,0.00065095,0.00064468,0.0044402,0.0016218
0,8.452e-06,6.2905e-11,1.6316e-05,0.003588
8.7928e-05,1.0032e-05,0.0028361,0.0014834,0.0015381
2.591e-06,2.0484e-05,0.0004645,0.00061725,0.0031728
1.0175e-05,0.0039194,6.9902e-06,5.8746e-07,4.2123e-08
9.6038e-07,0.00015172,2.2352e-07,0.0043008,0.0025149
7.3334e-06,0.0036247,5.3307e-06,0.0012423,4.4532e-07
0.0001074,0.0033896,0.00013826,0.00099938,0.00010215
0.0020799,0.0018424,1.8937e-05,0.00015218,8.5894e-06
3.7836e-07,0.0001001,9.6373e-07,2.0131e-05,0.0035024
8.4577e-05,3.8782e-05,2.211e-07,2.0494e-06,0.0034876
2.4113e-06,0.00080555,3.0551e-05,0.01094,0.00043952
0.0021525,7.322e-07,5.4487e-05,0.00035811,0.0015627
0.00057832,0.00019467,3.7207e-06,0.0067708,0.0014145
0.00084027,3.8648e-06,1.9925e-05,5.6891e-05,0.00282
1.3596e-05,0.0039148,2.2433e-06,1.8455e-05,6.5432e-08
0.0038233,4.9822e-08,4.5877e-08,4.5692e-07,0.00017884
0.0021413,6.8435e-05,0.00014286,6.3699e-06,0.0015367
0.00052335,2.2965e-05,2.0234e-05,0.01359,0.00011325
7.0476e-06,0.0017751,0.0024884,0.00012145,0.00049659
0.0038846,2.5628e-07,9.7436e-05,9.9048e-07,6.7121e-05
0.0025087,0.0014791,5.3706e-07,2.7286e-07,1.3576e-06
0.0040212,9.6484e-08,6.511e-08,3.6266e-06,1.0479e-06
0.0039129,6.2841e-05,1.7035e-05,0.00011385,6.3831e-06
0.0025909,6.1491e-06,2.4917e-05,9.2429e-05,0.0012411
2.5063e-05,1.3522e-07,7.3384e-08,6.9192e-07,0.0035766
0.0021284,0.00078042,1.8575e-05,0.0044086,2.0666e-06
1.2462e-06,0.0039181,8.2958e-08,6.1005e-05,8.6885e-09
1.4941e-06,0.00058084,0.00011516,0.013175,0.00010583
7.4164e-05,0.0038612,4.9564e-07,1.7044e-07,2.5222e-11
0.0039753,3.5689e-07,1.9205e-06,7.0087e-06,3.998e-05
0.00024439,0.0029806,0.00033832,0.002005,1.6776e-05
0.00081345,0.0022414,0.00056173,0.0021627,1.956e-05
0.0018816,0.0016799,8.4121e-05,0.0011166,8.488e-05
7.7166e-06,9.2706e-05,3.351e-05,0.0075457,0.0018307
1.5119e-05,0.0035346,4.385e-07,0.00016663,0.00031511
6.349e-06,0.0003631,7.9256e-05,0.014531,2.367e-05
0.0039168,2.0167e-05,8.3242e-05,3.83e-06,2.7645e-05
0.0020412,1.8129e-05,5.779e-06,5.2171e-05,0.0017418
0.0014569,0.0024533,2.3049e-06,0.00022698,1.363e-07
0.0039135,3.6976e-05,9.8336e-05,1.6984e-05,3.5866e-06
0.00085785,3.3189e-07,7.09e-08,6.2496e-06,0.0028302
1.021e-05,0.0038846,7.3419e-07,0.00016235,1.0242e-08
0.000136,1.0386e-08,0.0034172,2.4996e-05,0.001487
4.6753e-06,0.0008335,0.0039911,0.00013092,0.00048517
1.8294e-06,0.0038833,9.7044e-07,0.00020107,1.6554e-10
1.3659e-05,1.4843e-05,0.00021041,0.015443,5.9257e-05
0.00034215,1.3581e-05,1.7434e-08,3.236e-05,0.0032737
3.5761e-08,0.003909,3.0248e-07,9.8247e-05,1.1066e-06
7.2757e-05,0.0034195,9.6205e-06,0.00173,2.0034e-05
0.0010965,1.5294e-06,0.0044052,1.3255e-05,5.4926e-05
8.3799e-05,0.00054932,0.0049699,1.7469e-06,0.00013416
5.4156e-05,0.00071854,0.00498,1.0814e-06,1.4362e-07
0.0011831,1.2781e-05,0.00015114,1.7614e-06,0.002441
