1.3113e-05,2.7628e-08,3.0364e-09,1.3828e-06,0.0060718
0.00033172,0.00013744,2.8262e-06,0.0088294,3.2868e-06
2.5533e-05,0.0060066,8.4722e-07,3.752e-06,0.00029427
0.00016203,2.4362e-08,2.6826e-05,0.0095603,0.00020097
0.0020707,4.315e-06,1.7373e-06,4.0693e-08,4.3038e-05
0.0017299,1.2025e-06,2.1031e-05,0.00065162,0.00066146
0.00010588,0.0058586,0.00029777,1.5133e-06,2.3164e-09
2.8244e-06,0.0063796,2.5276e-06,1.5577e-06,4.5242e-06
0.0011983,0.00048423,5.0984e-06,0.00043148,0.001892
1.9709e-05,0.0063338,6.9054e-07,1.5572e-06,2.9951e-08
8.6137e-06,0.0062844,4.1119e-06,1.2298e-05,7.1321e-05
2.4071e-06,1.3074e-09,1.2659e-07,3.1911e-06,0.006102
0.0016502,0.0011678,0.00010775,0.00014695,7.201e-06
2.2224e-06,0.0037217,0.00078721,0.0028195,0.0004159
0.0019297,1.4739e-07,5.2802e-05,4.2493e-05,0.00040114
0.0020871,6.4286e-08,7.3427e-08,3.3199e-08,3.4206e-07
8.3188e-05,0.0012418,8.3948e-05,0.004264,0.0022076
8.7272e-06,1.2453e-06,1.1836e-06,0.00061999,0.0057321
1.1393e-05,2.426e-06,3.1517e-07,0.00019136,0.0059667
0.0014278,9.5437e-05,0.000775,6.9951e-05,0.0012735
5.1061e-05,0.0001184,0.00059685,0.0001905,0.0053349
0.00096796,1.2679e-05,0.004183,0.00021947,0.00029853
4.5575e-09,0.0063955,7.0188e-08,2.3073e-07,5.8408e-11
0.0012908,4.7465e-05,2.3727e-05,2.7549e-06,0.0022688
7.7146e-06,4.5866e-05,0.0084802,0.00049763,9.8501e-07
3.1971e-05,0.004021,0.0030847,0.00013639,2.2833e-06
0.0020605,1.1652e-07,0.00011154,2.4156e-06,1.1818e-06
3.0208e-07,0.0057375,0.00092112,3.5724e-06,1.4649e-07
3.4592e-06,0.0063748,2.0428e-06,2.6461e-06,6.9765e-06
5.6484e-05,6.0869e-06,5.1248e-07,0.0033576,0.0040369
0.00015032,0.00015959,1.7642e-07,0.0069711,0.0015681
0.0018882,5.2386e-05,0.00050654,0.00013349,0.00011303
0.0020843,1.7498e-06,1.1025e-08,5.7366e-08,6.9751e-06
0.0019855,5.0995e-07,1.2603e-05,3.0821e-05,0.00027135
1.8674e-06,0.0027379,3.3335e-06,0.0061492,2.724e-06
0.00014559,0.0014884,0.0014439,0.0010609,0.0026805
2.7741e-06,1.327e-11,1.2583e-06,5.8903e-07,0.0061017
0.0019683,0.0002521,3.2298e-05,0.00014787,1.5213e-06
0.0020674,7.9427e-06,8.1172e-06,7.0919e-05,4.7449e-06
4.806e-06,0.001099,0.0073589,5.6853e-05,1.4884e-05
0.0020526,7.7109e-05,5.0411e-06,2.2786e-05,1.136e-05
0.00063228,0.0022369,0.0030067,0.00010889,1.7996e-05
6.7692e-05,0.0016202,5.9709e-07,0.0053171,0.0013513
0.0019113,0.00010005,3.685e-07,0.0006499,5.0896e-05
1.1413e-07,0.0016727,1.3692e-06,0.0078845,4.371e-05
9.7797e-06,0.00012978,0.00012269,0.0050167,0.0030323
0.001938,3.0413e-05,0.00027958,0.00031142,4.1649e-05
0.0019761,6.29e-05,0.00030564,2.7255e-05,4.2102e-05
0.0019242,3.7835e-07,5.7539e-07,2.8745e-05,0.00046031
1.9511e-06,1.5636e-08,1.0395e-06,9.7165e-05,0.0060495
0.0019945,1.4939e-06,1.211e-05,1.9349e-05,0.00025103
0.0010107,9.1469e-06,1.1087e-05,0.0010886,0.0025188
0.001473,2.7515e-05,6.2117e-06,0.00023072,0.0016371
0.0014577,0.00067504,0.0016005,0.0001899,3.1079e-06
0.002066,1.7102e-05,7.0914e-06,7.2401e-05,0
5.475e-06,0.0061897,0.00022271,4.518e-05,3.8636e-06
0.00059968,0.00046981,6.6889e-06,0.0024088,0.0025368
0.0018973,0.00010347,0.00036726,0.00011281,0.00014391
0.0020652,3.3126e-05,3.2966e-06,2.5861e-06,2.9207e-05
2.9088e-05,2.3416e-08,0.0088026,4.2226e-05,2.123e-05
0.0016301,1.2128e-07,1.6199e-06,8.907e-07,0.0013368
0.0020453,3.4721e-06,1.8913e-06,6.9841e-06,0.00011435
5.3859e-06,0.0063687,1.0938e-06,1.0353e-05,3.3548e-06
0.00085898,5.268e-05,0.00015512,0.0060691,1.3179e-06
0.002065,1.0902e-05,2.4221e-06,4.7566e-05,2.6115e-05
0.0002904,0.00071821,0.0066951,4.4113e-05,7.8026e-07
1.1257e-05,1.9525e-05,1.7446e-07,0.0040553,0.0037613
0.00024573,0.0013236,0.0060425,3.7724e-05,1.2126e-07
0.00208,1.7221e-05,4.3856e-06,2.1624e-06,5.4839e-07
0.0020826,1.6045e-07,1.7144e-05,3.3205e-07,1.5179e-06
0.0002586,0.0050458,1.3331e-05,0.00092256,8.6307e-07
5.4107e-06,0.0019642,0.00024405,0.0052132,0.0010985
7.6008e-05,1.367e-06,0.00052444,0.0071679,0.0014691
1.806e-05,0.0020344,0.0016505,0.0052808,5.2595e-07
1.3691e-05,1.3496e-06,0.0089331,5.1835e-07,3.3528e-09
0.00022801,0.0051858,9.4967e-07,0.00085769,1.7534e-06
1.6604e-05,0.005872,2.02e-06,0.00079383,5.4323e-07
0.0020178,1.3361e-06,1.5481e-06,3.1871e-06,0.00019932
0.00027536,0.0021267,0.00053771,0.0051204,5.9028e-06
0.001284,1.4933e-05,5.4789e-06,1.9575e-05,0.0023226
0.00080769,0.0020922,0.0021792,3.4025e-05,0.0002474
0.0018762,0.00050951,8.4896e-05,0.00012686,1.5886e-06
0.0019649,2.7632e-05,0.00048763,6.8652e-07,1.9989e-07
0.0010729,2.1754e-05,0.0043392,1.3227e-06,0
0.00092395,0.00049364,0.0041798,3.9687e-05,7.1869e-05
0.0012703,1.0783e-05,2.2218e-05,2.2784e-05,0.0023534
1.5899e-05,4.9865e-06,0.0089181,8.8798e-07,9.3539e-08
3.6238e-05,0.0062653,8.8448e-08,3.2556e-05,7.5875e-09
0.002075,4.8648e-06,4.1943e-05,2.2e-06,1.5909e-06
0.00084913,1.3717e-05,4.1626e-05,0.0059414,0.00021685
0.0012618,3.4035e-06,1.6042e-06,0.0041353,6.9069e-05
0.0018378,3.9914e-05,1.9587e-05,3.8045e-05,0.00065731
0.0015422,3.6978e-07,0.002319,3.5097e-05,0
0.0016351,1.4077e-05,4.4493e-05,1.178e-05,0.0012734
1.4813e-05,0.00020497,0.00047066,0.0097616,2.0525e-05
0.0013631,0.00094743,1.3683e-05,0.0019468,0.00010256
0.0010797,0.0028873,4.1111e-05,0.00027778,5.7687e-06
4.8126e-08,0.00076959,0.0078938,2.0324e-05,8.1617e-07
0.0010963,0.0026685,3.4831e-06,0.00060882,4.1896e-06
2.6245e-05,0.0055484,0.00042276,0.00077837,4.3812e-06
2.1555e-07,0.00044227,1.4235e-06,0.0068969,0.0017786
0.00033243,0.0046396,7.381e-06,0.00122,8.2755e-06
0.0018241,3.1583e-07,0.0011308,1.1404e-06,1.2808e-06
0.00075719,0.004013,8.5204e-05,3.1296e-06,6.6996e-08
0.00064847,5.2462e-07,0.005999,3.5407e-07,0.00013588
0.00053486,4.0287e-07,6.8658e-06,4.7784e-05,0.0045129
0.0017762,0.00026606,0.00057809,0.00041129,3.0554e-05
0.0015213,0.0016151,6.5416e-05,0.00011608,3.4994e-06
0.0013842,4.0389e-06,0.0003069,0.0015053,0.00099293
0.0017186,4.2071e-05,0.00037414,0.0013314,3.0373e-05
0.0015282,0.0012099,2.6073e-05,0.0005364,0.00015906
0.00099644,4.3138e-05,0.00027297,0.00022224,0.002841
0.0019117,6.0842e-05,0.00067072,6.4625e-10,9.4265e-09
0.0015813,2.3672e-06,0.0013044,0.0010455,4.5574e-07
0.0020848,2.4005e-06,3.0079e-06,2.5419e-06,1.347e-06
4.0282e-06,4.5716e-05,0.0088963,1.0215e-05,5.4337e-06
0.00079447,0.0016837,0.0032015,3.6056e-07,8.1418e-07
0.0020178,0.00020758,2.4647e-06,4.1742e-06,1.013e-06
0.0020548,5.4539e-06,9.8544e-05,2.21e-05,1.0469e-05
0.00011782,0.0054371,1.4897e-05,0.00064919,0.00019295
3.1748e-05,0.00036334,5.1706e-06,0.00012093,0.0055988
1.143e-07,6.1381e-06,0.008721,0.00031698,6.2301e-09
0.0020546,1.0813e-09,1.7107e-06,3.1772e-08,9.4479e-05
0.00093581,5.3123e-05,0.004098,0.00092724,1.0709e-05
1.7707e-05,0.0050378,0.00015832,0.0019986,5.4731e-06
0.00015567,7.9304e-05,3.2705e-06,0.0091936,0.00036764
0.0019152,2.8199e-06,6.9128e-05,0.00032018,0.0002727
0.0020824,1.0315e-05,1.8832e-06,1.1799e-07,3.0453e-06
0.0016276,6.8946e-05,0.0018542,3.5415e-05,0
0.0020531,3.7846e-09,0.00014106,1.2242e-07,3.9773e-06
0.0020871,4.4001e-10,5.5808e-09,2.4027e-09,4.9508e-07
0.00093283,0.00031906,0.0003714,0.0025535,0.0013757
0.00012097,6.0686e-06,4.6183e-05,0.0002343,0.0055869
0.001049,1.0425e-06,5.2934e-07,0.0046266,0.00041674
0.0018525,3.7342e-05,9.6587e-07,6.6151e-08,0.000651
0.00041538,7.6977e-08,2.5725e-09,0.0024252,0.0035205
0.0018959,0.0001384,0.00062413,5.8984e-06,6.8222e-07
0.002087,5.1474e-07,2.1884e-07,7.7664e-08,6.5032e-08
0.0019632,5.4334e-06,0.00050995,2.0088e-05,3.7667e-08
0.00021844,2.845e-05,0.0080122,1.0463e-06,8.7624e-08
0.0020024,0.00010641,2.7573e-05,8.2992e-06,0.00012319
6.8924e-06,4.0115e-07,0.0070446,0.00034592,0.0011082
0.00037008,8.0409e-05,1.5492e-06,7.7751e-05,0.0049055
4.4325e-05,0.0036512,0.0023253,0.0015988,6.6575e-06
0.00082494,0.00010232,0.0048128,0.0003396,0.0001357
0.0005447,1.12e-05,0.0064034,3.0982e-05,0.00013739
0.0011232,0.0016478,0.0017739,6.4458e-05,6.1884e-06
2.9209e-05,0.00013591,0.0027787,0.001245,0.0033022
0.0020703,3.5903e-05,2.1458e-08,2.3271e-05,2.2481e-06
0.00010854,4.0943e-05,9.7848e-07,0.00037051,0.0055435
6.1876e-06,0.001345,0.00088134,0.0032289,0.0023792
0.00055516,0.0036238,2.1032e-06,0.0017877,8.6532e-06
0.00018097,6.915e-05,1.28e-09,0.0002921,0.0053496
0.0019098,9.34e-07,3.9629e-07,8.0701e-05,0.00047256
0.00143,0.0018331,2.0313e-05,0.00027616,2.393e-06
0.0014637,0.00048311,0.0015887,0.0002937,0.00011831
0.00012826,1.6126e-07,3.5661e-06,3.5626e-05,0.0057127
0.0004186,8.1417e-08,1.7033e-05,0.00047912,0.0046023
0.002057,2.3737e-05,4.9274e-05,5.7458e-05,2.2847e-09
0.00045233,3.7855e-06,8.1904e-05,1.4348e-05,0.0047193
0.00062361,8.9094e-06,0.00019299,6.6834e-05,0.0041077
1.4357e-08,1.4811e-08,3.2061e-08,4.1939e-07,0.0061107
0.0012465,3.6223e-05,0.0015944,0.0013189,0.00059629
0.0020828,3.4648e-08,3.6529e-08,1.5191e-08,1.2983e-05
0.001177,3.3841e-06,0.00020098,0.00018977,0.0024178
0.00208,5.204e-06,1.6451e-05,5.0982e-06,2.2971e-06
0.0020527,8.7084e-06,8.2686e-05,1.4839e-05,2.8214e-05
5.1952e-05,9.0317e-07,0.0087604,9.3277e-06,7.8296e-07
0.00086752,0.00031585,0.00031407,0.0053916,7.0846e-07
0.0018372,4.0589e-05,0.0010202,3.3956e-07,0
0.002086,6.961e-08,3.7947e-07,5.4239e-07,2.9918e-06
3.635e-06,1.3649e-05,5.4864e-05,0.00011129,0.005987
6.4534e-06,0.0014025,4.5793e-05,0.0065393,0.0010154
0.00054727,0.00016765,0.0016018,0.0057508,1.5e-06
0.00035183,0.0011257,2.2298e-05,0.0070406,5.4364e-07
0.0012065,1.1413e-06,0.0027052,0.0012855,1.1277e-05
0.0019235,0.00031009,0.00026964,4.6194e-08,6.6311e-08
0.0020754,2.966e-09,4.1712e-05,2.4094e-07,6.1636e-06
1.8515e-05,1.6077e-05,4.3047e-05,0.0049687,0.0031967
0.0018632,2.0853e-05,0.0001174,0.00040508,0.00032671
8.0108e-06,3.8089e-05,0.0089013,5.6544e-06,2.3412e-07
0.0019855,5.0995e-07,1.2603e-05,3.0821e-05,0.00027135
5.417e-05,0.0036152,0.00072103,0.0035179,1.4849e-05
2.9537e-06,8.1744e-08,0.00044675,0.00012895,0.0057257
0.0017907,6.4961e-07,0.0012761,4.7285e-07,4.7596e-07
0.0020789,1.7689e-07,7.0941e-07,1.0668e-06,2.3172e-05
0.0006689,0.0016833,0.00022348,0.0034552,0.00043451
3.0056e-06,2.6443e-06,0.002621,0.00017145,0.0042218
8.9739e-08,0.00063477,2.5286e-06,0.0093258,0.00021799
0.0019885,0.00018702,4.8824e-05,9.3679e-05,2.4226e-05
0.00021337,0.00020581,0.00099638,0.0080289,6.3051e-05
1.4899e-05,0.0056189,0.00010392,0.001097,6.3601e-06
0.0020872,3.0735e-09,1.5925e-08,3.7232e-10,1.5764e-08
0.0020498,5.1928e-07,0.00015981,9.3802e-07,8.0985e-09
0.0020778,1.0549e-07,4.7761e-06,9.5163e-08,2.4396e-05
0.0020563,1.4382e-05,1.5396e-05,5.4008e-06,6.3226e-05
0.0012746,1.1769e-05,0.0005345,0.0021081,0.00081037
0.0001681,0.00025419,0.0079006,1.4431e-05,1.7826e-08
3.485e-05,0.006142,4.0532e-05,0.00018531,7.8148e-06
0.00015559,0.005915,3.6152e-06,1.6417e-06,3.419e-07
1.7988e-06,0.0063844,6.3008e-08,9.488e-06,4.7021e-08
2.0627e-05,9.7087e-05,0.0020266,0.0027987,0.002995
0.0020537,4.029e-08,3.8212e-07,5.1112e-06,9.5003e-05
0.00012838,9.9256e-06,5.9792e-05,0.010028,2.4532e-06
0.0020456,5.4086e-07,1.5784e-08,5.3737e-07,0.00012111
0.00056528,0.0037114,1.4084e-06,0.0015447,3.3553e-05
0.00091141,9.5417e-06,0.00046551,0.0054808,1.1479e-05
0.0018047,6.9695e-05,0.00025755,0.00027193,0.00043164
0.00086002,4.5473e-06,0.00036451,0.00020184,0.0032267
0.0020679,5.0896e-05,1.0924e-05,1.0401e-06,7.2885e-09
0.0012462,1.0361e-06,0.0012505,0.00015927,0.0015215
0.0012284,2.2584e-07,6.6052e-05,0.0012904,0.0017384
8.621e-05,8.0783e-05,0.0043069,0.0046741,0.00020666
2.6008e-07,1.5362e-05,6.548e-06,0.010722,1.5483e-05
0.00114,0.002781,2.5754e-05,4.1022e-05,7.5401e-05
0.0012791,0.00037133,0.002526,0.00014085,0.00021522
3.0031e-07,0.0052403,3.9147e-07,0.0019456,3.5215e-07
1.5971e-05,7.8716e-07,1.6457e-09,1.1889e-06,0.0060628
0.0020804,1.1937e-07,2.5387e-05,5.4965e-08,2.8175e-06
0.0015118,0.001335,1.7474e-05,7.1892e-05,0.00035659
0.0020661,8.5041e-06,5.3957e-09,1.0407e-05,4.7865e-05
0.0019163,6.1646e-05,5.8475e-05,5.2493e-06,0.00039901
0.001461,5.8323e-05,0.0001528,0.001806,0.00065076
3.4646e-06,0.0063815,7.4265e-07,4.9909e-06,5.8891e-08
0.0020745,1.7998e-06,4.1285e-05,4.3108e-06,5.2433e-06
0.0020864,7.8161e-09,1.2363e-06,1.0784e-07,1.5321e-06
4.4176e-05,5.5061e-06,1.2567e-05,0.010356,9.9739e-05
0.0019274,2.8873e-06,0.00029076,2.4557e-06,0.0002664
0.0020553,2.3004e-05,1.3067e-08,0.00012305,1.9745e-06
1.4832e-05,1.3937e-05,5.3825e-07,0.0078716,0.0015934
0.0017926,8.2553e-05,0.00014031,0.00022735,0.00055974
0.0013636,9.2518e-07,0.00012133,0.0020433,0.0008775
0.0013558,0.0019043,4.3819e-05,0.00050229,7.5835e-06
0.0010768,0.0030175,3.9144e-06,9.1791e-05,2.0611e-05
0.0016721,0.0010741,0.0001619,1.2293e-06,7.8493e-05
3.0689e-06,8.3867e-08,6.666e-06,0.0019557,0.0049892
0.0020416,7.1595e-06,8.1475e-05,0.00012516,6.474e-07
0.0018179,0.00042884,0.00055676,4.1197e-07,2.1066e-07
0.0005822,0.00070891,0.0025894,0.003476,1.1922e-07
1.044e-07,0.0030702,0.0045215,0.00017585,5.5222e-06
2.2921e-05,2.7876e-07,1.7261e-09,4.8296e-05,0.0060162
0.0020854,9.5149e-07,3.9365e-06,6.1192e-07,1.5774e-06
0.0011934,0.0017938,0.0003105,0.0012017,1.102e-05
0.0017038,0.00029452,0.00076119,0.00056071,6.3381e-06
0.0019646,1.7842e-06,0.00041114,0.00013747,1.301e-07
0.0018409,0.00044732,4.3322e-06,0.00051226,6.3688e-07
0.00019794,0.0012199,0.00037365,0.0050201,0.0012673
7.4558e-05,0.00052389,7.2018e-08,4.4795e-05,0.0053667
7.8661e-08,6.6239e-06,1.1054e-09,0.00024603,0.005965
0.0014346,0.0002204,0.0001598,0.00051056,0.0013025
7.287e-08,1.0369e-09,1.0657e-06,8.8711e-07,0.0061095
0.0016826,0.00014744,0.00011721,0.00072887,0.00055121
0.0020826,2.9595e-07,1.0493e-08,5.5442e-08,1.3276e-05
0.001823,7.8148e-06,0.0011198,8.5205e-06,6.1766e-07
0.0020053,0.00019561,1.4509e-05,3.1408e-05,2.5271e-05
0.0020859,2.4623e-06,2.2929e-06,1.2352e-07,9.6755e-08
0.00053942,0.00011163,0.0065128,2.5905e-07,2.2562e-08
0.0019819,3.0926e-07,1.3258e-05,1.199e-05,0.00029233
0.000189,6.3498e-05,0.0074157,0.00080526,2.3421e-06
0.00062388,0.0039723,5.7959e-06,0.00054467,0.00017639
0.0018892,2.9765e-05,0.00043649,0.00037294,4.3636e-05
0.00061348,0.00081436,0.0049975,0.00018649,3.5729e-05
0.0016082,0.00024091,0.00018071,2.8821e-05,0.0010332
0.0020582,3.6973e-05,6.1811e-05,9.9097e-06,2.1942e-06
9.4392e-06,9.3905e-07,1.1377e-06,0.0049516,0.0032758
0.0020738,4.1047e-05,2.131e-07,2.4008e-08,6.7969e-09
1.3581e-06,0.006374,1.0564e-08,2.9579e-05,1.8959e-09
1.6273e-06,1.3581e-09,4.5545e-08,1.8687e-06,0.0061051
5.646e-05,9.3787e-05,0.0085627,2.4564e-07,3.8274e-05
2.8407e-05,1.1222e-05,4.726e-08,1.0151e-06,0.0060165
0.00031967,0.0029593,0.00022101,0.0037565,6.8665e-05
0.0011038,0.00045846,0.0035927,3.3991e-07,5.9912e-09
4.4851e-05,0.0061653,2.5575e-05,8.5225e-05,2.3184e-05
8.7918e-05,2.9946e-06,0.0086105,1.1267e-06,1.5189e-10
0.00026952,0.00039256,0.0072298,6.1338e-05,1.2524e-08
0.00010473,0.00053575,0.00085538,0.008221,5.2839e-05
7.6854e-05,0.0061517,4.3866e-09,1.2567e-05,9.9117e-07
1.8471e-05,1.3556e-07,4.8046e-06,0.0016642,0.0051105
0.0016314,0.00066573,0.00016741,0.001032,0
0.00052503,0.001866,0.0040528,1.8649e-05,2.6788e-05
0.0010851,0.00019285,3.7093e-05,0.0047969,6.4103e-06
0.002037,3.6691e-08,6.5591e-06,2.2204e-06,0.00014131
0.00027132,0.0021557,0.00011384,0.0049845,0.00035503
0.001586,3.346e-06,1.3311e-05,2.0663e-06,0.0014541
6.671e-06,0.0063612,2.0132e-07,1.9402e-06,1.2134e-05
7.6606e-07,8.0182e-05,0.002334,0.0069261,0.00052168
0.0015727,0.00016576,0.00078698,0.0010758,0.00020381
0.002087,1.0294e-07,1.1258e-06,4.9732e-11,2.3218e-11
4.6349e-05,0.0062511,4.7367e-07,3.7631e-06,6.4903e-09
0.0016769,1.4552e-05,3.635e-05,2.3402e-05,0.0011496
0.00062438,2.6397e-06,0.00551,4.5159e-05,0.00051127
2.0298e-07,0.0063847,1.2305e-05,2.7483e-06,9.733e-10
0.00046733,0.00022456,0.0012891,0.00633,6.5459e-05
0.00037122,0.00015785,0.0032819,0.00026134,0.0024955
0.0011374,9.9551e-06,4.3642e-06,0.00089209,0.0022629
2.8533e-07,1.2234e-05,1.9971e-06,0.0017044,0.0051313
0.0014971,2.5407e-06,5.7529e-05,6.5317e-07,0.0016859
0.00032713,0.00022571,0.0046026,2.6429e-05,0.0017955
0.0013517,0.00015523,0.0028747,2.9609e-05,3.5285e-05
0.0019391,8.0617e-06,1.9266e-05,3.5446e-06,0.00041089
0.0020703,5.1397e-05,1.2729e-09,5.318e-07,2.2507e-07
0.0019446,1.3813e-09,2.8006e-08,1.4356e-06,0.00041685
0.0012936,0.0011077,0.0018559,7.2319e-06,7.1247e-08
5.0948e-08,0.0027049,1.6054e-05,0.0062001,2.1835e-06
0.00031555,0.0031735,0.0020393,0.001165,0.00010929
0.00077171,1.1308e-06,0.005667,3.2283e-07,6.2041e-08
2.275e-05,5.9867e-08,0.0016438,0.0064264,0.0012859
1.6671e-05,1.2573e-05,0.00021158,0.010422,5.6141e-07
0.0020014,0.00024424,2.0536e-06,2.7497e-05,9.8873e-07
2.6935e-05,0.0061832,2.0058e-05,0.00019337,9.4317e-07
0.0013965,9.2299e-07,0.002959,1.9514e-05,1.3817e-07
2.7172e-07,0.0061115,0.0003961,6.4012e-07,1.2254e-06
0.00063586,6.0498e-05,0.0055757,0.00070523,3.6789e-06
0.0020789,1.6985e-05,4.3645e-06,8.8896e-06,2.4661e-07
6.5272e-07,0.0045262,0.00010675,0.0022285,0.00044908
0.0019737,0.00012294,1.9093e-06,4.6681e-05,0.00018726
4.9206e-05,0.0002039,0.0084648,1.5511e-06,2.0077e-05
0.00051274,0.0033,6.2457e-05,0.0024958,5.1215e-08
0.0017003,9.1357e-06,1.4332e-05,8.6101e-05,0.0010657
0.0020849,1.3665e-08,6.9781e-07,1.9037e-06,5.2159e-06
2.037e-08,0.0062707,0.00010863,8.0418e-05,9.3848e-10
0.0014881,0.00027796,0.0020758,5.7277e-05,4.5738e-05
0.0015531,0.0013864,8.4199e-05,8.0552e-05,0.00013626
0.0020288,1.6966e-06,6.8114e-05,7.5009e-05,8.0782e-05
0.0019726,7.8501e-07,0.00048842,3.8081e-06,9.6911e-07
0.00034992,0.0003762,0.0018184,0.0061456,9.2242e-06
5.2411e-05,1.8631e-05,0.0087408,8.6522e-07,6.2609e-07
7.9321e-05,0.0002385,2.3654e-08,0.00030158,0.00548
0.0010483,7.5085e-08,7.3672e-07,2.7167e-06,0.0030397
0.0020717,9.2404e-08,1.5438e-05,2.7295e-07,3.4698e-05
0.00029797,3.4692e-05,0.00081091,0.0081103,5.8755e-05
0.00011196,0.0013775,7.56e-06,0.0027147,0.0029235
0.0018669,3.7698e-09,1.2705e-05,2.0594e-06,0.00063525
0.0020872,2.5288e-10,3.3822e-07,2.0824e-10,5.3246e-08
0.00013221,5.9481e-07,0.00017775,8.3633e-05,0.0055552
0.0020435,2.7937e-06,8.1055e-05,5.0661e-07,7.0165e-05
0.0020518,8.6385e-05,2.1516e-05,8.9469e-06,1.7125e-06
1.157e-05,0.00043153,0.00010293,0.0098631,5.8956e-06
3.8284e-05,0.00025422,1.3783e-06,0.0002024,0.0056404
0.001513,2.1508e-06,0.0024712,5.952e-07,1.6706e-09
0.00053226,0.002692,1.3217e-05,0.0023947,0.00061457
1.6241e-05,8.1988e-06,9.5081e-07,0.00010179,0.0059973
0.00019053,0.0047674,9.8537e-06,0.00022946,0.00086125
0.00078432,3.1576e-05,0.0035334,0.00010999,0.0013215
0.0004188,0.0041964,0.00012798,0.0013617,1.6671e-05
0.00066292,0.00030381,0.00086348,0.0054836,0.00018587
0.0020869,1.7513e-10,1.2322e-09,1.9121e-09,1.1472e-06
0.0017449,4.9518e-06,1.4487e-06,0.0017351,1.3302e-05
0.0020634,4.2535e-05,4.2905e-05,4.8615e-10,6.6164e-10
0.00048501,0.0026661,0.0030032,0.00018181,9.8693e-08
7.9814e-05,1.633e-06,4.1919e-05,0.00080122,0.0053933
0.0018649,2.5111e-06,0.00064415,0.00010347,0.00015222
5.6489e-05,0.0012347,0.0070139,8.8251e-07,2.5866e-08
6.3333e-05,3.3043e-06,0.0020806,0.0046804,0.0018566
9.2119e-06,5.1173e-08,1.4221e-08,0.00014285,0.006003
1.9525e-06,0.003923,6.7863e-05,0.0036291,0.00025435
6.9191e-06,5.9976e-07,4.3107e-06,0.00056617,0.0057664
0.00031843,0.0052756,6.7293e-06,0.00023056,2.693e-06
0.0018712,0.00044201,5.0764e-07,1.665e-05,0.00020045
1.2426e-05,1.8494e-05,0.008738,0.00021142,3.8742e-07
0.0020541,6.8523e-05,3.049e-05,1.7889e-05,6.0873e-07
0.0020858,2.0815e-06,8.1492e-08,1.5984e-07,2.211e-06
1.9885e-06,0.0001028,0.0080255,0.00097686,7.1306e-07
0.00013639,0.00042,0.0078048,1.3371e-05,8.8296e-08
0.00037211,0.00013989,0.00015367,0.00041413,0.0045488
1.8147e-06,1.4072e-08,2.9958e-06,3.2462e-07,0.0061034
0.00069068,0.00028918,0.0053097,0.00028377,4.4198e-05
2.7195e-05,1.0849e-07,5.6951e-10,0.00010579,0.0059713
5.6727e-06,5.2516e-08,0.0089498,2.3917e-05,1.3857e-07
5.0396e-06,7.1802e-07,0.00025687,0.00013838,0.0058426
0.0015991,0.00034659,2.5618e-05,3.4635e-06,0.0010786
0.0020845,3.3916e-06,7.011e-06,1.5115e-08,2.9249e-08
0.0010574,0.00011241,0.00024265,4.6552e-05,0.0027165
0.001677,0.0012414,1.8575e-05,1.8175e-06,1.444e-06
0.0018584,5.1192e-07,1.4319e-06,2.3634e-06,0.00066731
0.00057032,0.00018862,0.0013161,0.0028612,0.0017455
3.371e-05,0.0062217,1.6918e-05,9.8396e-05,3.1768e-07
9.7197e-06,0.0038711,0.00010333,0.0033482,0.00041625
0.0018471,0.00062854,6.3611e-05,5.432e-05,2.8687e-05
0.0015409,8.7024e-09,9.4865e-05,7.8423e-06,0.0015308
0.00012443,1.8982e-05,0.0056248,0.0016026,0.00099884
0.0015307,1.4522e-05,1.8667e-06,0.0016211,0.00069576
0.00055973,0.0040797,0.00073693,0.00012811,8.8166e-07
0.0020832,4.0321e-08,1.7505e-05,1.2185e-07,6.4177e-09
0.0020663,9.8188e-07,1.0296e-06,2.482e-06,5.8323e-05
0.00012371,5.9905e-09,2.1802e-06,2.121e-05,0.0057353
1.3381e-05,1.047e-08,2.2698e-06,0.00019827,0.0059579
0.0019296,3.9033e-05,4.9876e-05,3.0597e-05,0.0003731
0.0011517,0.00013482,0.00021495,0.0039076,0.00025009
1.0954e-05,2.5685e-05,6.9424e-06,0.0092003,0.00083627
0.00086637,5.6458e-07,0.0051856,1.6002e-05,4.1707e-05
0.0020742,2.5658e-05,8.1062e-06,1.0387e-05,2.2497e-06
0.00050983,0.0047951,4.9317e-05,5.5158e-06,1.8168e-10
0.00038174,8.0402e-05,0.0017284,0.0062423,0.00020496
0.0013026,0.00079992,0.0017343,0.00053212,5.3247e-05
0.00019029,7.4926e-08,1.7119e-05,8.7111e-06,0.0055372
3.8504e-06,0.0063838,3.7964e-08,1.6498e-07,7.6596e-11
0.00026776,0.0004677,0.0070417,0.0001693,0
3.3944e-06,3.0734e-06,1.0303e-06,0.00021221,0.0059772
0.0016775,2.1962e-07,4.2774e-06,3.8913e-06,0.0011945
0.00050446,1.1295e-05,1.5828e-06,0.0041252,0.0022846
5.0097e-05,4.6777e-08,0.0085596,6.7825e-05,0.00011034
2.5227e-05,0.00012393,7.947e-05,0.010276,4.1796e-05
4.4758e-07,0.00021191,0.0083249,0.0001434,0.00016986
0.00046306,0.0048503,0.00017727,6.0934e-07,9.6907e-08
3.0295e-09,2.1284e-06,1.0065e-08,0.010702,4.4633e-05
1.4829e-05,0.0044956,0.00032584,0.002222,0.00029163
1.4384e-06,1.2102e-09,2.4378e-09,7.3316e-06,0.0061026
0.00082351,6.7073e-05,1.6052e-07,0.0028968,0.0019943
0.00078288,0.0028481,0.0016154,6.3501e-08,7.0263e-08
0.0020821,1.4753e-07,8.6802e-06,1.4694e-06,8.2654e-06
0.0020871,1.4141e-08,1.2266e-08,4.5117e-08,3.6514e-07
0.0014674,0.00014955,0.0024507,8.5458e-06,1.9173e-06
0.00049303,0.00024045,0.0055404,0.00093002,0.00014653
0.0020486,1.0289e-06,1.1136e-06,1.1491e-06,0.00011078
0.0019024,1.4305e-06,3.3226e-05,5.4286e-05,0.00048661
1.3768e-09,0.00095312,6.1876e-06,0.009166,2.1118e-06
0.0017507,0.00054262,0.00045573,7.6516e-05,0.00011382
9.8355e-07,0.0062417,0.00021186,4.3407e-07,6.0232e-08
0.0016163,0.00096364,2.155e-05,0.00051281,0.00015295
0.0018905,2.9035e-08,0.00074294,3.3954e-06,6.9259e-05
0.00015203,3.1282e-07,1.103e-05,1.0776e-05,0.005652
0.0014512,4.6694e-06,0.0027178,1.9413e-05,3.0389e-07
0.0019879,0.00018665,0.00015369,5.1635e-06,5.2536e-06
0.0020831,2.6147e-07,3.0835e-08,1.402e-07,1.1788e-05
0.0020862,1.8895e-06,1.7126e-06,9.3673e-08,1.2912e-08
2.6278e-09,0.0063041,0.00012037,1.0157e-05,7.6408e-10
2.326e-05,3.9903e-12,7.8954e-09,5.8902e-06,0.0060395
0.0013051,0.0011138,0.001644,0.00018804,2.2849e-06
4.4811e-05,0.00069147,0.00049105,0.0087872,6.16e-06
1.5074e-05,0.0012028,4.5539e-05,0.0082225,0.00022727
0.0020862,2.0126e-06,1.2493e-06,4.5541e-08,2.4572e-07
0.00088845,0.00094561,0.00011266,0.0034071,0.00059913
2.8685e-05,1.7096e-07,3.4344e-07,0.00016237,0.0059346
4.0706e-06,0.0057485,1.1393e-05,0.0010537,1.6134e-06
7.5539e-05,0.00035968,0.007915,0.00029713,2.0412e-07
0.0020719,2.2642e-05,3.4041e-05,1.7808e-07,1.7678e-07
0.002071,3.8661e-05,1.5475e-05,1.438e-08,0
0.002015,8.4516e-05,0.00013956,6.1147e-05,1.4057e-06
0.0020837,2.0541e-06,2.1236e-06,1.332e-06,6.2497e-06
1.8419e-05,0.00016757,0.0084806,0.00023828,6.0241e-08
0.0020118,8.0749e-06,7.876e-05,5.2418e-05,0.00012992
0.0006123,0.0028403,0.0023603,1.0855e-07,8.0373e-07
0.0019322,1.1958e-05,1.1801e-05,1.4034e-05,0.00042651
0.0017996,0.00082373,7.6435e-05,4.9994e-06,2.2521e-07
0.00028165,7.3803e-05,0.00030772,0.0088334,1.3342e-06
0.0020287,1.1843e-07,0.00012803,0.00014156,4.0128e-06
0.0013376,2.3454e-07,1.1555e-05,1.3182e-05,0.0021791
0.0010395,0.0025223,0.00094795,5.9471e-06,1.0024e-05
0.0020012,2.2015e-06,0.00023258,2.2585e-05,7.8964e-05
0.0020739,7.527e-06,2.3656e-05,2.7968e-05,0
3.3951e-06,1.0794e-05,0.00018039,0.0029508,0.0042961
2.7817e-05,0.0013391,2.5544e-05,0.0083047,2.6761e-05
0.0020394,8.7147e-06,0.00019091,3.854e-06,5.6848e-09
0.002009,0.00015045,3.1513e-07,0.0001473,1.565e-06
0.0019242,3.7835e-07,5.7539e-07,2.8745e-05,0.00046031
0.0020773,3.8674e-06,7.868e-06,4.6757e-06,1.7506e-05
0.00069144,2.3989e-05,0.00060041,0.0064469,2.6079e-06
9.1004e-05,0.0045003,2.5315e-05,0.0026953,9.1379e-08
0.0011119,0.00050475,7.6931e-05,0.00397,7.1342e-05
0.00054571,7.4345e-06,2.7571e-07,9.4233e-05,0.0044526
6.5698e-06,0.005622,7.6695e-05,9.0952e-05,0.00061635
6.0716e-06,0.0052367,0.00078247,0.00097619,4.8257e-06
0.0019639,1.6419e-06,0.00052801,1.3132e-06,9.1181e-10
0.0018513,6.0635e-06,0.00015991,4.2674e-05,0.00055216
0.0010348,0.0012366,0.0022476,8.5276e-05,0.00032442
0.0020168,5.6879e-05,1.3016e-05,0.00022743,1.4141e-05
1.3926e-05,0.0057405,4.4491e-05,0.00097748,1.1612e-06
0.0015516,1.4086e-05,2.0104e-05,4.2313e-05,0.0015171
0.00031058,8.7951e-05,0.0027035,0.0055302,0.0001471
2.0574e-07,0.00586,6.692e-06,0.00089265,8.4204e-07
8.3224e-05,1.3271e-07,1.0388e-06,2.8632e-06,0.0058649
0.00015845,0.0037552,8.3778e-05,0.0025901,0.00053444
0.0019629,7.098e-06,6.32e-05,0.00021489,0.00019255
0.00012253,8.8477e-05,3.2342e-07,0.00031934,0.0054865
0.0020848,1.724e-08,1.1119e-07,3.5878e-07,6.7559e-06
0.0016616,6.6287e-07,0.001104,0.00022374,0.00036886
0.00065817,8.5227e-06,6.2943e-05,0.00083609,0.0036593
1.4137e-05,0.000501,0.00025862,0.0045894,0.0028146
0.0020243,9.4114e-05,5.0215e-07,0.00013956,1.5022e-05
0.00013807,6.4506e-05,0.0083087,8.2398e-08,1.5158e-09
8.94e-09,2.1894e-05,1.1303e-06,0.0044288,0.0035797
0.00043213,0.0046024,9.42e-06,0.00043746,0.00019402
2.2762e-06,3.5968e-07,1.8724e-07,3.1278e-05,0.0060861
0.0004403,0.0005235,7.9408e-06,0.0075403,4.356e-05
0.0017371,8.8941e-06,0.0014494,1.1125e-05,2.5473e-05
2.4704e-05,0.0049473,9.3542e-05,0.0021972,2.9181e-06
0.0020872,3.0741e-09,5.9417e-08,4.7264e-11,5.6863e-08
0.0020693,4.2882e-09,8.2462e-07,1.2059e-06,5.1259e-05
0.00018292,1.089e-05,5.8554e-05,3.17e-06,0.0055235
0.00066323,0.00017498,0.004328,0.0018528,1.1584e-05
0.0018463,9.6636e-08,0.00059191,5.5021e-07,0.00030301
0.0015596,1.9438e-05,1.3992e-05,0.00057635,0.00119
3.1235e-05,1.9261e-06,3.7016e-06,0.0011273,0.0053764
0.0020751,7.904e-09,4.7177e-05,5.5542e-06,4.5444e-07
0.00089163,0.00036849,0.0016001,0.00015976,0.0019707
0.0011709,7.5789e-05,0.0038131,3.0293e-05,2.6372e-06
4.1139e-08,0.0054064,0.00012736,0.0015019,7.5609e-06
2.9424e-07,0.0045105,4.454e-07,0.0031693,4.2038e-06
3.132e-05,0.0036238,0.00093305,0.0033499,2.4639e-05
0.0019435,3.0945e-06,0.00058406,4.1512e-06,1.8734e-05
2.2094e-05,0.0001139,0.00010274,0.0078057,0.0014445
0.002087,4.4153e-07,1.3968e-08,2.2485e-08,4.0393e-07
0.0013204,4.233e-06,0.0032255,8.748e-05,0
1.2115e-05,0.0063332,1.2441e-06,1.1523e-08,2.3332e-05
3.5406e-06,0.0062564,1.1023e-05,6.8005e-05,7.67e-05
0.00018221,0.0042071,0.0020852,7.0053e-05,0.00010126
1.5144e-06,1.1959e-07,1.1078e-06,1.615e-05,0.0060965
4.2627e-05,0.00035361,0.0083127,8.8257e-07,6.1269e-08
1.8716e-06,1.3055e-08,1.3551e-08,0.0038765,0.0039089
0.0020871,2.0533e-08,3.7536e-07,4.015e-08,6.1117e-08
4.8573e-05,0.0060041,2.7227e-07,0.00040841,3.0923e-07
0.0014927,8.7668e-05,0.0023382,0.00012017,1.7661e-07
0.00085014,0.003789,2.3577e-06,1.2786e-08,4.2984e-10
0.0020823,7.4931e-06,7.8819e-06,1.5865e-06,1.1909e-06
0.0020758,1.8984e-05,1.0826e-05,1.3833e-05,2.9223e-07
0.0019026,0.00019543,2.4093e-05,9.8992e-05,0.00028154
0.002083,8.9098e-09,2.5851e-06,4.9735e-08,1.0798e-05
0.0016065,2.8939e-06,0.0015965,0.00045599,6.171e-05
7.2114e-07,0.00015777,0.0028555,0.0070432,2.6961e-05
8.1601e-06,0.00021706,2.6284e-05,0.0074277,0.0016529
0.00015406,0.00020631,0.00066761,2.875e-05,0.0049929
0.001748,0.00014222,0.0011607,0.00011802,1.8856e-06
0.001956,1.7411e-06,3.0474e-05,2.7848e-05,0.00034621
0.0017532,4.8153e-06,6.3948e-06,0.00029163,0.00080388
0.0012234,5.9826e-05,0.0032199,0.00046567,2.0547e-05
0.0011682,3.9397e-07,4.7719e-06,6.8321e-05,0.0026484
0.0006315,0.0044147,3.2295e-05,3.7052e-05,9.4781e-07
0.0013089,0.002132,0.00035472,2.695e-07,6.1665e-07
0.00010559,0.00020071,0.0064181,0.001905,0.00017005
3.4044e-08,0.00035689,9.0138e-05,0.0097987,0.00015614
5.6073e-06,0.0056972,1.2435e-05,0.00085411,0.00015855
0.00064083,5.7651e-07,8.8271e-06,4.4546e-06,0.0042257
0.0015429,5.8974e-06,0.0017382,8.4479e-05,0.00035929
0.0013386,0.00063569,0.00014208,0.002608,1.0162e-05
0.00012281,3.3195e-06,0.0084586,2.3497e-06,3.5729e-09
0.0020135,0.00014466,0.00011406,1.4802e-07,2.327e-09
0.00067248,0.0006683,2.0479e-06,0.00012621,0.0034307
0.0014126,3.3633e-05,0.00049097,0.0028158,1.3774e-05
0.00080269,0.00076743,0.0042964,2.8953e-05,9.2223e-05
0.0013785,1.3917e-08,0.0030056,5.1934e-05,3.7142e-06
9.935e-07,0.0058413,1.529e-05,0.0004362,0.00026924
1.4233e-05,0.00086387,0.0075463,0.00019273,7.5983e-06
0.0018904,1.4148e-05,0.00082575,2.1268e-06,4.9982e-07
0.0020863,1.6673e-08,3.0203e-07,6.5675e-08,2.6069e-06
0.0018046,7.3676e-05,0.00030878,0.00037726,0.00033351
0.00055697,0.00032506,0.0061307,7.5005e-06,2.263e-07
2.4747e-05,1.4516e-09,7.5309e-05,1.3458e-06,0.0059866
0.002066,3.8997e-06,1.0811e-05,4.0276e-05,2.8293e-05
3.2278e-05,0.0060534,1.2902e-05,0.0003941,4.75e-07
0.00048987,2.7668e-05,0.0068446,5.3925e-08,6.0595e-09
0.0016841,1.133e-05,1.314e-07,0.00010298,0.0011112
1.225e-05,7.5976e-07,0.0087903,0.00017819,1.1321e-06
0.0018822,8.25e-07,0.00020476,0.00011241,0.00039677
0.0013782,0.00029901,0.0002228,0.002725,9.4786e-05
0.0017215,1.4851e-05,0.00030318,0.0014635,2.1495e-05
0.0003635,4.6064e-08,3.365e-07,4.021e-06,0.0050442
0.0020321,0.000144,3.2912e-05,2.7446e-06,8.1329e-08
0.001077,1.3575e-06,1.4236e-06,0.00015847,0.0028659
8.4627e-05,0.0056527,0.00049807,0.00021096,4.1665e-06
0.0017955,9.1303e-07,1.8032e-06,3.1888e-07,0.00085183
0.0019831,1.2844e-05,8.0417e-06,0.00042945,4.394e-05
1.0091e-05,0.00020124,0.0085967,6.1715e-05,1.3444e-05
1.5751e-06,9.4453e-08,6.0731e-05,0.0014497,0.0052435
0.0020808,5.9879e-07,2.7073e-05,3.6103e-09,4.5447e-09
0.0020833,6.161e-07,9.66e-06,3.6544e-08,4.4474e-06
0.0017383,0.00088755,0.00025271,2.294e-06,6.3512e-07
0.00057056,0.00015299,0.0032226,0.0037141,1.9637e-07
0.0020131,3.2594e-07,3.2711e-07,0.0002202,9.1932e-05
0.0002647,0.0037278,0.0025841,3.2695e-05,0
0.0001214,0.00030418,0.00054041,0.00024535,0.0049587
0.00050473,9.0383e-07,3.2053e-07,0.00019079,0.0045241
7.743e-05,3.9151e-05,0.00090765,0.009223,3.9788e-06
1.1989e-07,5.0989e-11,3.8538e-07,2.0718e-08,0.0061104
0.0018801,0.00014908,1.0028e-06,0.00081242,3.1436e-06
0.0011401,2.9012e-06,0.00023574,6.4214e-05,0.0025736
0.0014642,0.00067764,0.00082823,0.0010813,1.2033e-06
0.00072445,0.0019008,0.0024443,8.5439e-05,0.0004647
0.0017089,1.8842e-07,1.2014e-05,3.1231e-05,0.0010818
0.0020689,3.7879e-07,7.06e-05,8.4979e-06,5.4597e-07
0.0014825,1.6451e-05,1.9982e-05,0.0028062,0.00015111
0.00058469,0.00022534,0.0059762,0.0001933,1.4012e-05
0.0020415,0.00013737,3.8871e-07,3.6493e-06,3.1218e-07
0.0018725,6.5189e-07,1.3137e-05,7.5247e-07,0.00061865
0.00034786,6.0852e-07,0.00035909,0.00048516,0.0045731
6.8488e-05,3.9567e-07,0.00017322,0.0005339,0.0054899
0.0020654,5.8766e-08,1.8695e-06,2.0351e-06,6.1395e-05
1.8029e-06,4.2785e-07,2.8076e-07,2.9525e-09,0.0061051
8.2103e-09,0.0063523,3.3059e-08,5.638e-05,9.4347e-06
0.00039349,6.3465e-06,0.0069543,0.00021387,0.00010682
0.0020835,3.4702e-07,1.5004e-05,4.806e-07,7.9424e-08
0.0020185,0.00014928,2.4676e-05,2.5214e-05,2.7483e-05
5.4612e-05,0.0052271,2.3656e-05,0.0016599,4.6998e-08
0.0020525,2.8153e-08,0.00014706,4.7335e-07,1.5256e-06
0.00029249,1.8366e-05,0.00031105,0.00085545,0.004541
0.00038313,0.00012959,0.0071131,4.0961e-05,9.4529e-06
2.7147e-07,0.0061508,2.0612e-06,0.00038465,1.3786e-05
0.00024529,0.0015868,0.0050365,0.00077398,1.6215e-05
0.0020744,3.9475e-07,6.7093e-07,8.3585e-07,3.6465e-05
0.0018758,0.00061245,1.4851e-05,3.9326e-05,1.5935e-06
0.00024921,0.0049878,9.0108e-05,0.00050016,0.00027096
1.9885e-06,0.0060696,0.00041317,4.4154e-05,1.6684e-08
0.0019411,0.00043261,9.1408e-06,1.4878e-05,3.5463e-09
7.5634e-05,0.00034377,0.0015587,0.00024203,0.0043649
8.9962e-05,1.4444e-05,9.5653e-06,0.00014502,0.0057451
0.0020868,3.8771e-08,1.3948e-06,1.4136e-07,1.717e-07
1.0735e-06,1.1055e-05,5.0011e-08,0.0052661,0.0031132
0.001931,2.5317e-05,0.00063361,1.7798e-06,1.9032e-06
0.0015061,2.7944e-05,0.00011103,0.0011655,0.00093898
6.5629e-05,0.0032814,0.0040028,9.1689e-05,1.2047e-05
0.0011933,0.00070428,0.002727,0.00016127,7.7897e-08
0.0019071,7.2657e-07,0.00073755,1.0805e-05,1.9613e-05
0.0019734,4.4677e-06,5.0305e-07,4.1888e-07,0.00032858
0.00055241,0.0041662,2.8268e-07,0.00090469,9.6458e-08
0.000501,0.0023337,0.0024242,0.0012171,7.7719e-05
6.0084e-07,0.00031104,6.2172e-05,0.0081131,0.0011725
4.1428e-05,0.0061517,4.9266e-06,0.00018017,6.402e-06
0.00025422,0.00018708,1.1182e-05,0.003323,0.0032973
0.0020199,3.6527e-05,1.6744e-05,9.0723e-07,0.00015038
7.1596e-07,0.0063678,3.2791e-06,3.8887e-05,2.553e-07
0.0020153,2.9583e-06,6.6743e-07,4.374e-05,0.00018252
0.00035556,3.5586e-07,1.1924e-05,0.00011636,0.0049956
0.0011858,1.8416e-05,0.00097013,0.0019713,0.00084559
0.0020844,3.731e-06,3.8446e-07,2.711e-07,4.3184e-06
0.00094231,0.00033287,0.00034238,0.0033223,0.00091886
2.5509e-05,0.0047173,2.6123e-05,0.0026664,3.6655e-07
0.00012761,1.1482e-08,9.7481e-08,3.1958e-05,0.0057192
0.0020116,1.1636e-05,0.00030577,6.1931e-07,2.1705e-06
0.0020869,1.9256e-07,1.0717e-06,6.6304e-08,1.0815e-07
0.002056,4.9054e-10,1.8746e-08,1.7248e-06,9.051e-05
0.00019427,0.00094792,0.0067509,8.2213e-05,3.2239e-06
0.0020863,8.0972e-07,2.0096e-06,9.0433e-08,5.5782e-07
0.0020691,5.3329e-05,3.5942e-07,9.0857e-07,1.3172e-06
0.0019164,0.00037144,0.00015964,6.2647e-05,1.2177e-06
6.092e-06,0.0002102,7.7001e-06,0.0095473,0.00047706
0.0020074,1.2939e-06,1.5599e-05,7.5657e-06,0.00021755
4.3768e-05,5.0819e-07,2.4621e-05,0.000377,0.005752
0.0020047,9.6788e-06,0.00034193,2.7629e-08,1.3302e-07
0.001286,0.00028815,0.00087995,0.0025171,4.6292e-05
0.0020783,9.6614e-08,3.3386e-08,1.0528e-06,2.5607e-05
1.5317e-06,0.0058164,3.927e-07,0.00096757,4.3688e-07
0.0020759,1.1567e-07,5.6492e-06,7.6231e-08,2.9249e-05
0.0016744,0.00023735,0.0011347,0.00025109,6.8818e-05
0.0020793,1.3779e-05,1.3838e-05,1.3054e-06,1.0253e-07
5.5724e-05,0.0056841,0.00054328,0.00019057,3.9648e-05
0.0019559,2.2793e-06,0.00012867,4.9796e-06,0.00029218
1.614e-05,0.0055731,1.2507e-07,2.1821e-06,0.00073738
3.8073e-05,6.207e-08,2.0969e-06,7.106e-06,0.005994
0.0001803,1.5731e-05,0.0066229,0.001867,1.0479e-05
0.00045954,0.00051505,0.001328,0.00010221,0.0033132
0.0018648,2.3818e-05,6.8655e-06,0.00016418,0.0005308
0.0020717,6.7415e-06,2.0558e-05,9.2419e-06,1.9953e-05
0.0016718,4.8971e-07,1.5893e-06,1.5939e-05,0.0012059
0.0017039,5.2542e-08,1.4162e-06,4.368e-06,0.001119
0.0019907,0.00020705,9.3358e-05,3.1959e-05,3.2415e-06
2.2016e-06,9.1891e-08,3.5775e-07,7.7972e-06,0.0060998
0.0019803,0.00028446,1.4795e-06,6.5651e-05,3.2449e-06
0.0015368,4.8065e-08,4.8012e-05,7.0597e-06,0.0015749
0.0020641,6.1953e-05,1.1469e-05,2.0549e-08,8.1282e-07
0.0019282,7.9605e-09,1.5372e-06,1.0118e-06,0.00046393
0.0020835,3.8597e-06,1.5196e-06,2.9913e-06,4.6183e-06
7.7071e-07,7.6717e-05,0.0012578,0.0034482,0.0032269
4.0783e-05,0.00048323,0.0077465,0.00046895,1.0531e-06
0.0018774,8.2004e-08,0.00012574,2.6005e-06,0.00052744
0.00059129,1.6638e-08,0.00038518,3.5111e-08,0.0041181
0.0012843,6.0586e-05,0.0033494,5.9432e-06,1.4097e-05
0.0018187,4.8136e-05,0.00040414,0.0007836,2.1529e-05
0.0008133,0.0035278,8.9415e-05,0.00015079,0.00021285
0.0013139,6.1823e-05,0.00049925,0.0032221,3.9971e-05
3.778e-06,0.0063611,1.5903e-08,2.1911e-05,9.5883e-06
0.0017707,2.4798e-05,0.0013286,7.8923e-07,2.3236e-09
0.0016992,0.00032053,0.00077771,0.00051174,1.152e-05
6.7181e-08,1.1583e-07,6.6663e-10,1.1433e-05,0.0061042
0.0020836,1.1694e-06,1.8217e-06,4.6496e-07,8.0452e-06
2.0849e-08,0.0063384,3.3771e-06,8.5456e-05,3.9914e-06
0.0020845,4.2361e-08,1.1878e-05,5.3508e-09,1.9386e-09
0.0020779,3.7455e-07,3.9925e-05,1.4974e-09,2.6074e-09
0.0020117,0.00014345,7.6907e-05,6.7576e-06,2.8057e-05
5.9299e-08,0.0063185,1.1635e-09,0.00012537,2.5426e-06
0.0020864,4.1383e-08,1.0122e-08,7.7665e-07,1.8962e-06
0.0020784,9.3771e-06,2.0633e-06,3.5606e-06,1.3539e-05
0.0020322,0.00013876,2.8186e-05,6.3949e-06,5.7466e-06
0.0014898,1.603e-07,0.0024957,6.7247e-06,4.9696e-05
0.0019278,5.7797e-07,1.5352e-06,6.772e-08,0.00046536
0.00020036,0.00039283,1.0105e-05,0.0060739,0.0017004
0.00043288,3.7361e-06,0.00066009,0.0074595,0.0001646
0.0013024,0.00029536,0.0015693,9.7091e-05,0.00089445
0.0010974,9.65e-07,2.0064e-06,2.2396e-05,0.0028831
6.2075e-06,0.0063753,1.1153e-06,4.0093e-07,3.0472e-07
2.2034e-05,3.2846e-05,1.4541e-05,0.0003885,0.0057851
0.0020226,1.3133e-05,1.4033e-06,1.0728e-06,0.00017506
9.2878e-05,1.1877e-06,4.6922e-06,1.5851e-06,0.0058338
0.0020849,3.6785e-06,1.8634e-07,4.2179e-07,3.0877e-06
4.3982e-05,0.0030622,5.0116e-06,7.7847e-05,0.0030088
6.7682e-05,1.6473e-06,5.4178e-06,0.010382,2.4713e-05
0.00055474,1.2578e-05,0.0065225,7.6301e-05,9.9132e-08
0.00031455,8.6481e-07,0.0013719,0.0013008,0.0035201
0.0019838,4.3176e-06,0.00024492,0.00019351,2.2645e-05
0.00137,0.0002667,0.0025932,2.1365e-05,7.1066e-05
0.00020296,0.0049865,0.0011072,2.8727e-08,8.7474e-10
4.0191e-05,1.3128e-05,3.85e-07,1.2114e-06,0.0059798
0.0020817,6.7113e-07,3.9393e-06,7.1252e-06,8.8499e-06
0.0020842,6.4371e-06,3.7633e-06,4.4318e-07,8.5009e-08
0.0018236,0.00067373,0.00018783,9.1032e-07,3.9989e-09
0.00087408,0.0036265,4.4035e-05,6.0977e-05,2.2316e-05
0.0019535,0.00028711,0.00015776,1.6081e-05,1.0244e-06
0.0020571,3.3391e-06,0.00011363,1.2672e-06,7.0949e-06
0.0001278,0.00021108,0.0013663,0.0014797,0.0037684
0.0019687,8.4663e-07,0.00045699,2.361e-05,2.2508e-05
2.0029e-05,0.0062827,6.1695e-05,9.3317e-06,2.0863e-06
0.0020828,1.3708e-06,9.8776e-06,4.2275e-06,2.5152e-06
9.027e-06,0.0063657,2.4983e-06,9.4374e-07,7.8023e-09
0.0020661,1.0064e-08,6.6604e-05,4.895e-07,1.6278e-05
1.0749e-05,1.2452e-07,7.3676e-06,0.0017222,0.0050985
0.0017145,6.4195e-06,0.00029953,0.00022475,0.00075423
0.0020777,4.0232e-06,1.8341e-06,7.7499e-06,1.8564e-05
0.0017518,5.3779e-06,0.00015464,3.081e-05,0.00085451
0.0016327,0.0012831,1.0649e-05,0.00015737,8.4531e-06
1.2004e-05,0.0055779,2.5555e-05,0.0012782,4.6211e-06
0.0020308,0.00016264,7.7024e-08,1.757e-05,0
2.0068e-05,4.4761e-08,2.2574e-07,2.2574e-05,0.0060392
0.0020701,9.9821e-07,1.8402e-07,4.6906e-07,4.8744e-05
5.5819e-06,0.00025625,0.00010271,0.010061,7.8651e-05
4.4173e-06,0.0063052,3.3395e-06,8.7988e-05,2.143e-05
0.0020695,2.386e-08,2.5122e-06,8.5033e-07,4.9851e-05
0.0019265,0.00035593,3.1027e-05,0.0001562,2.0931e-05
0.0020803,2.0875e-05,4.9852e-07,1.8492e-08,2.27e-09
0.001582,0.0013441,2.5302e-05,1.353e-05,0.00017003
0.00030551,0.0054327,3.2531e-06,2.0469e-07,2.3282e-05
0.0020872,2.1008e-10,2.3911e-08,4.3975e-10,8.8018e-09
9.7586e-07,0.0063674,3.1069e-05,5.3206e-06,2.0407e-09
0.0020173,1.4234e-05,0.00016638,8.806e-05,2.8141e-05
0.0017763,3.016e-07,0.0012595,2.398e-05,4.0871e-05
0.0020778,5.835e-06,7.2892e-06,3.049e-05,0
0.0020593,3.5132e-06,4.8788e-07,1.1734e-05,7.1386e-05
2.9245e-07,0.0063929,1.3118e-07,1.9781e-06,6.1341e-07
0.0013796,1.7883e-07,0.00045836,5.7868e-07,0.0017599
0.0020818,2.1037e-06,1.2152e-05,1.0016e-05,2.6834e-08
9.7319e-05,0.0030393,0.003333,0.0011602,9.9151e-08
0.0003211,0.001641,0.0052511,6.2132e-05,5.2496e-08
1.2777e-09,0.0062555,6.8484e-05,0.0001501,2.3963e-06
0.0018377,5.6956e-06,2.8053e-05,0.0011509,5.4045e-05
0.0019843,1.6587e-07,0.00014408,0.00029792,3.4698e-05
0.00025554,0.0032437,0.0014697,0.001339,0.00050627
7.0852e-05,2.9246e-10,8.7294e-08,3.3157e-08,0.0059035
8.8645e-07,0.00064923,2.7673e-06,8.835e-07,0.0054857
0.0018688,2.774e-05,0.00018576,0.00072199,7.7808e-05
0.0017105,0.0010719,8.0753e-06,0.00010804,1.2183e-05
0.0020872,6.8673e-09,1.0133e-07,1.9124e-12,1.2625e-09
0.0020854,4.9225e-06,5.4456e-08,8.1793e-08,5.9538e-07
6.4309e-07,1.3533e-05,0.00010031,0.00065707,0.0056557
0.0019708,8.686e-06,0.00018712,0.00028587,4.3514e-05
0.0018358,0.00074259,1.0869e-08,3.6638e-05,5.787e-06
0.0020643,8.3591e-06,2.4281e-05,1.2146e-05,3.5764e-05
0.0020103,0.00023519,1.7149e-07,4.2079e-07,2.5029e-07
2.4798e-06,0.0042963,5.3352e-06,0.0034673,3.0265e-05
0.00011064,0.0037309,0.0027873,0.00039802,0.00010299
0.0017842,6.8082e-05,5.3458e-06,0.0014446,5.6724e-08
0.00084096,2.1396e-05,0.0053328,5.2869e-06,2.2019e-06
0.00052204,0.0047291,3.8196e-06,6.0663e-05,2.6993e-05
2.9373e-06,0.006372,2.7929e-06,1.8118e-06,1.1119e-05
0.00075471,0.0008386,0.0022869,0.0012799,0.00082105
0.001834,0.00027153,0.00015077,0.00065975,5.6171e-06
0.00076877,1.4289e-06,0.00040406,1.3185e-05,0.0035768
0.00073217,4.6206e-07,3.2292e-06,2.1098e-05,0.0039528
8.2451e-09,4.2294e-14,9.0141e-11,2.1529e-07,0.0061108
6.9801e-09,0.00010346,1.459e-06,0.0025569,0.0045622
2.743e-06,0.00052158,1.3424e-07,0.0098501,2.2897e-05
0.00085329,5.3971e-07,0.0027151,7.4293e-05,0.0017255
0.0017498,0.00021636,0.00081805,0.00035229,2.5718e-05
0.0019948,2.8504e-06,3.3285e-05,0.00016553,0.00015148
0.0018274,4.9532e-06,0.00086889,0.00019937,5.2766e-05
0.0015826,0.00032096,8.8837e-05,0.0018144,8.238e-05
0.0019969,9.3427e-07,7.7824e-06,2.2625e-05,0.00024566
6.3205e-05,0.0023971,0.0025037,0.0033782,2.0174e-05
9.9025e-07,0.0060865,2.7988e-06,0.00051237,2.904e-07
0.0003509,0.00089997,0.00042685,0.0067351,0.00011725
1.5804e-07,8.2375e-05,3.4706e-07,0.010529,6.5515e-05
1.5522e-06,0.0060089,7.5931e-05,0.00055319,2.0546e-09
3.0834e-09,3.8048e-08,5.0556e-09,5.5242e-07,0.0061106
0.00082785,0.0007748,0.0042716,7.8622e-05,2.1846e-07
3.4036e-06,1.0456e-07,1.7713e-07,5.2401e-05,0.0060711
0.00028365,5.349e-05,1.489e-06,0.0035207,0.0032334
0.0020845,1.4092e-06,5.693e-06,1.5395e-07,2.6931e-06
3.285e-06,0.00047952,4.5536e-05,0.006034,0.0021931
0.00012869,3.9128e-05,0.0081499,0.00026456,9.7477e-06
0.0020866,2.8573e-07,2.4425e-06,4.9422e-08,4.4453e-08
0.00028756,6.1508e-05,0.0001024,0.0085572,0.00029173
0.0019242,3.7835e-07,5.7539e-07,2.8745e-05,0.00046031
0.0018954,7.7293e-05,5.4167e-06,0.00038109,0.00026811
9.02e-05,0.0025351,0.0050293,1.2453e-05,5.4145e-07
3.0608e-05,0.0050283,0.0017635,3.0837e-05,1.2488e-06
0.0020318,2.6601e-07,9.1342e-05,7.5033e-06,9.5667e-05
0.00028024,0.0021533,9.2849e-05,0.002777,0.0015964
0.0020126,2.4328e-06,3.622e-07,0.00031985,3.4797e-05
7.0238e-05,0.0046333,8.7014e-07,6.6189e-05,0.0014402
0.0017456,0.00031281,0.00080232,0.00023518,2.293e-05
0.0003528,0.0037655,0.0002625,0.00080777,0.00084414
0.0020738,3.4209e-06,4.0204e-05,9.9728e-06,3.3024e-06
0.0013858,0.00090618,0.000585,0.00061575,0.00044138
0.0020625,6.5102e-05,1.5144e-05,5.255e-08,7.4427e-08
0.0020495,1.4605e-06,3.7279e-06,3.9288e-06,0.00010441
1.0162e-05,0.0058368,1.0491e-05,0.00078534,5.211e-05
1.1419e-07,0.00037182,9.3407e-06,0.0048611,0.0029945
0.0020632,6.3519e-05,1.3227e-05,3.313e-07,6.3769e-07
0.001294,5.4943e-08,0.00045541,1.2827e-08,0.0020128
0.0020871,9.4584e-09,6.4928e-07,7.386e-08,4.5486e-08
3.1967e-07,0.00084165,2.2163e-05,9.1601e-06,0.0052856
0.0011018,0.0029598,3.0116e-07,9.9442e-05,4.704e-07
0.00016563,0.0031919,1.2301e-05,0.0032545,0.00072371
0.0018709,1.854e-05,3.0529e-05,0.00085527,0.0001104
0.0011875,0.0027364,1.2475e-06,1.3128e-05,1.1514e-05
0.00044474,0.00050834,0.0029584,0.0013331,0.0015578
0.0012044,3.071e-06,1.125e-05,6.3797e-06,0.0025707
5.4179e-05,0.0014416,0.00011692,0.00047829,0.0042244
3.8956e-05,2.484e-09,4.2018e-06,2.4596e-06,0.0059927
0.001857,2.6448e-07,2.6425e-05,0.00040729,0.00042517
0.00096228,2.4511e-05,0.0048117,7.4751e-08,1.0202e-06
0.0018615,3.0221e-07,0.0009724,1.4828e-09,2.4688e-10
1.1826e-06,7.2736e-07,2.3585e-07,9.1292e-08,0.0061066
0.0018048,0.00076701,4.1871e-05,2.6549e-05,5.058e-05
0.00014007,0.002986,0.0002476,0.0022068,0.0014291
2.5572e-06,0.0058906,0.0006788,2.2396e-05,1.1946e-06
0.0004187,4.277e-07,9.4531e-07,1.1408e-06,0.0048834
4.0697e-06,1.2067e-09,1.0224e-06,1.1995e-08,0.0060984
1.9491e-07,0.0026031,0.0051416,0.00022937,5.3151e-09
0.0015305,3.0582e-06,0.0023878,8.3239e-06,0
3.1333e-07,5.0752e-06,7.2445e-07,0.0028514,0.004489
0.002087,8.8088e-07,4.1843e-08,1.1817e-08,8.1251e-09
0.0020838,9.9435e-06,7.509e-07,4.6163e-09,9.8376e-10
0.0020809,6.2444e-08,2.2772e-05,4.6455e-08,2.9318e-06
0.0020487,6.9494e-07,8.6373e-06,0.00018757,0
1.1755e-05,1.6808e-06,0.0031217,0.00060658,0.0036103
0.00024498,7.1471e-07,1.1569e-05,0.00021344,0.0052642
0.0020789,1.7689e-07,7.0941e-07,1.0668e-06,2.3172e-05
0.0018807,0.00041557,3.5516e-07,0.00035778,4.821e-06
0.0014445,0.00040379,0.00021559,0.0022353,8.2941e-05
0.0020872,4.173e-08,1.0619e-08,5.0453e-09,8.6599e-09
0.0018993,4.2946e-06,0.00048034,9.3449e-05,0.00016701
0.00012981,0.00024945,0.0073768,0.00066167,0.00010574
1.2259e-05,6.9465e-07,2.8862e-06,8.1174e-06,0.0060679
5.2634e-06,0.0046485,0.0021477,0.0003411,1.5533e-06
6.9151e-06,1.5506e-05,0.0089417,1.2769e-06,3.9023e-08
0.0020083,1.6708e-10,1.138e-07,1.3227e-07,0.00023107
0.00026654,0.00054994,0.0070723,1.9937e-07,1.5142e-10
1.1646e-07,0.00057921,0.0073676,0.00097323,5.2062e-08
0.0020695,2.4144e-06,5.2238e-08,4.8863e-06,4.6907e-05
1.4314e-05,9.1448e-07,0.00023804,0.010063,0.00020404
0.001816,0.0001059,0.00067197,0.00021556,0.00011415
8.4263e-05,0.004431,0.0018337,0.00039368,0.0001616
6.5258e-08,0.00013457,0.00030056,0.010191,3.0141e-06
0.00073375,4.9386e-07,1.0624e-07,2.8531e-05,0.003946
0.0020661,9.112e-06,5.3467e-05,2.7607e-05,1.1852e-06
0.0020443,4.4288e-05,8.306e-07,1.7798e-05,7.2927e-05
0.0020794,6.8934e-08,9.9408e-06,2.6192e-08,1.6176e-05
0.00013448,0.0058322,2.4778e-06,0.00012637,7.1387e-05
0.0016657,0.0012427,6.6962e-05,1.88e-06,2.3145e-07
0.0020466,3.5977e-05,9.7304e-05,3.1339e-05,6.4839e-07
4.4907e-05,8.541e-06,0.0087888,2.3591e-07,1.4101e-09
2.1545e-05,5.2848e-05,0.0087821,1.0924e-05,2.4521e-05
0.002082,5.6476e-06,6.8524e-06,7.1999e-06,1.3604e-06
4.6177e-06,5.5582e-06,2.1023e-07,0.0025183,0.004665
4.5679e-07,1.757e-05,5.5453e-08,0.0009731,0.0055414
0.0020588,1.8357e-09,3.3583e-05,3.4213e-07,6.0204e-05
0.0019954,8.8026e-05,6.0212e-05,0.00022409,1.702e-05
9.174e-06,0.0063303,4.6372e-05,7.2767e-06,1.8694e-08
0.00012103,0.0042947,0.0024323,7.2452e-07,1.5731e-07
0.00012185,0.0048785,0.0012413,0.00042895,6.44e-06
0.00096308,6.4571e-06,0.0045949,0.00017358,6.4956e-05
0.0020029,2.0081e-05,1.8962e-05,0.00033926,2.2596e-05
0.0020826,1.6911e-06,1.3046e-07,2.6731e-07,1.1903e-05
1.478e-05,0.00017041,0.0085779,0.00013409,9.2505e-07
6.3367e-06,0.0058379,2.8533e-05,0.00062177,0.00014273
6.2672e-05,1.6954e-06,4.8837e-06,0.00055021,0.0056108
0.0020868,1.871e-09,2.7127e-07,2.9588e-08,1.0063e-06
8.6708e-06,0.00052376,0.00036626,0.009417,1.0253e-07
8.3254e-05,0.0054874,2.369e-05,0.0010014,4.06e-05
0.0020572,9.1949e-05,7.3259e-08,2.2799e-09,1.6876e-09
0.0020664,2.0637e-07,7.1359e-08,8.1577e-05,1.464e-05
5.7513e-05,0.0060817,4.8065e-05,0.00017249,1.2011e-06
0.0018973,0.00051868,7.6261e-05,1.5108e-05,1.5313e-07
0.00063772,1.8674e-05,0.00042215,0.00064862,0.0035717
0.0013614,0.00054257,0.0013101,0.0012615,1.8635e-06
0.0020472,7.0377e-06,1.0098e-07,1.0577e-06,0.00010989
0.002075,1.597e-05,6.4532e-07,3.2861e-05,1.4356e-06
0.0020133,9.3148e-07,0.00029308,2.5558e-05,1.9526e-06
0.00059381,0.0037865,0.00053067,0.00067936,9.0156e-06
0.0010202,0.00032458,0.0041292,1.4923e-05,1.3155e-07
4.871e-05,3.2493e-06,1.1565e-05,7.4301e-05,0.0059153
9.1428e-05,0.002107,0.0056367,7.2294e-07,3.7167e-09
2.3271e-05,0.00050455,0.0067547,0.00045481,0.00071382
0.0014327,6.0291e-07,0.0025639,0.00011827,0.00010682
5.9626e-09,0.0040684,1.3305e-05,0.0039082,4.2866e-08
0.00015056,0.00067725,0.0073871,6.826e-06,3.0252e-07
0.0020006,5.4456e-07,2.2164e-05,0.00014388,0.0001567
0.00063823,0.0039781,8.4999e-06,0.00076812,3.537e-07
0.0018418,0.00029132,0.00014547,0.00057871,1.343e-05
0.0020665,1.2239e-05,7.4684e-07,1.0362e-05,4.2623e-05
0.0020544,3.4495e-05,7.576e-05,1.5152e-05,3.0795e-06
0.0019211,3.1808e-05,1.7802e-05,0.0007778,3.2619e-06
0.00023165,2.6105e-08,1.3795e-05,7.4888e-06,0.0054191
0.0020696,2.0647e-07,7.537e-05,1.1916e-07,7.9106e-08
0.0015457,7.376e-05,0.0019886,0.00027615,7.5208e-06
3.6325e-05,3.0931e-07,1.1636e-08,2.7282e-05,0.0059889
0.00097205,0.0013354,0.0028897,4.1503e-05,2.2627e-06
1.3541e-06,0.00015386,8.2399e-07,0.0018659,0.0049021
0.0020846,4.3369e-06,5.196e-06,1.9821e-07,7.4055e-08
0.00076561,6.5893e-08,0.0022713,2.1438e-06,0.002325
0.0011257,2.5564e-05,5.2735e-05,0.0048511,6.0663e-06
2.1727e-05,1.7955e-08,8.2649e-06,6.2283e-05,0.0060065
0.00012326,0.0027956,0.0045202,1.3798e-05,3.6009e-08
4.6906e-08,1.1521e-05,2.3489e-07,0.0013174,0.0053532
0.0014884,0.0018292,7.8095e-06,4.373e-08,4.6189e-08
0.0016163,0.0004979,0.0010759,0.00030378,0
0.0016393,0.00021228,0.00092414,0.00073833,6.2415e-05
0.0020151,7.1611e-05,0.00013678,7.7931e-05,5.7011e-06
0.0019641,1.4492e-07,1.7373e-06,1.8576e-07,0.00035915
0.0015649,0.00045728,0.0011851,0.000507,0
0.00021776,0.0011518,0.006183,0.00030301,3.3645e-07
0.0003348,0.0030552,0.0015527,0.0011756,0.0004905
3.9434e-07,0.0059185,8.58e-05,0.00055179,8.3795e-05
0.0020832,1.5415e-11,5.266e-08,7.653e-10,1.1751e-05
0.0020872,1.7936e-09,9.2643e-09,1.6664e-09,3.2079e-08
0.0020873,3.4338e-11,7.7638e-10,1.7348e-11,2.5087e-10
0.0020751,1.9729e-05,1.6994e-06,2.8718e-07,1.5491e-05
0.00020691,0.0050867,0.00045948,0.00058216,2.8824e-06
0.0020763,2.1228e-05,6.8273e-07,5.7502e-06,8.2081e-06
0.0019909,8.4077e-07,1.3707e-05,4.0048e-07,0.00027182
2.4214e-05,0.00011171,8.8686e-08,0.00076638,0.005499
0.0020716,1.2149e-05,4.9802e-05,1.8609e-07,1.5554e-07
2.8997e-06,0.00015344,2.8254e-07,0.00010466,0.0058964
0.0010475,0.0013691,0.0023619,0.00018839,2.4513e-05
0.0018553,6.1534e-05,2.6738e-05,0.00061404,0.0002542
0.00023803,0.00058282,1.8551e-05,0.0036247,0.0027906
0.00028213,6.3015e-08,4.9315e-06,5.373e-06,0.0052785
8.9831e-06,3.0937e-07,0.0089345,2.4268e-05,3.784e-07
1.0943e-07,0.00011479,0.0088282,3.0599e-06,1.2371e-06
0.00026176,0.0054848,7.9602e-05,6.019e-06,4.6497e-05
0.00058716,2.9025e-06,5.9116e-05,0.0063858,0.00073047
0.0020866,9.2644e-10,2.3486e-07,1.4106e-07,1.8027e-06
0.0011403,0.0028213,0.00010658,7.0883e-06,1.3181e-07
9.577e-05,0.0059599,0.00020015,5.1679e-08,7.7031e-12
0.00010964,0.00067212,0.00019675,0.004102,0.0026897
2.7724e-06,0.0056923,6.0243e-05,0.0010862,7.485e-06
0.0020629,3.2341e-06,2.5154e-05,3.0682e-06,4.9487e-05
4.771e-09,1.75e-08,2.1595e-10,0.00010235,0.006053
0.0020835,2.4211e-06,8.8765e-07,2.8479e-06,6.5333e-06
0.00079503,1.0902e-06,0.00050179,0.00011674,0.0033752
7.9227e-08,4.5733e-09,2.1985e-06,2.1983e-07,0.0061091
1.236e-05,0.00047109,4.708e-05,0.0098582,6.487e-06
0.00063834,5.1608e-07,3.9774e-08,4.8943e-07,0.0042413
6.7223e-06,0.004244,3.7392e-05,0.0030516,0.00028161
0.0017694,7.8311e-05,0.00017892,0.0010319,0.00014945
0.0019964,0.00026542,1.8336e-05,1.8173e-08,4.7124e-08
0.00094526,1.654e-05,1.5561e-05,0.0044304,0.00080662
0.0011658,5.2609e-06,0.0039563,7.1213e-06,8.9335e-07
0.00085246,1.7351e-05,0.0019185,0.003957,5.2875e-05
0.0020057,0.00024873,3.4756e-07,1.3818e-06,1.5298e-08
4.1868e-10,3.0765e-07,4.7012e-08,2.4434e-06,0.0061093
0.00069637,7.5323e-07,0.00031222,0.00047042,0.0035928
4.3933e-06,0.0047939,0.0015605,0.00080544,9.4159e-07
0.0019074,4.7984e-05,0.0005591,9.4836e-05,4.7216e-05
9.3217e-06,1.4361e-10,5.2256e-08,1.9263e-07,0.0060836
0.00011284,5.3367e-08,4.0422e-07,1.4991e-05,0.0057718
0.0020231,1.0823e-05,0.00021374,5.4547e-05,1.2322e-06
0.0020537,4.029e-08,3.8212e-07,5.1112e-06,9.5003e-05
0.001074,2.766e-07,0.0024369,0.00019293,0.0012012
0.00083378,0.0029871,0.00080408,0.00024226,0.00013213
0.001417,0.00071768,0.0017258,9.3352e-05,5.1304e-05
0.00021395,0.0055816,1.155e-05,0.00025154,1.0616e-06
0.0019106,0.00050275,5.3814e-05,4.5333e-07,1.618e-09
0.0020745,3.7266e-09,5.1138e-07,5.2899e-07,3.6689e-05
0.0020588,3.0299e-06,4.5946e-06,0.00010012,2.0587e-05
0.0011776,1.2335e-07,5.6704e-06,2.144e-05,0.0026472
0.0011964,0.00064874,1.8122e-05,7.352e-06,0.0019719
0.0020578,7.0464e-07,5.4948e-06,1.9384e-05,7.0841e-05
0.0012435,6.4476e-06,4.4558e-05,3.5686e-05,0.0024137
0.00034844,0.00050177,0.0013334,0.00083088,0.0032347
0.00091676,6.8424e-06,0.0050343,9.3644e-08,2.7926e-09
0.0020704,3.6046e-06,2.7772e-06,4.2748e-06,4.1491e-05
0.0018517,8.3354e-05,0.00071972,0.00021372,2.3608e-08
0.0017746,0.00032913,0.00079351,0.0001086,1.297e-07
0.00094436,0.00023051,0.0039766,0.00043236,0.00017912
3.6842e-06,0.00041997,0.0012509,0.0010658,0.0042451
0.00068288,3.9803e-05,0.00063845,1.967e-05,0.0036287
0.0003265,0.00029016,0.0068616,0.00034569,2.0032e-05
0.00017179,0.0058467,1.2004e-06,3.5427e-05,6.8491e-07
0.0020838,2.251e-07,5.7546e-06,2.7543e-07,5.9398e-06
0.0019056,6.0589e-05,0.00013181,7.7879e-05,0.00034036
0.00042982,4.7503e-06,0.0071249,6.5864e-06,3.5316e-06
3.1762e-06,0.00011876,1.5014e-06,2.3682e-07,0.0059871
0.0019437,0.00043042,1.0523e-05,3.554e-06,0
0.00043102,1.1327e-05,0.00039865,0.00038797,0.0043476
1.4597e-05,0.0055195,0.00040428,0.00076427,8.6647e-05
0.0017762,6.5311e-05,0.0012473,1.4061e-06,1.1344e-07
0.001188,0.00010677,0.002817,0.0010856,1.6524e-06
0.00044455,6.6142e-08,2.4843e-07,6.401e-06,0.0048056
2.2721e-05,2.2191e-06,0.0088451,5.0843e-06,2.9944e-05
0.0020126,1.056e-06,0.00015942,1.615e-05,0.00010016
0.0020172,5.7043e-06,0.00010665,0.00013671,4.9719e-05
0.0016606,0.0010842,6.5622e-07,0.00014686,0.00012959
4.4615e-07,0.0063935,4.1236e-08,1.3622e-06,8.1751e-10
0.0013534,0.00091421,1.1251e-05,0.0016267,0.00034568
