5.0913e-06,3.201e-05,3.2174e-10,4.4643e-06,0.004392
0.00034919,0.0024765,0.0012038,0.0027909,5.9214e-05
0.0014881,0.0015586,2.4707e-05,1.5748e-05,0.00031799
0.00058637,3.5003e-05,0.0019918,0.0067442,0.00034485
0.0025144,7.7866e-06,3.612e-08,4.5379e-07,4.9884e-07
0.0017915,3.5625e-07,0.0002642,1.8004e-05,0.0011661
0.0014772,0.0018706,8.1746e-06,0.00016078,8.3792e-09
5.1001e-08,6.4756e-06,0.010818,3.572e-06,4.1906e-06
0.00070085,8.0488e-06,0.0048609,0.0002452,0.0011249
0.0006768,0.00033563,0.0064343,0.00089245,8.8381e-07
4.849e-05,4.0372e-07,0.00019551,0.00033874,0.0041563
4.1391e-07,4.625e-09,7.3442e-10,5.8565e-06,0.0044302
6.4874e-07,5.4478e-06,0.01083,2.5121e-07,1.8857e-09
1.8462e-08,6.9721e-06,0.00039878,0.012418,0.00019625
0.0024995,3.914e-07,1.0976e-09,1.7434e-06,3.3406e-05
0.0024611,9.8425e-05,3.916e-06,9.3252e-06,3.6665e-06
7.7503e-06,4.0492e-08,0.00014861,9.0864e-05,0.0043287
5.8528e-06,1.4257e-07,4.7171e-06,0.00016984,0.0043649
1.4849e-05,6.6153e-07,1.1816e-05,0.00014099,0.0043551
0.00244,3.493e-05,0.00024853,8.1396e-06,1.5602e-06
0.00054013,8.6674e-05,0.00015795,0.00055943,0.0031522
0.0011896,0.0018468,2.339e-08,0.00022491,0.00051098
7.0438e-07,0.0045133,0.00021571,0.00016808,3.1968e-10
0.00066543,6.2703e-05,3.63e-08,3.6225e-07,0.0032022
0,9.9881e-06,3.3108e-08,3.6289e-06,0.0044222
5.148e-06,4.7113e-05,0.0020466,0.010808,2.7026e-06
0.0025026,2.0606e-05,6.9252e-09,3.0748e-06,8.3057e-06
1.2213e-08,5.1406e-07,0.010844,6.8654e-07,5.4076e-08
0.0001063,3.6269e-06,0.002266,0.00012365,0.0032757
9.6071e-05,1.1281e-06,0.0014242,5.2427e-05,0.0036635
7.6838e-05,1.0425e-06,4.808e-07,2.9536e-07,0.0042964
0.0017589,0.0011368,5.6182e-05,0.00043642,9.1564e-05
0.0023566,0.00016993,2.9237e-08,2.5265e-07,0.00012432
0.002404,1.9911e-07,5.7731e-06,7.176e-06,0.00019747
1.5549e-05,1.5593e-06,0.00017811,0.0132,8.1706e-06
0.00013587,9.8001e-07,9.8616e-08,0.0065218,0.0020568
1.6151e-06,1.8727e-09,2.1619e-09,3.8982e-06,0.0044287
0.00064541,0.00050395,0.0066967,0.00022983,5.9432e-06
0.00040256,0.0031801,0.00060885,8.039e-07,0.00045375
9.944e-06,3.8981e-06,0.010606,1.9028e-06,7.6376e-05
0.0024318,6.4752e-05,7.9059e-05,7.8513e-05,3.3851e-05
0.00072574,0.0018223,0.003151,0.00038581,1.0013e-05
1.018e-06,1.2821e-06,3.6318e-05,0.013283,6.4729e-05
0.0018764,2.5754e-05,0.0012933,0.00017232,0.00052141
1.0437e-05,8.3861e-06,0.0015012,0.0088782,0.0008852
1.1734e-07,1.1222e-06,0.0030278,4.0478e-05,0.0031808
0.0022734,2.9768e-05,5.2702e-05,0.00095349,7.0159e-05
0.00056693,0.00020365,0.0021635,4.8589e-05,0.0023415
0.0005321,1.1002e-07,3.9442e-06,2.153e-05,0.0034877
4.0334e-05,0.0011958,2.7576e-06,0.00062012,0.0030215
0.0023576,8.481e-06,2.9807e-05,0.00017416,0.00020676
0.00015185,1.356e-07,2.8587e-06,3.0912e-06,0.0041633
0.00020905,8.1342e-06,0.00017721,0.0088934,0.0010721
4.6702e-06,8.0837e-05,0.010596,1.3649e-05,1.2654e-05
0.0019057,0.00096491,7.4528e-05,5.0638e-05,0.00011546
4.9135e-05,0.0036043,0.00058926,0.0020662,4.1315e-06
3.2481e-05,0.0028434,1.1598e-06,0.00047622,0.0015175
0.0020806,0.0003591,0.00032302,0.00087986,1.0047e-05
0.0025085,2.3377e-07,4.4526e-08,4.2328e-07,1.8184e-05
0.0008075,2.3225e-06,1.0521e-08,9.3944e-07,0.0030093
0.0024431,3.323e-07,1.5793e-07,2.3452e-06,0.00013236
0.0019189,0.00022562,2.1694e-06,1.1352e-05,0.00083711
2.1509e-06,8.8267e-05,0.010437,0.00022795,4.6284e-06
0.0013967,8.5401e-05,0.002413,0.0026429,4.2136e-05
0.00016963,0.004324,1.1212e-08,6.2208e-05,5.4289e-06
0.0002754,0.0007422,3.2513e-06,2.0636e-06,0.003241
0.0017775,5.1829e-05,2.0767e-05,0.0036914,3.8227e-05
0.0017309,0.0014237,1.8633e-05,4.1726e-05,1.288e-05
0.0024747,5.4684e-05,2.9701e-05,3.7513e-05,1.5941e-06
0.002298,0.00040169,1.1345e-06,3.9429e-06,5.5498e-06
0.00017688,0.00051037,0.0083631,0.00012106,0.00017891
0.00011895,6.0001e-06,8.7042e-05,0.011545,0.00040127
2.7535e-07,0.0018148,3.1448e-07,0.0082669,3.6087e-07
6.8171e-08,1.3504e-06,0.010794,5.9438e-05,2.8334e-07
0.0018031,0.0012835,9.2982e-06,0.00011151,4.2521e-08
0.00063065,0.0028507,0.00060156,0.00112,1.7059e-06
3.0842e-05,0.001938,1.9008e-05,0.0076902,1.0739e-05
0.0020685,0.00025144,2.2062e-06,5.0613e-05,0.00053636
0.00057051,9.4292e-05,0.0070073,0.0012438,6.7981e-05
0.0025159,9.048e-08,8.122e-06,3.3714e-08,2.053e-06
9.1819e-07,0.0041457,1.4252e-07,4.7088e-07,0.00049192
4.4892e-05,0.0045773,1.6896e-08,1.463e-06,4.1484e-06
0.00019629,0.0042585,2.2215e-06,7.3876e-06,3.7795e-05
0.00020825,0.004279,1.2767e-08,4.3318e-08,5.357e-07
0.0011558,0.0016629,2.6498e-08,1.3993e-05,0.00081432
0.0011839,5.9956e-06,5.182e-05,0.00015866,0.0022707
0.00041082,3.8363e-05,1.0259e-05,3.478e-07,0.0036692
0.00026869,0.0029939,0.0017283,0.0012476,2.8751e-07
0.00021077,0.004244,5.7682e-08,2.0408e-06,2.8741e-05
0.0023822,0.00013002,1.7607e-05,0.00033355,7.5046e-07
0.0024093,4.6433e-05,1.1431e-05,0.00010149,0.00011107
0.0024264,0.00012255,5.6326e-05,4.3537e-05,9.3232e-06
0.00019113,0.0042154,1.1504e-05,0.00026279,4.3178e-07
0.0023167,3.4876e-07,5.4791e-06,0.00041483,0.00021761
2.0841e-06,0.0015651,1.1823e-07,7.0718e-05,0.0029189
0,0.0033482,1.9365e-06,0.0014146,0.00078742
0.00088045,0.0015945,0.00029576,0.0036431,5.4343e-05
5.9076e-05,0.00031362,0.0011642,0.00051272,0.0033871
0.0024883,1.8726e-05,4.7511e-05,1.3332e-05,1.2424e-05
7.3661e-06,0.004106,1.8152e-06,2.6817e-05,0.00050901
0.0012653,0.000352,0.0010592,0.0041832,6.8834e-05
0.00010233,0.0018133,8.4248e-06,0.0069231,0.00025899
0.0025177,1.5318e-06,1.3118e-10,1.9302e-06,2.339e-07
0.0020587,0.00085175,1.5889e-06,1.9018e-08,0
0.00097114,6.8419e-06,0.0033414,0.0032124,0.00029961
0.0011213,4.8429e-05,1.9269e-05,0.00011737,0.0023673
0.0015001,0.001056,3.2672e-05,0.0020662,9.9556e-05
1.4578e-05,0.004549,3.2117e-08,0.00025873,1.0232e-07
0.00013806,0.00095301,1.5464e-06,0.0095761,0.00014744
0.0021881,5.7765e-06,0.0012263,0.00013769,3.0473e-05
0.00080803,9.8364e-05,0.0014522,0.0067747,0.00010512
1.3457e-05,0.0046201,1.924e-08,9.3981e-06,1.6159e-05
0.0024281,0.00016252,1.5108e-10,6.8981e-10,5.5749e-06
0.0018671,0.00044415,0.001761,1.6857e-05,0
6.8158e-05,0.0045385,1.3573e-09,1.7782e-07,5.1365e-07
0.0010312,0.0026864,1.2777e-06,1.2288e-05,6.1205e-05
0.0021085,0.00076003,4.0276e-08,2.3276e-07,1.5699e-07
0.0024255,0.00012205,1.3241e-05,8.4972e-05,1.5399e-05
0.0022729,0.00044468,3.0443e-07,3.9328e-06,9.0961e-06
0.002353,0.00017829,0.00029725,3.4765e-06,7.7497e-08
1.1934e-06,2.2547e-07,0.0054602,7.7529e-06,0.0021963
1.7115e-06,0.003946,0.001239,0.00039292,4.5338e-05
0.0019466,3.2712e-06,6.53e-08,1.285e-05,0.001
0.00041491,0.0026152,3.032e-08,2.0086e-05,0.0012112
1.4306e-06,0.0030662,8.6824e-05,0.0045226,1.8189e-07
0.00087494,0.00029715,0.0028107,0.0024291,0.0006665
0.0019011,0.00014533,4.2425e-05,0.00028007,0.00084031
0.0025178,1.9943e-06,1.1572e-12,5.6708e-10,1.7009e-07
0.0022559,0.00045528,2.5955e-07,5.6002e-06,2.8523e-05
0.0025132,4.7359e-08,9.5061e-11,3.5903e-07,1.0042e-05
0.0022278,9.7407e-06,0.0011873,8.3901e-07,1.7648e-05
0.002442,0.0001321,2.3201e-05,4.4642e-07,4.4521e-07
0.00053589,0.00013269,3.4408e-05,0.00044548,0.0032038
0.00059601,0.00022032,0.00040422,0.00060809,0.0028103
0.0023187,9.2715e-05,5.4778e-08,0.00021897,0.00019267
1.1803e-05,1.392e-07,1.7376e-06,4.3603e-06,0.0044098
0.0024993,3.414e-05,3.6758e-08,3.4037e-07,2.1741e-06
0.0025072,2.1213e-05,2.7515e-10,1.6941e-07,5.1705e-07
0.00045633,0.003812,9.855e-07,1.9887e-05,8.5816e-07
0.0024864,2.3037e-05,5.7773e-10,1.7792e-08,3.5495e-05
0.0024819,5.6897e-05,1.8063e-05,1.0339e-05,4.7019e-07
2.3699e-06,8.4181e-07,1.6854e-09,3.3911e-06,0.0044268
2.2353e-05,0.00035864,2.5979e-08,1.7632e-05,0.004047
7.1439e-05,0.00033368,0.0055247,0.0052652,7.645e-06
0.00011471,5.2112e-06,0.00046164,0.012301,8.7696e-06
3.541e-05,2.0317e-07,1.0815e-06,2.2748e-06,0.0043692
0,0.0044129,3.0603e-08,0.00012845,0.00019772
4.8314e-05,1.8261e-05,0.00031058,0.010953,0.00061621
0.0023756,7.5235e-05,0.00034177,5.4442e-06,3.9333e-05
0.001028,2.1631e-07,5.1312e-10,5.0654e-06,0.0026219
0.0017585,1.0555e-06,1.5151e-05,0.00083225,0.0010585
0.00059763,0.0020209,0.003126,4.457e-05,0.00016873
1.5648e-05,2.9235e-07,5.2646e-07,4.768e-06,0.0044033
0.00098903,1.3762e-06,8.9058e-05,1.0025e-05,0.0026514
0.00014058,0.00038691,0.0090022,0.00042087,6.8093e-07
0.0016936,0.0001424,0.00094227,0.002357,0.00016024
0.00037791,5.5683e-06,2.3628e-05,0.0044007,0.0023116
0.00014464,1.7538e-05,2.3735e-05,8.1065e-06,0.0041493
0.0022945,0.00031309,0.00023895,1.2344e-08,1.0336e-09
1.4569e-07,3.0241e-06,5.2571e-12,1.8068e-08,0.0044297
0.00071036,4.0172e-05,0.00035454,0.00038085,0.002875
0.00040651,0.00010706,1.3181e-05,1.133e-05,0.0036067
0.00064014,2.0337e-07,0.0080889,2.9582e-09,1.529e-07
0.0019003,7.5305e-06,9.5178e-11,6.405e-08,0.0010816
0.001309,1.5936e-07,2.1188e-06,1.2492e-05,0.0021242
7.6844e-05,0.0045213,1.1083e-07,2.8801e-07,1.4951e-06
0.0024916,2.4349e-05,4.527e-06,6.593e-05,1.595e-06
0.0002243,1.7566e-05,2.6793e-05,1.736e-05,0.0040048
0.00013682,9.0904e-06,0.010051,0.00022802,7.115e-07
0.00021249,0.0042606,5.4577e-09,3.9765e-08,1.0603e-05
0.0018479,0.0010427,2.5836e-06,0.00054513,1.0684e-05
6.9589e-06,1.4267e-08,7.3113e-08,4.629e-06,0.0044191
0.00081246,0.0003042,7.5046e-06,0.0010258,0.0023751
0.0018813,0.0011461,8.0034e-05,1.3889e-06,1.562e-08
0.00071317,0.0027982,0.00057425,0.00071343,5.0739e-05
0.00031588,9.4142e-05,1.0179e-05,0.0025935,0.002934
1.6979e-05,0.0046337,4.2935e-08,2.8844e-09,1.2858e-07
0.0025188,1.2338e-07,1.2873e-11,4.3694e-08,1.962e-07
6.079e-06,2.806e-05,1.9457e-05,0.0028271,0.0034617
1.7365e-06,0.0046432,2.9608e-07,4.4455e-05,3.3005e-06
0.0011819,0.00011722,3.5268e-08,5.1977e-07,0.0022415
0.002404,1.9911e-07,5.7731e-06,7.176e-06,0.00019747
3.7755e-07,0.0045516,1.5053e-05,0.00012477,6.0377e-05
3.2803e-06,3.787e-08,2.4967e-09,4.8619e-06,0.0044255
0.0015154,0.0015016,7.6595e-08,7.6982e-06,0.00033669
0.0025121,2.9814e-08,2.2675e-09,3.7493e-08,1.217e-05
1.8275e-05,0.0044759,1.5538e-05,0.00040657,8.34e-06
0.00023435,0.00015426,9.9687e-08,0.00018755,0.0038124
7.1613e-05,0,0.010448,9.6843e-05,5.0787e-06
0.0024462,6.3524e-05,9.8505e-06,0.00016846,8.5031e-06
0.00091738,0.0023525,0,0.0017751,1.8589e-06
1.6742e-05,7.4975e-06,0.010688,2.8346e-05,1.8831e-05
0.0025142,8.8518e-06,4.072e-11,2.0345e-07,2.5804e-08
0.0021037,0.00076773,2.9986e-09,1.5125e-06,8.6812e-07
0.0024342,4.02e-05,1.7874e-07,2.1621e-05,0.00010382
0.0024375,7.3527e-05,2.9723e-05,3.0906e-05,5.1329e-05
9.9133e-05,0.0012578,0.0053358,1.0158e-05,0.00087911
0.00021529,0.0039875,4.9274e-08,4.4744e-06,0.00026374
3.6659e-05,5.2629e-06,0.010369,0.00037367,3.214e-06
0.0024402,0.00014347,5.2864e-08,6.0557e-06,3.6091e-07
5.2394e-06,0.0035103,0.0026448,2.1952e-05,1.2283e-07
9.6663e-10,5.2102e-08,3.1586e-08,0.013534,1.8975e-07
0.0024793,4.4271e-06,1.3538e-06,2.1809e-05,5.7927e-05
3.4238e-06,4.6585e-05,0.010604,0.00013838,3.1442e-06
0.00084985,4.5467e-05,0.00012323,1.032e-05,0.0028404
0.0020837,2.5847e-05,0.00033787,1.5044e-05,0.00059844
0.001034,0.00021635,0.0038717,0.0018771,0.0002105
0.0024805,2.5781e-07,1.1165e-05,6.4807e-07,6.283e-05
0.00074395,6.2074e-07,6.1642e-08,5.5694e-05,0.0031048
0.00051633,0.0027096,0.0023212,2.6815e-06,3.4355e-08
0.0014298,4.9654e-06,1.3021e-06,6.4016e-05,0.0018906
5.5117e-05,2.623e-05,1.8701e-08,3.2038e-05,0.0043005
2.1691e-05,0.00010303,0.00014637,0.00037657,0.0041136
6.8647e-06,2.8151e-05,0.00019562,0.011029,0.00070206
2.4217e-05,0.0045993,9.369e-07,1.9207e-06,1.9068e-05
0.0024096,1.8182e-05,4.8111e-05,9.8859e-05,0.00012319
8.781e-06,0.00019107,0.004826,0.0068591,1.6951e-05
0.0024935,2.3146e-05,1.6959e-06,2.3363e-08,2.2262e-05
0.0019593,0.0010125,3.6979e-06,5.8784e-05,2.1213e-06
2.5241e-05,0.0046053,6.8607e-07,3.6358e-05,3.9032e-07
0.0024176,8.82e-06,0.00013813,1.5847e-07,0.00011349
0.00016526,9.3527e-05,1.0633e-07,2.0391e-06,0.0040525
5.4485e-06,0.00035079,1.8125e-05,0.0054644,0.0022929
0.00058805,0.0010758,0.0047608,0.0010008,0.00010228
0.0025174,1.2088e-06,1.8846e-08,1.0395e-07,1.5824e-06
0.0025152,2.2771e-06,1.0987e-10,5.7651e-07,4.4162e-06
0.00046341,3.6932e-06,0.00016964,0.0045056,0.0020689
0.0024788,6.9799e-05,2.8018e-10,1.1262e-06,4.0692e-06
0.0023226,3.6615e-05,0.00070317,1.8955e-05,1.7186e-05
1.2672e-06,1.0867e-05,7.8896e-06,0.010088,0.0011131
3.2024e-05,7.3602e-05,1.589e-07,7.8056e-05,0.0042809
0.0011372,0.00051847,0.00041373,7.3301e-05,0.0017459
0.0017822,0.00039229,0.0014845,7.5929e-05,0.00029224
0.00010085,0.0013393,0.003252,0.0047497,9.8157e-05
9.6858e-06,0.0043003,2.2474e-08,2.128e-07,0.00032967
4.3367e-05,0.00061148,2.5745e-06,0.00033776,0.0036639
0.0024719,7.8615e-05,1.8782e-05,1.4294e-06,1.3389e-07
0.00045524,0.0038197,5.1774e-06,9.1873e-07,0
0.002448,9.3515e-05,2.0026e-05,8.4448e-05,2.8202e-07
1.7496e-07,0.00081735,0.0012474,0.0095613,1.4637e-05
1.511e-07,1.0288e-09,3.1178e-06,1.4523e-07,0.0044313
0.0025111,5.9748e-06,1.1811e-05,6.1808e-06,1.4145e-06
6.388e-05,0.0013213,0.007408,0.00011288,2.7243e-07
0.0010605,0.00085275,0.0027665,0.0017538,5.1252e-05
0.0013511,0.0021393,3.2628e-08,1.1348e-05,1.8819e-05
0.0023551,2.8506e-05,3.3705e-06,0.00067923,3.7481e-05
1.2059e-05,0.0043519,6.2733e-05,0.00065579,3.6178e-05
1.2463e-05,1.9763e-08,8.2388e-06,3.9351e-07,0.0044074
4.7877e-08,4.6942e-07,5.955e-07,5.2085e-06,0.0044304
0.00042791,1.0547e-06,0.0010285,0.00016446,0.0032046
1.0538e-06,1.9005e-06,2.0402e-08,2.6223e-06,0.0044283
0.00044104,4.0579e-07,0.0043207,0.0025886,0.0010426
0.0022628,1.5947e-06,1.4791e-09,8.3206e-08,0.00044925
0.0015173,0.0017744,4.0814e-06,0.00011245,3.8216e-05
0.0024881,4.1012e-06,3.0835e-05,9.8392e-05,5.6812e-06
0.001107,0.0026145,6.3632e-08,5.634e-07,4.0665e-07
0.0011556,0.0025236,1.0926e-07,3.716e-06,2.3822e-07
0.0017269,2.9409e-07,5.2934e-05,3.3624e-06,0.001371
0.00087019,0.0029137,6.4513e-06,0.00012415,8.9749e-05
0.0025005,3.8654e-06,1.2374e-08,1.3237e-06,2.8555e-05
0.0021378,8.5644e-05,1.3363e-06,0.00061016,0.00038907
1.1943e-07,0.0046601,1.0014e-08,1.7032e-06,4.2129e-06
0.0013333,0.001367,9.5417e-06,1.3498e-05,0.00077947
0.002195,3.8581e-06,6.3917e-11,1.2434e-08,0.00056645
0.00026152,1.3005e-06,4.3676e-07,1.9718e-05,0.0039648
0.0008103,0.0031634,1.685e-07,3.3391e-06,2.8705e-09
0.00085278,0.0004391,1.0053e-05,0.007653,4.3661e-06
0.00016232,3.7522e-06,1.4766e-07,0.00071401,0.0039097
0.00011477,0.00036852,0.0085076,7.1805e-07,0.00040333
0.0025113,4.5642e-08,3.9773e-06,7.5688e-07,1.1598e-05
8.6054e-06,0.00027805,1.3667e-05,0.012641,7.6739e-06
0.00078954,0.0032008,1.143e-07,8.543e-08,2.0716e-06
7.1488e-05,0.00015301,0.0011761,0.010473,0.00025107
0.0023017,0.00034167,4.048e-08,8.5312e-07,5.7401e-05
0.0025127,2.2173e-06,1.9227e-05,3.0042e-06,1.0422e-07
0.00014024,0.0033276,3.08e-07,0.0027934,0.00010925
0.0013149,0.001402,0.00054069,0.0016765,1.6739e-05
4.854e-05,1.5643e-09,3.3494e-09,3.0869e-07,0.0043473
0.00075162,0.0026346,9.9387e-07,0.0010248,0.00027085
0.00066667,0.002036,1.2601e-06,2.361e-06,0.0013239
8.1047e-06,0.0043328,8.3962e-05,0.00077002,1.5222e-05
0.0023158,7.0467e-05,3.1092e-08,9.8623e-05,0.00025826
0.00042283,0.00081317,5.1644e-05,0.0082676,0.00018725
0.00012761,0.00039794,3.3498e-09,5.3259e-07,0.00383
0.00012701,0.00026427,0.00846,0.00017278,0.00044396
0.00011977,2.3698e-05,3.456e-05,0.011149,0.00053385
0.00017575,0.0043339,1.2233e-05,7.4956e-07,3.6677e-07
0,0.0046652,6.2302e-08,8.6823e-08,2.158e-08
0.00015487,0.0042602,0.00012977,0.00018082,1.7987e-07
0.00042667,1.218e-05,6.9627e-06,2.5325e-05,0.0036593
4.9598e-05,1.511e-07,7.3333e-06,3.2232e-08,0.0043424
1.178e-06,0.00011421,0.0069404,0.0045361,1.6165e-08
0.00068014,1.2912e-05,1.0036e-08,5.0013e-05,0.0032073
9.4623e-05,0.0012807,5.4588e-06,5.0492e-05,0.0030307
6.154e-07,0.00076804,1.5148e-06,0.010336,0.00031606
3.9173e-08,2.8956e-09,0.00022354,3.3672e-07,0.0043413
0.0022644,6.855e-08,1.0079e-05,3.2206e-05,0.00043328
0,0.004556,9.9209e-06,9.5403e-05,6.8574e-05
0.0018415,0.0010096,0.00055172,9.1719e-06,4.5084e-06
2.2566e-05,5.9192e-07,1.8136e-10,1.0798e-07,0.0043926
0.0022854,0.00014958,0.00038644,2.8608e-07,0.00011088
0.0023656,1.1261e-07,7.0438e-07,0,0.00026949
1.0457e-08,0.0046653,2.2532e-08,1.7283e-08,3.9676e-10
4.5997e-07,3.1739e-05,0.0090293,0.0016724,0.00016377
7.394e-05,8.6847e-05,1.2101e-07,1.1947e-05,0.0042163
0.0024345,3.6234e-05,3.3446e-09,3.4703e-08,0.00011431
0.00023622,2.6661e-07,1.7064e-06,5.0246e-06,0.0040146
0.0020522,0.0005125,0.00013268,0.00085487,2.9736e-07
0.0011425,0.0018871,0.0012336,0.00010041,9.2242e-05
5.5609e-07,4.1551e-06,0.010792,5.9365e-07,1.6875e-05
0.000376,0.0039679,2.8816e-10,9.0366e-08,9.9948e-07
1.1671e-06,0.0029666,0.0038799,1.0313e-06,2.5908e-05
0.00015283,0.0010011,0.0045548,0.0041211,1.3331e-06
0.0025151,1.3754e-06,5.7233e-08,2.8489e-08,5.563e-06
1.5341e-05,0.0024779,0.00051734,0.0049219,0.00022796
0.00018719,0.0043116,1.7432e-06,1.3003e-05,1.7423e-06
7.365e-06,0.0045127,0.00017138,0.00013162,1.8926e-05
0.001094,0.00025592,0.0051488,0.00048892,4.5767e-09
0.0014476,0.00024236,8.3428e-06,2.63e-05,0.0016431
0.002515,8.8346e-07,2.06e-06,2.8941e-06,4.4785e-06
3.3832e-07,2.4663e-05,0.010767,2.4609e-05,6.8879e-09
0.0022518,1.7944e-05,1.2307e-06,0.00083337,0.00017979
0.00020406,0.00020569,0.0083167,0.0011076,0.00011641
0.0017103,0.00070022,0.00011954,0.0021317,1.0842e-05
0.0025116,3.575e-06,1.7343e-08,7.232e-07,9.4074e-06
4.7805e-05,1.4202e-05,0.0073959,0.0039981,3.0014e-06
0.0021601,0.00066028,3.7279e-07,9.2277e-08,3.9619e-06
1.395e-06,1.1229e-07,3.0005e-09,0.00015551,0.0043794
0.0022006,2.5628e-05,2.3269e-06,6.0216e-05,0.00051524
0.0011927,2.5158e-05,1.557e-07,6.0363e-06,0.0023081
0.0017231,3.4374e-05,0.0016705,0.002086,2.0395e-06
0.0024539,0.00011084,1.4645e-05,3.3044e-06,2.2862e-06
0.0022983,1.2629e-05,1.4565e-07,5.1252e-05,0.00035963
0.0025189,4.3511e-09,3.5694e-11,2.4702e-09,2.1226e-07
0.0019176,0.00024761,0.00079741,9.9533e-05,0.00046463
0.002513,1.9832e-07,9.0966e-08,8.1259e-08,1.0323e-05
0.0024952,4.1279e-05,1.0956e-07,8.2698e-07,2.3905e-06
1.2824e-05,0.0032316,1.0899e-05,0.0035252,0.00018069
5.6658e-05,2.1425e-06,8.842e-06,5.183e-05,0.0043105
0.0013273,0.0022067,4.881e-09,1.6813e-07,2.4389e-07
0.00041139,6.4705e-05,0.0013473,8.9555e-06,0.0030938
1.0333e-05,0.00034436,2.6943e-07,0.00032565,0.0039807
8.9548e-07,0.0046588,1.0312e-06,1.161e-06,3.7907e-06
0.00051541,5.7448e-05,0.0030414,0.0033416,0.0011338
0.0022499,0.00017167,0.00075803,1.8884e-06,0
0.00011649,0.004212,0.00037158,8.9893e-06,7.0937e-05
0,3.8209e-05,7.0353e-08,9.1007e-05,0.0043667
0.0019245,0.00023952,0.0013731,0.00058487,6.5799e-05
0.0016032,0.0016961,1.0305e-08,6.5492e-09,4.1265e-09
1.6916e-07,0.0046648,2.6865e-07,1.9633e-07,9.0412e-09
0.0013283,2.2507e-05,1.6281e-06,0.0011472,0.0016976
0.0024759,7.232e-08,2.4622e-06,4.3249e-05,6.0606e-05
1.8441e-05,0.0046299,2.3752e-06,5.7383e-07,3.2934e-08
7.6011e-07,5.7571e-05,4.5091e-11,3.5756e-06,0.0043757
1.1428e-05,3.4045e-09,5.0656e-07,2.7852e-06,0.0044116
4.1751e-06,5.9372e-05,0.0053262,0.0065048,6.179e-05
0.00030728,1.8135e-07,8.8232e-07,0.00058494,0.0037
0.0024459,6.5051e-05,0.00016053,2.3437e-06,3.9296e-07
0.001408,1.3395e-05,0.0013827,0.0029169,0.00042188
4.5825e-05,0.00060317,0.0041536,7.4833e-05,0.002057
0.0019035,0.00082905,5.3857e-05,0.00082807,2.2424e-06
0.0024925,3.2615e-05,2.6278e-07,1.2233e-05,1.159e-05
8.6367e-05,0.0043385,0.00033622,5.8671e-06,1.9223e-05
1.5876e-05,0.0046244,1.5111e-05,1.0156e-05,1.4198e-06
5.7078e-05,0.0042252,4.2168e-06,0.00019728,0.0002514
9.1628e-07,3.6875e-09,4.7251e-05,9.9973e-07,0.0044116
0.0023378,0.00014172,0.00025728,3.6057e-05,6.7352e-05
4.3718e-08,1.2054e-09,5.5663e-06,1.8102e-07,0.0044305
1.5733e-07,0.0046522,1.1122e-08,1.5394e-06,1.1635e-05
1.3116e-06,4.2432e-07,6.5096e-06,2.3171e-06,0.0044267
1.0741e-05,0.0043749,2.1249e-09,1.1796e-05,0.00025319
0.0012784,0.0022699,1.4364e-07,4.2572e-07,2.6141e-05
8.5854e-05,0.0036608,7.0561e-07,0.00071463,0.00056904
0.0022421,0.00047609,4.5803e-08,9.153e-08,3.49e-05
0.0024701,4.2671e-07,0.00015359,4.2635e-05,8.9744e-06
0.00043631,0.001873,5.2874e-06,0.0049834,0.00025104
0.00043384,0.001166,0.0043428,0.002323,2.5711e-05
0.00012662,0.00014616,1.357e-05,0.012099,0.00010285
0.00082173,0.0027604,0.00018249,4.5365e-05,0.00027453
0.00050663,0.00050506,2.8186e-08,0.0034219,0.0019407
8.9353e-05,1.9676e-05,4.1359e-05,7.7811e-06,0.0042375
0.00027806,1.2312e-06,0.0027428,2.0866e-06,0.0028207
0.0011009,0.002029,9.4272e-05,0.0016146,2.6452e-07
0.0024766,4.5366e-05,9.2178e-07,9.5082e-05,4.8691e-08
0.0021462,1.2744e-05,7.6562e-06,4.851e-05,0.00062497
8.7419e-07,5.2542e-08,2.5471e-09,7.4696e-06,0.0044288
1.4495e-05,1.3489e-06,4.7363e-08,4.8901e-05,0.00439
4.2736e-05,0.004582,3.9891e-08,9.1244e-06,9.9942e-07
2.2343e-06,0.0037556,2.1561e-09,1.3679e-05,0.00085601
2.2885e-05,1.1842e-06,0.00031176,1.1954e-05,0.0042601
0.00060947,1.0019e-05,9.1315e-10,4.2368e-07,0.0033507
0.00030669,0.0040939,4.7179e-07,4.603e-06,1.5695e-06
5.7912e-06,0.0046535,2.3786e-06,3.3536e-07,5.7118e-10
0.00012016,0.00333,2.2032e-07,5.7317e-05,0.0010385
0.0008161,0.0030348,4.0523e-07,0.0001191,7.3933e-05
0.00027957,0.00025301,1.2773e-06,0.00017114,0.0036439
0.0001009,0.0037383,0.0017157,5.9996e-06,1.6984e-08
0.0013862,0.00025817,0.00026399,0.0014704,0.0011586
0.00025475,9.7214e-08,8.8146e-06,0.00026481,0.0038941
0.00015778,8.7237e-07,5.6194e-07,3.6271e-06,0.004153
4.7907e-06,9.252e-08,2.0656e-06,2.2472e-05,0.0044161
0,3.139e-05,1.559e-10,1.3521e-08,0.004403
4.1344e-06,2.0136e-05,2.6024e-05,6.494e-05,0.0043746
1.7176e-05,1.968e-06,5.1502e-05,2.4415e-05,0.0043717
0.0013909,0.0020858,2.797e-07,1.223e-07,3.2271e-06
3.7705e-05,0,3.6602e-05,0.0059663,0.0023975
0.00011308,0.0030108,5.3894e-07,0.0014477,0.0008987
0.00013504,7.5407e-09,2.2365e-09,1.9015e-05,0.004189
1.2489e-05,5.3163e-05,2.8244e-07,0.0006349,0.0041523
2.3979e-05,0.0046208,9.774e-09,3.2305e-08,9.634e-08
0.0022842,0.00019899,5.8115e-07,6.2149e-05,0.00020354
0.0024575,4.6944e-05,4.7967e-08,2.7398e-06,6.2757e-05
0.0024263,3.3864e-06,1.1776e-07,4.3911e-07,0.00015977
0.0023706,3.4045e-06,0.00012299,4.0427e-05,0.00019448
0.0015742,0.001718,6.3694e-08,3.3813e-05,1.9154e-05
0.0022907,2.2116e-06,2.346e-05,0.00011852,0.00035126
2.7834e-07,5.1732e-07,0.0015819,0.011552,1.8957e-06
0.00035809,0.00018764,0.0080476,0.00016214,0.00028215
3.7431e-05,0.0044995,8.0155e-07,3.6102e-08,9.1323e-05
0.0020704,0.00021114,4.4657e-05,0.00015846,0.00051863
0.0020295,0.00045249,3.6818e-09,0.00066315,0.0002142
0.00024917,0.0010756,8.3279e-07,0.00016689,0.0029174
0.0021398,0.0006965,8.042e-08,5.9019e-06,3.6373e-06
0.0022677,0.00044172,9.4035e-08,1.1688e-07,2.255e-05
0.0025143,3.8368e-06,1.1138e-07,7.6822e-06,2.0349e-06
2.1936e-05,0.0046232,7.8132e-09,3.4285e-06,3.0943e-07
2.8529e-05,0.0001228,0.0022421,0.010218,2.9465e-06
3.2285e-06,3.3543e-09,2.829e-09,0.0002241,0.0043538
0.00080718,0.0031642,1.9814e-07,1.361e-05,1.3445e-06
0.0024558,1.8488e-06,4.5546e-05,0.00011741,5.2474e-05
8.8815e-06,0.00040154,0.0046357,0.0064113,4.1241e-05
0.002303,0.00037944,1.5345e-07,3.3962e-06,1.8351e-05
0.0011397,4.3419e-05,2.7832e-05,0.0071625,2.8756e-05
0.0019964,0.00038363,2.3825e-07,6.0722e-05,0.00053523
1.2002e-05,0.0042075,0.0010115,4.2539e-07,3.3775e-07
0.00092573,2.5508e-06,0.0060851,0.00095813,5.364e-07
0.0024285,7.5366e-06,9.4283e-10,8.0941e-09,0.0001522
0.0025046,2.1254e-05,6.7062e-10,4.863e-10,5.1681e-06
0.0025005,1.6494e-05,4.9131e-06,3.5603e-05,3.2447e-06
0.0024154,1.3629e-05,5.7676e-06,1.894e-05,0.00016085
0.0001035,0.0044365,1.8393e-06,0.00010192,1.1201e-06
0.0023926,9.3672e-06,2.3898e-05,0.0005951,8.8009e-06
0.00037469,0.003968,6.8068e-10,2.0735e-08,3.1808e-06
0.0019865,1.823e-06,0.0013242,1.0706e-05,0.00039056
0.0003487,0.0039812,1.5722e-08,3.3399e-08,3.639e-05
0.00046309,0.0014427,0.0052439,0.00031501,6.9407e-07
2.0994e-05,9.5542e-09,0.010619,1.8541e-05,4.9678e-05
0.001549,4.8068e-07,1.2572e-06,1.5659e-05,0.001701
6.9291e-05,0.0044534,1.8353e-07,4.5056e-06,7.7849e-05
0,6.4754e-07,6.3616e-10,1.5483e-06,0.0044317
0.0025007,2.7769e-05,8.447e-08,9.0682e-07,5.5724e-06
0.00033741,1.2353e-07,7.7006e-07,0.00016721,0.0037839
0.0022177,0.00018759,0.00080323,6.5722e-05,2.1505e-06
0.00049597,0.0037114,2.5511e-06,9.4202e-05,1.7146e-06
0.00028937,1.6306e-05,0.009549,7.7352e-07,5.0753e-06
0.00063944,1.0271e-06,0.00019501,8.6011e-05,0.0031988
0.0019659,6.7369e-06,6.3888e-06,2.5086e-05,0.00095615
4.4811e-05,0.0045716,2.4606e-05,3.5161e-07,1.3256e-08
5.3883e-06,9.8539e-05,0.010591,3.7844e-06,1.3331e-09
0.0022455,0.00049447,1.194e-05,5.8023e-06,4.6606e-06
7.1788e-05,7.6937e-08,8.7423e-07,0.00015319,0.0042559
0.0015351,0.00011524,0.0038996,8.5053e-05,2.3173e-07
3.1992e-06,0.0046457,5.0833e-07,3.8921e-05,5.5867e-08
0.00047662,0.0037818,6.9579e-09,2.3085e-06,6.4482e-10
0.0024048,4.329e-06,5.2152e-05,0.00020434,0.0001087
0.0020702,6.5013e-05,0.00016387,0.0014903,0.00017293
0.00081235,0.00023662,0.0058861,0.00077227,0.00011982
6.0952e-05,0.0005203,0.0034343,0.0072005,6.9308e-05
0.0024942,1.3535e-08,4.9732e-08,8.571e-06,4.0841e-05
0.0010306,0.00017677,0.0047,3.2891e-05,0.00051955
0.0012808,0.00042165,0.00058226,0.0046876,5.167e-06
2.1924e-06,4.8439e-08,3.2334e-10,1.5561e-07,0.0044289
0.00015715,0.0031828,5.1484e-05,0.0025787,0.00026648
0.0016815,0.00016502,0.00066975,0.003064,3.977e-05
0.00013744,2.4301e-07,0.00022995,0.00024431,0.0040168
0.002514,1.572e-06,7.7367e-07,6.5524e-07,6.816e-06
0.002382,5.588e-06,8.3689e-08,1.5756e-05,0.00023058
0.0022557,1.1564e-05,8.3041e-07,3.4139e-06,0.00045093
0.00051484,8.9777e-09,1.7807e-07,0.00016825,0.0034717
0.001251,7.1685e-06,0.0049116,0.00024517,0.0001369
0.0019051,0.001137,6.4024e-09,2.0016e-08,1.5156e-08
2.2933e-05,0.00014794,6.8761e-05,0.0064345,0.0021164
0.0020529,0.00083802,5.85e-05,4.5044e-08,6.2356e-09
0.002113,0.0002011,0.0010606,6.5061e-07,8.9775e-05
0.0023968,1.7272e-05,3.3946e-06,0.00052967,2.3768e-05
7.9852e-06,7.1674e-07,3.393e-11,2.081e-08,0.0044181
4.578e-05,4.7404e-05,0.0096422,0.0010964,7.2671e-06
0.0025189,3.6923e-08,5.752e-13,1.9027e-10,1.9199e-07
0.002468,1.6566e-06,4.8153e-09,3.8744e-07,8.81e-05
8.0722e-05,1.5848e-05,2.6715e-06,0.0012681,0.0038594
0.00055562,1.3849e-05,0.0058897,0.0025913,0.00018604
0.0024977,1.0908e-06,5.9507e-09,1.7612e-06,3.5827e-05
0.00037983,4.3088e-05,0.00062729,0.0024667,0.0026593
5.1692e-05,2.0675e-05,2.9286e-06,0.0025619,0.003482
0.0023711,0.0001407,1.8714e-08,5.0683e-05,0.00011005
0.0023562,6.4802e-05,1.5524e-05,0.00010019,0.00018584
0.002189,0.00054285,3.5274e-06,6.8905e-05,4.09e-05
2.1571e-08,1.5901e-07,0.0098692,0.0012142,1.3397e-06
6.0133e-07,0.00014228,0.0066412,0.0048253,1.9027e-06
0.00011909,0.0003415,0.0048438,0.0054466,0.00013526
0.0024307,0.00014927,1.6124e-10,9.1736e-07,1.3276e-05
0.0024067,4.915e-05,0.00033573,8.2436e-06,1.0955e-05
0.0025162,2.4499e-06,3.9572e-08,1.7697e-06,2.0271e-06
0.0025097,1.2387e-05,8.9032e-09,4.291e-06,3.2084e-06
0.00042271,0.00081557,0.00010887,7.203e-07,0.0028693
0.0016178,9.4211e-05,0.00012687,0.00010089,0.0014115
0.0017729,9.918e-08,0.0026267,0.00061264,3.8668e-05
1.3134e-06,3.3728e-10,3.9828e-08,7.9795e-05,0.0044044
0.0019915,0.00097385,2.347e-06,2.9173e-06,1.059e-06
4.2431e-05,1.1687e-07,8.7277e-09,0.00015544,0.0043072
0.0024774,7.5398e-05,3.2794e-08,1.2593e-06,1.1749e-06
4.27e-06,6.5111e-05,0.010675,2.4451e-07,2.8281e-07
0.00032354,0.0040648,1.242e-08,9.6646e-07,9.6033e-07
0.00015787,0.0043725,9.6647e-07,5.4145e-08,1.3141e-09
0.0025089,6.2037e-06,1.002e-05,2.3592e-06,7.1183e-06
0.0024703,6.8977e-05,1.9249e-06,1.0801e-05,1.5897e-05
0.00045942,0.0034211,6.586e-06,0.0010932,1.298e-05
0.002514,6.3628e-10,7.7788e-07,6.5273e-10,8.4372e-06
0.000199,0.0042407,1.9617e-07,0.00011073,1.6912e-05
5.451e-08,0.00052095,0.00012876,0.011394,0.00015349
0.0022492,3.4198e-05,0.00071631,0.00023024,7.4224e-05
3.1045e-05,9.2078e-08,0.006597,0.00035056,0.001567
1.9189e-05,0.0046292,8.8032e-09,1.4869e-06,5.0108e-08
0.0019222,2.9808e-05,0.00012216,3.9156e-05,0.00095916
0.0025051,6.8727e-08,5.2603e-05,1.2584e-08,2.8532e-06
2.0147e-05,0.0045672,0.00013846,2.0581e-06,4.6932e-07
0.00012218,0.00012009,3.389e-08,2.8173e-05,0.0040945
1.3708e-05,5.4874e-06,0.0097954,0.0012055,5.2155e-06
4.0729e-05,0.0045719,1.1178e-06,3.892e-09,1.6588e-05
1.1925e-06,0.0041991,5.7109e-10,1.7491e-05,0.00043519
8.2394e-06,2.2758e-08,0.0019032,0.007674,0.0011271
0.0021659,0.00044948,0.00030452,0.00019447,6.2118e-06
0.00078596,2.7386e-06,2.1032e-05,2.7095e-05,0.0030297
0.0007433,0.0024514,0.001924,9.5222e-06,6.0737e-06
3.515e-05,0.0028243,0.00099259,0.00355,0.0001191
0.0014045,0.0020391,2.5744e-08,7.2715e-05,1.7177e-08
0.00020453,0.0042855,1.9977e-06,1.6064e-07,8.439e-08
1.6784e-05,0.0045876,1.0952e-08,1.39e-05,3.9739e-05
0.0012908,0.00090688,1.4254e-05,0.00094199,0.00098532
0.00021218,0.0037955,0.00019616,0.00086241,9.0483e-05
0.0015614,5.2116e-05,4.6015e-07,0.00083213,0.001363
0.0012348,0.00023375,0.0013259,0.0045141,1.7461e-05
0.0021722,4.4329e-06,0.00011563,0.001628,2.5573e-05
0.0023676,0.0002484,3.0336e-08,2.9022e-06,2.9488e-05
0.0024664,6.3477e-06,2.0799e-06,0.00021229,1.6207e-05
0.0010907,0.00060868,0.0032516,0.00094432,0.00029689
0.0023153,0.00036932,8.1949e-06,9.0106e-06,1.3238e-06
2.0782e-06,7.9988e-06,3.8364e-08,4.5038e-05,0.0044068
0.0014185,0.0011549,2.8193e-06,0.00016103,0.00078534
1.2072e-05,1.4919e-05,0.010759,8.6797e-07,9.7087e-09
0.00041871,0.0038813,1.5301e-05,5.3898e-06,8.7967e-08
0.00039203,0.0025065,6.7483e-08,0.00061793,0.001159
0.0001835,0.0011903,0.0072136,3.6253e-06,2.9535e-05
0.0021543,0.00066703,1.8717e-06,8.7958e-06,4.2936e-06
0.00018414,0.0040326,4.0543e-06,0.00022241,0.00020263
0.00012581,0.0015264,0.00067351,2.7497e-05,0.0024768
3.2166e-05,3.1502e-08,3.7557e-05,5.3996e-06,0.0043591
0.0013452,0.0021232,2.0709e-05,1.3698e-05,3.5255e-05
7.8006e-05,8.0588e-07,0.00010629,0.00010434,0.0042172
1.0385e-05,0.0044579,0.00017674,0.0002882,1.2158e-05
9.0378e-05,2.5509e-06,1.5476e-07,4.3621e-07,0.0042712
0.0011629,0.00011085,0.0018903,0.0039102,0.00022792
2.1152e-05,3.0882e-06,0.0079983,0.0034004,1.0012e-05
4.8218e-10,1.2949e-06,2.7661e-08,7.9969e-06,0.004429
0.0025167,4.1527e-06,1.7406e-11,1.9728e-10,2.0217e-07
0.0024641,9.9593e-05,5.7643e-09,3.4146e-06,9.2308e-07
0.0012205,0.0023857,1.8925e-05,2.7257e-07,1.0389e-05
8.6565e-05,0.00014965,0.0099588,0.00020759,4.6119e-08
0.001255,2.3667e-06,0.00022246,2.3277e-05,0.0021236
0.00013259,0.0044155,3.9673e-06,5.1336e-07,2.301e-06
6.7423e-05,1.7688e-05,5.4033e-09,2.9031e-06,0.0042965
0.00082452,4.4458e-06,9.1154e-05,0.0031662,0.0019035
0.0013523,0.00058195,0.0026962,0.0011143,3.3227e-05
3.8623e-05,3.2465e-07,2.557e-07,8.4784e-05,0.0043367
0.0014716,0.0015858,0.00051514,0.00014419,7.8741e-05
4.8324e-05,0.00044673,1.0137e-05,8.1708e-05,0.0038925
3.417e-06,0.00030955,0.010102,1.0862e-05,4.4113e-07
0.00031661,0.0014883,0.0024998,0.0021115,0.00074832
0.00055793,0.00014896,4.8784e-11,1.5068e-05,0.0033046
0.00032935,0.0039429,5.7993e-07,0.0002819,1.431e-05
0.0022209,0.00054255,1.4529e-05,9.2532e-06,1.9207e-07
0.0022689,0.00026022,7.6374e-06,0.00032854,8.221e-05
0.00045829,0.0037967,2.8963e-05,2.0309e-05,3.4059e-07
0.00172,2.8771e-08,1.2387e-07,4.4592e-07,0.0014058
0.00036215,0.00013694,0.00012253,0.001658,0.0030723
6.1834e-06,9.1768e-05,4.1188e-09,9.772e-06,0.0043316
0.0011084,1.9569e-06,3.059e-06,3.1775e-05,0.0024688
3.0905e-06,4.91e-05,3.3598e-05,0.0073694,0.0019535
1.1897e-06,3.6494e-05,0.0013939,0.0068633,0.0015786
0,2.5418e-07,2.6142e-11,8.6663e-08,0.0044326
0.0024216,0.00014639,1.0171e-06,9.7653e-05,1.257e-08
0.0015285,0.0016395,0.00026304,0.00010523,4.321e-05
2.2794e-06,0.0046485,1.0676e-05,2.3052e-05,4.3838e-08
0.0022769,0.00034162,8.194e-06,0.00016668,4.3565e-05
1.3094e-05,7.8548e-08,1.0113e-10,9.5121e-08,0.0044097
0.0013973,0.00061881,1.182e-05,2.7251e-05,0.0013723
6.589e-07,0.004373,9.0036e-05,0.00061111,3.968e-05
0.00068311,0.0033264,2.0213e-08,1.141e-06,6.9676e-05
0.00015755,2.9586e-05,9.8971e-08,7.1534e-07,0.0041272
0.0001982,0.0042925,3.0755e-06,7.0359e-06,1.919e-06
4.2335e-05,2.6267e-06,0.0033088,0.0080965,0.0003518
0.00046865,0.0012091,0.00026674,0.0071757,6.8053e-08
0.0022385,0.00051939,3.1042e-07,7.6394e-08,3.3393e-10
6.9997e-07,0.00011937,3.5694e-08,2.0323e-06,0.0043175
0.00089313,1.8327e-07,0.0010925,4.2548e-05,0.0024005
0.0023505,0.00030461,9.7952e-08,1.974e-05,5.8302e-07
9.6517e-07,9.1561e-08,2.489e-05,4.6374e-05,0.0044057
0.00030251,0.0040975,3.6226e-07,1.3698e-06,6.58e-06
1.6932e-05,0.0008029,3.268e-06,0.0010332,0.0033004
0.00042515,0.003659,4.6801e-06,2.8213e-05,0.00019688
0.00048662,0.0037525,1.7128e-05,6.5136e-06,1.8396e-06
0.0018858,1.2646e-06,4.2461e-07,5.3829e-06,0.0011112
0.0013063,0.0012196,1.6452e-08,6.9525e-05,0.00095253
0.00075428,0.0009661,0.0046179,0.00090902,2.4286e-06
3.0135e-05,0.004336,3.8239e-07,0.00069443,3.2292e-05
1.4757e-05,0.00024769,0.00099883,0.010237,0.00041051
4.7722e-05,2.9935e-05,0.0038349,0.0083979,2.6474e-06
3.6605e-05,0.0035015,8.2923e-06,0.0022101,0.00031418
0.00016734,0.0043123,2.9895e-08,4.9298e-06,3.936e-05
0.00024824,0.0010896,0.0065903,0.00057663,7.8279e-05
0.0011442,1.0877e-05,0.00019867,0.00022674,0.0022536
2.3006e-07,1.9162e-07,1.4268e-11,2.2499e-07,0.0044322
2.8458e-05,4.8369e-05,3.4269e-10,5.6877e-06,0.004335
0.00089146,0.003013,1.7547e-08,1.5542e-06,7.2133e-07
0.00042903,0.0030402,0.0015447,1.5049e-05,0.00015286
3.1591e-05,0.0044492,7.4261e-05,0.00033925,8.2881e-06
0.00077836,1.0675e-05,7.325e-07,0.0019405,0.0024171
0,0.0040747,0.00018249,0.00029675,0.00038938
0.0004902,0.0036857,1.7226e-08,0.00018655,7.0688e-06
0.0016581,3.4117e-05,2.5837e-09,2.8846e-05,0.0014731
0.0013366,0.0021603,2.5612e-09,2.1541e-06,2.7407e-05
0.0024493,0.00012468,6.158e-09,4.1493e-06,2.768e-06
0.0017303,0.0014598,8.6599e-09,6.632e-07,6.8776e-07
0.00093624,0.0003982,2.6298e-09,8.5969e-07,0.0024067
8.6252e-06,0.00015304,0.00010861,0.011895,0.00033207
3.9229e-05,2.0916e-09,1.8124e-08,1.1938e-07,0.0043638
0.0017062,1.7014e-07,8.6048e-06,0.00043183,0.0012852
0.0025186,4.3489e-07,1.3482e-11,5.3035e-10,3.982e-07
0.00031822,9.4592e-05,0.0089959,0.00031564,2.8839e-06
0.00014389,0.00093143,4.4097e-08,2.6136e-05,0.0032861
5.7704e-05,6.6335e-05,0.0083513,0.00261,1.9577e-07
0.001706,0.00013425,1.5977e-07,4.6526e-06,0.0013016
0.0024293,2.6998e-05,2.6056e-05,0.00036882,6.9928e-07
0.00018216,0.0043262,5.8543e-09,1.2971e-06,1.2481e-06
1.124e-05,0.0043459,0.00016246,0.00023606,0.00013998
0.0015697,0.00064702,5.3868e-06,0.0011507,0.00067678
0.00071113,0.0033094,5.7816e-05,2.6055e-05,4.7875e-06
6.757e-06,2.7162e-07,6.6065e-08,0.00011521,0.004383
2.6005e-05,0.0032518,8.4352e-05,0.0034887,0.00012021
3.9373e-06,0.00014439,3.0007e-05,0.0045509,0.002786
0.0020962,4.3975e-05,5.21e-08,7.1021e-06,0.00069998
0.0025131,1.9169e-07,8.3784e-08,4.1803e-06,8.8689e-06
0.00094651,0.0018422,3.6123e-08,0.00010266,0.00098321
0.00044369,2.2413e-05,1.472e-11,3.4873e-06,0.0036296
0.0022376,0.00039186,3.0958e-09,1.5315e-06,0.00012238
3.4725e-06,4.0698e-07,5.7346e-07,5.0605e-05,0.0044096
0.0024447,1.2162e-05,2.8261e-06,0.00034306,5.7071e-06
7.632e-05,2.7114e-08,3.3405e-05,1.1778e-06,0.0042845
0.002471,8.813e-05,1.7516e-12,5.2575e-10,7.851e-07
0.0024076,2.9471e-06,5.062e-07,0.00028357,0.00010014
0.00057334,0.0035334,1.7908e-08,5.843e-05,4.748e-05
1.9469e-06,1.2261e-06,0.00043976,0.0014571,0.0037713
6.6927e-05,0.0044829,5.6469e-06,0.00016211,1.1692e-07
0.0024123,5.2139e-07,1.5825e-08,1.6622e-06,0.00018669
0.00050305,3.3373e-07,0.0059155,0.00083583,0.00085582
0.00010867,7.8105e-05,8.765e-10,6.7438e-08,0.0041674
0.0025056,1.494e-07,1.5453e-06,3.4335e-05,1.1643e-05
0.00021585,4.1114e-06,0.0013624,0.010356,0.00010064
0.0011248,0.00042782,0.0040788,0.00032299,0.00027409
0.00010247,0.00040791,0.00048111,0.0095663,0.00053521
0.0023143,0.00037764,1.7434e-08,4.3651e-06,9.5505e-09
0.00010003,0.0044336,1.2052e-05,0.00011264,2.3442e-06
1.4886e-07,2.0586e-11,1.6902e-08,9.0922e-09,0.0044326
0.0025157,2.1894e-07,1.5328e-09,9.4971e-08,5.6773e-06
3.8383e-05,0.00039908,0.0056218,0.0021906,0.00097097
0.0025179,2.07e-06,5.3923e-11,8.1059e-08,1.3285e-08
0.0025167,4.0425e-06,4.0219e-10,4.4341e-09,1.4424e-07
0.0020583,0.00047942,0.00016765,0.00064639,7.5051e-05
7.9197e-05,0.0025415,0.00033656,0.001215,0.0013431
0.0024753,3.0987e-08,4.6578e-05,8.293e-06,5.5131e-05
0.0004335,6.9032e-07,0.0056005,0.0004117,0.0012455
0.0020869,0.00064735,4.0934e-05,4.5936e-05,0.00011357
0.0022697,0.00015188,2.8999e-05,4.7495e-06,0.00028098
0.0024132,1.6316e-06,6.7399e-08,0.00021515,0.00011419
0.00083414,3.4254e-06,5.7725e-05,1.2006e-05,0.0029342
0.00037457,0.0037384,0.00030898,3.8806e-05,8.2557e-05
5.7244e-05,0.0011045,6.9678e-05,0.0045117,0.0017765
0.00032705,2.674e-08,2.2064e-07,2.9204e-05,0.0038477
0.0016789,0.00030412,0.0027161,0.00019715,1.4785e-05
4.8957e-08,1.0857e-07,0.0059353,9.0108e-05,0.0019773
0.0016102,0.001664,2.4017e-06,1.066e-05,1.382e-05
2.0994e-05,1.3778e-11,2.3001e-09,3.1885e-10,0.0043959
0.0025041,2.673e-05,8.1556e-08,1.0836e-06,4.1639e-07
0.0017049,0.00048303,9.4328e-06,0.00015952,0.00091765
0.00019582,1.1525e-07,1.791e-06,0.0004892,0.0039272
0.0023322,7.5924e-05,0.00024224,0.00047203,3.0414e-06
0.0014196,0.00064703,7.0728e-08,0.0010568,0.0009737
0.0018023,0.00067819,3.5675e-08,2.6572e-05,0.00060813
0.00037433,0.0039564,1.9144e-05,5.4795e-06,5.2088e-06
0.0014049,0.0020632,1.5854e-07,2.7137e-10,6.5627e-08
0.0024946,4.4451e-05,1.4937e-06,1.0124e-07,0
0.0011552,0.00047989,5.7146e-07,2.0097e-05,0.0019372
0.00029676,0.0041149,5.2878e-08,1.6174e-06,2.3825e-07
0.0017691,0.001382,1.5181e-05,2.2967e-07,2.0905e-07
0.0019437,0.00074382,0.00023069,7.5792e-06,0.00020888
0.00015186,0.004383,1.8883e-10,2.5685e-06,1.3189e-07
0.0025171,3.2577e-06,3.3585e-11,5.9764e-07,1.7599e-08
0.00010565,1.044e-06,0.0074056,0.00020044,0.0011536
0.001951,4.2816e-05,7.2513e-09,6.5361e-06,0.00095673
1.4977e-07,1.1206e-07,0.010844,5.9495e-07,1.9678e-08
0.0022105,1.1951e-05,3.7351e-05,6.8637e-06,0.00051399
0.0002804,0.002206,0.0044971,1.304e-05,1.0749e-06
0.0024914,3.6513e-05,1.8263e-07,5.9088e-06,1.1943e-05
1.7585e-05,3.7079e-06,4.3415e-07,0.0001093,0.0043624
0.00074966,5.1555e-06,0.0052723,8.8579e-05,0.00092487
0.0023588,5.7449e-05,3.09e-06,0.00042766,8.604e-05
0.00038477,0.0036733,4.5506e-05,0.0007393,4.7324e-06
0.00038092,0.00071018,0.00046896,0.0088178,8.107e-06
4.4979e-06,0.00024308,4.77e-05,0.012744,6.779e-07
0.00050267,0.0033261,2.825e-07,5.3592e-05,0.00037027
2.6847e-05,2.1793e-07,5.1904e-07,0.00019257,0.0043221
0.002488,6.4271e-06,8.3544e-07,5.781e-06,4.6147e-05
0.0020967,0.0002799,0.0001614,0.00062522,0.00020653
0.00011492,4.7714e-05,0.00021026,0.0059001,0.002167
0.0018076,7.4216e-05,3.8394e-09,1.901e-05,0.0011752
0.00012156,0.0043895,1.5851e-05,1.3315e-05,3.7313e-05
0.0015069,0.0018736,7.3876e-07,1.5259e-06,2.1013e-08
1.9401e-06,0.00078581,8.1407e-10,3.4778e-08,0.0036828
0.0024698,8.5129e-05,1.2828e-05,3.0548e-07,3.76e-07
0.0024688,9.1272e-05,2.4809e-10,1.1332e-08,1.6816e-06
0.00052148,0.003606,6.0231e-05,0.00019141,1.5865e-06
0.0016566,4.774e-05,1.5822e-08,1.2924e-06,0.0014719
0.0012836,1.9041e-05,1.4591e-09,2.2315e-07,0.0021558
0.00067742,0.0034084,9.3602e-08,5.0649e-06,5.2896e-07
0.0017766,8.7148e-06,2.8159e-05,7.4505e-05,0.0012623
0.00015781,0.0040903,0.00040435,1.5862e-05,9.8222e-05
0.0023008,1.9429e-05,5.2221e-08,7.4047e-07,0.00036537
6.676e-05,0.0044781,5.6749e-06,0.00017518,7.6222e-07
0.00034277,0.0038874,2.3042e-06,0.00041216,3.5725e-08
0.002482,5.7545e-05,1.6534e-07,2.8565e-06,9.4968e-06
2.1919e-07,2.4079e-06,0.0068636,0.004961,1.2066e-07
0.0024612,1.1618e-07,4.0006e-08,6.6351e-07,0.00010135
0,0.00011861,2.3822e-08,3.8263e-05,0.0043076
7.8528e-05,0.00028969,0.0055712,0.00013783,0.0016972
2.2146e-05,8.517e-09,1.4088e-10,1.9641e-08,0.0043939
8.519e-06,3.2649e-08,4.6944e-09,1.8451e-06,0.0044172
0.0023419,0.00010503,8.6556e-06,0.00019344,0.00014492
7.4603e-05,2.2752e-05,0.010392,8.0123e-05,6.5328e-06
0.0024894,5.4833e-05,2.9415e-15,4.3664e-11,1.4762e-10
0.0024732,7.935e-05,1.7577e-07,6.337e-06,3.1624e-06
3.2903e-07,5.5371e-05,0.00068564,0.0023918,0.0033161
0.0010816,0.0019025,0.00013638,0.00061399,0.00046491
0.002361,4.3508e-05,0.00017892,0.00013953,0.00011796
0.0015421,1.0952e-06,5.0365e-07,7.2355e-06,0.0017156
0.00033444,0.0040458,1.1191e-07,2.2694e-07,2.9353e-08
8.5632e-06,0.00016451,2.2913e-05,0.00027309,0.0041627
2.95e-05,0.00041346,4.1633e-08,1.4078e-05,0.0039835
0.0018999,6.0504e-05,0.002476,4.328e-05,5.8909e-06
0.0024059,2.0794e-05,1.0748e-08,1.3508e-07,0.00017929
0.0012738,0.00016828,0.0017982,0.0022743,0.0005515
0.0024996,2.5756e-05,5.0323e-06,2.002e-05,1.0684e-06
0.00083439,0.0029531,1.4682e-05,0.00021934,8.0704e-05
0.00057468,2.5178e-06,0.0068177,0.0018992,1.0667e-05
0.00070955,2.444e-08,6.8441e-09,3.7631e-07,0.0031841
0.0021542,0.00011499,3.4804e-05,4.0767e-05,0.00050517
4.7191e-10,6.7026e-11,6.1207e-12,1.5717e-06,0.0044324
3.3784e-07,1.117e-06,0.0070582,0.002784,0.00063463
2.4615e-05,8.5507e-06,0.00054124,0.012247,0.00014907
6.5577e-05,1.2318e-08,1.8179e-07,1.5901e-06,0.0043169
0.002327,0.00020022,0.00017123,0.0002153,7.1494e-06
0.0008863,0.0022961,2.5383e-05,0.002025,1.7907e-05
5.3404e-05,0.0042525,4.4145e-07,8.3787e-05,0.00027065
0.0024435,2.1801e-05,0.00012231,0.00018307,2.1948e-06
0.0024231,6.1912e-05,1.2042e-05,0.00025446,2.175e-05
0.0010701,8.8723e-05,0.001372,0.0056124,6.6429e-05
0.00097785,0.0008268,0.0010936,0.0044804,1.2115e-05
0.0022617,4.9733e-05,1.3964e-05,0.0012072,4.4979e-06
5.151e-05,1.5411e-05,0.010142,0.00023295,0.00010598
0.00054076,0.0016262,0.0047225,1.8123e-05,5.1967e-08
0.0019828,2.0688e-05,0.0020577,0.00025309,0
0.0023076,0.0003648,5.7015e-06,4.1819e-05,9.4253e-06
4.0981e-05,3.0918e-05,5.4912e-07,0.00041821,0.0041942
7.6669e-07,0.0003039,1.7834e-06,0.00039355,0.0040131
0.0025172,8.752e-07,1.9867e-10,2.2588e-09,2.3625e-06
2.6261e-07,4.7058e-06,0.00067218,0.0037239,0.0029336
0.0014217,0.0012411,3.6935e-09,1.7019e-06,0.00075116
0.0025169,1.2884e-06,4.3814e-08,6.8655e-07,2.3102e-06
0.0022283,1.0959e-05,0.00041399,9.8916e-08,0.00033191
0.0011358,2.5826e-06,0.00012086,0.00026958,0.002294
0.000202,0.003237,4.2033e-08,0.0026724,0.0001264
0.00042689,0.0033702,1.692e-06,1.3704e-06,0.00047824
0.0021015,6.4657e-05,9.486e-05,0.0018007,4.4691e-05
0.002307,0.00021426,0.00039355,2.5638e-05,2.4772e-07
2.1927e-05,5.6994e-06,1.8198e-06,0.00046471,0.0042359
0.0021374,3.377e-05,7.5264e-05,0.00010306,0.00057499
0.0021754,0.00059438,1.0904e-05,2.849e-06,3.4614e-05
0.00207,0.0004083,0.00055146,0.00049203,1.5749e-05
0.00073892,0.00012733,0.0039189,0.0020619,0.00073454
0.0024987,2.7111e-05,1.989e-08,4.6404e-06,8.3748e-06
0.0011255,0.0025529,1.9346e-08,4.9346e-05,1.0426e-05
0.00026439,0.0041722,1.4889e-11,1.3358e-09,3.2477e-06
0.0024914,1.5738e-06,2.9544e-06,0.00010661,1.0935e-05
0.00010941,1.7701e-05,0.0014349,0.01096,4.7373e-05
2.4685e-06,6.1588e-07,0.0011907,0.0012998,0.0035156
0.0012756,0.0023009,6.2195e-09,3.9278e-06,6.2311e-07
0.0024714,8.3944e-08,3.5823e-05,9.0674e-05,3.9332e-05
0.0020826,0.00078376,4.5062e-08,3.0075e-05,1.3449e-05
0.00049992,0.0010921,0.0061182,4.5328e-05,0
6.4508e-05,0.0041273,0.00093516,2.4545e-06,1.471e-05
0.0018891,0.00067733,0.00035363,0.00089699,2.6569e-05
0.0024746,2.7431e-06,3.1116e-06,0.00012363,3.3802e-05
0.00021026,0.0027405,0.001959,0.0017539,8.3787e-05
2.3887e-06,5.8023e-06,0.010553,4.3399e-05,9.5798e-05
0.002365,6.0231e-06,2.1787e-06,0.0001342,0.00022043
0.0022533,0.00036298,0.00029042,1.5082e-08,3.9391e-06
0.001772,0.00041059,1.3767e-10,0.00027269,0.00083512
0.00010517,1.0709e-05,6.9049e-05,0.012701,4.9738e-05
0.0022827,3.5406e-06,5.5181e-08,5.132e-09,0.00041242
0.0023263,0.00035661,1.3116e-08,5.307e-08,3.3056e-07
0.002385,2.4553e-06,0.00047698,2.2034e-06,3.783e-05
0.0024464,9.4928e-05,2.326e-05,5.0581e-06,2.6385e-05
0.0022061,0.0002432,0.00015993,0.00053562,7.8707e-05
8.8187e-07,1.555e-06,0.01012,0.00088811,2.6435e-06
0.0018988,4.7606e-05,5.4743e-07,4.5946e-05,0.001031
2.8016e-05,8.4306e-08,9.2397e-08,4.4366e-07,0.0043833
6.8127e-07,5.9534e-05,0.010663,5.1061e-05,7.2618e-08
0.0025057,2.0974e-05,4.5239e-07,6.5434e-06,1.2492e-06
0.0022031,0.00035649,0.00037963,3.0308e-07,6.196e-05
0.0019159,0.0011168,7.1048e-08,2.2329e-07,1.8497e-09
0.0001134,0.0044553,9.8737e-09,5.9903e-08,2.463e-08
0.0019146,7.3933e-05,2.8211e-08,3.3182e-06,0.00099225
0.00021961,0.0040114,7.3792e-08,4.2399e-06,0.0002335
3.5727e-07,2.3555e-06,1.4103e-08,6.3995e-07,0.0044298
0.0023508,5.9008e-08,9.696e-07,5.8319e-05,0.00027653
0.0025161,9.6353e-07,1.5353e-07,5.8358e-07,4.015e-06
0.0024258,2.2397e-06,9.8877e-05,2.0392e-06,0.00012089
0.00012751,0.00046519,0.0065678,0.00312,6.0247e-05
0.0025159,5.1289e-06,1.5166e-11,1.2102e-08,5.1877e-07
0.0017462,0.00011837,2.3109e-10,3.0415e-06,0.0012466
0.00092317,0.00040334,0.00012124,0.0072294,7.7605e-06
3.1156e-06,3.7546e-07,1.0512e-07,0.00097041,0.0041092
0.0012249,0.00060815,0.000953,0.0039643,1.1599e-05
1.8301e-06,0.0046465,8.1233e-06,3.453e-05,1.583e-08
0.0025131,2.5162e-07,1.8648e-10,2.2771e-07,1.016e-05
0.00074096,0.0032929,1.5457e-09,4.6321e-07,9.3894e-10
1.6736e-05,0.00049395,0.001748,0.0098262,1.4284e-06
0.0025156,8.112e-07,3.1501e-07,1.8829e-07,4.9824e-06
3.9286e-06,0.0045457,0.00017078,2.7464e-06,3.6029e-05
0.0024706,2.5306e-08,7.8762e-05,2.6617e-05,4.4206e-05
0,0.004547,2.2559e-06,4.7162e-06,0.00010998
2.3637e-05,5.722e-05,0.0095067,0.0013637,4.732e-06
1.2415e-06,7.2826e-09,3.3724e-05,5.9643e-06,0.0044149
0.002427,8.4739e-05,2.8274e-05,0.00021008,1.0387e-06
0.0016708,4.6682e-05,0.00036323,0.0022133,0.00057491
0.0025008,4.6466e-06,7.6536e-09,6.0176e-07,2.7399e-05
7.1282e-06,0.00071768,8.1738e-05,0.00016795,0.00365
0.0024208,0.00017275,1.0683e-10,8.2783e-09,8.7081e-06
0.00019967,0.0034146,2.62e-05,0.00023686,0.00074878
0.0024375,0.00012302,2.0326e-08,4.6724e-08,2.6527e-05
0.00036985,0.0022118,1.0567e-06,3.9743e-05,0.001667
0.0012765,0.0022768,4.7188e-07,2.3076e-05,1.5371e-05
4.1894e-07,1.2031e-07,0.0003847,3.7345e-05,0.0042626
2.0683e-05,2.4874e-06,6.4976e-07,3.3368e-07,0.0043937
0,1.3467e-05,1.3108e-10,1.5425e-06,0.0044196
0.0022917,2.4324e-05,2.0115e-05,0.00046951,0.00021484
2.4397e-05,0.0025897,0.0040048,0.00089244,1.7593e-07
0.00010246,0.0044618,1.7916e-05,1.3512e-05,1.2953e-06
0.0015731,3.8079e-05,0.00058741,0.0041989,1.3049e-05
4.6279e-05,0.00012427,1.9709e-07,1.4914e-06,0.0042328
0.0025005,2.355e-05,1.0191e-05,1.5275e-06,5.6206e-06
9.6229e-05,0.004483,3.9314e-10,4.8246e-07,3.7205e-06
0.0013303,0.001806,0.00034987,0.00064893,2.0307e-05
0.0007853,0.00032345,0.0043097,0.0029979,2.9738e-07
2.8319e-06,3.4505e-06,2.3781e-08,1.7615e-05,0.0044188
0.0025174,2.7632e-08,1.1938e-09,2.2291e-07,2.8011e-06
3.8617e-06,0.0012661,0.0078344,6.3599e-05,1.8066e-07
4.8169e-06,8.9236e-07,0.0097949,0.00020371,0.00035352
0.0020703,0.00083095,4.5691e-10,9.4479e-09,7.7555e-08
0.0013629,1.0476e-05,0.0045713,0.00010281,0.00012246
7.606e-06,0.00013601,0.00062191,0.012289,1.1185e-05
0.00087375,0.00086727,0.0047297,0.00040709,4.8147e-06
0.0005741,5.4304e-07,1.2587e-07,1.1394e-05,0.0034183
5.6347e-05,0.0028897,8.9036e-05,0.0046844,1.7425e-05
0.0024545,6.4883e-07,2.6114e-06,4.3161e-05,9.7692e-05
0.00249,5.0372e-05,2.7771e-08,4.9568e-06,1.5281e-06
0.0017227,0.0014597,3.533e-09,1.975e-05,7.939e-06
0.0008994,4.9137e-05,0.0067059,0.00017418,5.6064e-06
6.4118e-06,0.0046533,2.679e-09,5.4945e-08,8.807e-08
2.5474e-05,6.3567e-06,1.0187e-09,7.2858e-06,0.0043796
0.0002239,0.0042496,3.3777e-08,8.0214e-08,9.316e-07
0.00026004,0.0010021,3.2168e-05,0.0011422,0.0026358
0.0017005,0.0014594,0.00012208,1.0296e-05,3.4059e-07
1.4375e-08,7.1428e-06,0.0051364,0.007104,7.3882e-08
0.00083408,0.0031086,1.1439e-06,3.249e-05,2.7642e-07
0.00071426,0.00029792,2.5133e-05,0.00050886,0.0027159
0.0023426,0.00027132,0.00011244,1.8852e-05,4.8686e-07
0.00085098,0.00093107,0.00082305,0.0051137,3.9466e-05
0.0015233,0.0014407,2.4142e-06,0.0011283,1.2767e-05
0.0011066,0.00031425,0.0029175,2.4145e-05,0.0009866
0.00062536,0.0012903,2.4646e-05,0.0033074,0.0010131
3.264e-05,0.00033167,9.3322e-09,6.0486e-05,0.0040405
0.0025174,1.2345e-06,1.1014e-09,1.5574e-07,1.5476e-06
0.0021979,0.00057347,1.3569e-06,5.8118e-05,6.0827e-07
1.6207e-06,9.9219e-11,4.9935e-08,8.3094e-07,0.0044297
2.2011e-05,0.0046091,4.04e-06,3.7826e-05,6.8461e-07
5.4702e-08,7.3067e-07,0.00011219,0.012316,0.00035246
0.00061988,0.0034791,2.3656e-07,4.1234e-06,3.4865e-05
0.0013802,1.5371e-07,1.3871e-09,2.4857e-07,0.0020037
0.00012413,0.0044229,2.8006e-05,8.9451e-08,4.171e-07
5.1797e-05,2.7976e-06,3.5392e-06,0.00030786,0.0042368
0.00087222,0.0030355,1.7279e-07,3.8956e-05,8.644e-07
2.2112e-06,7.466e-07,1.8909e-05,0.002301,0.0036669
0.00090569,0.0029852,5.3233e-06,5.9808e-08,3.6193e-07
0.0019481,0.0010357,7.9203e-09,9.2201e-08,2.0541e-05
0.0010361,0.0027443,0,5.1425e-06,2.4305e-07
0.0024747,5.4684e-05,2.9701e-05,3.7513e-05,1.5941e-06
0.00066557,5.7862e-06,1.0683e-07,2.924e-06,0.0032551
0.00028807,3.6896e-05,0.0091041,4.3377e-05,0.00015569
0.0022138,0.00024533,0.00069456,6.0661e-05,1.8509e-07
0.00054909,1.6536e-05,0.0056958,0.00090846,0.00082541
5.1705e-05,6.2463e-05,0.0035662,0.0085855,1.3116e-05
0.002517,1.7612e-08,1.0317e-10,4.6631e-08,3.5735e-06
0.0025187,2.0945e-07,3.3388e-08,1.2767e-06,4.0487e-09
0.0025189,9.799e-08,6.2592e-12,1.485e-09,3.8288e-08
0.00042423,7.0339e-07,6.5511e-09,2.0082e-08,0.0036856
2.2901e-05,8.4379e-06,0.0099146,0.0010079,2.1927e-06
0.0025103,7.2021e-06,1.9011e-07,1.677e-06,7.7956e-06
0.0011335,7.4486e-08,6.3778e-07,3.9086e-08,0.0024378
2.1308e-05,3.7408e-05,0.0003064,0.0042657,0.0028375
0.0017521,0.0014153,1.6986e-06,5.3054e-06,2.4202e-06
3.2312e-05,3.2827e-07,6.7353e-05,8.0346e-07,0.0043479
0.0006177,0.0028505,0.0011266,0.00051435,8.4434e-06
0.0017053,6.8224e-05,0.0016413,0.0014361,0.0002259
1.1315e-05,8.163e-06,0.006782,0.0025018,0.00081392
0.00010866,4.8092e-09,2.5667e-06,2.2246e-08,0.0042406
0.0023388,0.000325,1.8752e-06,1.5838e-05,2.3983e-06
9.7126e-06,0.0046306,3.8446e-07,6.8257e-06,1.3519e-05
0.001636,3.3936e-05,0.0022471,0.00029462,0.00050678
0.0022696,9.6702e-05,0.00060772,0.0002866,4.7803e-06
0.0025126,6.8364e-06,1.8275e-08,1.4112e-05,1.9434e-07
0.00012305,0.004419,2.7551e-05,1.5945e-05,1.0194e-06
6.2583e-06,0.0046537,1.2095e-09,1.9447e-09,3.1622e-10
1.0359e-06,0.00032527,7.4618e-07,0.0014424,0.0036493
5.7492e-05,0.00082029,0.005283,0.0040576,6.4141e-05
0.0022024,8.0717e-06,8.3417e-09,1.8192e-07,0.00054938
3.0227e-08,4.5083e-12,7.5064e-09,1.2224e-05,0.0044288
0.0024959,1.3982e-07,3.9001e-07,1.2544e-06,3.9978e-05
0.0023946,2.7001e-06,2.7903e-08,5.7091e-06,0.00021452
1.0317e-09,2.3253e-10,1.7191e-09,1.1023e-08,0.0044329
0.00026946,0.0022777,9.0783e-05,0.005348,5.8237e-06
0.00035802,1.6786e-05,1.0842e-11,2.6523e-07,0.0037868
1.2247e-05,7.4401e-06,0.0008342,0.011261,0.0003753
2.2599e-05,0.0045043,6.375e-07,1.4021e-05,0.00010839
0.0007039,0.0033614,1.1755e-07,1.7522e-08,1.8032e-07
1.7308e-07,0.0025575,5.8729e-09,0.0027074,0.0011158
0.00083246,0.00091612,7.5485e-09,4.735e-05,0.0020819
3.1971e-06,0.0040073,4.0923e-07,0.0018884,9.1623e-07
0.00029392,0.0041205,1.9975e-07,1.0602e-06,4.2953e-08
1.0898e-05,0.00031606,3.7456e-05,0.0011695,0.003715
0.00017971,2.3652e-07,7.1136e-07,0.00053378,0.0039413
0.00013605,0.0022221,2.276e-06,0.0008518,0.0018022
0.002462,2.1316e-05,7.5131e-05,0.00014935,4.729e-07
9.3098e-05,6.6092e-06,1.2248e-06,0.00031824,0.004158
8.9887e-05,8.2287e-09,2.6762e-07,1.2511e-06,0.0042742
6.9936e-07,0.0046499,6.4254e-09,4.0873e-05,1.9013e-09
0.0024502,7.4482e-07,8.2237e-08,7.3576e-06,0.00011797
0.0019025,0.00078158,0.00011185,0.00013537,0.00025222
0.00096303,0.0024445,0.00027227,0.00087528,1.7466e-05
3.8452e-06,0.004638,6.8617e-07,1.7621e-05,1.3184e-05
0.0024357,1.7423e-06,7.3306e-05,6.4203e-06,0.00011289
0.00046629,0.0038007,7.7421e-08,2.6111e-06,5.6365e-08
0.002496,4.8591e-07,1.646e-06,8.0666e-05,1.2887e-05
0.0020777,0.0007052,8.1755e-05,0.00016045,2.0607e-05
0.00085108,3.0894e-07,0.00010064,6.1939e-05,0.0028735
0.00016631,1.1697e-05,1.1161e-06,1.744e-05,0.0041229
0,0.00069957,1.3039e-05,0.000152,0.003713
7.1518e-05,0.0044386,2.2221e-06,0.00019918,2.3455e-05
0.0002251,0.0017094,7.3339e-05,0.00010848,0.002347
0.0018245,0.0012855,6.6729e-08,1.813e-06,3.0684e-10
0.0024265,6.7927e-06,7.3864e-06,6.5983e-05,0.00013176
4.3266e-05,0.0045661,7.2423e-07,5.4538e-05,4.61e-09
0.0014995,0.0018769,2.8522e-07,3.1528e-05,2.1135e-07
6.2891e-05,0.0040502,4.0667e-05,0.0012432,4.9983e-05
4.7719e-06,0.00040534,1.868e-05,0.0039427,0.0027404
0.00021194,0.00013606,4.6532e-08,4.2297e-06,0.0039292
0.00072289,0.0023753,6.9975e-06,0.001859,0.00029208
0.00016062,0.00026014,0.0038706,0.0070815,1.7656e-06
0.0024614,3.8726e-05,3.2145e-07,1.0906e-05,6.0864e-05
0.0018543,0.00054712,0.00016587,0.001656,3.9774e-05
0.0025183,1.4559e-07,3.24e-07,5.5908e-07,8.8616e-07
0.0023073,1.2546e-07,6.7219e-07,7.1339e-06,0.0003699
0.0020313,0.00089855,4.248e-08,1.3509e-07,4.3459e-06
4.3399e-06,1.8489e-07,0.00014466,9.7235e-05,0.0043341
7.7691e-05,0.00017483,0.0097493,0.00043496,2.8934e-06
0.00034617,0.0040206,1.296e-06,4.5142e-06,1.4478e-06
0.0004596,0.0013133,1.0773e-05,0.00050693,0.0022057
8.256e-06,2.4621e-06,4.5097e-10,1.9975e-06,0.0044153
0.00015705,0.00085762,1.1014e-08,2.251e-08,0.0033416
0.0019776,0.00094271,2.5815e-07,1.011e-05,5.3664e-05
0.0017288,8.3056e-06,0.0010036,0.0017535,0.00039814
0.0022007,0.0003651,7.9556e-05,0.00022859,0.00010587
8.0899e-07,0.0034155,0.0021929,0.00088515,5.6826e-09
0.00014301,1.0706e-05,0.010025,0.00012878,3.1445e-05
