4.3186e-09,1.907e-13,8.1888e-10,1.1073e-07,0.005575
0.00059142,4.8366e-06,9.998e-05,0.0041529,0.0001201
8.3744e-07,1.0186e-05,0.0090375,0.0029263,2.1516e-05
0.0019199,4.8767e-05,2.6744e-05,1.4843e-06,2.2029e-07
0.0019061,1.1498e-05,0.00016195,8.4227e-06,4.3934e-06
0.0018667,9.0099e-14,2.1473e-13,4.6889e-10,0.00018287
0.0011163,1.1344e-06,1.4323e-05,0.0026237,9.7566e-08
1.0969e-05,0.010637,0.0042958,2.7987e-07,2.6853e-13
0.0017984,8.0854e-08,5.1969e-07,0.0001357,0.00025866
0.0013143,0.0044879,7.3972e-05,4.1815e-06,3.206e-09
0.0019155,0.00010433,0,1.0573e-06,2.2523e-07
0.0018851,0,0,0.00014501,0
0.00193,0,0,0,0
1.7858e-05,0.0048672,0.010915,9.4194e-05,1.4921e-09
0.0019299,0,0,2.5463e-07,0
0.0019026,0,0,8.8539e-05,0
0.0018948,7.3715e-08,3.4309e-07,3.4371e-05,7.0841e-05
0.00023065,1.7655e-07,6.9438e-07,8.0042e-05,0.004837
3.5158e-09,1.2323e-12,1.6233e-10,1.8314e-05,0.0055587
0.00193,3.6624e-10,9.2074e-11,9.996e-11,1.4814e-09
0.0018526,2.149e-09,1.6462e-07,3.0864e-05,0.00019581
1.6093e-10,5.756e-11,9.1109e-11,3.0036e-05,0.0055483
0,0,0.0092951,0.0028629,1.0063e-06
9.3749e-06,1.0753e-10,1.4098e-07,5.0007e-07,0.0055475
0.0018573,0.00022896,0.00036621,1.9585e-06,4.6482e-09
4.5956e-06,0.00053691,0.012992,0.0012732,1.866e-10
6.6738e-05,7.655e-13,2.0457e-09,7.8074e-09,0.0053823
3.8735e-05,0.00343,0.010943,0.00064384,1.335e-07
0.001432,0.0030562,0,0.0002622,1.1781e-05
0.0011549,1.0304e-05,0.0011326,6.1296e-05,0.0018128
3.4628e-05,0,1.107e-13,7.2999e-11,0.0054751
0.0019298,2.0127e-09,0,4.733e-07,1.3353e-07
0.00038077,2.7626e-07,6.2308e-05,9.3825e-05,0.004371
0.00193,2.6046e-13,0,0,0
4.8321e-06,0,0,0.0033238,0.00259
1.0646e-05,4.1904e-09,3.224e-06,0.0023849,0.0034115
0.00023677,3.3683e-11,7.9629e-10,1.0402e-06,0.0048902
0.0019232,4.4738e-06,7.9238e-06,1.3426e-05,3.2394e-06
1.1107e-05,0.00065268,0.016203,3.6605e-05,9.7149e-08
0.0019289,7.5486e-07,1.1051e-06,2.8378e-06,7.3994e-09
0.0016661,0.000949,0.00073106,0.00017309,1.356e-07
0.00193,0,0,0,0
0.0019278,1.1861e-05,2.807e-06,9.4735e-07,7.4933e-10
0.0009,4.5259e-09,3.6696e-08,5.2111e-05,0.0029287
1.4014e-05,6.6234e-11,6.6381e-08,0.00024306,0.0053173
6.9811e-05,6.1846e-06,0.00027899,0.0052902,0.00055159
0.00193,0,0,3.1462e-08,0
0.0019118,8.5509e-05,5.7886e-05,3.1003e-07,2.7465e-12
0.0017364,2.5262e-09,4.321e-08,1.3436e-06,0.00055805
1.0123e-06,2.0014e-08,1.3435e-07,1.6922e-05,0.005557
0.00193,1.4541e-11,5.5161e-11,3.5905e-09,7.5668e-08
0.0019236,4.8262e-11,7.5338e-09,3.3098e-08,1.8367e-05
0.0019282,2.1063e-06,5.9627e-06,1.9314e-06,6.2305e-07
0.0017744,7.8446e-05,0.00099696,0.00010576,1.0135e-06
0,0.011815,0.00064105,0.00084786,4.4906e-09
0.001386,0.00059208,5.8137e-05,0.001478,3.759e-07
3.4007e-06,3.8952e-07,5.3893e-05,0.0058425,0.00032505
0.0019157,3.1281e-06,4.8046e-06,4.2863e-05,1.3169e-07
0.0019299,2.0195e-10,7.1445e-10,1.0508e-08,3.1348e-07
0.0019291,2.6062e-06,4.2483e-06,1.1183e-07,1.5968e-09
0.00193,0,0,0,0
0.0019259,1.0333e-05,2.2324e-05,7.1153e-07,0
0.00053358,0.01017,0.00020317,2.1824e-07,1.5473e-11
0.0019291,1.7992e-07,1.2039e-06,2.1278e-06,2.5842e-07
0.0019245,8.1581e-06,9.7199e-06,9.8448e-06,7.6359e-07
1.8252e-05,0.014133,2.734e-05,9.4744e-10,6.9237e-14
0.0019291,6.5289e-06,0,1.1557e-07,7.5483e-09
0.0012833,3.5349e-05,0.00022694,0.0019873,4.3417e-06
0,0,0,0,0
0.0019292,1.9468e-07,1.493e-07,2.3409e-06,1.1489e-08
2.1632e-05,0.0020393,0.014542,1.5758e-07,4.8105e-11
0.00193,2.9849e-11,0,0,0
0.001923,4.8222e-07,4.3954e-07,2.1195e-05,9.9932e-07
0.0013767,0,8.6199e-05,0.0017341,2.0073e-05
0.0019295,0,0,1.5453e-06,0
0.00064074,0.0095462,0,5.6381e-11,5.9851e-14
9.4964e-05,0.011745,0.0016551,0.00020306,2.5245e-07
5.9064e-05,1.472e-08,4.1224e-06,9.9331e-06,0.0053943
2.5668e-05,0,0.016959,2.417e-07,4.9782e-10
0.0017609,7.4647e-12,0,1.6123e-06,0.00048694
1.3792e-06,0.013651,0.0007241,1.2029e-05,7.7677e-09
5.919e-06,0.0089674,0.00056004,0.0021004,4.0573e-07
0.001545,0.0023153,0.00023376,0.00014861,1.5151e-07
0.0003351,0.0030367,0.0093138,0.0004481,8.2177e-07
2.0033e-05,8.699e-06,1.0282e-06,0.0028839,0.0029356
0.00193,0,0,0,0
0.0019289,6.148e-08,3.6359e-09,4.664e-10,3.1245e-06
0.00027066,0.00083844,0.0020434,0.0042545,2.2512e-07
0.0003134,0.0081236,0.0021306,0.00090555,3.1459e-08
0.0019172,8.1455e-05,1.6004e-05,1.6294e-08,4.1075e-09
8.9627e-06,1.1982e-09,3.0247e-08,3.4386e-06,0.0055461
0.0019297,1.2269e-06,0,3.4934e-07,2.5844e-09
0.00193,9.4164e-09,5.9227e-08,2.8741e-08,0
0.00047746,3.76e-08,3.5233e-06,9.7351e-05,0.0041077
9.6162e-08,0.013813,0.00053823,1.2807e-05,4.1474e-11
0.00088879,0.001277,0.0042123,0.0012597,1.7134e-05
0.0019124,1.0914e-06,1.8835e-05,4.7525e-05,1.8018e-06
8.8368e-06,9.4381e-05,0.00058162,0.005956,2.1212e-08
0.0019296,3.0964e-11,0,7.9101e-10,1.1484e-06
1.0871e-07,0.0049724,0.008819,0.0008662,9.6663e-08
0.00014479,0.011352,0.0010177,0.00044524,1.4486e-07
5.3541e-06,6.8517e-08,2.3564e-05,0.0046901,0.0013595
8.9951e-07,2.7654e-11,7.6977e-09,1.3155e-06,0.0055713
0.0019277,1.6514e-05,0,1.5527e-07,9.9716e-12
0.0019258,0,0,2.9242e-10,1.2138e-05
0.00193,0,0,3.5386e-08,0
0.0019069,4.5834e-08,1.0079e-07,4.1597e-06,6.2932e-05
4.4954e-10,1.6912e-11,1.0946e-10,3.1698e-05,0.0055468
4.4327e-11,8.8863e-15,0,6.5918e-07,0.0055745
0.0019287,8.98e-06,5.8943e-07,1.4931e-07,1.198e-09
0.0019207,6.6356e-05,2.2413e-06,2.2169e-07,2.4107e-08
2.0248e-06,0.0018366,0.0061011,0.0031514,5.6786e-05
0.0018909,4.1246e-05,0.00024072,2.0461e-05,5.5482e-07
0.0019207,7.4441e-06,8.8804e-06,2.1088e-05,2.2078e-06
2.1398e-08,1.3131e-10,8.7463e-07,0.003299,0.0026258
0.00074317,2.0873e-05,2.5529e-05,0.0038079,8.062e-06
0.00026914,0.010599,0.0020412,6.3463e-07,1.9423e-11
0.0017714,8.9286e-07,0.000192,0.00044259,0
5.6895e-05,7.8141e-06,0.00050576,0.005866,7.0663e-08
0.0019287,6.5109e-06,2.5194e-06,2.4876e-07,4.2906e-09
0.0015498,1.4475e-05,0.0011911,0.00074925,3.6388e-05
3.2494e-06,5.9372e-06,0.010524,0.0024049,1.6838e-08
0,3.3776e-07,4.2224e-08,0,0.005575
3.1299e-05,2.5797e-05,0.0010052,0.0057584,1.1168e-06
2.2128e-05,0.012227,0.0015088,0.00028153,6.3408e-09
0.00086741,5.6436e-10,1.5621e-08,3.0572e-05,0.0030421
0,0,0,0,0
0.0017151,0,0,0.00069445,0
0.0018232,7.7409e-05,2.4123e-05,0.00030213,3.9374e-07
0.0014896,2.1465e-14,0,1.2637e-09,0.0012722
0.0019297,0,0,8.3716e-09,8.9199e-07
5.0275e-06,5.1989e-07,3.8391e-06,0.0061413,6.9385e-05
0.00065203,2.7905e-10,1.0661e-08,0.00010267,0.0035998
4.5343e-07,1.1825e-09,6.2759e-08,7.8546e-07,0.0055731
0,0,0,0,0
0,0,0,0,0
0.0013501,0.00057429,0.0044048,2.0097e-05,4.2812e-06
6.9901e-06,5.6485e-10,2.1568e-07,0.0021548,0.0036287
0.00056981,1.2356e-07,8.4647e-06,0.0023106,0.0018609
0.00019771,0.0083842,0.0053426,1.6504e-07,1.0788e-11
0.0019299,1.0213e-07,0,1.1533e-07,4.5069e-10
0.00022829,0.010288,0.0019742,0.00029294,9.0396e-09
3.5301e-05,3.5493e-07,7.7957e-06,0.00046672,0.0050533
0.00023959,0.0087788,0.00093946,0.0012895,7.6459e-07
0.0019245,2.6092e-05,3.8189e-06,4.8293e-06,5.5391e-09
0.0018079,7.0409e-10,1.6656e-07,4.8555e-05,0.00030927
0.00011169,7.6036e-05,0.015115,0.00033491,2.0698e-05
0.0019279,4.5812e-06,4.0218e-06,2.9244e-06,1.9453e-07
1.373e-09,9.3132e-14,1.9497e-11,3.248e-07,0.0055748
0.00193,2.6458e-09,0,0,0
0.0018891,0.00030252,0,0,0
7.4547e-05,0.00021362,0.0086191,0.0025004,0.00024561
0,2.2359e-12,9.7109e-09,2.0035e-06,0.0055733
0.0014598,1.8168e-12,0,1.2972e-08,0.0013584
3.5511e-07,7.9886e-10,3.9887e-08,0.0062196,1.4411e-05
0.0019172,4.3612e-05,4.767e-05,4.8363e-06,2.1598e-08
0.0018879,6.7811e-12,3.3425e-11,1.6196e-08,0.0001215
1.5795e-05,1.0834e-10,2.4975e-09,1.3908e-07,0.0055294
0.00094394,0.0072815,2.3533e-05,6.9748e-08,2.3137e-09
0.0013225,0.0015322,0.0001125,0.00090672,0.00031002
0.0019299,8.3326e-09,7.1154e-09,1.5109e-07,6.5062e-08
6.4913e-07,1.3368e-14,4.2553e-12,0,0.0055732
0.00055763,0.010146,0,6.6207e-06,2.9983e-08
0.00044092,1.3148e-10,3.0723e-09,3.0194e-08,0.0043014
0.0019275,3.1679e-11,1.19e-10,2.8175e-08,7.0679e-06
0.00055825,5.4701e-06,0.0024598,0.0034828,4.925e-05
0.0019167,6.7922e-07,1.873e-05,3.5628e-05,2.0272e-07
0.001376,4.3122e-06,0.00051468,0.0015985,2.6273e-06
0.0018277,4.5194e-08,8.481e-07,0.00013122,0.00017776
0.00058314,0.0016211,0.0019581,0.0029092,2.2487e-05
0.0017724,1.4456e-10,7.3041e-09,1.0318e-07,0.000455
1.7761e-05,6.5793e-12,1.0714e-09,3.6355e-09,0.0055238
1.1466e-06,6.3757e-09,2.0718e-07,0.003456,0.0024824
0.0019192,6.2887e-05,1.8874e-05,5.4354e-07,4.5959e-09
0.00013818,2.584e-05,0.00069528,0.005503,2.1183e-05
0.0019299,0,0,1.5048e-07,0
0.00014538,0.011791,0.0016926,6.7592e-06,1.2237e-10
3.2301e-05,2.3642e-11,3.8644e-08,1.5899e-05,0.0054676
0.0005501,2.1492e-06,0,0.0044582,0
4.8161e-07,0.0071196,0.0076987,0.00033389,5.6358e-07
0.0017993,0.00038598,0.00067327,9.6761e-06,5.0077e-09
0.00193,4.5114e-13,0,0,0
3.9009e-06,0.012693,0.001647,8.6862e-05,1.7444e-07
4.5563e-05,4.3337e-10,1.8162e-09,5.6565e-06,0.0054384
0.0019285,9.9492e-06,1.3232e-06,4.9858e-09,2.8552e-09
0.00193,1.836e-12,0,0,0
0.00023892,1.117e-05,5.2135e-05,0.0054344,5.8993e-06
6.0378e-05,0.0069553,0.0029624,0.0019311,1.508e-07
1.0609e-07,0.013481,0.00094565,9.7959e-06,2.4508e-08
0,0,0,0,0
0.0019279,3.1281e-06,1.4028e-05,2.2082e-07,9.586e-10
0.001916,5.2582e-05,6.4247e-06,5.9443e-06,1.2411e-05
0.00022326,1.4894e-16,8.2863e-13,1.6492e-10,0.0049302
0.0015121,1.2536e-07,7.9415e-06,0.00045859,0.00079445
4.0445e-06,4.3042e-12,1.2414e-10,8.353e-09,0.0055634
0.0019299,0,0,2.3434e-07,0
0.0016633,3.753e-05,0.00043367,2.3612e-05,0.00059387
0,0.00070618,0.00021233,0.0053634,0.00043639
0.0017695,0.00066706,0.00026131,0.00010148,2.7822e-05
0.0018981,9.0835e-08,0,0.00010231,5.2147e-07
0.00053494,0.001067,0.00060687,0.0038194,2.5886e-06
0.00193,0,0,0,0
0.0019298,0,0,5.7841e-07,0
0.0019298,4.4655e-10,8.9549e-09,1.7793e-09,6.5315e-07
1.9403e-05,2.0423e-08,0.00010528,0.00059264,0.0049552
2.769e-06,4.6757e-13,1.4521e-09,4.9226e-07,0.0055667
0.0019289,1.3574e-07,2.9896e-07,2.4426e-06,8.5386e-07
0.00193,1.8057e-10,4.9308e-11,3.9777e-09,5.9212e-08
0.00193,0,0,4.4214e-08,0
0.0011713,0.00034713,0.00074841,0.0020285,1.7742e-07
0.0019299,1.1605e-07,7.3529e-08,6.115e-08,1.0457e-07
0.001607,3.0484e-09,2.9599e-07,2.9152e-06,0.00093017
0.0017044,5.9695e-05,0.0017658,6.144e-05,5.5369e-07
0.0011449,0.0054568,9.5401e-05,0.00011757,3.133e-06
9.2561e-09,2.0423e-05,0.00040781,0.0059053,0.00015607
0.001893,3.251e-06,1.0376e-05,9.8462e-05,1.4205e-05
2.9824e-05,0.012629,0,0.00057445,4.874e-05
1.1521e-09,4.597e-13,3.5316e-12,1.4189e-07,0.005575
0.00193,5.6974e-11,2.7433e-11,7.2779e-10,9.237e-09
1.0075e-05,1.7125e-07,1.0418e-06,0.0060929,9.913e-05
3.0626e-05,5.3546e-11,1.2809e-08,9.0769e-08,0.0054866
3.9484e-06,0.00087473,0.01606,1.4748e-05,6.0296e-08
3.6264e-05,9.2736e-07,1.7275e-07,4.9203e-05,0.005426
4.4289e-08,0,1.2362e-06,0.0025606,0.0032857
0.0017843,1.0427e-07,2.0568e-07,0.0004702,4.0317e-07
1.1532e-09,8.2255e-14,2.6666e-09,7.9182e-08,0.005575
0.0019278,8.0823e-06,2.8685e-06,1.9887e-06,3.7905e-07
0.00029516,3.0735e-05,0.00099555,0.0038299,0.00096399
0.0018571,1.374e-10,6.8176e-10,3.8316e-09,0.00021049
1.1793e-05,1.1846e-07,6.6156e-06,0.0060561,0.00012526
0.0019228,1.4062e-06,4.0435e-06,0,1.8767e-05
0.00079761,3.2131e-09,2.6304e-07,3.173e-06,0.0032682
0.00089515,0.00026143,0.0084333,0.00016966,2.262e-07
1.5295e-05,0.00097781,0.015846,1.0679e-05,1.8068e-10
7.7011e-06,0.01418,5.7701e-05,2.4585e-06,1.1976e-09
0.00086648,2.409e-09,1.2896e-07,3.8645e-06,0.0030686
0.00193,1.787e-08,0,0,0
1.2648e-05,5.3581e-08,1.0537e-06,0.0061131,7.3722e-05
0.00193,1.3669e-07,0,0,0
8.388e-07,3.4513e-05,0.00032349,0.0061017,6.6566e-09
0.0019264,4.119e-09,8.7799e-08,5.1568e-08,1.0359e-05
0.00193,0,0,9.9213e-10,0
0.0018586,0.00032783,0.00021585,9.3143e-06,4.5446e-09
0.00099804,3.3809e-07,4.3492e-06,0.0029892,1.853e-05
5.4985e-09,2.0371e-12,2.0327e-08,0.00070512,0.0049448
0.0019249,1.6702e-05,1.6131e-05,1.7908e-06,1.4434e-06
0.00018856,0,0,0.0056275,0
4.6826e-05,1.1807e-09,4.5943e-06,0.00034954,0.0051259
2.4028e-05,0,3.2218e-08,7.3525e-07,0.005505
2.7363e-07,1.7651e-13,1.3749e-11,5.3075e-06,0.0055696
0.001418,5.4305e-05,0.00030046,0.00091748,0.00054032
0.00017263,1.3703e-10,2.3056e-09,6.0971e-06,0.005071
3.4881e-05,2.2714e-09,2.2389e-06,1.337e-05,0.0054617
0.0019207,6.8108e-05,1.2247e-07,3.5019e-07,6.7845e-09
0.0019285,9.6477e-09,8.1507e-08,4.7132e-06,9.9785e-08
0.00038917,2.0303e-06,1.0166e-05,0.0049694,4.6295e-06
0.0018981,6.0357e-07,2.0913e-06,4.6475e-05,4.9685e-05
0.00193,3.4607e-12,0,0,0
0.001284,0.0042026,0.00052983,6.1196e-05,6.0244e-12
0.0019297,2.0686e-06,0,0,0
0,0,0,0,0
4.3875e-06,0.0029119,0.00090941,0.0046215,3.007e-07
0.001923,6.7578e-06,7.2355e-06,1.6575e-05,2.6741e-07
1.2429e-07,3.0382e-12,4.2377e-08,5.3566e-07,0.0055743
0.00013016,1.2478e-08,5.498e-07,1.5073e-05,0.0051855
0.0018774,1.196e-08,5.6993e-07,2.3754e-06,0.00014949
4.888e-06,4.9893e-08,9.9829e-06,0.00073477,0.0049009
0.0019299,4.6325e-08,5.2774e-07,0,0
0,1.2961e-07,4.8506e-05,0.0062002,1.692e-05
0.00193,3.5092e-11,0,5.8856e-10,1.8186e-08
0.0002373,0.0025552,0.0045708,0.0026851,9.9672e-06
0.0016401,0.00058026,0.00011186,0.0006109,2.8604e-05
0.00016995,0.012993,0,1.7208e-05,5.3453e-10
0.0018397,0.00017463,0.00040755,6.7399e-05,3.4512e-07
0.00193,8.5958e-09,0,0,0
0,1.1307e-07,3.0975e-06,0.0046008,0.0014614
3.6686e-08,5.2525e-11,2.0196e-07,3.0232e-06,0.0055722
0.00193,4.8131e-10,0,3.9698e-09,0
0,2.0804e-05,6.1542e-07,0.0027684,0.0030921
0.0019283,0,0,5.3783e-06,0
0.0008364,0.0041349,0.00049818,0.0015486,5.1364e-08
2.702e-06,7.201e-14,1.0022e-10,7.8984e-09,0.0055673
1.0632e-07,6.6471e-09,1.1775e-06,0.0060141,0.00019837
0.0018902,0.00012485,9.3829e-06,0,6.3122e-05
0.00013171,0.0097927,0.0042346,8.3108e-07,7.0875e-11
0.00034282,2.2845e-06,8.4462e-07,0.0051196,7.2278e-06
0.001929,0,9.0585e-06,0,0
0.0018419,0.00051741,0.00015152,3.8465e-06,1.1337e-09
8.1132e-06,5.2312e-09,2.0856e-06,0.0062099,0
0.0018484,3.3385e-07,6.0888e-06,1.0499e-05,0.00022416
0.0018921,0,1.509e-09,3.0097e-09,0.00010941
7.7887e-05,0.010127,0.00031459,0.0014489,2.2282e-06
8.9748e-06,3.5397e-07,2.3176e-06,0.006009,0.00017685
0.00060684,0.0017493,0.00045436,0.0033395,7.1693e-06
0.0017586,0.00083155,4.1779e-06,0.00010234,7.7832e-05
1.3253e-06,1.2747e-08,4.6652e-07,5.9244e-06,0.0055658
0.0014681,2.4642e-06,0.00033768,0.00040827,0.00085882
0.0011823,3.1262e-07,1.1107e-06,0.0011769,0.0011072
0.0019111,7.1098e-05,3.0785e-06,2.8731e-05,9.729e-09
0.00092387,9.0404e-07,1.7129e-06,1.6951e-05,0.0028903
0.0016592,1.7437e-06,0.00015329,4.4622e-05,0.000692
0.0019293,0,0,7.3934e-12,1.8619e-06
1.4794e-06,0.0017873,0,0.0054519,1.0659e-07
5.2398e-08,1.2215e-06,5.5262e-05,0.0062081,7.1596e-06
0,0.011554,0.003207,3.0532e-05,4.1843e-08
0.0004132,0.0011792,0.011706,0.00013925,4.295e-08
0.0019297,1.4161e-07,4.5085e-08,9.1702e-07,7.3636e-08
0.0019266,1.3652e-05,1.0723e-05,1.2599e-06,3.7288e-10
0.00087595,1.4522e-06,1.4083e-05,0.0032547,0.00013027
0.0015084,4.0311e-06,0,2.0808e-05,0.0011976
0.0002047,0.0037784,0.010484,0.00012192,6.5749e-09
7.488e-05,7.6125e-05,0.0004805,0.0054019,0.00034451
1.8704e-06,2.0908e-05,0.00039401,0.0060757,2.6449e-06
0.00193,2.688e-10,0,0,0
7.376e-09,1.5605e-06,2.874e-05,0.0062249,7.2469e-07
0.0013453,0.00041271,0.00063394,0.0014576,1.9393e-05
2.6272e-06,1.3532e-06,6.3959e-07,0.0062262,1.1662e-06
0.00193,4.0293e-09,0,0,0
0.0019203,3.6058e-06,9.892e-07,2.8804e-05,5.9246e-07
0.00193,2.6131e-13,0,0,0
2.7668e-05,0.0017063,0.0026979,0.0043541,6.2302e-05
0.0019294,1.2954e-08,0,0,1.6006e-06
0.00062617,0.0083714,0.0013704,6.2557e-05,5.9549e-11
0.0017156,5.6364e-08,2.1247e-06,0.00067694,1.3423e-05
0.0019299,0,0,1.6885e-07,0
0.001866,0.00010698,0.00028191,5.7645e-05,1.2965e-07
0.0018852,4.796e-05,0.00034098,0,7.7146e-10
3.1556e-05,1.1106e-07,2.6329e-07,8.5951e-06,0.0054762
0.0019285,6.3221e-12,0,1.106e-09,4.3031e-06
0.00193,0,0,1.208e-09,0
0.00193,1.0942e-07,0,0,0
0.0019299,8.4284e-08,2.2349e-07,2.6934e-08,1.1708e-08
0,0,0,0.0062368,0
0,0,0,1.3095e-07,0.005575
0.00054924,3.2907e-13,0,3.8692e-07,0.0039882
0.00193,0,0,8.5103e-08,0
0.0019227,0,0,2.3711e-05,0
2.3097e-06,1.6233e-05,0.00022044,0.006132,9.1784e-06
5.0116e-05,2.1009e-13,8.131e-11,7.8626e-07,0.0054297
4.5697e-06,0.004215,0.01152,0.0002024,3.9186e-10
0.00193,5.1538e-08,0,0,0
2.2017e-05,7.8546e-07,2.6785e-06,0.0027053,0.0030921
4.3604e-05,0,0,0.0060959,0
0.0010136,1.0295e-07,1.9343e-06,8.0796e-06,0.0026393
0.0019299,1.4083e-08,0,2.694e-07,4.2564e-08
0.0018124,0.00024161,3.9394e-05,0.00024801,1.0884e-05
0.0017902,3.9399e-08,6.0471e-08,0,0.00040376
0.00193,4.6255e-09,2.0451e-08,1.5114e-09,0
0,0.0077053,0.0078762,1.59e-05,1.1004e-07
6.2576e-07,0.012352,0.00028404,0.00074093,1.7848e-09
0.0017456,6.9398e-09,6.0625e-06,0.00022183,0.00033231
0.00193,3.6423e-12,0,0,0
3.0795e-05,0.0020529,0.012154,0.00079939,2.8418e-05
2.0855e-07,0.0002926,0.014102,0.00099153,1.1251e-08
1.102e-06,4.0034e-13,0,1.2913e-08,0.0055719
0,0,0,0.0062235,1.189e-05
0.00193,1.2769e-08,0,0,0
4.0166e-05,1.5918e-10,7.5611e-09,0.00062716,0.0048985
0.0019298,8.7426e-08,3.1416e-08,3.8104e-08,4.8259e-07
3.2654e-05,5.8447e-05,0.011554,0.0019133,2.0556e-08
0.0018738,3.7153e-08,4.2743e-07,9.4565e-06,0.00015384
2.6732e-06,1.9687e-11,1.6792e-08,2.2496e-07,0.0055672
0.0015088,0.0030393,6.0645e-05,1.2603e-05,0
0.0002216,0.010616,0.0022474,7.2156e-05,8.4971e-09
1.5734e-06,0.00030934,0.0059164,0.0039279,1.9662e-05
0.00193,7.6788e-11,0,0,0
0.0018662,9.9836e-05,0.00044573,8.1585e-07,5.2622e-08
0.0018118,3.4501e-12,3.4182e-10,1.72e-10,0.00034136
0,2.2529e-06,0.0070441,0.0036798,0
0.0019034,2.3792e-07,2.0148e-08,0,7.6613e-05
3.7893e-07,0.00034728,7.9942e-05,5.5824e-06,0.0054076
0.001857,0.00052661,1.2753e-05,1.4073e-06,3.1178e-09
0.00025765,1.5489e-07,4.681e-08,2.3504e-05,0.0048098
0.00031296,0.0096801,0.0026763,2.9142e-05,4.7798e-07
0.00193,8.8521e-10,0,1.2136e-10,2.457e-09
0.001925,0,0,1.6027e-05,0
6.5146e-07,0.001278,0.012378,0.0011854,4.3375e-08
0.0018142,0.00085719,0,0,0
0.0016722,0.0018712,3.9915e-05,1.8585e-06,1.374e-08
8.0262e-09,1.3639e-18,0,1.5632e-11,0.0055751
0.0019184,1.9619e-08,3.7659e-09,2.0777e-09,3.3501e-05
0.0019296,1.1049e-07,0,3.1539e-10,1.0302e-06
0.0016414,3.2499e-05,2.4524e-05,0.00090951,1.4251e-09
0.0018278,1.8203e-10,2.5273e-08,4.1564e-06,0.00029139
0.0018436,1.3022e-09,1.6285e-08,2.6297e-06,0.0002471
0.00193,0,0,1.0844e-07,0
0.0014187,0,0,0.0016522,0
0.0018193,1.3431e-05,3.7994e-05,0.00033484,2.7332e-06
1.6628e-05,0.0013991,0.00082188,0.0052742,1.0142e-07
0.00015387,1.0295e-12,1.4494e-12,1.33e-08,0.0051306
0.0019286,3.78e-06,1.1726e-06,2.4497e-06,8.9966e-08
1.621e-05,7.5494e-08,6.4019e-06,0.00036783,0.0051974
2.167e-06,0.00091506,0.01115,0.0017844,6.9549e-10
8.9017e-09,5.9133e-08,4.6346e-06,0.0062201,1.3441e-05
3.1222e-07,7.3786e-09,1.3905e-06,0.00020348,0.0053919
3.2874e-05,3.2646e-09,3.3611e-08,6.8794e-05,0.0054187
1.9403e-07,5.4885e-08,4.6896e-06,0.0061762,5.2057e-05
0.0011903,0.0010469,0.0019865,0.0010125,0.00017907
0.00193,2.7944e-11,0,0,0
0.00193,0,0,1.4762e-12,0
0.0018426,4.1197e-07,0.00010976,0.0001258,0.00010423
0.001723,0,0,0.00066897,0
0.0011588,0.0002616,0.0040448,0.00087585,3.0831e-05
1.9304e-05,2.4756e-07,1.7762e-05,0.0023837,0.0033827
0.0019287,0,0,4.2076e-06,0
0.0010961,0.0057634,0.00044163,1.9094e-05,4.8236e-08
6.5915e-07,8.1654e-08,7.7858e-07,0.0061522,7.3446e-05
0.00193,1.6005e-11,0,0,0
3.5567e-06,5.6912e-06,1.2875e-05,0.0050548,0.0010399
8.7731e-07,0.0053102,0.010106,0.00024303,5.6377e-06
0.00065133,3.1568e-05,0.01086,0.00012158,4.9948e-05
0.0019296,2.9823e-08,1.5882e-06,1.7585e-07,3.7337e-07
0.0015078,4.0507e-07,2.3977e-05,4.8373e-06,0.0012075
3.1088e-05,3.507e-06,0.0019859,0.0053312,7.4273e-05
0.0018563,0,0,0.00023818,0
0.00193,5.9839e-12,0,3.7657e-09,4.2693e-08
1.7995e-05,0.01159,0.00028519,0.00097203,4.0277e-05
0.0019272,9.8958e-06,3.2793e-08,4.5688e-06,4.2229e-08
1.2625e-05,0.0091374,0.005424,0.00024,4.1752e-08
0.0019137,2.015e-05,0.00010553,5.6496e-06,2.2486e-09
0,1.4372e-08,0,0.0062368,0
6.8451e-05,3.8396e-07,3.5807e-07,0.0059209,8.4454e-05
0.000979,2.2277e-06,1.4248e-06,0.0030698,1.6542e-06
0.001919,2.6449e-05,4.874e-05,6.3531e-06,0
0.00193,0,0,1.9115e-09,0
0.0014799,0.0020627,2.7009e-05,0.00038589,0.00014163
0.0010168,0.00015987,0.00011003,0.0028358,4.9042e-06
0.00193,0,0,3.4506e-10,0
0.00066953,0.0002318,0.0010714,0.0035092,6.6243e-05
0.0010689,0.00010286,0.00079427,0.0016942,0.0006752
4.9796e-05,0.0012904,0.00083155,0.005211,3.051e-08
0.0013103,1.3402e-10,1.7689e-08,1.0697e-06,0.001789
0.00193,9.948e-10,0,0,0
0.0015312,1.0652e-06,5.8649e-06,2.6973e-05,0.0011255
0.00035034,0.0025131,0.00039193,0.0038308,3.12e-05
0.00193,3.6188e-12,0,0,0
0.0019247,3.6023e-05,3.3775e-06,5.1921e-09,1.8743e-09
0.0013698,0.00013352,0.00092744,0.0013417,6.6123e-05
0.00193,0,0,1.2674e-07,0
0.0018658,1.0793e-08,5.7102e-07,3.6718e-06,0.00018195
4.7033e-09,2.0341e-08,8.887e-07,0.0061656,6.3332e-05
0.0012948,6.3074e-07,2.9002e-05,0.0020418,0
1.0338e-07,0.0085193,0.006844,3.502e-05,0
0.00193,2.8038e-11,0,0,0
1.3267e-05,0.009785,0.0052284,2.6302e-05,5.2989e-09
0.00193,3.7179e-09,0,0,0
2.0817e-05,1.9713e-12,2.8045e-10,6.3102e-09,0.005515
0.0019298,3.5738e-12,3.8294e-11,7.0143e-09,5.7266e-07
0.00020868,0.00046091,0.00034655,0.002906,0.0020824
0.0019294,0,3.3363e-09,2.4573e-10,1.6336e-06
0.0018249,0.00048458,0.00013739,7.84e-05,6.376e-09
2.2744e-05,9.5293e-11,3.2259e-09,0.00087837,0.0047242
2.4269e-05,0.012155,0.0011605,0.00043255,0
0.0018097,0.000542,0.00037769,1.5152e-05,2.5523e-09
0.0019299,0,3.7082e-07,0,0
0.001892,2.3137e-11,1.8687e-10,8.4414e-09,0.00010965
0.0016229,7.0604e-09,9.3768e-07,4.1859e-06,0.00088312
0.0011148,0.00047113,4.3475e-05,0.0019338,0.00042827
0.0016597,0.0014296,0.00062196,2.3591e-05,1.2027e-07
0.0018804,2.0937e-07,8.3236e-06,0.00010889,4.3147e-05
0,0,0,0,0
2.1089e-05,6.4114e-05,0.00091293,0.0058086,7.6941e-07
2.3418e-08,2.2316e-06,5.6964e-05,0.0062144,6.217e-07
0.0015547,9.3146e-06,4.2939e-05,0.00090559,0.00025703
0.0019299,4.7207e-10,3.7053e-10,1.9518e-08,3.7983e-07
0.0013625,4.3803e-06,0.00011939,0.0017551,3.0086e-05
0.0018731,6.659e-08,0,4.6323e-06,0.00016009
1.1066e-07,0.00063317,0.016413,4.4782e-06,7.6344e-11
1.5329e-07,1.3217e-11,3.7922e-09,7.3075e-05,0.0055094
0.00193,3.0688e-08,2.3715e-10,1.9053e-10,0
0.0017429,0.0013855,0,0,0
1.2845e-06,2.3116e-09,2.0654e-08,3.2353e-07,0.0055711
0.0007689,7.7512e-07,0,0.0037091,3.8111e-05
0.00193,0,0,8.2556e-08,0
8.8613e-09,1.6736e-14,3.2262e-13,1.3522e-06,0.0055739
0.001691,1.6298e-14,5.2723e-12,1.4228e-08,0.00069025
0.00193,0,0,3.2102e-08,0
0.0017006,1.1363e-09,3.6791e-07,2.8451e-05,0.00063719
0.00193,0,0,0,0
0.001508,4.2401e-09,3.1247e-10,3.0339e-08,0.0012191
2.9654e-07,4.4121e-07,1.7008e-05,0.0026427,0.0032062
1.1528e-05,9.5474e-05,0.00098195,0.0058007,8.5099e-07
0.0019284,1.1367e-06,1.2966e-05,0,0
3.6567e-07,8.6601e-12,1.2131e-10,1.547e-07,0.0055739
0.00193,0,0,0,0
0.0017722,0.0010501,6.3464e-05,2.6634e-05,1.6432e-06
1.161e-06,0.01252,0.0021195,1.2557e-08,8.9389e-15
3.7865e-08,1.4472e-15,0,2.3962e-10,0.005575
0.0018412,0,0,0.00028682,0
0.0017789,1.0311e-07,6.0834e-08,6.2224e-06,0.00043092
0.0019152,4.0034e-05,8.263e-05,1.468e-07,1.3101e-07
0.00024873,1.353e-12,0,3.3882e-09,0.0048566
0.00012568,7.1761e-08,2.1008e-05,0.0041057,0.0015351
0.00193,3.128e-12,0,0,0
1.5836e-05,1.4135e-09,2.7593e-08,0.00050585,0.0050772
0.0018144,0,0,2.0519e-06,0.00033216
0.0019297,1.7024e-06,5.6662e-08,2.4624e-08,3.1604e-11
6.3034e-07,0.0023294,0.0033051,0.0040187,1.7285e-07
5.2713e-05,0.013869,3.2817e-05,1.9065e-06,1.2285e-08
3.8358e-05,5.1415e-05,0.00015331,0.0053874,0.00057874
3.5013e-05,4.3057e-06,0.00070002,0.0038574,0.0017971
0.0019265,7.3681e-08,5.5424e-07,1.0084e-05,7.196e-07
0.00014966,6.548e-13,3.6953e-10,2.9577e-08,0.0051428
0.0019102,6.1351e-05,9.6673e-05,1.995e-06,3.5882e-08
0.0013211,0,0.0001694,0,0.0017041
7.3167e-05,1.3034e-08,2.3019e-07,0.00019521,0.0051892
0.0019209,6.3836e-06,1.8128e-06,2.5989e-05,0
0.0018772,2.2046e-08,6.4821e-08,5.0809e-08,0.00015245
0.00010203,0.0037825,0.011218,0.0001857,4.8296e-09
0.00193,3.0919e-12,0,0,0
0.00038703,9.2064e-09,1.6771e-07,0.00026944,0.0042162
0.0016867,0.00012373,0.0019302,3.1144e-05,5.4637e-07
0.0001359,0.00030115,0.0032311,0.0044865,6.4741e-06
0.00040207,0.00054565,0.0028333,0.003668,2.9598e-06
0,0,0,0,0
0.00049383,7.2743e-07,4.3777e-05,0.0045977,2.4222e-05
0.00070068,0.00040625,0.00010376,0.0035039,0.00022676
0.0018929,1.0791e-11,3.1198e-12,8.6026e-09,0.00010717
0.00055723,0.0038305,0.0075459,2.6244e-05,1.2294e-09
8.6108e-05,0.01344,0.00015148,3.8092e-05,2.3072e-09
0.0019298,1.2502e-06,2.3576e-07,6.6655e-08,6.5252e-10
0.00085644,1.3421e-05,1.4815e-05,0.0033336,0.00011116
0,1.7348e-09,3.924e-07,0.0062006,3.2218e-05
0.0019282,4.8793e-13,0,5.2651e-10,5.2414e-06
0.00017605,6.0863e-09,7.5968e-08,5.9624e-07,0.005066
0.0010249,7.2193e-05,1.0043e-05,0.0028085,7.2552e-05
4.38e-06,1.0708e-09,5.6822e-08,0.000203,0.005381
0.0015605,0,0.00015353,0.00025099,0.00079328
0.0015121,0.0016474,0.0016218,4.3027e-05,3.0598e-08
5.455e-06,0.0069862,0.0019449,0.0024411,2.0876e-05
7.7438e-06,9.5243e-05,3.7566e-05,0.0019744,0.0037385
0.00029952,5.8436e-06,0.00023552,0.0051803,5.7365e-07
0.00193,0,0,5.6026e-09,0
0.0017001,0.00033125,0.0010517,0,0.00019384
0.0016645,0.0019636,2.5918e-06,0,7.3269e-10
0.00029898,4.2428e-08,0,4.0974e-05,0.0046748
0.00020521,0.012765,2.8166e-06,1.7643e-06,3.9497e-08
3.3357e-09,1.5811e-05,0.0024535,0.0042713,0.00095503
0.0018813,0,0,0.00015729,0
0.0017308,1.9004e-07,7.1403e-07,0.00063532,7.0816e-06
0.0019292,1.6138e-07,1.4053e-09,2.464e-06,1.1971e-07
2.7645e-06,0.013992,0.00033304,4.7064e-07,4.4795e-11
0.0019289,7.5901e-06,1.5319e-07,6.4437e-08,0
0.0018338,7.7595e-07,2.012e-06,6.0825e-05,0.00022252
0.0018697,0,2.476e-11,2.2956e-11,0.00017422
0.0019299,1.6701e-07,1.7203e-08,8.2427e-08,3.1152e-09
0.0019299,8.2332e-08,1.6761e-08,1.7789e-07,8.831e-09
5.0785e-05,0,7.8641e-11,5.113e-08,0.0054284
0.0019295,2.0936e-06,4.9712e-07,4.3687e-07,8.6573e-08
0.0015558,0.0027594,1.1736e-05,5.1124e-07,6.4224e-10
0.0013536,0.0027192,0.001506,0.00012936,4.0418e-08
0.0013058,0,0,0.0020171,0
6.0425e-05,0,0.00024841,0.0059215,2.6779e-05
7.3814e-07,1.2417e-07,1.2655e-06,0.00097245,0.0047033
4.0934e-05,1.0648e-05,3.2658e-06,0.0060918,6.1674e-06
0.0018066,1.7014e-06,0.00038468,5.741e-05,0.00017975
8.5688e-05,2.2212e-12,7.4902e-12,4.8501e-08,0.0053276
0.0015701,0.0017902,0.00082392,8.2617e-05,4.869e-09
0.0014425,5.065e-10,2.3796e-09,5.8081e-07,0.0014078
0.00055808,0.00079198,0.0021095,0.0032264,8.5741e-05
0.00193,1.4249e-07,3.3693e-08,3.3628e-10,3.3987e-10
0.0019034,2.2609e-07,5.9147e-06,6.8073e-05,1.3857e-05
0.0011395,0.0054827,0.00044522,8.5354e-08,9.2624e-10
2.5752e-06,3.1853e-07,9.693e-05,0.004589,0.001434
2.8778e-05,1.3013e-07,2.4905e-06,3.3599e-05,0.0054611
0.00029823,1.0409e-09,7.4705e-07,7.8603e-08,0.0047133
1.0235e-05,0.0020768,0.014521,2.8413e-05,6.9582e-12
0.0017088,0.0016283,1.1009e-05,1.1697e-07,2.7065e-10
0.0017241,9.6813e-11,2.9621e-09,9.0202e-09,0.00059481
2.9005e-06,0.0025526,0.011795,0.00083351,3.7373e-08
2.6248e-06,0.0023792,0.013674,0.00016627,5.5205e-05
0.00011398,1.5882e-10,5.8528e-07,0.00041448,0.0048752
0.0019299,3.7123e-08,4.4373e-08,3.0486e-07,1.4035e-08
0.0019269,1.0521e-10,4.7447e-09,1.8832e-10,8.814e-06
0.0018084,7.8375e-06,2.4425e-05,0.00022822,0.00013619
0.0019299,6.9211e-09,8.608e-07,0,0
0.0016575,0.00055684,0.0016736,3.0335e-05,2.0878e-09
0,6.7827e-07,8.2627e-06,0.0056115,0.00055606
3.4314e-10,6.1613e-13,1.4064e-09,1.0485e-05,0.0055657
0.00050592,9.4183e-06,0.00025505,0.0007863,0.0033244
0.0019199,6.0438e-05,1.2776e-05,1.3608e-06,1.1066e-07
0.0019034,9.7825e-07,1.4513e-05,8.7162e-07,7.094e-05
1.1797e-06,9.6093e-09,6.5148e-06,0.0062296,9.3536e-07
0,0,0,0,0
0.0012066,1.0967e-11,3.2237e-09,4.531e-07,0.0020891
0.0018778,0,0,0.00016873,0
0.00193,0,0,3.5452e-10,0
8.3648e-08,0.00066116,0.016029,0.00013163,6.445e-10
3.5395e-08,0.0069329,0.0082153,0.00022979,1.333e-07
0.0018735,0.00018087,0.00024582,1.4153e-05,3.3486e-07
0.0019298,0,0,7.4424e-07,0
0.0019276,2.082e-06,6.3978e-07,6.5814e-06,6.6203e-08
0.00034755,0.003967,0.0015075,0.0027989,3.2649e-05
0.0013825,4.7563e-05,2.6251e-05,0.0014961,0.00021704
0.0018086,1.3643e-06,2.2914e-06,0.00025378,0.00012259
0.0019054,0.00016971,9.8837e-06,1.9714e-06,1.6678e-11
7.2471e-09,9.4943e-05,0.0064459,0.0038564,3.0336e-08
2.0386e-08,0.00032267,0.004306,0.0045328,6.2e-07
0.0017119,0.0001356,0.0017601,3.5904e-06,2.96e-06
5.4021e-06,3.237e-06,2.1164e-05,0.0062098,3.8997e-07
2.068e-05,4.5766e-08,1.3952e-08,1.0475e-06,0.0055144
0.0014532,0.0035306,0,0,0
4.8656e-05,0.00053758,0.0098452,0.0021459,0.00011318
2.4212e-07,0.012849,0.0017307,2.2889e-07,3.3128e-11
0.00193,2.9193e-12,0,0,0
8.0104e-08,1.6913e-13,5.1505e-11,2.9744e-07,0.0055746
0,1.3476e-14,9.0052e-13,4.2676e-08,0.0055751
0.0018812,0,0,0.00015773,0
1.5374e-05,3.9951e-06,0.00010392,0.00088685,0.0047027
9.5027e-08,3.6453e-05,0.0021454,0.0054383,3.4295e-06
0.0019293,0,0,2.3228e-06,0
0.00193,0,0,1.7848e-09,0
7.57e-08,9.1676e-14,2.4178e-12,3.5498e-09,0.0055749
0.0019264,1.3361e-05,3.6168e-06,4.1245e-06,1.9544e-07
0.00042806,6.9271e-06,0.00042725,9.5071e-05,0.0041123
0.0010609,9.3278e-06,1.3252e-05,0.0027789,1.8541e-05
0.00034183,0.0003991,8.1291e-05,0.004915,1.21e-05
1.2574e-07,4.7359e-09,1.2229e-07,0.0061772,5.2884e-05
0.0017746,8.467e-05,5.5886e-06,0.00035842,9.352e-05
0.00032403,0.011815,9.0708e-05,1.7495e-07,5.5559e-09
0.00078466,1.0106e-09,1.3017e-07,6.3392e-05,0.0032518
0.00041958,4.3735e-06,3.0722e-06,0.00024631,0.0041402
0.00010626,5.7859e-06,1.2859e-05,0.0048927,0.00088812
0.00088529,0,0,0.003376,0
0.00178,1.281e-05,0.0013117,2.9419e-06,3.1652e-07
3.3574e-05,0.0011866,0.00091844,0.0052758,1.271e-06
0.001892,0,0,0.00012274,0
0.0012967,0.00026979,0.0052978,6.0267e-06,3.8425e-07
0,4.695e-09,6.6274e-09,4.9971e-05,0.0055305
0.0017052,0,0,0.00072629,0
1.2343e-08,3.0375e-06,0.00030103,0.0061238,2.145e-06
1.346e-06,1.0276e-14,3.0066e-12,4.1491e-09,0.0055712
1.3497e-06,3.4973e-05,0.0043601,0.0040635,0.00051093
0.00029609,0.0011085,0.012569,0.0002353,2.0481e-07
3.0818e-08,8.5697e-08,1.2468e-06,0.0062341,1.9506e-06
0.0019264,2.8288e-11,0,5.116e-08,1.0401e-05
0.00193,1.6908e-11,0,0,0
0.00031723,1.2155e-09,1.765e-07,3.6749e-07,0.0046584
0.0019231,3.7956e-05,5.5267e-06,3.5641e-06,7.2148e-10
0.0012906,6.4775e-06,3.3952e-05,0.00017626,0.0016758
0.00043704,0.010989,7.8248e-05,1.0601e-07,8.2671e-11
0,0.00025556,1.2655e-05,0.00017111,0.0053184
0.0019299,5.906e-07,0,0,0
1.2409e-05,1.2793e-10,2.9099e-08,0,0.0055393
0.00043037,0.0012846,0.0013385,0.0037744,2.2605e-05
7.6357e-06,3.159e-11,2.2204e-09,2.1187e-07,0.0055529
6.1056e-06,0.0017811,0.010908,0,0.0013244
0.001893,1.02e-12,0,2.1525e-07,0.00010654
1.5415e-06,9.6676e-05,0.011009,0.002195,6.3199e-08
0.0019196,9.0355e-06,1.8885e-06,2.4303e-05,4.1337e-06
8.3993e-05,2.2514e-08,6.6222e-05,0.0012566,0.0041877
0.00193,4.2542e-12,0,0,0
0.0019168,0,0,4.2696e-05,0
3.0675e-07,5.1956e-13,3.4048e-10,4.0593e-06,0.0055706
0.0013936,3.1774e-06,0.00021589,0.0011383,0.00046061
0.0019281,0,0,6.0977e-06,0
2.5188e-05,2.2859e-05,0.00034705,0.0059778,3.7337e-05
0.0019,0,1.8191e-07,8.9071e-09,8.6649e-05
0.0017681,0.00018878,0.00063901,5.5121e-05,0.00013757
0.00193,0,0,2.5043e-12,0
0,8.4993e-15,1.2006e-10,2.1119e-06,0.0055732
1.4405e-07,2.1992e-15,5.0988e-15,3.7761e-08,0.0055747
0.00029696,7.1992e-06,1.2538e-05,0.0052646,4.3853e-06
0.0018894,9.6677e-12,3.0196e-09,2.7887e-08,0.00011728
0.00193,0,0,1.1682e-09,2.5537e-08
0.0017663,0.0012081,4.3044e-06,0,7.4344e-08
0.00193,1.2717e-09,0,0,0
0.0015429,1.8788e-06,1.7444e-05,0.0011378,9.4596e-05
0.0019299,1.0107e-06,1.3876e-08,0,3.114e-11
0.00020099,0.0074431,0.0062466,7.2205e-05,6.2295e-08
0,7.6354e-08,2.0869e-07,0.00067858,0.0049684
0.00027822,5.4739e-09,0,0.00010995,0.0046731
9.2354e-06,1.9617e-13,2.1671e-12,7.489e-08,0.0055484
0.0019299,0,0,1.9497e-07,0
0.00044056,0.010855,0,7.5683e-05,6.0691e-10
0.0015374,1.1583e-05,0.00049335,0.0005604,0.0004686
0.00057233,1.0854e-10,0,6.7738e-08,0.0039218
0.0019299,3.1011e-09,3.1538e-09,4.4315e-07,1.2645e-09
8.0599e-07,6.1063e-06,5.7554e-05,0.0037582,0.0021923
2.2543e-05,0,2.3661e-13,1.6061e-09,0.00551
0.0019286,9.5462e-09,1.2628e-07,7.7765e-08,4.0201e-06
0.0019291,1.3847e-06,1.7845e-06,1.4159e-06,1.1364e-07
5.6358e-06,1.0497e-08,4.0974e-08,0.0035627,0.0023741
0,0,0,0,0
0.0019294,4.0532e-07,3.297e-06,4.6045e-08,3.0505e-07
0.00058337,2.3942e-06,5.1387e-06,0.0030512,0.0011599
0.0019275,0,0,0,7.1945e-06
0,0,0,0,0
0.0017448,0.00045194,0.00042494,0.0002464,5.185e-07
1.6747e-07,3.9002e-13,2.0293e-11,2.6273e-07,0.0055744
0.0009504,2.0582e-08,1.9947e-06,2.8189e-05,0.0028039
0.00013616,5.146e-11,7.5659e-11,2.7557e-08,0.0051818
0.0019223,0,0,2.4866e-05,0
0.0014782,4.3481e-07,0,0.0012627,0.00017618
0.0019268,3.0357e-08,9.3548e-08,2.2999e-07,8.956e-06
0.00193,3.1973e-08,0,0,0
0.0002049,4.0753e-10,4.2695e-10,5.1412e-05,0.0049373
0.00025871,1.0572e-07,6.8079e-06,0.0039003,0.0013391
2.2266e-06,0.00090922,0.016006,2.495e-05,1.7974e-10
1.138e-06,0.006501,0.0093514,2.6478e-06,2.4649e-14
1.1747e-07,1.206e-10,3.2744e-08,1.6646e-05,0.0055599
0.00193,0,0,1.5466e-10,0
3.4838e-10,1.0926e-09,2.335e-07,0.0047338,0.0013434
0.00086879,0.00062704,0.0080722,0.00022639,1.506e-07
0.0019242,4.7868e-08,1.5369e-05,1.2662e-05,3.2976e-07
4.7925e-09,2.942e-10,8.8483e-08,0.0015108,0.0042246
0.0018022,1.9481e-10,4.1103e-07,8.8275e-07,0.00036815
0.00036765,4.4327e-13,0,2.0884e-08,0.0045131
0.00193,0,0,1.6803e-09,0
3.1264e-05,0.0037383,0.010506,0.00069198,2.8595e-08
0.0019299,4.8152e-08,0,1.716e-07,0
0.0014694,0.00045826,0.000259,0.001194,3.3207e-07
0.0019299,0,0,2.5265e-07,0
0.00087638,9.2059e-09,1.9569e-07,5.1634e-05,0.0029973
0.0019286,1.8218e-09,1.5865e-09,1.7088e-08,3.934e-06
0.0018717,6.3955e-11,1.2421e-09,2.8214e-08,0.00016842
0.0019175,3.8247e-08,6.1351e-07,1.0464e-05,2.6646e-05
0,0.0062639,0.0081458,0.00054724,2.1608e-08
2.5453e-06,0.0055637,0.010104,0.00013422,1.4681e-08
1.0779e-07,1.0234e-06,1.4608e-05,0.0018175,0.003945
0.001929,0,0,3.3389e-06,0
0.0019292,6.2028e-12,6.5515e-10,5.1165e-09,2.2285e-06
0.0019173,9.4153e-05,0,0,0
2.654e-06,0.0021599,0,0.0052748,9.6969e-06
0,1.421e-11,9.5761e-11,1.6457e-06,0.0055737
9.8469e-05,2.0082e-05,0.0074473,0.0032043,2.8411e-06
0.00097412,3.7372e-05,0.00082737,0.0023917,0.00034034
0,0.012493,0.0021465,5.0997e-07,4.5666e-06
0.0019263,1.467e-05,2.0179e-07,0,4.9982e-06
2.2755e-06,3.1973e-10,8.7317e-07,0.00021388,0.0053771
7.0964e-08,0.00036017,0.00081196,0.0057844,3.8619e-07
0.0019286,9.2463e-06,1.0678e-07,1.7866e-07,1.0991e-07
0.00041186,6.791e-11,2.629e-08,1.2065e-06,0.0043843
0,3.1216e-07,0.0040038,0.0047759,7.0714e-06
0.0019102,2.3582e-08,1.017e-07,8.3661e-06,4.9622e-05
2.0158e-06,0.0033253,0.0060585,0.0025805,1.2917e-07
0.00046436,4.2711e-10,0,2.9228e-06,0.0042311
0.0013206,0.0044232,2.3335e-05,2.7976e-05,2.071e-06
4.6122e-05,0.0027118,0.011953,0.00056697,4.4232e-09
0.00193,0,0,0,0
0.00021222,0.0059419,0.0063823,0.00064187,1.1264e-08
0.00193,1.2601e-10,0,0,0
0.0018943,4.8582e-07,0.00017427,4.9983e-05,1.7221e-06
0.0018438,3.0917e-07,4.1814e-07,8.6622e-06,0.00024112
0.00048252,4.0402e-13,7.1216e-12,0,0.0041813
0.00048816,3.3061e-10,7.2721e-08,0.0004547,0.0037585
0.0015851,1.4346e-07,1.4117e-06,0.0011006,1.2035e-05
0.0018589,0.00032461,0.00024219,3.4579e-08,2.1961e-09
0.00010383,0.00038255,0.0072098,0.0027805,0.0003019
0.00040873,4.2075e-12,2.1399e-10,4.4257e-08,0.0043944
0.0019232,5e-05,3.1695e-07,0,0
0.0019275,1.8285e-05,0,0,0
0.00024198,1.6883e-08,6.3102e-08,1.3316e-07,0.004876
0.0016814,3.038e-09,2.6745e-07,1.4808e-06,0.00071658
3.2378e-06,3.8917e-07,1.1847e-05,0.0062192,2.4144e-06
1.8671e-06,8.625e-08,2.1637e-06,0.0018166,0.0039452
9.7454e-06,0.014202,1.9029e-05,3.6533e-07,0
0.0019297,6.0819e-09,3.5002e-08,3.6648e-08,7.6227e-07
0.0019299,6.4435e-08,6.8475e-09,1.4218e-07,1.1414e-09
0.0011088,4.1484e-07,7.6593e-06,0.00042208,0.0019923
0.0016448,9.3125e-09,0,0.00091958,1.6986e-06
1.9394e-05,0.0032166,0.010178,0.0010772,0
0.0013429,4.4633e-08,3.312e-07,0.00019186,0.0015242
0.00193,0,0,2.3848e-09,0
0.0015159,8.8125e-08,4.1559e-08,1.0825e-06,0.0011953
0.0019299,0,0,4.5308e-07,0
3.4352e-05,0.00012924,4.5058e-05,0.0058176,0.00021049
1.3729e-05,5.8442e-06,8.9226e-07,0.00072713,0.0048829
0.001583,0,1.5409e-10,4.8337e-09,0.0010023
0.00193,1.9727e-08,0,0,0
0.00066505,0,0,0.0040877,0
0,1.953e-05,0.00011342,0.0061861,9.2936e-07
0.00193,1.2982e-10,0,6.8025e-09,5.3632e-11
0.0019271,2.645e-09,1.4926e-08,3.5752e-06,5.2225e-06
0.0019299,0,1.8321e-10,2.1568e-09,1.384e-07
0.00193,0,0,0,0
0.00193,4.9875e-10,0,0,0
0.0012868,0.0016149,4.8176e-05,0.00026802,0.00097266
0.0014686,0.0023796,0.0012434,1.3427e-06,8.0892e-11
0.00029484,1.2455e-09,5.6079e-10,1.1929e-05,0.0047127
0.0017445,1.0424e-05,1.9801e-05,0.00058289,4.2202e-06
0,0,0,0,0
0.00024076,0,0,0.0054588,0
0.0018307,0,0,0.00032085,0
8.6783e-10,1.1224e-13,3.9467e-12,1.7347e-06,0.0055736
4.2122e-08,8.0056e-08,0.014512,0.00024097,0.00065254
0.0018735,4.2579e-09,3.459e-07,6.7965e-07,0.00016246
0.00193,1.0915e-08,0,0,0
0.0019146,2.8751e-09,2.571e-08,1.1621e-06,4.3429e-05
4.7296e-06,7.9243e-10,8.9577e-09,1.6448e-05,0.0055468
5.8197e-06,0.014072,0.00021139,1.7247e-08,2.4239e-14
0.0018267,0.00076507,0,0,0
1.5886e-06,6.1913e-08,2.2746e-06,0.0016131,0.0041278
1.6489e-08,6.1249e-10,4.3844e-07,0.00015174,0.0054393
0.0019016,2.7712e-08,1.5711e-06,1.035e-05,7.2206e-05
0.0014401,1.9694e-06,0,0.0015775,4.3454e-06
0.0019278,8.7138e-08,5.3488e-08,7.0111e-06,2.3957e-08
0.0019295,3.4379e-06,0,0,0
0.00045786,5.5309e-10,0,2.1417e-05,0.0042334
0.00193,0,0,0,0
1.7742e-05,0.011429,0.0031398,5.2054e-05,8.1374e-10
0,0,0,0,0
2.7421e-07,1.0231e-09,2.6575e-07,0.00096497,0.0047117
0.00011156,0.013445,2.0891e-05,7.337e-07,1.4028e-09
0,3.3931e-07,6.9546e-05,0.00076464,0.0048689
0.0019263,0,0,7.1468e-08,1.057e-05
0.0014193,1.2793e-07,2.0747e-06,6.8828e-05,0.0014131
0.0001558,2.986e-07,7.375e-06,0.0042567,0.0013174
0.0011992,0,0.0057637,4.6471e-06,0.00023731
2.2525e-08,9.3474e-07,2.6504e-06,0.0062351,3.017e-07
0.00193,6.6076e-09,0,0,0
4.3245e-05,0.0023687,0.013929,9.0232e-06,6.2881e-11
0.00028197,0.00022812,0.0077094,0.0024286,0
0.00193,2.0783e-13,0,3.4958e-10,2.2208e-08
0.0018429,3.8675e-05,9.2547e-05,0.00020789,2.0679e-05
3.007e-05,3.8059e-10,4.1498e-07,4.4605e-06,0.0054841
0.00193,6.1268e-10,1.1354e-11,0,1.6461e-08
0.00065761,0.0079231,0.0017982,1.3563e-06,1.8581e-08
0.0015173,0.0029548,4.4546e-05,2.7536e-05,4.4946e-07
0.0010469,1.7615e-09,1.1849e-09,2.2675e-06,0.0025491
0.00193,3.2506e-08,0,0,0
5.1068e-05,9.2253e-07,7.0892e-05,0.0060224,2.0804e-05
6.4571e-06,0.00021018,0.00026215,0.0060253,3.3948e-06
0.0018962,2.9117e-12,0,1.2757e-07,9.742e-05
2.1393e-05,9.9665e-11,0,5.1606e-05,0.0054672
0.0019288,8.5122e-06,0,0,0
0.0018965,5.3021e-08,1.4591e-08,0.00010286,4.6723e-06
2.1091e-07,2.2978e-07,3.5376e-07,0.00055916,0.0050745
0.0019184,4.1102e-07,1.8039e-06,3.6697e-05,6.2881e-08
0.00012128,0.0001249,0.00010739,0.0021891,0.0031843
0,9.4798e-09,2.523e-09,1.1401e-09,0.0055751
4.1274e-05,6.6166e-08,6.0769e-06,0.0060456,4.9766e-05
0.001914,0,0,5.1713e-05,0
0.00193,6.627e-12,0,0,0
0.00193,8.9759e-13,0,0,0
2.4379e-07,5.5342e-17,0,0,0.0055744
0.0019224,1.889e-06,6.5358e-05,0,0
3.1356e-07,6.9167e-13,9.777e-10,5.5923e-06,0.0055692
1.5966e-05,1.6002e-06,1.3313e-05,0.0015331,0.0041537
5.9058e-06,4.2709e-07,7.6873e-05,0.0061892,3.7777e-07
0,0,0,0,0
0.0015961,0.0024156,6.7692e-05,1.066e-07,2.0249e-12
5.1697e-06,0.00088444,0.012707,0.0012232,7.2432e-08
0.0019295,0,0,1.7214e-06,0
1.1256e-06,6.1919e-05,0.0019827,0.0040324,0.0013
0,0.0094901,0.003066,0.00098224,2.4842e-07
0.0019069,5.3252e-14,0,6.7512e-09,6.6819e-05
0.00024522,0,0,8.5065e-05,0.0047907
0.00193,9.707e-14,0,0,0
1.7187e-08,0.01387,0.00048361,7.8909e-06,3.5999e-12
0.0019261,2.6885e-06,1.98e-07,5.1109e-06,5.4914e-06
0.00085647,6.7527e-10,1.9576e-06,4.9421e-05,0.0030562
0.0018952,0.00019866,6.8106e-05,1.0691e-06,4.9863e-11
0.0019299,1.9433e-07,4.2249e-08,2.2042e-09,1.1756e-07
0.001159,7.9462e-07,5.2319e-05,3.9835e-05,0.0021741
7.7046e-07,2.5761e-05,0.0018159,0.0054618,9.1503e-05
3.5708e-05,8.8492e-08,9.4575e-05,0.0059739,0.00010116
0.0019286,1.6725e-06,1.0317e-05,1.5239e-09,8.9805e-12
0.0014208,0.0020932,0.0019993,6.4029e-06,3.3992e-09
0.00092619,0,0,0.0032438,0
0.0019294,0,0,1.7675e-06,0
3.4311e-07,7.5312e-13,0,7.8504e-10,0.0055741
0.00013925,7.3367e-07,1.3434e-06,0.0014478,0.003878
0.00193,0,0,0,0
0,0,0,0,0
7.964e-07,0.0052317,0.010878,3.6699e-06,2.1152e-14
0.0018144,0.00066481,0.00017081,2.1521e-05,3.7833e-09
0.00058747,0.0094251,0.00061254,2.7202e-06,3.22e-10
0.0013056,1.4594e-05,0.00021595,0.00016354,0.0015816
0,0,0,0,0
7.7651e-06,5.6764e-07,5.9053e-06,0.0024605,0.0033511
0.0019253,1.2342e-05,4.1973e-07,9.5623e-06,1.6843e-09
0.00017402,0.01258,0.00047175,1.3005e-05,9.1833e-11
3.6653e-06,1.9675e-09,1.1915e-06,0.00070143,0.0049371
0.00193,0,0,2.9227e-09,0
0.0018786,0.00036211,2.1791e-05,1.5924e-07,2.7377e-08
0.001002,0,3.0109e-06,2.0154e-06,0.0026779
0.0014109,0.00020091,0.00055295,0.0011927,0.00017566
0.00053744,0,2.6647e-11,2.6281e-08,0.0040226
5.694e-08,2.5919e-05,0.016054,0.0003998,1.4997e-10
0.00016972,0.00010579,0.015549,0,0
0.00193,0,0,1.1442e-07,0
0.001561,0.001015,0.0018715,7.0035e-05,1.1467e-07
0.00193,1.7095e-12,0,3.8419e-08,0
0.0019294,0,0,1.9102e-06,0
1.1714e-05,2.5506e-08,2.8279e-06,0.0053944,0.00071833
0.0018402,1.6664e-10,3.5998e-11,1.0644e-05,0.00024979
0,0.00029076,3.5669e-05,0.0060962,6.9229e-07
2.7601e-07,2.1844e-09,1.1683e-07,3.7851e-06,0.0055709
0.00036055,0.0027759,0.0027545,0.0021457,0.00063912
0.0017435,0,0,0.00060272,0
0.0017351,1.8872e-05,0.00015737,9.8119e-05,0.00041691
1.5421e-05,0,0.0010086,0.0058149,5.4407e-06
0.0016236,6.6953e-07,0.00062785,5.9112e-05,0.00062839
0.0016422,0,0,0.00092998,0
0.0019134,5.3282e-10,1.2809e-09,8.0224e-06,4.0631e-05
4.741e-06,1.1419e-07,1.234e-05,0.00579,0.00038171
0.0018964,0,0,0.00010844,0
0.00193,6.3091e-09,5.9711e-10,1.7244e-10,1.456e-10
6.0952e-06,6.5499e-07,5.6913e-06,0.0061304,7.5477e-05
3.4136e-09,3.1773e-12,1.0334e-10,6.0795e-07,0.0055746
0,9.8498e-11,3.7949e-09,3.6226e-06,0.0055719
0.0019002,0,0,9.6152e-05,0
0.0018791,1.7792e-11,1.1748e-10,3.1406e-08,0.0001471
0.0014125,8.3453e-06,1.5181e-05,0.0016352,2.4939e-05
0.00075473,0.00012805,7.9786e-05,0.0036586,4.8658e-05
0.001912,1.2085e-05,0.0001431,1.0091e-06,2.1027e-09
0.0017108,7.7601e-12,5.7684e-11,1.2514e-07,0.00063296
0.0003369,0.01125,0.00018246,0.00016663,4.9914e-06
0.0018919,0,0,0.00012309,0
4.5659e-05,0.00053198,0.010041,0.00215,5.6716e-05
0.00193,2.3962e-08,0,0,0
0.0018602,0.00043231,9.4964e-05,2.4533e-06,1.7634e-09
3.0852e-05,1.936e-06,0.00010924,0.0060804,1.4539e-05
0.0019296,5.7717e-10,3.6902e-08,9.7983e-09,9.9597e-07
0.00193,1.5844e-09,0,0,0
0.00193,5.2444e-12,5.1658e-11,1.2624e-11,7.2031e-08
0.0019282,1.0675e-05,1.0984e-06,5.7432e-07,1.3616e-10
0.0019298,9.3102e-08,5.5874e-08,6.7541e-07,1.1895e-08
0.00090284,0.0070916,0.0006062,4.1382e-06,1.5142e-07
0.0018821,0.00033999,3.0107e-06,5.1674e-06,4.8716e-12
0.00193,0,0,1.263e-12,0
0.00193,0,0,2.5004e-08,0
5.2843e-07,1.7012e-12,2.3716e-09,7.3617e-06,0.005567
0.0019299,1.3323e-07,9.5452e-08,2.4945e-09,5.4429e-08
0.00015665,0,1.0765e-06,0.0050927,0.00056986
0.00193,2.9817e-11,0,0,0
0.00193,2.1567e-09,1.8001e-09,6.5523e-09,2.8159e-08
0.0011525,3.1903e-07,8.0983e-07,0.00064084,0.0016726
0.0018996,5.764e-06,1.2017e-05,6.2064e-05,2.6184e-05
0.00010332,7.1772e-12,1.4177e-08,8.7926e-07,0.0052759
0.00193,0,0,0,0
0.0019284,1.0653e-06,0,4.458e-06,1.6782e-07
0.0013474,3.3156e-07,1.0089e-05,0.0013639,0.00046038
0.0019209,2.7975e-14,1.4546e-12,5.8976e-09,2.6175e-05
0.0012786,1.2687e-07,3.5747e-06,0.0021032,2.5303e-07
0.00084646,0.00087516,0.0013212,0.0021424,0.00044488
0.00193,0,1.3804e-08,0,0
0.0018579,0.0005049,3.4938e-05,2.0309e-08,7.3726e-09
0.0019296,0,0,1.3986e-06,0
0.0018889,0.00017124,0.00012904,1.1306e-05,2.2573e-08
5.3793e-06,0.0033235,0.00038749,0.0045699,5.2277e-05
0.0018232,0.00053946,2.4556e-05,3.0943e-05,6.2524e-05
6.6211e-05,2.3014e-10,7.5731e-10,0,0.0053839
0.0015863,6.7822e-07,3.1478e-05,0.00015261,0.000846
0.00061848,6.002e-07,3.0117e-07,0.00068739,0.0031737
0.00193,0,0,0,0
0.0019299,0,0,3.3152e-07,0
3.397e-09,0,1.3474e-12,4.1751e-09,0.0055751
0.0016787,0.00078266,0,0.00047032,1.4951e-08
2.9866e-12,2.3545e-14,2.8873e-12,3.3107e-07,0.0055748
1.0619e-08,1.9889e-09,1.4236e-08,0.0057289,0.00045397
4.6275e-05,7.5808e-08,0.00013882,0.00027235,0.0051529
2.4068e-07,0.000124,0.016999,1.3474e-05,4.1752e-09
1.8035e-05,0.0013824,0.00011982,0.0053689,0.00014561
1.6646e-05,0.013991,0.00021122,2.0026e-07,1.2014e-12
0,0.00060698,1.4636e-05,0.0059663,2.6878e-07
8.0764e-07,6.0997e-08,2.4713e-05,0.0062206,4.1052e-06
1.4248e-06,5.8621e-06,4.0381e-05,0.0061741,3.6564e-05
1.2725e-09,1.07e-16,8.0776e-15,2.4752e-10,0.0055751
6.9357e-06,0.00024539,0.0009877,0.0057103,3.452e-05
0.0019299,8.1379e-07,0,0,0
0.0019273,0,0,8.5391e-06,0
0.00193,0,0,0,0
1.11e-06,0,0,0.0062332,0
0.0019299,0,0,2.0434e-07,0
8.8181e-06,7.1789e-10,1.6797e-07,0.00075579,0.004874
0,7.1494e-07,0,0.0062212,1.3721e-05
0.00089775,0.0053277,0.0022448,0.00018755,7.5318e-06
0.00193,3.8752e-09,0,0,0
1.6375e-05,1.6367e-06,6.4662e-05,0.0029593,0.0028609
0.00193,0,0,0,0
0,0,0,0.0062368,0
0.0019254,1.6876e-12,2.3043e-12,3.734e-09,1.3153e-05
0.0019272,1.1873e-10,9.8891e-09,4.8064e-06,3.8761e-06
0.0019297,0,0,8.0776e-07,0
0.0019299,0,0,3.8929e-07,0
7.692e-05,0.00014054,0.0050635,0.0028733,0.0010872
0.00193,0,0,3.6429e-09,0
0,0,0,0,0
3.3239e-05,8.2444e-06,9.7792e-05,0.006089,1.1724e-06
9.1231e-05,3.0195e-07,1.8445e-05,0.0050509,0.00079046
6.0049e-07,9.9245e-07,6.7802e-06,0.0062158,1.4479e-05
1.9065e-06,8.8259e-07,1.0414e-06,0.0062282,1.5701e-06
0.00015276,0.011801,0.0011868,0.00015135,9.5298e-06
0.00087366,1.7436e-05,0.00010332,0.0029351,0.00038741
0.0019066,5.9837e-05,8.8371e-06,4.6287e-05,1.7828e-08
0.0019299,8.0696e-08,2.7577e-07,1.6027e-07,0
0.0019294,0,0,1.8073e-06,0
0.00193,0,0,1.8022e-09,0
0.0019147,9.177e-09,8.4945e-08,5.0736e-06,3.9489e-05
0.00037696,0.0065533,0.0049355,0.00036769,1.5604e-08
9.1554e-05,2.524e-07,0.00012117,0.0055707,0.0002916
8.165e-06,0.00045362,0.0060881,0.0038033,4.5241e-08
0.00193,0,0,0,0
0.0019021,0.00020293,4.099e-06,0,0
0.00193,0,0,2.3613e-08,0
4.325e-05,0.010402,0.0042921,8.8607e-08,0
0.0016065,0.00097207,0.0016851,9.5955e-06,0
0.0016509,1.2557e-06,1.9165e-05,0.00075012,0.000129
1.0009e-05,1.3315e-08,0,0.00020231,0.0053654
0.00029783,0,0.011605,0.00098809,6.7134e-05
1.1743e-05,5.585e-10,1.5441e-08,3.6593e-05,0.0055085
