4.6197e-06,3.1706e-05,2.269e-06,1.0799e-05,0.0048646
0.002258,0.00025875,2.2281e-05,0.00083724,1.0458e-05
0.0025493,1.6997e-06,1.0443e-09,6.2941e-06,8.0886e-07
0.0003107,0.0005478,5.1088e-07,0.0025206,0.0028353
1.1214e-05,8.6572e-07,2.0519e-05,1.153e-05,0.0048523
5.9871e-06,0.0011803,2.0182e-05,0.0091601,1.2802e-05
0.0025375,4.0627e-05,5.2654e-08,6.9447e-06,1.9269e-07
6.8094e-05,0.00076549,0.0043874,1.7081e-05,0.00012944
0.00028317,3.8233e-06,5.2375e-06,2.9323e-06,0.0043469
0.00025502,0.0074863,2.1776e-05,4.1623e-06,4.1879e-08
0.0022967,2.175e-05,4.7884e-08,4.242e-07,0.00047664
4.942e-07,2.1082e-05,5.312e-06,0.0024358,0.0037735
0.00018515,0.0015459,0.0036948,1.8417e-06,0.00011458
0.00044198,0.0010704,0.00015148,0.00095066,0.0028468
3.8179e-06,1.6086e-05,0.0046002,1.4432e-06,0.00049624
0.0025149,1.1633e-05,3.3923e-05,1.5973e-06,3.0794e-05
1.8229e-05,4.3563e-07,1.006e-08,1.877e-07,0.0048638
0.00062522,4.4365e-05,9.6588e-05,0.00038386,0.0034062
3.7849e-06,7.0622e-08,1.2705e-06,2.8221e-06,0.0048893
0.0015024,0.00026581,0.00014138,0.0037801,5.7219e-06
0.00032907,0.0047759,4.1261e-06,0.00077645,0.0011119
2.305e-06,1.9225e-06,0.0010286,5.0993e-07,0.0039127
6.018e-07,0.0083586,3.3616e-08,3.1648e-08,3.0487e-10
0.00095383,3.7831e-05,2.4288e-06,7.6314e-06,0.0030399
2.9403e-05,1.6025e-05,0.0041928,2.0352e-05,0.00082686
0.002495,1.3271e-05,5.0835e-05,6.6531e-05,2.2448e-05
0.0016205,0.0004439,0.0012513,0.0003148,0.0001917
0.00060304,0.0047173,0.0010064,6.9592e-07,1.7355e-05
0.0018726,2.15e-06,1.5334e-08,6.7542e-08,0.0013026
0.00036261,0.00027745,0.0031048,0.0003161,0.00093674
7.9119e-07,0.0074576,3.1416e-07,0.0010172,6.4937e-05
0.0023248,0.00045261,5.1538e-06,0.00012657,0.00010793
0.0024194,0.00033252,4.7273e-05,9.8485e-06,9.712e-06
0.0024007,0.00017254,4.3824e-05,0.00023086,4.2042e-05
2.0824e-05,0.0033557,2.0784e-06,0.0062879,3.2489e-05
0.0025022,2.7918e-07,1.7002e-05,4.1434e-05,5.9912e-05
5.6224e-07,4.7297e-08,1.3931e-06,6.8435e-05,0.0048656
0.0022242,0.00054318,0.00031757,4.5207e-06,5.7069e-06
0.0022215,0.00027449,8.1053e-08,9.9756e-05,0.00042765
3.9796e-05,0.00024653,8.9167e-05,0.00055148,0.0043425
0.002502,8.6316e-06,3.3627e-05,5.2686e-06,5.5846e-05
0.0025492,6.7753e-07,4.235e-06,7.3691e-07,1.1778e-08
0.00011208,0.0010289,1.2922e-05,0.0073637,0.00072132
0.00076817,0.0008232,0.00015707,0.0044698,0.00076034
6.3205e-05,0.0077337,1.3601e-05,2.6994e-05,0.00022075
8.2218e-05,1.6431e-06,6.698e-07,6.6843e-06,0.0047366
0.0011661,2.4574e-05,0.00012115,0.00030906,0.0023899
0.0021638,0.00023218,0.00030184,0.00047169,0.00010647
0.0025061,1.1599e-06,2.1216e-06,1.6277e-06,8.4128e-05
0.00060619,0.0031611,1.541e-08,0.002603,0.00069971
0.00080031,0.00047242,0.00061868,0.0049526,0.00024461
0.0024319,3.7355e-06,7.6587e-05,2.7627e-06,0.00015349
0.0015907,0.00077535,0.00065414,0.0016618,1.1731e-05
0.0024557,9.6126e-05,8.3022e-05,6.2038e-06,4.6121e-05
0.0002341,0.00026713,0.0040812,0.00044882,0.00019833
3.0713e-06,0.0041686,0.00029212,0.0047191,2.6832e-05
1.1116e-05,0.00087007,0.00055636,0.0084147,1.2447e-05
0.0020585,0.0008122,0.00040937,9.0862e-05,3.9369e-05
0.0024931,0.000184,1.248e-07,9.224e-06,4.9296e-07
1.3449e-07,8.0254e-06,0.005131,1.1651e-06,2.0695e-06
0.0023772,8.4427e-05,2.4439e-05,0.00040475,7.8337e-05
0.00079707,9.7516e-05,0.003284,0.0003798,8.3042e-06
4.6458e-05,0.0056732,0.0014066,0.00015167,7.567e-05
0.0024696,4.5574e-05,6.3904e-06,0.0001705,4.7316e-05
0.00070695,0.0013621,0.0015656,0.00057908,0.00098785
0.00027937,0.00012414,0.0043902,0.0001186,5.0756e-05
3.707e-05,1.4323e-06,1.8953e-10,0.010479,6.3783e-05
2.6635e-05,1.3595e-05,0.0046633,0.00080508,2.8332e-05
0.002545,6.7447e-06,2.0897e-06,1.1292e-05,1.8087e-06
7.0122e-05,0.00062367,0.0046138,1.2125e-06,8.9191e-09
0.0010128,0.0038402,0.0006502,0.0001761,4.3416e-06
7.4771e-06,4.1202e-06,6.0806e-09,9.6604e-05,0.0048384
2.0034e-07,0.0018161,0.001053,0.0059959,0.00010518
0.00024843,0.0053166,0.00055787,0.0012219,0.00021953
2.4111e-07,2.0562e-05,0.0051156,1.2242e-07,9.734e-06
0.00016644,0.006912,9.365e-05,0.0009663,7.723e-07
0.00010023,0.0047666,5.8444e-07,0.0041751,1.5132e-05
0.0002159,0.00016952,0.0041523,0.00012511,0.00036987
0.00071432,3.0232e-08,3.1656e-06,1.2748e-05,0.0035188
0.0025485,5.6098e-07,4.087e-06,2.1566e-07,1.9249e-06
8.5394e-05,0.0058466,0.00083147,0.00033466,0.00036443
1.7106e-05,3.6796e-05,0.0050774,1.1261e-06,3.7696e-06
0.0018449,0.00061257,0.0009969,1.0039e-05,4.3192e-05
0.00031244,0.0023856,0.0030429,1.9246e-07,3.0543e-07
3.8616e-05,6.6091e-06,0.00017312,2.2215e-05,0.004646
0.0019642,0.00015652,0.00045588,0.00052993,0.00036067
0.0025108,1.0335e-06,7.9779e-05,4.1907e-06,1.0986e-08
5.2737e-05,0.0013338,3.1628e-05,0.0087554,6.1679e-06
0.001489,0.00056565,0.0017884,3.1893e-06,2.5764e-06
0.0021149,1.9354e-05,2.4893e-08,0.0018172,1.2461e-06
0.0021186,0.00016583,7.1169e-07,0.00012911,0.00067499
0.00080985,5.5927e-07,1.108e-07,0.0073551,3.7421e-07
0.00011633,0.0045825,0.0020145,5.5255e-05,4.487e-05
0.00073396,0.0055756,0.000181,6.2283e-05,2.1942e-05
1.586e-05,0.00018129,0.0035719,0.0029214,2.9267e-05
0.00032419,0.0013143,1.7481e-05,0.0043492,0.0015128
0.0025288,3.2232e-05,9.8511e-08,7.3938e-07,2.4606e-05
7.843e-05,3.4172e-07,4.3187e-07,4.8389e-06,0.0047457
3.0647e-06,0.0022952,4.8933e-05,0.0077017,6.9132e-07
5.6182e-05,0.00033836,0.0038934,0.0017832,7.0677e-05
0.0003293,9.267e-07,2.2706e-07,0.0090569,0.00014911
0.000806,1.3303e-06,1.8182e-09,5.6055e-06,0.0033483
3.9735e-07,1.4257e-05,0.0050984,9.7425e-06,2.5073e-05
0.0011203,0.0046887,3.7117e-08,1.2929e-06,2.5547e-08
0.002503,2.9569e-07,4.8735e-06,0.00015154,1.991e-05
5.8248e-05,0.00014616,0.0045693,0.00054452,9.8096e-05
0.0001609,4.1784e-05,0.0023496,0.00027558,0.0022005
0.0011789,0.0024574,6.0813e-05,0.00026917,0.0010153
3.6115e-07,2.6247e-05,0.005082,6.9153e-05,6.8214e-06
0.0010621,8.5319e-05,1.1765e-05,0.00062974,0.0025125
0.0018992,0.0014992,0.00026226,0.00026098,5.7102e-06
2.4712e-07,0.00084413,0.0029122,0.00015465,0.0015575
0.00024906,0.0024564,0.0030054,6.9029e-08,0.00011631
0.0024248,4.5634e-05,2.8997e-06,1.7119e-05,0.00020643
0.0021376,0.0012123,8.6521e-05,3.1488e-07,2.1554e-06
1.1577e-07,4.8652e-06,0.0038829,0.0001289,0.0011357
1.0412e-06,5.57e-05,0.0049924,5.5553e-05,7.9784e-05
0.0025499,3.2226e-06,2.4798e-08,4.0449e-08,1.589e-06
5.681e-06,6.4743e-06,0.0049381,0.0003371,2.3556e-05
0.0025369,1.4905e-06,6.4798e-07,5.9062e-05,9.4344e-08
0.00012533,0.00016382,8.5142e-05,2.419e-06,0.0044802
1.3021e-06,0.00016664,0.0048433,0.00039719,1.1635e-06
0.00062076,0.00036121,0.00010718,8.5467e-07,0.0033931
1.8926e-06,7.0745e-06,0.0051122,1.3016e-05,1.1843e-05
0.0015829,0.0029922,4.5103e-06,9.9634e-05,5.7037e-05
0.0014496,0.0013463,0.0012017,0.00012725,0.00012358
0.0025165,6.2387e-05,8.0431e-06,8.069e-06,1.9803e-05
4.0245e-05,0.00018582,0.00010904,4.7084e-07,0.0046088
3.2311e-05,2.4126e-05,0.0048643,0.00033144,3.497e-05
0.0015337,6.4995e-05,0.00013197,3.7849e-05,0.0017735
0.0025161,0.00010785,1.1045e-06,8.697e-06,1.7609e-07
0.0025385,1.3877e-06,8.9355e-08,9.4043e-08,2.4447e-05
9.3634e-05,0.00035889,7.1951e-05,0.0017719,0.003635
0.001255,0.0001089,7.6435e-05,0.0019467,0.0014679
0.0019698,0.0017568,9.5032e-08,1.629e-06,8.6963e-05
0.00018259,0.00053622,0.00027867,0.0070007,0.00078636
2.2641e-05,3.8788e-05,0.0047733,0.0004848,6.201e-05
0.002544,9.949e-07,1.3111e-06,4.2034e-08,1.2947e-05
0.0023413,0.0001209,0.00033536,6.3029e-06,1.0473e-05
2.4141e-05,1.3629e-05,0.004749,9.379e-05,0.00027477
0.0020862,5.8753e-06,1.6387e-06,0.0019525,1.222e-06
3.3152e-08,6.1708e-06,1.194e-05,9.5552e-06,0.0048797
7.8437e-05,8.58e-06,1.385e-07,4.7072e-05,0.004722
0.0022686,0.00081964,3.8011e-05,2.0281e-05,1.7779e-05
0.00014994,0.0074521,2.2239e-06,0.00016613,0.00016683
0.0025055,5.9624e-05,1.0862e-05,1.9182e-05,3.4744e-05
1.2929e-06,0.0058038,0.00025527,0.00026577,0.0011316
1.9715e-06,0.00036267,0.00030292,0.0096629,1.5468e-06
0.00075473,0.0021144,7.9957e-05,0.00029278,0.0020018
0.00022479,1.2264e-07,1.3878e-09,3.05e-05,0.0044536
0.00049005,0.0017965,0.00012873,0.0053808,0.00033684
0.00032288,0.0072119,4.9306e-05,6.7506e-06,3.1226e-06
9.2123e-05,3.6461e-05,6.8426e-07,7.0009e-06,0.004697
0.0023797,4.3797e-05,0.00030147,1.8805e-06,1.6393e-05
0.0011303,8.5766e-06,8.2364e-05,1.8133e-05,0.0026373
0.0024627,0.00018837,5.808e-06,5.1572e-05,3.1601e-05
2.4196e-06,1.6721e-05,5.5553e-05,0.0009693,0.0043911
0.0018029,4.3354e-05,7.6037e-06,0.00098745,0.00095612
0.0024542,0.0002999,3.3196e-07,3.7655e-07,1.109e-05
5.447e-05,3.1305e-06,1.5561e-07,1.4894e-05,0.0047858
6.325e-05,6.3083e-05,0.00049609,0.0006161,0.0039877
0.0011987,5.1999e-05,4.1351e-06,0.00024926,0.00245
0.0025314,3.0947e-06,9.8882e-06,1.3711e-06,2.7201e-05
0.0020584,0.00015644,7.6122e-05,4.4888e-07,0.00078267
0.00209,2.3798e-05,1.8953e-05,0.00028547,0.00072476
0.0023927,0.00030301,9.5756e-05,4.4348e-05,1.6277e-05
7.5807e-05,0.00025255,0.0013583,0.0045484,0.001243
0.0024862,1.6642e-07,1.9288e-06,3.1952e-06,0.00012242
0.0018809,0.00042259,6.1544e-05,0.00032297,0.00083488
1.5687e-05,0.00072836,0.0046589,2.7614e-07,6.0434e-07
0.00079703,0.001579,0.0015047,0.0021984,9.814e-06
0.00036781,0.0043462,6.0137e-07,0.0025042,0.00050728
1.4743e-05,3.7417e-06,1.4165e-07,8.6503e-05,0.0048291
0.0023091,0.00042295,2.1735e-05,0.0004288,2.2462e-06
0.00059284,1.2175e-05,5.2778e-05,0.0032321,0.0022342
4.3772e-05,4.5883e-05,0.0047252,2.1937e-05,0.00027356
7.0215e-05,0.0001693,0.0048934,7.0737e-08,1.2653e-08
5.1357e-07,2.1714e-05,0.0051171,4.9243e-07,6.8545e-06
1.3611e-05,9.5805e-05,6.641e-05,0.0090583,0.00063588
5.3331e-07,0.00049032,0.0047988,7.3511e-05,2.5232e-06
4.1441e-06,5.7176e-06,0.00399,1.629e-05,0.0010766
0.0024007,0.00017254,4.3824e-05,0.00023086,4.2042e-05
1.5254e-05,0.00049392,0.0003031,0.0094382,1.0698e-06
1.2294e-07,1.1485e-06,3.294e-05,1.5092e-05,0.0048599
0.0020434,0.00058465,0.00062727,3.9285e-05,1.7442e-05
0.0025216,3.8541e-07,2.9865e-08,7.4937e-07,5.7204e-05
3.1086e-05,0.00036684,0.0032389,0.0028083,0.0002601
3.581e-09,1.9338e-06,0.00013259,0.00030377,0.0046335
5.2046e-06,1.3387e-05,1.021e-06,0.0034935,0.0032922
0.0024985,6.784e-06,6.7881e-06,0.0001808,9.4941e-06
0.0021908,1.5465e-05,4.4994e-07,0.00063816,0.00039338
1.5968e-05,0.0082088,9.2899e-06,2.4857e-05,3.8143e-05
0.0024767,0.00023901,2.7713e-06,1.2039e-07,1.2965e-06
0.0017473,9.6858e-05,0.0015452,1.181e-05,9.1244e-06
0.0011253,0.00010465,0.0010148,1.3924e-05,0.0017035
0.0012049,3.6194e-05,5.9174e-05,0.00021615,0.0024099
0.00027449,0.0058973,2.1921e-06,0.0019428,3.1185e-05
0.0004068,0.0018786,0.0030471,2.1833e-05,0.00010246
0.00031128,0.0069808,0.00016963,0.00010285,2.4093e-06
0.0024948,0.00016525,6.3795e-11,2.7158e-06,1.1175e-05
4.9277e-05,0.0075631,4.6167e-05,5.8993e-06,0.00032603
2.4147e-05,1.8994e-06,4.4433e-07,0.0007537,0.0045086
0.0014707,0.00022904,0.0016556,0.00064033,7.1809e-05
2.2088e-05,0.0016266,0.0024828,0.0033744,2.7259e-06
0.0025316,1.1985e-06,1.4618e-06,2.746e-08,3.6499e-05
0.00065146,0.0046543,1.771e-05,8.4299e-05,0.00086586
0.0017922,1.4289e-05,2.9391e-05,0.0031146,5.9671e-06
0.00022063,4.828e-05,1.5418e-06,0.00066106,0.0041453
7.658e-06,2.5233e-05,0.00032041,0.0002877,0.0044334
0.0023934,2.2145e-05,0.00030447,5.7763e-07,5.2395e-07
0.0025049,5.9404e-06,2.0303e-05,3.6695e-05,5.042e-05
0.00059021,6.8969e-05,0.00038176,0.006518,0.0003987
0.00024345,9.2346e-05,0.0044776,6.4795e-05,7.9519e-05
1.671e-05,0.00015014,3.089e-06,0.0074638,0.0013833
0.0015914,0.0015098,0.00077205,4.4059e-05,0.00020295
0.0016852,2.6364e-05,7.9302e-06,2.6623e-05,0.0016285
1.66e-05,0.0026622,5.3238e-05,0.0069697,8.829e-05
0.0025493,1.7819e-07,4.4325e-10,1.5341e-06,3.8863e-06
0.0019953,0.00066355,9.8901e-05,4.7211e-05,0.00056368
2.2048e-05,0.0053632,0.00041438,0.0003577,0.0011564
0.0016904,0.00099163,0.00016864,1.0706e-05,0.00090692
2.3252e-05,7.3674e-05,0.00024539,0.0013044,0.0039844
2.6759e-05,0.00022644,0.0046732,0.00046255,4.965e-05
0.00058229,0.00012528,1.7956e-07,9.572e-07,0.0037071
0.00019297,6.4406e-06,0.0043266,4.4966e-05,0.00037975
0.00017217,7.3802e-05,0.0046903,4.4807e-06,5.1892e-05
0.00090816,1.2105e-05,1.5239e-06,0.0016755,0.0023853
2.0889e-05,1.7192e-05,0.00010435,0.0026659,0.0035376
0.0005163,0.0065164,2.1575e-06,0.00018165,4.8031e-06
3.8297e-06,3.9339e-08,1.8267e-07,4.3159e-05,0.0048719
9.0681e-05,0.0043089,0.0013942,0.00031389,0.00072827
0.0022985,9.939e-05,1.1827e-05,0.00083358,3.7625e-05
0.0025513,8.7227e-07,6.1831e-09,3.0815e-08,3.1137e-07
0.0025087,6.7591e-05,3.3582e-05,1.5277e-05,3.9646e-06
0.0016877,0.0025653,7.7431e-05,1.4897e-05,7.5061e-05
0,1.3311e-06,1.6191e-08,3.7188e-05,0.0048814
0.00076777,3.4092e-05,0.00013134,0.0069218,0.00013338
0.0019728,0.001896,9.0047e-08,5.87e-08,2.8386e-07
0.0015535,7.2356e-06,7.8124e-07,0.0037618,0.00020152
7.4783e-07,1.2449e-05,0.00044618,0.005161,0.002119
3.197e-05,2.5911e-05,4.7237e-06,0.00011111,0.0047675
0.002003,0.00061831,0.00054288,0.00037399,3.5618e-06
0.0016122,0.00052361,0.0015398,9.3398e-06,2.4725e-05
0.0020637,1.0811e-05,6.4936e-05,0.00039578,0.00068884
0.0023692,2.5888e-05,0.00031835,1.0892e-06,3.1288e-05
0.0025378,2.0889e-05,3.8352e-09,2.6468e-05,2.4023e-06
5.091e-06,0.0017594,0.0031897,0.0014112,0.00017606
0.00093323,3.6523e-05,1.5884e-07,9.0816e-09,0.0030858
3.4303e-08,8.6051e-07,2.3993e-08,3.972e-07,0.0048983
0.00050675,5.2072e-05,3.5084e-05,0.00038783,0.0036859
2.0283e-09,2.4886e-05,0.0032901,8.0483e-06,0.0017443
0.0024005,0.00025729,8.1586e-06,1.2813e-05,0.00012602
0.0025248,6.1739e-06,5.3557e-06,4.1717e-07,4.2701e-05
0.0019517,0.00083361,0.00059197,7.119e-06,9.589e-05
0.0019232,0.0018399,8.4106e-06,0.00015512,4.9986e-05
0.0015682,7.5148e-05,0.0019265,1.1167e-05,2.511e-06
5.9791e-06,2.5415e-05,0.005102,2.0993e-06,7.9394e-06
0.0025263,7.5766e-06,1.3912e-05,9.1792e-06,2.6997e-05
1.8294e-06,0.00012288,0.005043,3.0803e-05,1.9916e-06
0.00067046,1.8771e-06,2.1241e-08,9.3363e-06,0.0036065
0.0024415,1.6721e-06,2.9897e-09,8.9964e-07,0.00021021
0.00015064,0.0074635,0.00019995,8.1276e-05,8.8808e-06
0.0001042,8.4516e-05,0.00038141,9.3146e-05,0.0042436
0.0022384,4.2247e-05,8.8527e-06,7.1858e-06,0.00056513
0.00015127,3.6151e-06,2.4068e-09,0.0014476,0.0039485
0.0022408,0.00087079,2.2887e-06,0.0001789,3.1688e-06
0.0021414,0.00084618,3.3868e-09,0.00063302,4.1982e-06
0.00046178,2.6023e-06,6.132e-09,0.0072578,0.00071178
0.0025455,1.2158e-07,1.3317e-06,1.1325e-07,1.0552e-05
0.0025224,7.0737e-07,2.9121e-06,0.00011542,7.1504e-07
0.0023285,4.5924e-06,7.5755e-08,0.00046667,0.00021374
0.0001298,0.00026256,0.0047148,5.8617e-07,1.025e-06
0.0025249,7.4124e-05,9.9731e-07,3.002e-06,5.7231e-06
0.00018731,2.2579e-05,0.0047457,1.0496e-07,1.9768e-06
0.0025494,6.8083e-06,9.1948e-08,1.6133e-07,3.3647e-07
3.9339e-06,3.741e-05,0.0028423,0.0010615,0.0016775
2.2873e-06,0.0083459,3.178e-06,2.6939e-06,1.0495e-09
0.0025441,1.3198e-06,2.0427e-07,2.3349e-05,3.0984e-06
0.0015764,5.8522e-05,9.3928e-05,0.0030377,0.00036787
3.5381e-05,0.0034217,0.0014667,9.5891e-05,0.0013844
1.1523e-05,2.9418e-06,0.0051027,2.3305e-05,7.8037e-08
0.0021394,0.00014593,0.00025112,8.912e-05,0.00042626
0.00028751,6.0159e-08,1.2315e-08,3.3651e-07,0.0043469
4.7501e-05,4.4579e-06,9.9525e-06,2.1948e-06,0.0047948
0.0017206,0.0025576,8.5184e-06,3.7185e-07,8.879e-05
5.5532e-05,8.0688e-06,1.122e-06,0.0029099,0.0034639
0.002441,6.2858e-05,4.2874e-09,0.00010018,0.00013027
0.0025284,6.7442e-05,5.5576e-06,5.0265e-08,3.9308e-10
0.0025059,4.2403e-05,3.6637e-08,5.3649e-07,6.275e-05
0.00087388,4.7245e-05,0.0007973,0.003941,0.00064206
0.0025508,6.9963e-08,1.7696e-06,1.2007e-08,8.0084e-08
2.4271e-05,0.0081658,3.0668e-05,8.4012e-05,1.2961e-07
2.4226e-05,5.8053e-07,0.0002887,0.00051881,0.0043412
0.00013336,1.592e-05,0.0028801,0.0013351,0.0012812
3.4972e-05,0.0047593,1.8591e-05,0.00019111,0.0019385
2.903e-06,0.00042149,0.0010939,0.00074948,0.003263
0.0015705,0.0023352,0.00046777,4.0929e-06,6.7686e-05
0.00018576,3.6042e-05,1.8281e-07,1.4606e-06,0.0045205
0.0024233,5.2513e-05,9.0877e-06,0.00044911,3.0162e-06
0.0013988,6.5038e-05,7.9138e-05,7.62e-05,0.0020654
0.0023218,0.00071503,3.573e-07,8.8088e-07,2.1683e-05
0.002532,1.1683e-07,1.5902e-06,2.9371e-07,3.6199e-05
3.2303e-06,0.0071052,0.00076479,7.5478e-07,4.471e-10
1.5747e-06,1.0577e-06,2.6008e-07,7.1563e-05,0.0048627
2.6303e-05,1.6881e-05,0.0022663,0.0017395,0.0018875
1.4669e-06,7.3837e-06,0.0051293,7.9922e-09,2.0755e-06
0.0012672,3.3452e-05,0.00063689,0.0039896,2.5915e-05
0.0020993,0.00030299,1.6378e-05,0.0014167,3.1418e-05
0.002228,8.7534e-06,5.2579e-05,1.8851e-05,0.00055776
0.00019874,0.0059353,0.00013857,0.00010564,0.00085949
8.8252e-07,0.0051401,0.0019775,1.5108e-08,2.0458e-07
0.00025317,0.0051254,0.00074108,2.5227e-06,0.00070207
0.0015809,0.0016509,2.3863e-06,0.00037711,0.00072285
0.0025431,5.1574e-07,6.4058e-07,2.4399e-06,1.4488e-05
0.0010344,5.7579e-05,1.9418e-06,0.00038921,0.0027006
0.00025549,0.0058666,0.00051981,4.549e-05,0.00045466
0.00030383,9.2714e-05,1.5552e-06,2.6226e-05,0.004248
6.1992e-06,0.0021369,3.0262e-06,0.0079903,9.7323e-09
0.00053538,3.9942e-05,0.00021052,6.4069e-06,0.0036442
0.002398,1.3269e-06,5.45e-06,0.00016079,0.00021615
0.0001406,0.007351,0.00016595,1.4395e-06,0.00016283
0.0024479,9.3079e-07,1.0599e-08,5.7264e-06,0.00019621
0.0025416,1.1413e-05,1.1341e-05,2.5795e-06,6.6944e-07
0.00050821,0.00035882,0.0010779,0.0056365,0.00012331
0.0012444,4.1767e-05,0.0015287,1.1916e-05,0.0010227
0.0025099,5.5917e-06,1.471e-05,1.2333e-06,6.2366e-05
3.0665e-06,0.0013244,0.0039142,5.0674e-06,0.00038329
3.7702e-05,1.3345e-05,1.8543e-10,3.2123e-05,0.0048043
6.6964e-05,0.00026728,0.0014087,4.2873e-05,0.0032514
0.0017755,5.249e-05,8.6858e-06,6.2084e-07,0.0014509
0.00095691,0.00014035,0.00023685,0.0059742,3.8181e-05
0.0024844,2.7339e-06,1.9408e-06,1.2304e-05,0.00012014
0.0018728,0.00023212,0.00019052,3.6471e-05,0.00096933
0.002472,3.48e-06,9.5682e-05,4.8506e-07,5.957e-05
0.00021971,0.002591,0.00073429,0.0012032,0.001712
2.7877e-05,5.3165e-07,2.6609e-06,9.6834e-06,0.0048383
0.0018814,0.00068582,0.00018691,0.00020539,0.00061348
5.1545e-06,3.548e-05,0.00079386,0.0090088,1.644e-05
4.1517e-06,0.00020176,7.2913e-07,0.00039196,0.004594
1.6908e-06,0.00015693,0.005039,1.019e-07,1.9321e-08
2.1942e-05,0.0023133,4.3282e-05,0.0039399,0.0016692
4.0617e-06,1.0789e-06,4.1424e-06,1.1704e-05,0.0048814
2.2835e-06,0.0081772,7.9211e-05,1.7217e-05,1.9746e-05
0.00055118,0.0040594,0.0012681,0.0004581,4.5018e-05
0.0025325,5.1763e-05,4.3387e-06,3.7855e-07,2.3433e-06
0.00022488,8.7965e-07,2.0018e-07,0.0098256,1.8861e-07
0.0025357,3.8071e-05,1.85e-06,3.1728e-07,6.617e-06
0.0015097,0.00035223,5.7458e-05,0.0037906,1.6293e-05
0.00017952,0.00078527,0.0042929,3.6842e-06,6.0829e-08
2.0681e-06,0.00028492,0.0049592,9.3227e-07,1.5362e-09
0.0012605,3.649e-05,4.1887e-08,0.0015977,0.0017313
0.002541,4.296e-06,2.4566e-07,1.6584e-05,1.0359e-05
2.4088e-07,8.6489e-05,0.0050842,4.454e-07,8.685e-07
1.3941e-08,5.5716e-05,0.0040317,0.00051951,0.00078675
0.0012205,0.00011336,0.00059468,3.4614e-05,0.0019067
4.0795e-05,0.0028755,0.002913,0.00045997,0.0001497
4.123e-05,1.0846e-06,4.3209e-06,0.0019003,0.0039514
3.7646e-05,0.0045829,0.0001106,0.002354,0.00096582
0.00062233,0.0061807,5.0533e-05,7.3794e-05,8.1339e-07
0.0015598,1.7659e-05,0.00015313,0.0034563,0.00017685
0.0014876,0.00017684,0.0009737,0.0018234,0.00018229
0.0023198,0.00026091,4.6733e-05,0.00027108,0.00012462
0.00027983,5.9614e-05,0.0045385,5.5556e-07,3.0062e-08
1.5416e-05,5.8746e-05,0.0050673,9.2473e-06,6.1141e-08
2.7341e-07,9.5342e-05,0.0018108,0.00041411,0.0029282
4.297e-05,3.1147e-05,0.00010266,0.00021682,0.0046019
0.0025171,2.0459e-05,3.6141e-07,0.00010148,8.0208e-06
1.7657e-05,0.00036649,5.747e-06,0.00077933,0.0042907
7.8995e-07,0.00045058,0.0048531,1.5047e-05,1.2804e-07
0.0024219,8.1148e-05,0.00020898,3.9865e-06,6.5853e-07
6.8153e-07,0.0042516,0.0020926,4.2326e-07,0.00041131
0.0024932,9.6883e-05,5.0255e-05,8.3371e-07,7.3736e-06
1.9219e-06,7.4621e-06,1.5327e-05,8.4399e-06,0.0048726
0.0023288,0.00014109,0.00018895,4.938e-05,0.00014277
0.0012161,0.00017407,6.3033e-06,0.0053665,1.6735e-05
1.6489e-07,0.00079109,0.00079893,0.0014947,0.0029941
0.0022204,2.2999e-05,1.2402e-05,0.00026005,0.0004926
1.8871e-06,3.5491e-05,2.1491e-06,0.010454,0.0001207
0.0018485,5.235e-05,0.00057718,0.0015692,5.5838e-05
0.00022953,0.0005706,0.00054722,0.00014647,0.0035358
0.0023215,8.3723e-05,0.00039838,2.2173e-05,3.1527e-06
0.001271,0.00017354,0.0016554,3.2277e-05,0.00076432
0.0016749,3.5052e-05,1.14e-05,0.0036132,9.5213e-06
0.0025224,7.9715e-06,3.5188e-05,3.9369e-05,1.8222e-07
0.0025358,3.3598e-05,9.9727e-07,1.3815e-05,3.6702e-06
0.00030592,0.00022781,1.0974e-05,0.00031495,0.0040246
8.3614e-05,4.9274e-05,0.00043363,0.0037246,0.0026032
2.6132e-05,0.00013399,0.0012951,3.7318e-05,0.0035188
7.9944e-05,0.0044777,0.0020943,9.3463e-05,8.277e-05
5.7361e-08,0.0026376,0.00017062,0.0069489,3.2008e-05
5.8571e-05,0.00013923,0.0022343,1.4213e-07,0.0025749
0.0017288,0.002683,1.0193e-08,5.4085e-06,5.4025e-06
0.00012498,0.0017176,0.0038156,3.3263e-05,2.1708e-10
3.3269e-05,3.997e-05,0.0044111,0.00079506,0.00024513
1.6572e-07,0.00011179,0.0050548,2.5809e-05,2.6529e-06
6.088e-06,0.00054653,0.0037133,1.4162e-05,0.0010207
0.00075365,0.0058356,2.709e-05,1.6568e-06,6.076e-06
0.00040003,0.0065014,0.00020791,0.00025992,5.0559e-06
0.00012103,0.00051054,7.0944e-06,0.0057355,0.0017536
0.0020195,0.00057714,0.00016845,0.00047117,0.00030894
0.00013697,4.6143e-08,4.5736e-08,2.5804e-05,0.0046243
9.9167e-07,0.00044044,0.0017757,7.0091e-07,0.002946
0.00012491,1.9045e-07,3.2628e-08,5.3791e-06,0.0046567
0.00077468,0.0033334,2.9832e-05,4.8852e-05,0.0014079
0.00015289,0.0068212,0.00058828,2.9349e-06,4.6396e-05
5.0438e-07,1.9187e-08,2.0366e-11,4.2614e-06,0.0048962
2.4692e-06,7.5416e-06,7.0115e-06,0.0009204,0.0044649
2.0441e-05,3.5229e-07,2.8751e-08,7.3039e-05,0.0048264
0.00055097,0.00016083,2.7452e-06,0.0075916,0.00029349
4.2252e-06,0.004011,0.00266,2.3287e-07,4.7086e-06
2.0066e-05,0.00094531,0.0044449,0.00013284,8.7767e-06
0.002501,4.6086e-05,4.5588e-05,5.8917e-05,8.2029e-08
0.0003813,3.8149e-05,0.0041035,0.00031421,8.9864e-05
0.0025513,3.3933e-08,7.37e-07,4.3759e-09,5.3874e-08
0.0011008,0.0013682,5.1347e-06,0.0018369,0.0011441
0.002402,1.246e-05,1.2752e-05,0.00054582,1.9917e-05
2.4831e-07,0.00088198,1.4207e-05,0.0094795,5.9132e-05
0.00024031,9.6926e-06,7.4414e-07,0.0010148,0.0039701
2.4408e-06,0.0028235,0.0033226,1.5121e-05,6.5514e-05
6.5473e-05,4.1485e-05,1.1015e-05,0.010404,9.4364e-06
0.00016726,0.001049,0.0015515,0.00053627,0.0022404
4.7048e-06,1.3273e-05,0.00010217,3.7755e-06,0.0047832
2.3958e-06,5.2518e-05,0.0051007,6.9708e-08,1.0296e-06
1.1241e-05,0.0030833,0.0032206,9.0447e-07,1.4258e-07
0.0018249,0.0013238,1.8169e-05,0.00013145,0.00054265
0.0016776,0.0024938,0.00019477,4.0076e-08,3.1131e-05
1.8431e-05,0.0070043,7.1095e-06,0.0013966,0.00011777
2.6994e-05,8.3615e-07,2.502e-05,0.00013738,0.0047605
4.1777e-06,1.6092e-05,0.0050998,1.0952e-05,1.4912e-05
0.0025145,7.0345e-05,1.8479e-06,3.498e-05,1.2476e-05
5.8541e-05,4.7143e-06,0.00020241,7.4223e-05,0.0045572
0.0020049,0.0013763,0.00024732,1.2473e-05,1.8468e-06
0.00013101,0.0021026,8.6067e-06,0.0074869,3.9542e-06
0.0017764,0.00016906,5.1154e-09,0.0028687,8.5421e-05
0.0017795,2.7488e-05,1.4558e-05,0.0026373,0.0002538
0.001795,0.0022275,3.3351e-05,0.00025095,1.704e-06
0.0025311,1.7597e-06,4.1743e-06,2.6779e-06,3.3414e-05
0.0022498,0.00013988,0.00050114,9.3513e-07,1.9477e-05
0.0023756,2.4345e-05,1.9997e-05,0.00026764,0.00018322
0.0020913,3.1408e-05,0.00025121,0.0013454,1.4498e-05
1.7884e-06,1.8828e-05,0.0051033,3.0393e-05,5.678e-06
0.0025177,3.6476e-06,9.7103e-06,0.00011733,5.054e-07
2.2216e-06,0.0021058,0.0038034,2.6967e-05,2.2719e-05
0.0022506,6.7215e-05,5.0359e-05,2.3852e-05,0.00047993
0.00056555,0.003848,0.0016277,2.6552e-06,5.5504e-06
1.7531e-06,7.749e-05,5.9321e-05,0.01054,2.6639e-06
0.0020081,0.00053159,0.00053676,0.00043523,2.2663e-05
0.00058979,7.0993e-05,0.0010829,0.00024091,0.0025833
0.0011213,0.0012545,0.00095653,1.6286e-05,0.001092
9.469e-05,8.7809e-05,0.0022061,2.668e-05,0.0025505
8.3769e-05,1.0661e-06,0.0049308,7.4371e-05,3.1462e-06
0.0001249,7.8864e-07,1.7307e-06,8.8824e-05,0.0046168
0.0020419,0.00043581,4.3853e-08,1.5684e-06,0.00072274
0.0022932,0.00024201,0.00036263,1.8919e-05,1.4806e-07
0.001008,0.0035077,0.0009458,6.7351e-06,3.7624e-06
0.0024349,8.1442e-05,0.00011464,1.1727e-05,6.1958e-05
0.0018936,1.6539e-05,0.00030067,0.0019238,9.266e-05
0.0021084,0.001316,9.7997e-07,5.0381e-05,5.6138e-05
7.6958e-06,0.0079132,0.00025453,1.0286e-05,9.5012e-08
0.00018541,0.0019708,9.517e-05,0.0066608,0.00026976
0.00092429,5.5775e-05,0.00013436,0.003561,0.001345
0.0015453,0.00088548,6.3304e-06,0.0016597,0.000653
7.7861e-05,0.0078589,4.9652e-08,0.00025394,2.9003e-05
2.2627e-05,7.5549e-05,0.0050466,7.6398e-07,1.9585e-09
0.00076837,0.00085988,0.00094811,0.0043242,5.0484e-05
0.0023525,0.00018582,4.5731e-05,0.00044612,2.7283e-05
0.0024454,9.8715e-05,0.00010548,5.7321e-06,4.3128e-05
0.0016053,6.8779e-05,2.9568e-05,0.0032201,0.00028481
0.0025453,1.1582e-06,1.2166e-05,1.2552e-07,5.374e-08
0.0025485,4.6908e-06,3.1287e-06,9.1731e-07,1.1162e-08
7.6912e-08,0.0016686,4.8248e-07,0.008625,2.4203e-08
0.00012074,1.0407e-06,1.3082e-06,1.4663e-05,0.0046588
0.0002863,0.00038046,1.3005e-06,0.0074589,0.00073463
0.0001864,4.2626e-05,0.0003849,0.0014195,0.003504
0.00013165,0.00019137,4.0856e-05,3.0605e-05,0.0044814
0.0025009,0.00011688,2.4172e-06,2.9348e-05,1.3493e-05
1.6333e-05,8.6299e-05,0.00063519,2.9582e-05,0.0041982
0.0021098,4.6208e-05,2.7876e-09,1.4272e-05,0.00081488
1.9707e-05,4.6812e-08,2.6376e-10,1.165e-05,0.0048559
3.3867e-05,0.0076616,2.7657e-05,0.00069973,1.668e-07
0.00014957,0.00093148,0.004263,9.9819e-08,2.0547e-06
9.078e-07,3.65e-08,5.2491e-09,1.3463e-05,0.0048912
0.0025465,1.4944e-05,7.4251e-08,2.5606e-06,4.6956e-08
0.0024467,5.3314e-05,2.5889e-05,0.00027319,2.1585e-05
4.6662e-07,6.9601e-05,7.0943e-08,0.010677,3.6911e-06
0.00041692,2.9913e-06,0.00051957,6.6023e-08,0.0036016
0.0019233,0.0010206,0.0002724,0.00066207,4.7723e-05
0.0023873,6.4603e-06,1.746e-05,9.4507e-09,0.00029516
0.00094753,3.5416e-07,1.7472e-05,4.3797e-06,0.0030611
0.00011595,0.005993,0.00062308,0.0009817,0.00012451
0.0015077,0.00084382,0.00019173,0.0029155,1.8367e-06
3.1682e-06,2.522e-05,0.00094732,3.1743e-07,0.003975
0.0016523,8.1499e-06,0.00025073,0.00018512,0.0013988
5.6383e-06,4.0089e-06,5.1161e-07,0.0081061,0.0012006
1.2428e-06,4.119e-07,0.0051361,1.2542e-08,6.4404e-08
0.0016464,8.7724e-09,1.0322e-07,4.9326e-06,0.0017358
4.2174e-05,0.000782,0.0023889,0.00013691,0.0020203
2.7708e-05,0.0070512,0.00047358,3.419e-05,0.00024709
7.6694e-08,0.0040889,9.6867e-05,0.0052792,1.0822e-05
0.0021681,0.00055208,1.7864e-05,1.1547e-05,0.00039066
2.5863e-07,2.9471e-05,0.0051119,2.0683e-06,7.0363e-06
0.0023846,4.3698e-06,8.7706e-06,5.9376e-05,0.00028293
0.0025093,4.9702e-05,9.6917e-06,4.6917e-05,2.1654e-05
1.6702e-07,2.6479e-05,0.0048274,0.00047975,6.3119e-05
0.00065708,0.0062017,7.7528e-07,7.0098e-08,2.743e-06
0.00010235,0.0061135,1.0298e-05,0.00058429,0.00084484
0.0025456,1.6177e-05,1.282e-06,4.278e-07,8.5085e-07
0.00060894,0.00018097,4.3308e-07,0.0035571,0.0020066
7.6992e-08,6.0257e-06,0.0049527,0.00038063,8.523e-07
6.898e-08,6.2344e-09,5.358e-10,0.010344,0.00019691
0.0016184,9.3515e-05,0.0018204,2.8653e-06,3.3015e-07
0.00035902,0.0010979,0.0036767,1.7048e-05,5.3587e-05
9.3707e-06,1.8271e-05,0.0051081,1.4332e-06,8.6234e-08
0.0021171,0.00127,6.693e-05,5.8196e-05,6.2854e-08
0.0023684,0.00047051,7.0083e-05,2.0623e-05,1.0106e-07
0.0023766,1.3979e-06,0.00024318,0.0001604,3.069e-05
0.0009036,0.00048886,7.5846e-06,0.005784,0.00024129
0.0025517,5.8838e-10,1.0634e-07,3.2376e-09,1.8329e-08
7.5834e-07,0.001277,0.0042923,0.00012021,2.7203e-06
7.4934e-06,0.0009738,0.0011437,0.0069042,8.5272e-05
0.0020166,4.1109e-05,2.4666e-05,0.00012713,0.00092205
0.00141,0.0002066,0.0017971,0.00041891,0.0001673
0.00020824,0.0030121,0.0028588,1.3956e-05,2.5627e-06
0.0023434,0.00021105,7.4198e-05,0.00040662,2.062e-05
0.0024617,1.1143e-06,1.342e-07,1.3288e-07,0.00017195
0.0024128,0.00016812,2.035e-05,0.00020087,5.7526e-05
0.00014251,0.00025504,0.0034201,0.0018307,0.00038341
0.0024732,0.00021175,7.2216e-06,1.7992e-05,1.1534e-05
0.0020857,0.00082065,0.00040501,2.9435e-06,2.6323e-05
1.6091e-07,0.00051531,0.0031862,3.4109e-05,0.0015439
1.1338e-05,2.3911e-06,4.8323e-07,1.1832e-06,0.0048749
0.0024189,2.6568e-05,5.2088e-08,3.8056e-05,0.00022208
0.000194,0.00014186,0.00058946,0.0007003,0.0035632
0.0019577,0.0010385,2.8598e-07,3.6922e-05,0.00051498
0.00013759,8.1312e-06,0.0046176,0.00049574,2.7017e-06
6.4137e-06,5.3348e-05,0.0050906,2.1204e-06,1.551e-06
0.0018316,0.00033688,0.0012424,1.6216e-06,2.1337e-08
3.2574e-07,0.00082067,0.00012917,0.00016755,0.0042183
0.0018256,0.00028533,0.00076707,0.00082867,0.00011885
0.0018569,0.0013999,2.3651e-05,0.00033439,0.00033918
1.0166e-05,3.0582e-05,0.0050673,1.6763e-07,3.0803e-05
0.00057146,0.00011247,1.3438e-08,0.00034844,0.0035776
0.0020897,0.00085975,9.5781e-06,0.00076809,2.504e-05
0.00086408,4.0234e-05,0.003178,8.0408e-06,0.00018325
0.0018176,5.463e-05,7.165e-05,0.0027951,3.8454e-05
0.00048618,0.00019974,0.0010998,0.003883,0.0010351
1.7113e-05,0.00050972,0.0047043,5.4466e-06,8.037e-05
1.5658e-06,0.00031342,8.2992e-05,1.0937e-06,0.0046328
0.0018463,2.3644e-05,0.00011623,0.0021398,0.00025691
1.3061e-05,0.007086,0.00074933,1.4682e-05,7.7303e-07
6.054e-07,0.00012938,0.0050572,7.7797e-07,5.984e-07
1.9557e-06,0.0083365,1.5168e-06,1.0284e-05,4.2702e-06
0.0015898,0.0004051,0.0012221,0.00048155,0.00022556
0.0017307,3.3669e-06,6.3421e-09,5.1413e-07,0.0015741
2.3485e-06,7.3288e-05,0.0050502,1.4546e-06,3.6477e-05
0.0024418,1.9751e-05,2.9127e-06,0.00039092,1.8969e-05
0.00025031,2.7253e-06,8.3334e-05,2.3235e-06,0.0043364
0.0023686,0.00014956,0.00010701,0.00034736,4.0725e-06
0.0019062,0.00041359,0.00040985,9.4084e-05,0.0005635
2.7507e-05,0.00087767,0.0014614,0.0064453,8.9681e-06
0.0018176,9.5631e-05,4.7271e-05,6.1646e-05,0.0012804
0.0025177,1.3358e-05,2.8944e-05,9.2441e-06,2.5773e-05
0.0021111,7.7777e-05,0.00078842,8.4396e-05,1.0452e-05
1.8588e-06,2.1334e-06,7.8234e-09,0.00028527,0.0047646
0.00080653,7.7378e-05,0.0034662,1.2445e-08,8.5376e-07
0.0001171,0.00044552,0.0019234,2.3781e-05,0.0025688
4.6782e-06,2.5289e-05,0.0051118,2.0645e-06,1.14e-06
0.0019014,0.00096352,0.00056274,0.00027936,2.0462e-05
0.0014451,0.0011337,0.00070605,0.00147,0.00011893
8.523e-08,9.7125e-06,0.0051323,8.8153e-07,9.2465e-08
1.6575e-07,9.1348e-07,3.3798e-05,0.00022418,0.0047641
0.0015449,4.5069e-06,5.1079e-05,0.00022185,0.0017809
1.0997e-05,9.2451e-05,8.3465e-05,0.010417,8.7717e-06
3.2715e-10,2.2854e-06,5.3725e-06,5.3629e-06,0.0048902
0.00060399,2.8972e-05,7.0151e-05,0.0022208,0.0026461
0.0022522,5.5286e-05,8.1403e-08,0.00096207,0.0001052
0.00019483,0.00028938,0.0044341,0.00027712,2.3761e-06
0.0009649,2.2789e-05,0.0031776,6.6355e-06,8.8338e-07
4.7031e-05,0.0007035,0.0020898,0.0019395,0.0015227
1.5771e-05,0.00048631,0.0048071,2.2643e-06,4.9142e-08
0.0018111,1.0659e-05,1.9573e-07,0.0031123,6.5479e-07
5.0569e-07,1.3172e-05,0.0050283,0.00020549,3.4019e-06
0.002414,6.2389e-07,1.7599e-06,7.9134e-07,0.00026207
0.0025513,5.9404e-09,6.8812e-07,1.0248e-10,1.6846e-07
7.3011e-06,0.00020281,0.00053563,0.00017173,0.0041776
5.1706e-07,4.1347e-05,5.7448e-05,1.4966e-06,0.0048184
0.0022736,0.00034458,7.2958e-05,0.00040201,7.9825e-05
1.1097e-08,7.399e-05,1.0004e-09,7.3869e-08,0.0048557
1.7507e-06,5.2645e-06,1.2619e-06,1.6534e-05,0.0048839
3.2403e-05,1.6312e-06,2.8384e-05,1.4153e-05,0.0048024
0.0018157,0.00038264,0.00065423,2.6456e-05,0.00055318
0.0019313,2.9005e-05,0.00023198,0.0012424,0.00038827
0.00036636,0.0070289,2.5211e-06,0.00015023,6.2608e-06
1.4425e-05,5.5134e-06,0.0050581,4.8146e-07,4.5947e-05
3.4355e-06,3.4665e-05,0.00076136,6.1898e-05,0.0041182
3.5132e-05,0.00041668,0.0037587,0.00040615,0.0008196
4.9371e-05,1.6247e-06,7.8401e-07,4.6898e-05,0.0047813
5.8277e-06,0.0001709,0.0049312,1.5899e-05,7.9483e-05
0.0020436,0.00046451,0.0007013,3.8907e-05,1.7121e-05
0.000464,0.00018838,0.0032708,0.0016888,1.1967e-05
4.1494e-05,0.0081853,7.0463e-06,2.8768e-05,3.2897e-06
0.00062399,0.0057299,1.3792e-05,0.00072082,2.7182e-06
0.0025282,7.4478e-05,2.0508e-07,2.9573e-06,5.5477e-08
2.0189e-06,0.00029436,0.00025088,0.001949,0.0035976
7.5833e-05,0.0022627,0.00022249,0.00029654,0.0030807
0.00019571,0.00016424,0.0046406,2.4043e-06,2.0247e-06
1.7171e-07,1.4619e-05,3.3213e-06,0.0017296,0.0041008
0.0017779,0.0024089,7.6394e-05,2.2816e-07,1.1048e-06
7.8877e-06,0.0014652,0.0038034,0.00078378,4.3245e-05
3.7272e-07,0.0004296,0.0028876,0.0028704,0.00058906
0.0020621,0.0010189,0.00034895,1.4591e-05,3.7449e-06
0.00031208,0.00055694,0.0039217,0.00027918,0.00010801
7.8144e-05,0.00077133,1.3346e-05,8.3633e-06,0.0042806
6.0138e-05,0.0071249,0.0001936,0.0009325,1.9354e-07
4.6023e-05,0.0076717,3.3327e-05,0.0003025,0.00014606
8.1161e-07,2.5001e-05,5.9346e-07,0.0088293,0.00086879
0.00018355,0.0071441,0.00013887,0.00049881,1.2965e-06
1.1453e-05,0.0027426,0.00019994,0.0019662,0.0021856
2.6464e-05,0.0060817,5.2017e-06,7.5114e-06,0.0012762
4.3897e-06,0.0083293,6.3849e-07,1.8433e-05,9.565e-07
0.002228,8.7534e-06,5.2579e-05,1.8851e-05,0.00055776
9.0831e-06,2.013e-06,0.0048742,7.1575e-08,0.00023376
9.3734e-07,8.3377e-05,0.0047924,0.00057579,1.7941e-05
0.00090018,0.0052831,6.6536e-05,6.07e-07,1.1332e-05
0.00035017,4.7074e-05,5.4561e-07,0.0092308,2.6523e-06
8.0393e-05,1.6432e-05,6.835e-05,0.006439,0.001743
4.6621e-05,4.0666e-05,7.7486e-05,0.00047061,0.004498
6.4034e-06,0.0042113,0.0024654,0.00014532,2.7757e-06
0.0024582,0.00024321,9.5199e-07,1.0551e-06,3.5607e-05
0.0020242,0.00033294,0.00038026,3.7127e-07,0.00045511
6.5251e-07,6.8082e-05,0.0049332,1.1142e-05,0.00014996
0.0012269,0.0020107,0.0012909,1.8558e-06,0.00013379
0.00051567,0.0038144,0.001604,0.00027762,1.857e-05
0.0019785,0.00044628,0.00061918,2.8661e-05,0.00023575
2.4195e-05,1.4139e-07,2.1377e-06,9.0289e-05,0.0048095
0.0025327,7.7815e-08,6.3037e-08,2.1547e-05,2.6636e-05
0.0011,0.00024635,0.00022998,0.0051731,7.2076e-05
0.0011304,0.00039864,0.0024368,1.4005e-07,0.00017214
0.0005184,0.0011677,0.00032376,0.0046615,0.00079192
0.00053808,0.0042794,0.0013332,9.3387e-07,8.6961e-05
1.0548e-06,0.0064902,0.00022815,0.0019278,1.6046e-07
0.0023491,0.00020657,0.00021383,4.4819e-06,6.2138e-05
0.0019196,8.5772e-05,9.2813e-05,0.0023379,1.2183e-05
0.002444,0.00033861,5.4471e-06,8.147e-08,3.0618e-06
2.6819e-05,0.00089713,0.0019703,0.0051555,0.0001
6.8866e-05,0.00032328,0.0041653,0.00027299,0.00048251
0.0024269,7.8426e-05,1.2179e-09,0.00035781,3.096e-05
0.00039055,6.1265e-05,6.6682e-07,0.00081561,0.003742
1.1685e-06,9.6409e-05,0.004679,0.00083379,7.0601e-07
0.0018461,4.283e-05,0.0011727,0.00046116,1.9471e-06
0.00013702,0.00036581,0.0044165,0.0002084,0.00011657
0.0025473,1.0755e-05,8.4248e-09,1.4511e-06,1.4683e-06
4.7363e-05,0.0034408,0.00021687,1.2299e-05,0.0025796
0.0011401,0.00065022,0.00015111,0.0015575,0.0014771
0.0024231,1.4015e-05,1.7318e-05,8.6503e-06,0.00021827
6.457e-06,1.7955e-05,1.1532e-05,0.0016338,0.0041225
0.0025444,2.1858e-06,8.4638e-07,1.2527e-05,6.3274e-06
0.0024947,6.3181e-06,7.6143e-06,2.4203e-06,9.7429e-05
0.00012287,0.00133,0.00090955,5.9364e-05,0.0029898
0.00054964,0.00051988,0.00020176,0.00051389,0.0031133
0.00043893,0.004855,0.0012453,1.2259e-05,1.8718e-05
1.1022e-06,0.0019171,7.7923e-06,0.0021257,0.0027999
1.4029e-08,6.6432e-05,0.0050872,9.7972e-06,5.8987e-06
3.0489e-06,5.4706e-06,0.0039536,1.2266e-05,0.0011154
0.00095517,1.2158e-06,0.003161,1.4129e-05,4.4607e-05
0.00013451,4.1232e-05,0.00022403,9.0826e-06,0.004399
0.00012955,0.001019,2.0815e-06,0.0089109,6.6893e-07
0.0024489,0.00012128,2.0395e-06,0.0001092,7.4725e-05
0.0014583,0.00013155,0.00036728,0.0034917,8.4761e-05
0.00028068,0.002953,7.6377e-06,0.000273,0.0024985
0.00031972,5.5827e-05,0.0044096,5.5785e-06,4.623e-05
0.0011978,0.00066288,0.0012062,0.00062312,0.00077785
1.4121e-05,2.5304e-06,6.1908e-07,1.8983e-07,0.0048698
0.0018814,0.00068582,0.00018691,0.00020539,0.00061348
0.00069811,0.00080628,8.7242e-05,0.00088821,0.0025994
0.0025112,6.0047e-06,5.7343e-05,1.6808e-05,1.1942e-05
0.00037889,0.00018906,0.0042572,5.2445e-08,2.3476e-06
0.0018065,0.0011807,7.3873e-05,0.0013632,4.8791e-05
2.334e-05,0.0070421,1.8428e-05,0.00088811,0.00030655
0.0025325,5.728e-05,1.7631e-06,1.1204e-06,1.224e-06
0.002203,0.0010764,3.4059e-05,1.2584e-05,5.8571e-07
0.0022694,2.8401e-05,0.00015692,0.00033765,0.00022227
0.0024333,3.2783e-09,3.7701e-09,2.2254e-07,0.00022721
0.0024822,5.0872e-05,5.9924e-07,2.693e-06,0.00010183
0.0025454,8.8179e-07,1.0705e-07,1.4542e-05,4.8594e-06
0.0022614,5.1528e-05,2.6972e-06,0.00020021,0.00043354
0.0017199,0.0003592,3.2902e-07,0.0021902,0.00039056
0.0019201,0.00017346,3.3207e-05,7.4428e-05,0.0010455
0.0010311,0.0049414,2.3122e-05,2.5298e-06,6.6771e-07
1.2309e-05,0.0032184,0.0024732,9.9847e-05,0.00058648
2.1459e-05,0.0076072,0.00038432,2.2335e-06,3.2887e-05
0.0025505,6.2996e-07,7.1754e-08,2.9678e-08,1.7885e-06
0.0011816,0.0025753,7.6108e-05,0.0010355,0.00057818
0.0019925,7.103e-05,7.2968e-09,5.8348e-07,0.0010318
0.00049823,2.147e-07,1.7558e-08,7.3316e-05,0.0039091
0.0023829,1.9607e-05,4.6239e-06,0.00066712,4.8764e-06
6.3293e-08,8.1353e-06,0.00064776,4.8067e-06,0.0042745
0.00062878,1.5135e-05,0.003398,1.9315e-06,0.0004427
0.0025053,5.0242e-05,3.389e-07,0.00011516,6.9678e-06
1.3905e-07,2.928e-05,0.0051207,1.2615e-08,2.5277e-09
0.0025461,1.4624e-05,6.9304e-09,7.6264e-07,1.7773e-06
0.0023438,0.00058526,7.7408e-06,2.9754e-05,3.5342e-05
0.0020097,0.00030009,0.00088716,2.6862e-06,1.7886e-05
0.0010055,2.3822e-05,0.0030954,7.7689e-06,3.0631e-07
0.0024611,0.00015545,2.4082e-06,1.8068e-06,7.9674e-05
3.288e-05,0.0027458,0.0031817,4.1456e-06,0.00019188
6.9161e-06,0.0020377,0.00020697,2.3467e-05,0.0034838
8.5867e-06,0.0059797,0.00078844,0.0011276,0.00011447
0.00028532,0.00014667,0.0002609,0.00026244,0.0038973
0.00053432,4.8659e-05,0.0039245,4.8165e-06,0.00010123
0.0025161,8.5278e-05,1.4419e-05,2.367e-06,3.6528e-06
0.00042737,0.0068364,7.4185e-05,8.1363e-07,1.5565e-06
1.2783e-05,0.0010398,0.004463,9.288e-08,1.0531e-05
0.00021608,3.4467e-06,1.1347e-06,0.0052594,0.0020904
0.00089342,0.0019714,0.00024824,0.00083318,0.0014132
0.00083385,0.00022676,0.00039995,0.0054073,0.00032603
5.7671e-05,0.0010759,0.0013772,0.00047709,0.0026281
0.0023618,0.00029575,7.9639e-05,0.00024743,2.8568e-06
0.00052516,0.0065774,3.9284e-06,4.0156e-05,1.4645e-05
5.0132e-05,0.0001897,4.0161e-05,9.5593e-05,0.00461
3.9599e-05,6.6456e-06,5.1977e-06,0.0041715,0.002918
0.0021646,0.00077083,2.3562e-05,0.00027309,0.00014501
1.4195e-05,0.0011732,2.4601e-05,0.0091237,1.355e-05
0.0011482,2.9557e-06,3.4448e-07,3.5791e-06,0.0026909
0.0022677,3.0329e-06,1.3999e-05,2.3401e-06,0.00052911
0.00063911,0.00026716,0.0034308,0.00046474,3.3584e-05
0.0025089,6.4129e-05,6.8073e-06,8.3393e-05,3.016e-07
0.0007701,0.0026914,1.8282e-06,8.9942e-06,0.0018376
0.0024143,5.0878e-06,0.00023372,6.9477e-05,6.4545e-06
0.0025505,1.789e-06,1.0085e-06,3.2e-10,2.4774e-07
0.0025131,3.6703e-06,1.8425e-07,4.0158e-07,7.1607e-05
0.0023552,1.3562e-06,6.5737e-05,1.7979e-05,0.00030557
0.0004303,8.838e-05,0.0033512,5.3517e-05,0.0008021
9.9696e-06,0.00056687,0.0046701,6.7484e-05,6.4951e-05
0.0024371,5.1649e-07,3.4917e-06,1.8513e-06,0.00021567
0.0016154,0.0019969,2.4836e-07,1.8876e-08,0.00062722
1.9406e-08,1.071e-06,0.0051237,3.6244e-09,1.3882e-05
0.00095181,0.00011191,0.0031509,4.3032e-06,2.896e-07
0.002459,0.00024879,1.1527e-09,1.7103e-06,3.1352e-05
0.0013002,9.9396e-06,0.0018435,0.0010654,0.00015528
9.9129e-07,0.008295,3.5076e-05,6.5722e-06,1.3548e-07
0.00064077,1.2088e-06,1.2438e-06,0.0053142,0.0012513
3.0831e-05,0.00011707,0.0049933,2.3078e-05,5.8062e-07
0.0024819,3.6304e-05,9.9735e-05,2.5174e-05,6.1801e-06
1.4017e-05,2.077e-08,1.1095e-06,2.5296e-08,0.0048711
0.0020861,4.2777e-07,8.8464e-09,2.7925e-05,0.00088092
0.001014,4.8043e-05,0.00055621,0.00037975,0.0022213
0.00071586,0.0043634,0.00016239,0.001787,7.6299e-07
0.00027256,0.0059293,0.00068807,2.2499e-08,0.00024545
0.0022764,0.00068797,3.1911e-05,0.000136,3.3149e-05
9.106e-05,1.9046e-05,0.0043761,0.00052606,0.00030213
0.00028235,0.0025406,0.0029025,0.00014349,3.6032e-05
2.4579e-06,0.0083313,4.1199e-07,2.6595e-05,1.027e-08
0.0021289,3.3725e-06,5.6192e-05,0.0010977,0.00025726
0.0023722,0.00039128,8.0525e-05,4.1754e-05,1.9547e-05
1.6009e-07,2.5011e-06,7.9047e-09,0.00039648,0.0047171
4.7715e-05,7.9124e-05,0.00026531,0.0088048,0.00050578
0.0024693,0.00011038,3.2171e-06,2.3199e-05,7.9976e-05
0.00031688,6.6394e-05,0.00075044,7.7881e-06,0.0035329
0.00234,0.00036465,4.8066e-08,2.393e-07,0.00019272
0.0025045,0.00013124,3.5931e-07,3.0502e-06,1.2065e-05
4.5535e-06,5.1686e-05,0.0027578,0.0020437,0.001302
0.0025355,8.2743e-06,4.5396e-07,4.9368e-07,2.5534e-05
6.3664e-06,9.6161e-07,4.6417e-05,1.911e-06,0.0048412
0.00093159,3.308e-07,1.1931e-08,0.0068411,5.4899e-07
2.0454e-09,4.1875e-09,1.3154e-07,2.0058e-06,0.0048981
2.7236e-07,2.6893e-05,3.8858e-05,3.0791e-05,0.0048318
5.0459e-07,4.7522e-05,6.5617e-06,0.009853,0.00038512
0.0024433,4.2198e-05,5.8207e-05,1.4822e-05,0.00012113
0.0020645,9.1618e-05,0.00011223,0.0015093,8.8677e-05
0.00010441,0.00016335,0.001165,0.0069586,0.00032913
5.5096e-05,0.001229,0.0041423,0.00014078,6.023e-05
0.0021341,9.4789e-05,1.4245e-06,0.0015687,3.1752e-05
0.00013436,3.5146e-05,0.00077875,2.6919e-05,0.0038659
8.2478e-07,0.0017792,1.3617e-06,0.0084772,1.367e-07
3.6604e-08,0.00028614,4.4492e-07,0.010406,6.7481e-07
0.0020291,1.3713e-05,1.7437e-05,0.001681,0.00021454
2.6045e-06,0.0064212,0.0001311,0.00085814,0.00061637
0.0024933,0.00017915,6.2946e-06,2.4522e-06,4.7297e-08
0.00016112,2.88e-05,0.00016927,0.0070655,0.0011997
0.00016589,1.8183e-05,0.0041915,0.0011223,6.3957e-05
0,4.4245e-05,8.9178e-07,0.00034403,0.0047159
0.00020001,0.00062381,5.8876e-05,0.0002298,0.003989
0.00091495,4.8347e-06,6.5963e-05,3.1719e-08,0.0030767
5.5933e-07,1.3387e-05,8.2041e-07,2.6945e-05,0.0048772
5.4413e-07,1.6378e-05,0.0039974,7.481e-07,0.0010773
0.0025341,2.8391e-06,7.4996e-06,5.4224e-05,3.5997e-07
0.0021698,0.00022115,0.00061604,1.8394e-05,7.9888e-06
0.0025177,1.3358e-05,2.8944e-05,9.2441e-06,2.5773e-05
5.1393e-05,0.00024977,6.9317e-06,0.0014372,0.0039942
1.2505e-05,0.00014417,0.0049406,0.00014061,1.6676e-05
0.0025262,8.0079e-07,1.0065e-07,2.1348e-05,3.8654e-05
0.002405,0.00013699,4.6732e-08,2.1777e-05,0.00019147
0.00023426,1.7514e-06,4.5637e-08,3.2102e-06,0.0044468
0.0016718,2.4436e-05,9.9972e-05,0.0022774,0.00054454
0.0020606,5.325e-05,1.0762e-08,2.9353e-07,0.00091155
0.0023982,2.5477e-05,1.952e-05,0.00051273,2.8209e-05
0.00036357,0.00034354,0.0022206,0.0030539,0.0004946
1.0826e-05,2.2114e-05,0.005084,2.1508e-05,8.8688e-06
0,0.0004707,5.8242e-05,0.00042119,0.0043763
0.00088939,0.0034165,0.0012439,2.6813e-07,3.5446e-06
0.0020483,0.00011495,0.00013894,0.0016559,1.4059e-05
0.0013407,0.0037941,1.8342e-06,1.0482e-05,9.5217e-05
4.3229e-06,7.0756e-06,4.8928e-07,0.007524,0.001466
0.00012026,0.0070016,0.00039351,4.6083e-05,0.00016936
0.0022638,8.6219e-07,2.5164e-05,6.4381e-05,0.00049903
0.0013653,0.0010886,0.0017188,1.0557e-06,8.7124e-07
0.0011751,0.00015487,0.0010348,0.0016756,0.00080404
0.0011657,0.0044159,5.1416e-05,1.8584e-05,1.5893e-05
0.0019266,5.2274e-05,3.1361e-05,3.755e-06,0.001138
6.3054e-06,7.3931e-05,3.4101e-06,0.010648,4.9507e-08
0.0025087,6.7591e-05,3.3582e-05,1.5277e-05,3.9646e-06
0.0010923,9.8686e-06,0.0028004,8.0983e-06,0.0001228
0.002363,5.0784e-05,1.3417e-05,0.00029602,0.00018513
0.0025399,2.2811e-06,2.0869e-06,1.357e-05,1.324e-05
9.3946e-08,0.0032482,0.00016589,0.0004158,0.0026484
1.4229e-05,9.7601e-07,0.00032367,4.7701e-05,0.004541
1.6619e-05,3.7629e-06,0.0042156,6.9157e-07,0.00084581
0.0016865,0.00023028,0.0016007,6.03e-08,1.8887e-07
0.0023147,2.6119e-05,0.00032624,0.00015572,5.8004e-05
0.0025449,1.5588e-05,3.081e-07,9.465e-07,3.3119e-06
0.002526,1.7137e-06,1.1545e-07,3.4948e-06,4.6601e-05
0.0015499,0.0028106,0.0002003,4.3615e-05,6.5683e-05
0.0020193,0.00035791,1.2316e-06,0.00012103,0.00075619
0.00074401,5.0699e-08,2.0995e-09,2.5042e-06,0.0034695
2.3111e-06,0.0066564,3.4792e-05,0.002107,3.2428e-06
1.9203e-05,3.1224e-05,0.004918,1.3578e-05,0.00014926
0.0012333,5.0108e-06,2.7567e-06,0.00020939,0.0024305
0.0021861,0.001115,4.4832e-05,1.2151e-05,3.6449e-07
0.0022202,0.001075,6.6979e-06,2.4473e-07,5.9832e-08
0.00092273,0.00072197,0.0026369,1.6256e-07,0.00019061
0.0012001,0.00026771,0.0022681,0.00016502,0.00020088
2.2296e-06,2.2524e-05,4.5459e-05,2.0322e-05,0.004829
0.0022318,0.00012841,3.8261e-05,0.0010525,2.3985e-05
0.0025351,1.1985e-05,1.4296e-06,9.4452e-06,1.9252e-05
0.00055683,0.0065255,1.8572e-06,3.0846e-06,3.0845e-06
0.0020864,8.7608e-05,0.00063159,0.00013306,0.00017953
0.0025484,8.2878e-06,1.2322e-06,3.6945e-08,2.6303e-07
0.0010026,3.3342e-06,1.9831e-05,5.9861e-05,0.0029262
0.0010824,0.00025502,0.0022043,0.001064,8.6552e-05
7.6704e-05,0.00016847,1.77e-06,0.00037747,0.0044798
0.00018043,0.00057464,0.00070344,0.0075364,0.00011951
3.9242e-08,0.0080139,0.00020908,8.0868e-06,1.0407e-07
0.00013139,0.00035941,0.0040413,0.00020918,0.00048846
3.7413e-07,0.0011133,0.0044538,2.1285e-07,1.1901e-08
4.1564e-08,4.5312e-05,2.8883e-06,0.010713,7.987e-08
0.0025127,8.1664e-05,2.355e-08,5.4794e-05,2.1762e-06
0.00017729,0.0021485,8.9657e-05,0.0040373,0.001379
0.0018876,0.0019667,3.4072e-06,9.2037e-05,7.7506e-05
1.7438e-06,0.00039184,0.0045461,0.00071809,5.755e-06
1.1357e-05,0.0041806,1.3303e-06,0.0052677,3.1741e-05
0.00021212,9.1715e-07,6.8831e-06,1.5766e-05,0.0044776
0.00036254,2.7914e-06,3.5017e-06,0.0092335,7.5804e-07
0.0011714,0.0041391,0.00018885,9.6774e-05,7.2472e-07
9.0224e-05,0.00016946,0.0045694,4.992e-05,0.00024773
0.0010846,3.2463e-05,1.169e-07,1.5506e-06,0.0027968
0.0012735,9.9308e-05,0.0019894,6.1001e-06,0.00049662
0.0022295,9.2649e-05,6.0223e-06,0.0012264,1.0941e-06
0.00017747,7.3079e-05,0.0046938,8.3251e-06,3.7045e-05
1.0611e-05,0.00030187,0.002872,2.3145e-05,0.0019534
0.0023554,0.00029225,8.7658e-08,2.4846e-05,0.00019432
3.7387e-07,0.0036599,0.00017106,0.0039248,0.00080661
5.129e-05,2.8266e-10,1.2094e-10,1.0256e-06,0.0048002
1.9099e-05,0.0002082,0.0038616,3.7529e-09,0.001059
0.0024762,6.2207e-06,1.3857e-06,3.0921e-05,0.00012598
0.0025432,8.2256e-06,3.0633e-06,2.412e-07,8.5319e-06
0.00036311,3.4672e-05,0.0043846,3.5727e-06,7.7857e-08
0.0025264,9.0926e-06,8.4327e-07,4.1127e-07,4.2232e-05
4.2881e-06,1.5277e-05,0.0051019,2.6679e-07,1.8011e-05
0.0024944,8.4443e-05,1.708e-05,2.09e-05,3.4728e-05
0.0021761,0.0010266,9.0791e-06,4.0751e-05,9.2374e-05
6.2794e-07,1.9274e-05,0.0048485,0.00053884,1.9433e-05
0.0019403,0.00082058,1.9462e-07,0.00073148,0.00036042
6.3425e-06,3.4433e-05,0.0038364,0.0010341,0.00073932
0.0025141,4.499e-06,3.4174e-06,1.3378e-06,6.5759e-05
0.00013774,0.0053165,0.00056533,0.0017677,0.00017683
0.00029741,0.0072284,2.0974e-05,0.00015554,1.7469e-06
0.0025414,3.2937e-05,1.7639e-07,1.8713e-07,1.7481e-07
0.00068692,0.0019512,0.00033059,0.0042897,0.00017175
0.0025138,2.192e-06,1.4584e-06,9.1521e-06,6.5958e-05
0.0025516,6.2031e-08,9.9658e-09,7.5995e-09,2.5257e-07
1.4006e-05,4.1694e-08,6.0255e-07,1.004e-06,0.0048712
0.00034049,0.00089391,0.0017987,0.0043942,9.3781e-06
0.002551,1.0865e-07,2.3488e-08,1.8245e-06,4.1986e-07
0.0025178,6.022e-05,5.0378e-06,2.5468e-05,1.3442e-05
0.00034719,0.0001793,0.0040598,0.00048765,3.5437e-05
0.00031736,0.0066437,0.00012344,0.00045919,7.0337e-05
9.2834e-06,0.001361,0.0042835,1.396e-07,1.7717e-07
1.5173e-06,6.0115e-06,0.00031551,4.7342e-05,0.0045704
0.00011829,0.00092709,0.0043078,1.5504e-06,2.1317e-05
6.2184e-08,1.1519e-05,0.00048737,0.0022017,0.0034268
0.0025375,2.872e-05,3.1828e-08,3.5635e-06,8.8695e-06
5.6986e-08,0.0035657,4.1108e-05,0.0060658,1.3038e-05
1.9633e-05,0.0016953,0.0031303,0.00086141,0.00049225
0.0014114,0.00023775,0.00091598,0.00022614,0.001074
3.913e-05,0.0076103,1.3193e-06,0.00079565,1.5954e-06
0.002455,5.1963e-06,3.5369e-07,4.1796e-07,0.00018212
0.0011219,0.00067898,7.8938e-07,0.0043089,0.00038788
0.0024694,2.3708e-07,0.00013065,7.3449e-05,9.659e-09
0.00063762,5.4231e-06,0.0037872,3.7064e-05,4.4473e-05
1.9398e-05,0.00024388,0.0030828,1.135e-05,0.0017748
0.00072085,3.1804e-05,0.003649,1.3202e-05,1.1793e-05
1.2487e-06,2.4192e-05,0.0049799,2.87e-05,0.00012205
0.00011771,1.4803e-06,9.7175e-08,3.6076e-06,0.0046705
0.00010586,0.00075369,0.0041243,0.00065115,2.6391e-05
2.9732e-06,0.00035259,3.0498e-05,0.0032769,0.0031681
0.0024507,0.00019442,1.9343e-05,0.00013263,1.3449e-06
2.1152e-06,3.3538e-06,0.001622,6.3927e-08,0.0033468
0.0011541,8.7756e-06,4.4781e-09,1.3491e-05,0.0026721
7.7637e-05,5.6287e-05,0.00013446,0.0046482,0.0024759
7.1367e-08,0.00026358,0.0049032,0.00013967,6.7132e-06
4.6005e-09,7.4929e-07,8.7161e-08,0.00036452,0.0047329
0.0023484,0.00024693,0.00024022,3.3953e-05,1.2082e-06
0.00068589,0.00010226,0.0025581,1.3507e-05,0.0010774
0.0023788,0.00027188,8.9879e-06,0.00018533,7.9881e-05
0.0024853,2.8334e-05,1.1078e-05,0.00018219,1.7509e-05
0.002167,8.9894e-05,0.00011831,0.00020397,0.00048042
0.0020001,0.000496,1.8969e-05,0.0013719,0.00012664
0.0022873,0.00083553,4.1449e-06,3.2404e-06,1.2654e-05
0.001926,0.00022602,0.001068,3.7135e-05,3.386e-05
4.1988e-06,0.00010514,2.0365e-05,0.0085214,0.00093643
0.0025241,5.9877e-06,4.8941e-06,9.1104e-08,4.4878e-05
0.0025395,5.9787e-06,6.8458e-07,2.1116e-06,1.8422e-05
0.0025517,3.4783e-08,6.9005e-08,5.3485e-10,1.0515e-08
0.0024816,7.6218e-06,8.5159e-06,1.102e-05,0.000117
0.0022499,0.00050521,2.3394e-05,3.1328e-05,0.00024693
0.0024802,0.0001193,1.2779e-06,5.8097e-05,3.9813e-05
0.0025486,1.7952e-07,4.2416e-06,5.4142e-09,1.8035e-06
5.2504e-05,9.2831e-05,8.7757e-07,0.00042734,0.0045488
0.0022638,3.8391e-05,0.00046931,1.2094e-05,7.745e-05
1.036e-06,0.0074704,1.4208e-05,0.00025003,0.00039243
0.0023293,1.455e-05,0.00043871,6.6827e-07,2.9807e-08
0.0025177,1.3358e-05,2.8944e-05,9.2441e-06,2.5773e-05
0.00023612,0.00035753,0.00011319,0.00011694,0.0040752
0.00242,3.8596e-07,9.8461e-06,2.627e-06,0.000242
1.3852e-08,1.1524e-06,0.005137,5.6261e-07,8.7728e-07
1.0959e-09,0.001267,0.0036038,4.1301e-06,0.00071922
0.00037522,0.0070692,2.0675e-06,1.2182e-05,2.8864e-05
0.00019789,7.227e-06,8.1603e-07,0.0097771,6.9742e-05
0.00069053,0.00062867,0.0032831,5.6478e-06,7.256e-05
0.00051511,0.00050863,0.0034117,0.0006905,4.5734e-05
2.3153e-05,0.0075412,0.00045698,1.7139e-07,2.7862e-09
5.3792e-07,4.9903e-05,5.9015e-06,0.00052617,0.004624
3.5568e-06,0.00038243,1.5573e-05,0.0021903,0.0036577
9.778e-05,2.1027e-05,0.0048507,2.358e-05,6.4023e-05
9.0525e-08,3.4673e-09,3.8761e-10,7.2887e-07,0.0048986
0.0025181,3.0369e-06,3.4562e-06,1.1394e-05,5.423e-05
7.0142e-08,6.3594e-07,0.00020258,1.5363e-05,0.0046985
0.0021277,4.7497e-05,0.00020769,5.667e-06,0.00058558
0.00038534,0.0011619,5.5759e-06,0.0073689,0.00012345
0.00020465,2.5817e-06,8.763e-08,9.3188e-08,0.0045046
1.2813e-05,1.3659e-06,3.9889e-08,5.2211e-06,0.0048713
9.9825e-06,0.0016707,0.0040828,1.5244e-05,1.7566e-06
1.4122e-05,0.00029297,0.0049253,1.0532e-05,1.261e-07
5.4313e-06,0.00033099,2.6827e-05,0.00011607,0.0046164
4.7535e-07,6.8758e-06,0.0051314,5.9588e-08,2.2449e-06
2.9656e-06,0.003728,0.0027874,2.3741e-05,4.0802e-05
0.0023814,0.0003928,8.0836e-05,4.1916e-05,6.7665e-07
7.5234e-06,8.336e-07,3.9257e-08,0.0008316,0.0045061
0.002547,3.5705e-08,0,1.9327e-05,2.0003e-07
2.8102e-06,3.4987e-05,0.00046773,0.0079464,0.00081507
0.0018291,9.0604e-06,0.00034729,0.0019609,0.00015968
3.0814e-07,9.2605e-06,0.00011323,2.1995e-05,0.0047751
0.00010072,1.4279e-05,2.0078e-07,0.0016176,0.0039619
5.1787e-06,0.0083284,7.8461e-06,2.4199e-06,3.677e-07
0.0022568,5.2e-05,0.00025877,3.4994e-05,0.00027305
0.002335,0.00011355,1.3689e-06,2.6167e-05,0.00033631
0.0011446,0.0036076,1.1955e-06,0.00070861,0.00026444
0.00055907,0.0029437,0.00095628,0.0022697,0.00015737
0.001268,0.0020244,1.5932e-05,0.0025566,0.00010096
0.0023967,0.00043991,4.0752e-05,4.9631e-07,7.3448e-07
0.0018219,3.7941e-05,2.083e-05,0.0029586,1.4245e-05
0.0014707,0.00022904,0.0016556,0.00064033,7.1809e-05
0.0020551,0.00010115,9.6489e-06,0.0011333,0.00036972
0.001951,0.0015515,2.8363e-08,0.00031653,0.00010023
0.0018463,0.0010073,0.00045001,4.238e-05,0.00031587
4.5415e-05,0.0042124,2.3464e-06,2.0947e-05,0.0023318
2.3824e-07,7.4675e-05,0.0050077,0.00016895,4.1095e-06
1.221e-05,0.0027434,0.0034257,3.3253e-06,8.0772e-07
0.0024936,3.0839e-06,6.3954e-06,6.8467e-05,7.261e-05
4.9306e-05,8.9025e-05,0.004974,2.2976e-05,1.4023e-08
1.0826e-05,2.2114e-05,0.005084,2.1508e-05,8.8688e-06
0.0021428,3.5798e-06,1.1606e-08,0.00058838,0.00051549
4.4389e-06,2.9534e-05,8.7601e-07,0.0011159,0.0043652
5.9584e-06,8.3453e-06,6.0149e-05,8.5494e-05,0.0047866
5.6961e-06,7.3765e-06,0.00024487,0.00995,0.00012742
0.00064322,0.0059052,7.4159e-05,0.00028782,2.3642e-06
0.0020673,5.1893e-05,0.00086914,0.00014963,2.9599e-06
4.5114e-05,2.4899e-05,5.7364e-05,0.00012482,0.0046865
1.9147e-07,6.6793e-06,0.0051288,9.2423e-06,1.1592e-06
0.002537,1.8213e-06,1.6798e-07,1.5033e-05,2.0095e-05
0.00016344,0.00021427,0.00466,2.8622e-05,4.2007e-06
0.00064579,1.3735e-08,2e-06,8.0763e-07,0.003657
0.00092668,0.00028304,6.8405e-06,8.9395e-05,0.0029069
0,0.00018711,0.0050168,1.0957e-05,1.7795e-06
1.6618e-06,1.6423e-06,0.0051325,3.9412e-06,1.5686e-07
0.00030242,0.0047814,7.0723e-06,0.00051262,0.001277
1.2573e-06,7.8211e-05,0.0049135,4.8035e-06,0.00016449
1.4684e-05,3.1555e-05,0.0049589,0.00014552,5.8782e-05
0.0024711,5.0573e-08,1.9415e-07,3.8897e-07,0.00015438
0.0022272,0.0009388,1.3796e-05,6.0229e-06,5.7044e-05
1.249e-06,0.008262,1.1794e-05,9.7077e-05,3.8678e-08
0.00060709,0.0020699,0.0011475,3.152e-05,0.0014124
