1.724e-09,0,9.4713e-11,3.8478e-08,0.0047392
0.00097144,4.4688e-06,0.00069865,0.0028531,0.00022604
9.0234e-05,2.0128e-05,0.002405,0.0058747,1.5221e-05
0.0019061,0,4.4599e-05,7.4165e-07,5.8521e-08
0.0019088,9.6046e-08,4.4082e-07,2.0728e-07,1.3198e-06
0.0018172,5.1509e-14,1.7154e-12,1.5275e-10,0.00022885
0.00083177,1.993e-05,0.00017013,0.0038042,3.3636e-08
0.00047838,0.0094577,0.0028428,1.2483e-06,3.0653e-10
0.0018108,2.7389e-08,1.6371e-06,8.1061e-05,0.00018833
0.0016759,0.0016395,0.00027047,3.9704e-06,1.3524e-08
0.0018746,0.00023408,6.0205e-05,5.6533e-07,6.5297e-09
0.0019084,0,0,2.406e-07,2.3348e-06
0.0019094,0,0,0,0
0.00018005,0.010072,0.0052852,0.00016914,3.5121e-07
0.0019071,0,0,4.987e-08,5.7149e-06
0.0018867,2.2686e-07,0,7.7996e-05,2.2066e-06
0.0018827,4.0515e-07,8.3744e-06,6.466e-05,2.0007e-05
0.00015744,4.9142e-08,3.7276e-06,3.1623e-05,0.0043259
3.0555e-09,5.585e-13,6.5525e-10,3.2249e-07,0.004739
0.0019094,1.6769e-10,1.0956e-10,8.7e-11,3.4348e-09
0.0016812,0,3.8803e-08,1.0879e-06,0.00056575
7.6069e-10,9.6359e-10,2.5939e-09,0.0001321,0.0046476
0,0.0087757,0.010155,0.00019455,3.163e-07
4.4005e-07,0,8.8016e-11,3.3417e-09,0.0047382
0.0013368,0.0011753,0.005951,7.3036e-06,9.3082e-10
4.1364e-05,0.0014508,0.022839,0.00027471,6.6753e-09
6.1681e-05,0,4.7852e-10,7.0102e-09,0.0045862
0.00010422,0.0084406,0.0053378,0.0011849,1.8145e-06
0.0015853,0.0020212,0.00046017,0.00010252,8.3081e-08
0.0015367,0,9.4072e-08,3.3736e-07,0.00092497
1.0535e-05,2.4502e-16,1.283e-13,9.7228e-11,0.0047131
0.0019093,0,0,2.8566e-07,0
0.00023719,0,3.1214e-05,2.5366e-05,0.0041275
0.0019072,0,0,3.1354e-10,5.4702e-06
4.2183e-08,0.00023935,7.5656e-06,0.0032437,0.0024107
5.6081e-05,7.7912e-11,6.3766e-06,0.00018928,0.0044677
0.0001189,0,6.2258e-10,2.2953e-07,0.004444
0.0019048,1.645e-06,2.1885e-05,5.4811e-06,3.4428e-06
0.0011639,0.00078224,0.0079208,0.00029994,1.0353e-05
0.001909,3.9767e-07,1.2286e-07,1.2378e-06,6.6798e-08
0.0017894,0.00029718,0.0011424,3.9919e-06,7.4433e-08
0,0,0,0,0
0.0019078,7.1977e-06,8.1718e-06,5.6285e-07,5.9375e-10
0.00062975,2.4236e-09,3.1256e-07,1.94e-05,0.0031627
3.0664e-05,1.0469e-09,2.0889e-07,0.0017515,0.0034483
0.00013134,1.4846e-06,2.169e-05,0.0011141,0.0036362
0.0019094,2.0624e-10,0,2.1441e-09,1.0286e-08
0.0019086,6.0689e-06,1.41e-07,2.3102e-08,9.5359e-13
0.0017147,1.0411e-09,3.7206e-07,3.9578e-07,0.00048289
0,0,1.2525e-06,2.2207e-05,0.0047236
0.0019094,0,3.7798e-10,2.3284e-09,6.5149e-08
0.0018792,2.9064e-11,6.8541e-08,2.3783e-08,7.4915e-05
0.0019054,7.9704e-07,4.9572e-05,8.0929e-07,5.9125e-07
0.0018804,3.5375e-05,9.8675e-05,5.2179e-05,7.3509e-06
0.0018872,5.8756e-05,0.00017741,7.7505e-06,7.9526e-10
0.0018551,0.000223,5.8802e-05,7.5192e-05,4.6895e-07
4.8545e-06,0,0.00020232,0.001859,0.0034025
0.0019028,8.297e-07,1.1164e-05,2.019e-05,2.2349e-07
0.0019093,4.9003e-10,5.8514e-09,6.9015e-09,3.4312e-07
0.0019093,0,9.8127e-07,4.9822e-08,2.7699e-08
0.0019094,0,0,0,0
0.0019066,0,3.5064e-05,1.5386e-07,8.8962e-07
0.0012128,0.0052415,0.00020227,2.0763e-07,5.7405e-11
0.0019003,5.097e-05,2.0079e-05,3.3672e-06,4.0726e-07
0.0019042,4.2646e-06,2.75e-05,7.5975e-06,1.4571e-06
0.00011497,0.013363,0.00078125,6.1573e-09,6.6829e-13
0.0019094,7.0339e-08,0,2.1934e-08,0
0.0008966,0.00023397,0.0015548,0.0031237,8.3678e-07
0,0,0,0,0
0.0019092,0,3.4302e-07,5.6287e-07,6.167e-08
0.0015017,0.0012699,0.0034531,4.8569e-07,6.8633e-09
0.0017002,0,0,0.00065281,6.6463e-05
0.0019028,6.6044e-08,2.3384e-06,1.353e-05,6.749e-06
0.001832,1.0765e-05,1.6106e-05,0.0001397,8.8892e-05
0.0019051,2.1485e-08,0,1.2294e-06,9.932e-06
0.00037519,0.011782,6.0514e-06,3.0522e-10,2.7809e-13
1.6283e-06,0.01424,0.00066842,2.5147e-05,6.9669e-09
1.0769e-05,0,2.671e-06,2.3469e-06,0.0047104
1.2977e-05,0.013503,0.0019741,2.5274e-08,1.3825e-10
0.0019081,0,0,4.7382e-06,0
4.3755e-06,0.012424,0.0040466,1.2734e-05,3.6442e-07
2.547e-06,0.0022612,0.0062462,0.0042017,2.185e-07
0.0016803,0.0010093,0.0011423,6.2369e-05,4.246e-07
0.00010501,0.012277,0.00096681,0.0004947,2.3219e-07
3.038e-05,2.8727e-05,1.971e-05,0.0047259,0.0013732
0.0019094,0,0,0,0
0.0019084,2.0324e-07,2.5661e-08,2.5307e-09,2.3936e-06
5.6492e-05,0.010857,0.0030442,0.00080416,3.0491e-06
8.5905e-05,0.00087774,0.022518,0.00046296,4.5759e-08
0.0019006,4.6184e-05,4.0544e-05,3.3673e-08,1.8915e-08
1.5625e-06,5.7564e-08,3.8487e-07,1.2029e-06,0.0047345
0.0019094,6.1493e-08,0,7.9242e-08,0
0.0018803,3.6795e-09,2.3208e-09,2.5189e-08,7.2328e-05
0.0014801,0,1.5654e-06,1.6703e-05,0.0010537
1.531e-08,0.014628,0,1.8259e-05,1.2145e-12
0.0003829,0.00098486,0.015731,0.00098233,4.9915e-05
0.0015008,3.6407e-05,7.6586e-06,0.0014425,5.0235e-07
2.9624e-05,0.00015292,0.00013742,0.0066193,1.1371e-06
0.0019079,4.2196e-11,8.0548e-11,1.4039e-10,3.8519e-06
8.9547e-07,0.0050259,0.014657,0.00080732,6.63e-07
2.2718e-05,0.013047,0.0022768,0.0001016,7.5488e-08
1.8772e-06,3.0733e-07,0.00012834,0.0064105,0.00026574
7.5946e-06,0,0,1.1516e-07,0.0047203
0.0019094,1.6826e-07,0,5.7408e-09,0
0.0019094,0,0,0,0
0.0019094,0,0,2.0046e-09,9.5221e-08
0.0017088,3.1846e-07,6.5349e-07,6.314e-05,0.00045386
8.7212e-10,1.1774e-11,7.7043e-10,3.0549e-05,0.0047181
6.0675e-13,0,1.4596e-11,3.8877e-08,0.0047392
0.0019088,3.8303e-06,1.2178e-06,1.4468e-07,1.3728e-09
0.0019044,2.865e-05,1.4906e-05,5.785e-07,2.2701e-07
4.6403e-05,0.00053109,0.00099332,0.0021083,0.0028172
0.0018677,1.9577e-05,6.4221e-05,7.2238e-05,3.5842e-05
0.0019018,3.107e-06,2.5857e-05,1.6485e-05,1.9913e-06
2.2565e-08,2.1509e-10,1.0449e-07,0.0033282,0.0024307
0.0008757,3.4938e-05,1.5759e-05,0.0036369,2.9064e-05
0.00081921,0.0082972,0.00014251,1.8577e-07,7.9079e-11
0.0010438,2.0581e-05,0.00037209,0.0028828,7.7539e-05
0.00049682,2.5996e-06,0.00010554,0.0050165,7.3689e-06
0.0019015,4.9883e-05,1.726e-05,7.2281e-07,4.3057e-10
0.0018016,2.6613e-07,1.0649e-05,4.4285e-05,0.0002349
4.7185e-06,2.3823e-06,7.0157e-05,0.0067954,1.1575e-06
0.0019037,0,2.6242e-11,0,1.4301e-05
6.5973e-06,9.4348e-05,0.0057713,0.0053159,2.1772e-07
6.7896e-06,0.010559,0.0069894,0.00013485,8.4967e-10
0.0009176,0,1.9413e-08,5.8814e-05,0.0024209
0,0,0,0,0
0.0018984,2.2142e-06,0,3.7713e-05,4.0554e-07
0.0018148,6.1914e-05,0.00030602,0.00023266,2.0837e-07
0.0017262,0,1.2667e-12,1.7642e-09,0.00045479
0.0019088,0,1.2015e-07,0,1.5469e-06
9.5132e-07,1.2919e-07,3.9926e-06,0.0068225,4.009e-06
0.00043828,3.0649e-10,2.2305e-09,2.6547e-06,0.0036496
3.1148e-07,3.1061e-10,3.5856e-07,1.9989e-07,0.0047383
0,0,0,0,0
0,0,0,0,0
0.0019007,4.6915e-05,1.7944e-05,4.8275e-06,3.3969e-08
4.8293e-06,3.2547e-10,5.2786e-07,0.0010084,0.0040278
0.001524,7.7578e-08,2.9571e-06,0.0013784,0
0.00088708,0.0076191,0.00043305,2.9496e-07,7.3963e-11
0.0019094,3.4904e-08,0,5.3276e-08,0
0.00065622,0.0091564,0.00022132,0.00016323,9.2846e-08
1.4133e-05,9.5005e-08,1.9755e-06,0.00020183,0.0045638
5.4583e-05,0.010016,0.0044823,0.00084587,6.3028e-08
0.0019093,0,6.66e-07,2.6633e-07,1.8559e-09
0.0015492,0,1.2051e-08,9.5913e-06,0.00088737
0.0013705,0.0010668,0.0013722,0.00085827,0.00015855
0.0019064,1.8633e-06,3.4804e-05,1.0255e-06,1.5199e-07
8.7463e-10,4.1223e-14,1.6782e-10,7.851e-09,0.0047393
4.178e-07,0,0,1.4972e-05,0.0047278
0.0018976,0,0,3.9627e-05,1.7516e-06
1.2124e-05,5.8744e-05,1.5871e-05,5.5627e-05,0.0046488
0,1.5911e-12,5.6053e-08,3.766e-06,0.0047366
0.0015367,2.4008e-13,0,2.8836e-09,0.00092518
1.6519e-05,1.1255e-08,2.037e-06,0.0062181,0.00038492
0.0018931,2.2235e-05,0.00018045,2.6751e-06,3.9765e-08
0.0018124,0,5.9255e-11,5.9117e-09,0.00024085
8.8602e-06,0,4.4669e-09,6.8846e-08,0.0047172
0.0012672,0.0048765,0.00010517,2.9281e-08,1.4569e-09
0.00041019,0.0034069,0.00036213,0.0030205,0.00046217
0.0019093,3.4815e-09,4.0673e-08,7.9556e-08,2.8365e-07
5.7414e-08,0,0,3.2792e-07,0.0047389
0.00015913,0.013164,0.000516,1.0948e-06,8.6183e-08
0.00030976,0,6.8895e-09,1.3793e-08,0.0039704
0.0019068,1.485e-11,8.2249e-10,1.2207e-08,6.4832e-06
0.00059587,4.9819e-06,0.00049813,0.0044256,0.00010229
0.0019093,7.6041e-09,1.9246e-08,5.4429e-07,7.8428e-09
0.0018095,3.3928e-07,5.1759e-05,0.00033783,4.6265e-06
0.0017013,5.0818e-05,1.9942e-05,3.3393e-05,0.00047355
0.00019079,0.0038824,0.0096276,0.0019206,2.4912e-06
0.0016565,0,0,7.5272e-09,0.0006278
1.5886e-05,6.2633e-13,2.8415e-09,1.7916e-09,0.0046998
7.8613e-07,3.8384e-09,6.1591e-07,0.0024315,0.0030507
0.0019007,3.0654e-05,5.5273e-05,3.089e-06,4.8127e-09
0.00010707,6.1994e-05,0.0079756,0.0044067,8.0292e-06
0.0019089,3.6688e-06,0,2.5949e-07,3.8461e-12
0.00023717,0.007728,0.0094629,8.1075e-06,1.9558e-10
0.00075272,0,1.8408e-08,0.00044753,0.0025606
0.0014107,0,9.8034e-06,0.0017822,0
0.00010903,0.00095497,0.0021268,0.0054394,1.6873e-05
0.0018344,0.00042161,0.00024755,9.7337e-06,1.1373e-08
0.0019082,0,0,4.2369e-10,2.9957e-06
9.9782e-06,0.012247,0.0019908,0.00059077,7.3978e-07
2.3762e-05,0,1.6685e-08,1.1449e-05,0.0046723
0.0018986,7.971e-05,5.7427e-06,6.028e-08,1.5193e-09
0.0014036,0,0,3.6248e-08,0.0012555
0.00032722,1.0105e-05,0.00038916,0.0055501,6.4369e-06
0.00052447,0.0082772,0.00028002,0.0010296,8.4604e-08
2.7012e-08,0.012748,0.0035459,3.7662e-06,3.3596e-09
0,0,0,0,0
0.0018755,1.2367e-05,0.00044906,2.9784e-06,8.5599e-09
0.0018386,0.00041012,0.00015431,1.5808e-05,5.421e-06
0.00012541,0,1.2069e-13,3.574e-11,0.004428
0.0014647,0,8.6871e-05,0.00085862,0.00049314
1.4352e-06,0,5.8974e-11,1.4245e-09,0.0047357
0.0019094,7.3528e-09,0,7.4673e-09,2.7982e-09
0.0015762,2.7051e-06,2.7209e-05,1.4883e-06,0.00082033
4.3077e-07,0.0012822,0.00024719,0.0059924,0.00012442
0.0017942,0.000251,0.0009363,4.1781e-05,1.2813e-05
0.0019093,9.787e-11,0,5.1689e-07,0
0.00075692,0.00060475,0.0034422,0.0029714,4.7503e-06
0.001769,0.0010787,0,0,0
0.0019091,0,0,1.187e-07,6.4314e-07
0.0019094,9.649e-10,8.8141e-09,1.7931e-09,0
7.2463e-05,4.9573e-10,8.9634e-07,1.8218e-06,0.004558
4.9953e-06,2.5169e-11,7.2699e-08,1.2235e-06,0.004726
0.0019085,7.097e-08,1.0792e-06,1.4479e-06,1.1818e-06
0.0019094,5.4965e-10,2.2821e-10,2.5269e-10,2.1134e-08
0.0019028,0,0,1.1921e-08,1.6509e-05
0.0016688,0.00023869,0.002522,0.00011608,3.774e-07
0.0019093,2.7926e-07,9.7692e-07,6.0289e-08,3.4024e-08
0.00065884,0,4.88e-07,2.2645e-06,0.0031024
0,0.00021068,0.017188,0.000669,0.0012141
0.00022772,0.012433,0.00049279,0.00010171,3.2234e-07
7.7148e-09,1.2554e-05,0.0021283,0.0057133,0.00040174
0.0018901,4.5952e-07,3.6568e-05,2.9486e-05,2.0938e-05
5.89e-05,0.0040373,0,0.0014753,0.0022653
6.3661e-09,0,1.4739e-11,4.7432e-07,0.0047389
0.0019094,1.9222e-11,1.2773e-10,3.2734e-10,1.2924e-08
1.4307e-05,2.2297e-07,7.5179e-06,0.0063742,0.00028115
1.4987e-05,3.1595e-11,1.56e-07,1.9142e-08,0.004702
0.001377,0.0013422,0.0039919,0.00027208,4.0168e-06
1.0739e-05,0,6.5314e-08,6.0148e-06,0.0047084
6.3766e-10,1.6474e-08,1.6023e-07,0.006548,0.00019746
0.0016841,8.4208e-07,4.1135e-06,0.0008045,1.5373e-07
3.2386e-08,0,4.4502e-10,4.2043e-07,0.0047389
0.0018969,5.319e-05,6.7806e-05,3.0404e-06,1.0495e-07
0.0014994,2.5463e-05,2.5827e-05,0.0013349,7.9074e-05
0.0015919,7.6423e-10,6.761e-09,1.0049e-08,0.00078812
2.3046e-05,1.2017e-07,2.1255e-05,0.0065777,0.00011595
0.0017849,0,7.6481e-05,0,0.00029588
0.00057432,0,4.974e-07,1.2642e-06,0.0033128
0.001728,0.0004631,0.0012749,0.00011035,2.1596e-06
0.0017727,0.000234,0.001473,1.0303e-05,1.5707e-08
1.2445e-05,0.014215,0.00065607,1.5091e-06,5.5297e-09
0.00066689,1.2394e-09,3.9844e-07,2.3941e-06,0.0030823
0.0019094,0,0,7.9228e-09,1.479e-09
0.00040709,3.6345e-08,3.8412e-06,0.0051507,0.00015554
0.0018999,0,0,3.3988e-05,8.8271e-09
5.1393e-05,8.4161e-05,0.00080561,0.0063695,2.6222e-05
0.0019049,5.4192e-11,8.2047e-10,1.313e-09,1.1257e-05
0.0019094,0,0,8.2136e-11,1.5026e-09
0.0017216,0.00055431,0.0016199,7.0875e-06,2.9315e-09
0.0014847,4.3848e-07,5.562e-05,0.0014583,3.2996e-05
1.7219e-09,9.5852e-13,1.8423e-09,0.00034975,0.0044967
0.0018619,0.00011471,0.000443,4.5105e-06,5.8414e-07
0.00066421,0.00030633,0,0.0043123,5.8117e-07
7.4204e-06,0,4.8124e-10,5.4133e-06,0.0047171
2.6438e-05,0,7.4628e-08,0,0.0046736
1.4746e-07,7.9764e-14,1.1176e-10,1.4119e-06,0.0047379
0.00064668,0,3.2766e-06,1.1654e-05,0.0031255
0.00034854,2.6482e-09,4.1611e-07,3.195e-05,0.0038519
5.0808e-06,0,3.5858e-07,2.5695e-07,0.0047264
0.0019056,2.7807e-05,3.7861e-07,5.6901e-07,4.8581e-08
0.0019092,2.2867e-10,4.3597e-09,9.0709e-07,2.0123e-08
0.00053692,3.8495e-06,6.8788e-05,0.0048658,1.8406e-05
0.0018201,1.5515e-05,0.00010827,0.00018867,6.6942e-05
0.0019087,0,0,4.9216e-10,1.8536e-06
0.00026476,0.011345,0.0022498,3.5149e-05,3.0035e-13
6.1267e-06,0,0,0.006725,5.9495e-05
0,0,0,0,0
3.8011e-06,0.0034257,0.0020903,0.004695,2.3991e-06
0.0018914,1.676e-05,8.4874e-05,3.5229e-05,9.1848e-08
1.3903e-07,0,2.5943e-08,1.2645e-06,0.004738
3.2173e-05,0,3.9517e-07,2.9175e-07,0.0046591
0.0017936,8.1433e-09,2.7034e-06,1.5739e-06,0.00028604
2.4407e-06,2.877e-06,4.4278e-05,0.0033231,0.0024196
0.0018961,0,1.1963e-06,1.3849e-06,3.1845e-05
2.0149e-06,3.588e-08,2.9074e-05,0.0060345,0.00054355
0.0019094,0,0,1.2704e-09,0
3.4337e-05,0.0017678,0.020804,0.0006625,4.2392e-07
0.001155,0.0029343,0.00024743,0.001266,3.1753e-06
0.0012177,0.0053034,0,4.6903e-06,1.9981e-09
0.0018387,0.0002134,0.00041438,4.855e-05,8.2906e-07
0.0019094,0,0,1.6555e-07,4.8109e-10
7.0678e-07,1.8392e-07,8.3953e-06,0.0064268,0.00027826
2.6029e-08,5.29e-12,6.9349e-08,2.1404e-06,0.0047377
0.0019094,0,2.1196e-08,3.3541e-09,0
2.0471e-06,8.486e-05,1.5383e-05,0.0028232,0.0027459
0.0010003,0.006967,0,7.5111e-06,3.6369e-10
0.00024672,0.00037357,0.0045929,0.0046227,0
1.8623e-06,0,1.124e-10,6.4774e-09,0.0047346
9.9573e-07,2.3525e-06,4.5035e-05,0.0060752,0.00051436
0.0017504,7.7969e-05,1.3306e-05,0,0.00036719
0.0018033,0.00069199,0.00022512,9.6818e-07,1.6302e-08
0.00021206,8.7652e-06,5.4185e-06,0.0060653,2.1935e-06
0.0019076,3.3732e-08,2.6054e-05,0,0
0.0018087,0.00050409,0.00049147,2.0813e-06,4.0933e-09
3.5746e-07,1.0805e-08,2.1473e-07,0.0068302,8.3975e-07
0.0018022,0,6.1102e-06,2.762e-06,0.00026321
0.0018955,5.0935e-09,1.8585e-09,5.6445e-09,3.4583e-05
5.3809e-05,0.0083904,0.0014256,0.0023694,2.8336e-06
2.0348e-05,2.7063e-07,8.0534e-05,0.0064779,0.00018149
0.00048391,0.0027018,0.0038618,0.0027009,0.00011931
0.0017519,9.4898e-05,2.5212e-05,0.000259,0.00017626
3.9998e-08,9.3566e-12,4.4783e-10,1.71e-08,0.0047392
0.00022037,0,1.6335e-06,1.0548e-05,0.0041847
0.0011,1.4148e-07,1.9719e-06,0.0013609,0.0010646
0.0019088,2.2428e-06,6.4127e-08,1.2334e-06,5.871e-08
0.00049604,0,1.712e-06,3.1825e-06,0.0035056
0.0011967,2.0094e-08,7.0683e-07,1.3882e-06,0.0017678
0.0019094,0,0,0,0
1.9221e-06,0.00024636,0.00021018,0.0066579,2.4304e-07
1.5378e-07,1.7984e-06,2.2353e-06,0.0068142,1.1506e-05
0.0012247,0,0.0097215,9.5188e-06,1.0281e-07
0.0011776,0.00228,0.0045479,0.0004122,1.8739e-06
0.0019092,0,3.0882e-07,3.8884e-07,1.1632e-07
0.001906,8.4889e-06,2.6021e-05,1.7076e-06,7.756e-10
0.0012836,1.4915e-06,8.39e-05,0.0019578,0.00018036
0.001836,5.0552e-05,0.00017992,2.0012e-05,0.00012079
0.00039893,0.0093198,0.00023236,0.0010052,8.586e-10
0.00014849,8.6207e-06,1.3944e-05,0.0062072,6.0135e-05
4.7262e-05,8.757e-06,0.0041412,0.0056115,5.7649e-06
0.0019094,0,0,4.4595e-08,2.8248e-08
2.6187e-09,6.784e-06,0.00020178,0.0067787,1.1668e-07
0.0013304,0.00012552,0.00044977,0.0019008,0
3.5991e-06,2.205e-06,3.3188e-06,0.006815,2.0932e-06
0.0019094,0,0,1.9455e-10,3.3223e-11
0.0018978,2.3156e-06,5.4597e-06,3.6449e-05,1.8065e-06
0.0018401,0,0,6.9533e-09,0.00017206
2.0288e-05,0.0025384,0.0017394,0.0050861,3.8007e-05
0.0019094,0,0,0,0
0.0018714,0.00024481,7.5087e-05,3.0221e-06,8.76e-10
0.0018003,1.5345e-08,1.2258e-05,0.00036755,1.377e-05
0.0019093,1.0486e-08,0,2.4581e-07,2.5555e-08
0.0015127,0.00043172,0.0045891,6.6368e-05,5.1301e-08
0.0019081,7.8692e-06,1.41e-06,7.2215e-07,8.6502e-10
2.0188e-05,3.993e-07,1.7442e-05,1.5176e-05,0.0046755
0.0019062,0,3.4391e-11,4.1064e-10,7.9517e-06
0.0019094,1.7736e-08,0,2.6672e-10,1.6822e-11
0.0019094,0,0,1.5883e-08,8.3104e-11
0.0019092,3.0573e-07,1.3956e-06,3.4731e-07,6.1872e-09
1.7078e-05,0,0,1.5293e-07,0.0046968
8.4851e-06,0,0,0,0.0047182
0.001909,0,0,1.3697e-06,0
0.0019094,2.495e-09,0,1.6469e-09,1.7486e-09
0.0018796,2.2617e-06,0,0.00010569,0
1.2668e-06,5.1107e-05,0.002092,0.0062763,1.9645e-06
5.5039e-05,2.7009e-13,5.9e-10,4.9724e-07,0.0046023
4.6426e-05,0.0090594,0.007267,0.00062176,6.7565e-09
0.00035226,0,0,7.3683e-07,0.0038644
3.0957e-05,3.3924e-07,7.4823e-06,0.0017419,0.0034528
2.9734e-05,0.0017964,0,0.0058798,6.7e-06
0.00080185,0,7.743e-06,3.0686e-06,0.0027456
0.0019091,1.0857e-08,0,1.3203e-06,0
0.00058655,4.2474e-05,2.1828e-05,0.0016746,0.0021044
0.0013661,0,7.6117e-08,0,0.0013485
0.0019094,3.3412e-07,1.2442e-07,8.8402e-10,2.2717e-08
0.0013769,0.0038046,0.00039089,3.0068e-05,3.4286e-06
4.8922e-05,0,0,0.006657,4.2586e-07
0.0016784,0,9.9144e-06,1.1013e-05,0.00056415
0.0019094,0,0,1.8399e-08,3.8674e-08
7.6024e-05,0.0045382,0.012349,0.00091348,0.0003001
2.6056e-06,0.0013759,0.00042302,0.0060762,0
1.1359e-06,3.9717e-14,0,4.3932e-09,0.0047364
0.000586,0,0.018801,1.558e-05,0
0.0001372,0,0,0.00028624,0.0042002
7.0743e-07,6.2623e-10,1.0511e-09,1.4744e-06,0.0047365
0.001909,5.1221e-08,1.5048e-07,3.9348e-09,9.0753e-07
0.00051648,3.9356e-05,0.0049131,0.0037231,6.6738e-06
0.0018102,4.3046e-08,1.4866e-06,6.3626e-06,0.00024164
1.0181e-06,0,1.1233e-08,3.7578e-08,0.0047367
0.0014995,0.002896,0.00042083,1.1447e-05,5.863e-07
0.00079182,0.0028193,0.010285,0.00010343,1.6637e-07
3.928e-05,0.00013996,0.0011611,0.0050301,0.00090541
0.0017651,0,0,5.8598e-08,0.00035819
0.0019093,5.7848e-07,1.5225e-07,2.5422e-08,0
0.0019094,3.4607e-14,4.0526e-12,2.9457e-12,0
0,2.5195e-07,7.2493e-05,0.0068144,0
0.0019094,0,6.292e-08,0,0
4.6172e-06,2.1407e-05,5.201e-05,4.6427e-05,0.0046796
0.001848,0.00041005,0.00010746,1.7499e-06,5.5228e-08
0.00016514,6.5442e-08,8.1331e-08,1.3164e-05,0.0043202
0.00026564,0.01055,0.0038254,6.6164e-06,1.4976e-07
0.0019094,0,0,1.4331e-11,0
0.0019072,1.5182e-05,0,7.1916e-07,8.3033e-09
1.1023e-05,0.012162,0.0030956,0.00035023,2.4105e-07
0.00059446,0,0,0.0043752,0.00022908
0.0017969,0.00054799,0.00058341,9.9609e-07,3.1895e-08
1.8838e-09,0,0,1.6929e-13,0.0047393
0.0017917,0,1.3425e-07,1.846e-09,0.00029227
0.0019093,2.319e-08,8.3931e-08,1.0096e-10,4.0793e-07
0.0017631,1.3158e-05,4.8932e-05,0.0005051,1.6881e-09
0.0017883,7.0382e-10,1.937e-07,4.8081e-06,0.00029714
0.0018048,5.6317e-10,1.5164e-07,1.1394e-06,0.00025891
0.0019079,0,0,1.5916e-08,3.8922e-06
0.00096266,0,0,0.00016782,0.0022335
0.0017822,7.4827e-06,0.00019006,0.00037925,1.7273e-05
2.2619e-05,0.0014732,0.0047227,0.0048795,1.8681e-07
7.898e-05,3.0716e-13,5.2044e-12,5.0598e-09,0.0045432
0.001903,2.7384e-05,1.5221e-05,6.3891e-06,2.5694e-08
0.00021376,0,1.0098e-05,8.983e-05,0.0041446
1.5826e-06,0.0005619,0.02309,0.00076829,8.6758e-10
2.4922e-09,2.5874e-07,1.7925e-06,0.0068313,5.9854e-07
2.4462e-07,0,8.6586e-06,0.00048313,0.004402
2.4982e-05,0,6.5015e-09,6.1897e-06,0.004673
2.0939e-07,4.9661e-08,3.1902e-05,0.0067201,7.1992e-05
0.0013378,0.00023738,0.0044619,0.00044959,0.0002533
0.00046486,0,0,1.1625e-06,0.0035847
0.0019094,0,0,7.6864e-14,2.8283e-13
0.0018954,7.6683e-08,4.3561e-06,1.0127e-05,2.7001e-05
0.0010804,0.0062333,0,6.2759e-05,4.9778e-10
0.0017599,6.6202e-05,0.0002718,0.00018345,0.00017528
5.626e-06,6.6786e-08,2.2774e-06,0.00040656,0.0044429
0.0017589,0.0011523,0,1.9202e-06,8.4874e-11
0.00042567,0.0099139,0.0026825,1.7559e-05,1.6734e-08
4.6339e-07,3.6782e-07,8.4572e-06,0.0067915,2.5872e-05
0.00013247,0,0,2.9727e-07,0.0044103
1.7168e-06,1.1945e-05,9.6492e-05,0.0063588,0.0003038
0.00022045,0.0075349,0.0045599,0.0012258,0.00011312
0.0017248,0,7.216e-05,1.7588e-05,0.00043356
0.0019089,0,2.9256e-06,4.6299e-08,7.8964e-07
0.0016326,0,0.00015385,3.7492e-06,0.00065776
0,2.3529e-06,3.4126e-05,0.0050877,0.0012036
0.0017678,1.7337e-08,0,4.7709e-05,0.00031839
0.0019094,0,0,1.5187e-09,0
4.2158e-07,0.011788,0.0036229,0.00041612,9.7193e-06
0.001909,8.2618e-07,3.9751e-08,9.0284e-07,5.8197e-08
2.3156e-05,0.010678,0.0057074,0.00034226,1.605e-07
0.0019093,1.2849e-07,5.095e-07,8.8429e-08,7.9782e-09
3.4497e-07,0,0,1.6427e-07,0.0047383
0.00036567,3.8681e-07,5.751e-07,0.0041975,0.00091999
0.00085376,1.2627e-05,2.5417e-05,0.0037644,6.4866e-07
0.0018785,0,0.00041682,6.0074e-06,6.2628e-08
0.0017571,0,0,2.5933e-10,0.00037805
0.0014048,0.00041954,0.000409,0.0010372,0.00032635
0.00054125,0.00047924,0.00052916,0.0045337,4.2531e-06
0.0019083,0,0,6.633e-11,2.6723e-06
0,0,0.020363,0.0017035,1.1768e-05
0.0014083,0.00099176,0.0013927,0.00072256,0.00017974
0.00010013,0.0016669,0.0059169,0.0042122,1.3619e-07
0.00072182,0,3.6409e-08,1.3936e-07,0.0029476
0.0019094,0,0,2.0139e-09,0
0,0,6.2557e-06,4.1268e-06,0.0047353
0.00028266,0.0009966,0.0048481,0.0041212,1.2879e-05
0.0019094,0,0,1.1873e-08,3.8936e-08
0.0018865,0.00014905,4.9915e-05,8.3996e-09,7.4484e-10
0.00063584,0.00073972,0.011097,0.0014002,1.854e-05
0.0019094,3.3827e-09,0,3.4113e-08,2.8207e-09
0.0018322,0,5.6308e-07,7.154e-07,0.00019109
1.4455e-08,3.1661e-09,3.8302e-07,0.0057862,0.0007258
0,4.0399e-06,0.00091678,0.0066007,0
2.8964e-07,0.013704,0.0016675,2.9071e-05,5.294e-09
0.0017971,0,0,2.0067e-08,0.0002788
8.6478e-06,0.010686,0.006853,0.00010326,2.31e-09
0.0019094,0,0,3.058e-12,2.3485e-12
2.1449e-06,2.1574e-13,6.3083e-11,5.3328e-10,0.0047339
0.0019091,0,5.5824e-11,2.1862e-09,8.3466e-07
0.00020247,0.0002895,0.0010165,0.0019426,0.0026188
0.001909,0,0,1.0288e-09,9.7427e-07
0.0018284,0,0,0.00029001,2.7555e-09
3.7171e-05,1.4546e-09,2.3829e-07,0.0022857,0.0030616
1.7375e-05,0.010038,0.0081788,4.079e-05,1.4714e-08
0.0013248,0.0028748,0.0029247,1.8543e-05,9.6794e-09
0.0019094,0,0,0,0
0.0018437,1.559e-11,1.9729e-09,4.5908e-09,0.00016322
0.0013916,0,1.3645e-06,1.118e-06,0.0012843
0.00068915,0.00048954,0.0002703,0.0020015,0.0014352
0.0017055,0.00048948,0.0019631,8.7621e-06,1.3805e-07
0.0018331,3.2152e-07,0.00013066,7.9751e-05,0.00011116
0,0,0,0,0
2.6846e-05,0.00040492,0,0.0065473,4.8669e-07
2.5693e-08,1.2263e-06,0.00017722,0.0067857,1.3084e-06
0.00067482,3.3228e-05,0.005539,0.0026616,0.00024294
0.0019093,1.4962e-10,1.0024e-09,4.9583e-10,3.0963e-07
0.0013652,3.1973e-05,0.00040841,0.0018166,9.3276e-06
0.0018437,2.8095e-08,0,1.4901e-06,0.00016217
4.911e-06,0.0061739,0.015491,4.9698e-05,4.9705e-09
2.344e-08,0,1.125e-08,1.9992e-05,0.0047253
0.0019094,6.007e-08,2.0407e-09,3.7354e-10,8.3816e-11
0.0019093,0,0,4.5611e-07,1.1478e-08
4.5155e-07,0,6.0342e-10,7.4159e-09,0.0047381
0.001853,3.3064e-08,0,0.00020181,0
0.0019094,8.8912e-10,0,1.2839e-08,3.227e-08
5.8472e-09,8.5918e-15,5.0529e-12,5.092e-07,0.0047389
0.0015708,5.4356e-14,2.5874e-11,5.1799e-10,0.00084055
0.0018867,0,0,1.6695e-08,5.6276e-05
0.00099328,0,2.8748e-06,1.7532e-06,0.0022722
1.9146e-08,0,0,1.4775e-05,0.004729
0.00099365,4.0747e-09,1.6263e-08,3.5925e-08,0.0022729
6.0245e-08,1.2262e-07,2.2244e-07,0.001092,0.0039816
4.5903e-06,0.00036227,0.0051679,0.0053499,1.2786e-07
0.0019087,5.6078e-06,0,0,0
5.0322e-08,0,1.6945e-10,1.4632e-07,0.004739
0.0012312,0,0,1.1431e-05,0.0016754
0.0017934,0.00072077,1.1945e-05,7.4168e-05,1.4828e-06
1.9781e-07,0.014662,5.7914e-06,1.2191e-10,5.1474e-15
9.3214e-09,0,8.3035e-13,7.7677e-11,0.0047392
0.0018845,7.8025e-09,0,7.0678e-05,1.2801e-05
0.0017772,0,2.6917e-06,1.8361e-05,0.00031499
0.0018973,3.6924e-05,0.0001024,7.0109e-08,2.2202e-07
0.0005237,0,2.0495e-12,2.2138e-09,0.0034394
0.00032698,4.6445e-08,0.00023798,0.0021608,0.0023875
0.0018808,0,0,8.3075e-08,7.0998e-05
5.111e-06,0,2.0408e-07,0.00067345,0.0042594
0.0019089,0,0,1.9741e-06,0
0.0019037,4.3528e-05,8.1972e-07,9.2293e-08,5.0416e-11
1.5514e-06,0.002628,0.00071268,0.0054024,1.493e-05
0,0.014109,0.00090093,3.1142e-05,1.8152e-06
5.8902e-06,9.1349e-05,0.00058657,0.0066218,0
0.00028115,2.7609e-06,9.4524e-05,0.0028364,0.0020568
0.0018996,4.6574e-07,8.4135e-06,3.2185e-05,5.5155e-07
6.6489e-05,0,2.7171e-10,3.5541e-09,0.0045742
0.0019014,0,6.4544e-05,1.2678e-05,2.3738e-09
0.0019094,0,0,0,0
5.5737e-05,3.1619e-09,8.755e-08,0.00030603,0.0043886
0.0018828,2.9719e-05,3.0737e-06,7.9147e-05,1.1536e-06
0.0018901,1.735e-09,9.4285e-10,4.6675e-09,4.7909e-05
0.00035069,0.0029742,0.016087,0.00015328,3.0169e-08
0.0019094,0,0,7.6699e-09,0
0.00024404,0,1.3627e-07,2.5059e-05,0.0041161
0.0019089,1.6788e-06,2.9523e-06,2.8533e-07,7.3259e-08
0.00011998,0.00015129,0.0028976,0.0056054,0
0.00043455,0.00048482,0.010669,0.0023656,5.4018e-06
0,0,0,0,0
0.00072088,7.5741e-07,0.00021115,0.0041424,3.9758e-05
0.0010769,0.0002088,0.00047156,0.0024383,0.00022561
0.0018395,0,1.3552e-11,3.0788e-09,0.00017364
0.0013243,0.0040526,0.00048322,8.4596e-05,6.9685e-11
0.00025216,0.012045,0.0010407,5.7872e-05,6.0561e-09
0.0019023,5.2274e-05,2.7837e-06,2.8907e-07,6.5585e-10
0.00063871,1.2167e-07,2.245e-07,0.00023195,0.002993
2.4316e-10,1.6707e-10,4.32e-08,0.0053837,0.001005
0.0019094,0,0,3.6e-10,0
0.00078407,0,6.1997e-07,4.8271e-06,0.0027897
0.0011827,6.0198e-06,3.5518e-05,0.00242,0.00011703
2.448e-06,0,5.1179e-08,3.9935e-05,0.0047055
5.7405e-05,7.0809e-08,1.8253e-05,3.0693e-05,0.0045723
0.0017422,0.001061,0.00025044,4.1195e-05,9.9739e-08
1.1844e-06,0.0038681,0.0071121,0.0032329,5.5595e-06
7.7462e-06,0.001499,0.00082109,0.0041951,0.0011829
0.00057955,1.37e-06,0.0064793,0.0031304,7.8036e-07
0.0019092,0,0,1.1646e-09,4.6443e-07
0.00066362,0.00022819,0,0.0033366,0.0007041
0.0018802,0.00020773,2.0403e-05,2.7891e-06,2.9564e-09
0,0,3.4912e-06,0.0005541,0.0043543
0.0019091,0,0,4.5464e-07,5.8111e-07
9.0328e-08,1.994e-06,0.0001292,0.0031018,0.0025645
0.001797,0.00077912,0,3.9404e-05,5.1394e-11
0.0017804,1.2921e-07,1.5927e-06,0.00044549,1.0859e-05
0.0019043,4.1631e-07,5.7912e-08,1.7935e-05,1.4569e-07
7.7254e-07,0.013819,0.0015615,5.6978e-08,1.6365e-12
0.0019047,3.559e-05,1.4482e-06,4.0969e-08,3.1146e-11
0.0018397,1.307e-05,1.8405e-05,0.00013518,7.184e-05
0.0018474,0,3.6726e-11,2.9243e-12,0.00015404
0.0019094,1.5144e-07,9.5913e-08,1.318e-07,1.0096e-08
0.0019091,1.3129e-06,1.9498e-07,6.0752e-07,5.1694e-09
8.6144e-06,0,0,1.9451e-09,0.0047179
0.0019091,8.5897e-07,1.4227e-06,2.6205e-07,1.4402e-07
0.0018158,0.00070961,1.7189e-05,2.9771e-07,2.5806e-09
0.0018804,9.3248e-05,7.6265e-05,3.0567e-05,7.5064e-06
0.0011864,0,0,0.00025704,0.0016164
0.00015614,6.7496e-08,0,0.0037571,0.0017457
9.9713e-07,4.667e-08,2.6787e-06,0.00030454,0.0045251
2.6198e-06,2.3801e-06,7.5835e-06,0.0068192,8.0844e-07
0.0018857,4.0235e-08,2.0883e-06,4.7343e-06,5.5194e-05
7.6148e-05,6.1748e-13,2.905e-11,1.0676e-09,0.0045503
0.0015467,0.0014356,0.0023353,4.292e-05,6.1065e-09
0.001248,2.7398e-10,2.2485e-08,2.526e-07,0.0016415
0.00065724,0.00044006,0.0054277,0.0027306,0.00012659
0.0019094,0,7.6407e-08,8.562e-11,5.6316e-09
0.001879,1.8224e-07,3.4799e-05,6.9558e-05,2.1061e-05
0.0012695,0.0047446,0.00031381,6.7846e-07,4.7674e-09
7.1474e-06,1.0425e-08,1.1319e-06,0.00060313,0.004303
7.6893e-05,0,1.9141e-05,7.5339e-05,0.0044928
0.0013372,1.0109e-08,2.9354e-07,7.8803e-07,0.0014198
0.00039448,0.0032875,0.014859,0.00015903,5.9016e-09
0.00081063,0.0083875,9.7299e-05,1.5861e-07,2.2401e-10
0.00061804,3.6793e-09,2.2716e-08,4.1637e-09,0.0032053
1.5418e-06,0.0038311,0.018582,0.00037718,2.5575e-08
0.00022851,0.010742,0.00060777,0.00052268,0.00023276
9.4248e-05,2.5169e-11,1.5281e-07,5.1304e-06,0.0045018
0.0019094,1.7712e-08,9.2797e-08,1.6641e-07,1.556e-08
0.0016502,0,2.0025e-11,9.2655e-11,0.00064335
0.0017948,4.4912e-06,9.6981e-05,0.00013105,0.00017527
0.0019094,0,0,0,0
0.0018996,2.6589e-05,7.4424e-05,4.0615e-06,3.2252e-08
0.0011909,0,3.6169e-05,0.0025051,3.9605e-05
7.4262e-10,0,2.7437e-08,2.3536e-05,0.0047229
9.0551e-05,0,0.00012238,7.238e-05,0.004443
0.0018827,0.00012584,0.00014056,1.5304e-06,5.9053e-08
0.0018864,0,0.000171,2.7359e-06,2.5353e-05
1.56e-05,1.6218e-06,0.00034869,0.0066269,4.2765e-05
0.0019094,0,0,0,0
0.0016353,0,2.2215e-10,2.3646e-07,0.00068017
0.0015405,0.0025246,0,0.0001438,3.1064e-07
0.0019094,0,0,2.8159e-11,5.4089e-11
3.2424e-05,0.0017589,0.017684,0.0014569,4.2317e-07
8.0552e-06,0.012711,0.0011919,0.00051666,4.6098e-05
0.0016146,0.00076653,0.0027175,1.541e-05,1.9673e-07
0.0019081,9.4257e-11,0,2.1762e-07,3.1128e-06
0.001908,1.3503e-06,2.5289e-06,3.7373e-06,9.2807e-08
0.00014927,0.0047715,0.0093908,0.0017077,7.1996e-06
0.0013261,1.0092e-07,4.2896e-07,0.00020021,0.0013089
0.0018067,0,1.9666e-05,0.00027581,6.0127e-05
0.001734,0.0012709,0.00012994,3.0722e-06,2.0976e-11
1.4102e-07,3.8311e-05,0.00039626,0.0067146,1.8035e-07
4.9933e-08,0.00040288,0.00061891,0.0064842,3.6207e-06
0.0018993,0,7.8337e-05,5.3151e-07,1.112e-05
1.1243e-05,5.7581e-06,0.00018827,0.0067405,1.4016e-06
6.8593e-05,1.6272e-07,1.172e-06,2.0709e-06,0.0045673
0.0019071,0,0,8.3765e-06,2.0812e-10
6.7461e-05,0.00019796,0.0044865,0.0049864,0.00026796
2.7488e-06,0.014233,0.0007554,2.906e-06,1.3578e-08
0.0019094,0,0,1.1519e-11,1.1732e-07
2.5268e-08,0,5.3431e-11,6.3547e-08,0.0047392
5.0397e-10,0,3.3077e-13,3.3819e-09,0.0047393
0.0018896,5.6702e-05,0,4.1209e-05,2.3936e-06
6.0549e-06,0,3.7129e-05,0.00024775,0.0045459
4.6047e-07,9.5584e-05,0.000913,0.0065267,2.1247e-05
0.001908,8.8893e-06,0,8.4502e-07,5.7806e-10
0.0019094,0,0,4.6646e-10,8.9868e-10
1.0321e-08,0,2.781e-13,5.8126e-11,0.0047392
0.0019063,6.7647e-06,1.7642e-05,3.3338e-06,2.8247e-07
3.1578e-05,2.7655e-08,1.5235e-06,2.781e-06,0.0046587
0.001791,1.3742e-07,6.0516e-05,0.00031013,6.8319e-05
0.000889,0.00042327,0.0020679,0.0029241,7.6841e-06
1.2083e-07,6.6822e-09,8.1353e-07,0.0066449,0.00012983
0.0017498,5.6831e-05,2.1193e-05,0.00028107,0.0001793
0.00012323,0.013362,0.00066522,4.7227e-08,9.2391e-10
0.0011714,8.0119e-10,7.8859e-07,4.9164e-06,0.0018282
4.4592e-05,0,7.1128e-07,1.3932e-05,0.0046188
0.00023712,0,0.00017873,0.004474,0.0010164
0.0014607,2.338e-06,0,0.0015921,8.7104e-06
0.0019078,2.7576e-09,9.4217e-06,2.4744e-08,2.304e-06
1.364e-05,0.0095498,0.0027967,0.001632,6.2973e-07
3.636e-05,0,0,6.5642e-07,0.0046486
0.0019056,0,3.624e-05,2.2879e-07,3.1241e-06
4.7445e-08,8.7738e-10,1.8869e-09,5.1799e-06,0.0047356
3.6021e-05,0,0,7.6284e-06,0.0046446
1.2582e-08,4.909e-06,6.9104e-05,0.0067999,9.1029e-06
9.6349e-07,0,3.6061e-12,8.4275e-10,0.0047369
0,0,0.014238,0.0032041,3.7467e-05
1.3684e-05,0.0051145,0.015931,0.0004015,4.5536e-08
9.1177e-08,9.2084e-08,1.1206e-05,0.0068215,5.5779e-06
0.0019094,0,0,6.9189e-09,0
0.0018724,0,0,1.6707e-07,9.1665e-05
0.0001387,0,1.1312e-08,8.8243e-08,0.004395
0.0019046,2.3809e-05,1.297e-05,2.9063e-06,9.2339e-10
0.00025862,0,2.4444e-05,2.3691e-05,0.0040767
0.0016126,0.0022754,6.8242e-06,2.6579e-07,2.4169e-09
0,0,2.3782e-06,5.0691e-06,0.0047353
0.0019094,0,0,3.5678e-11,6.5475e-13
1.9487e-06,2.515e-11,1.8625e-09,2.23e-06,0.0047329
0.00064252,0.0007472,0.005055,0.0028621,3.7565e-05
4.507e-06,0,1.8602e-09,3.597e-08,0.0047281
3.1254e-05,0,0,0.0030143,0.002571
0.0019094,0,0,0,0
1.2341e-05,9.721e-05,0.0074782,0.0048479,1.241e-05
0.0018963,1.8679e-05,2.6008e-05,3.0785e-05,7.4046e-07
3.6218e-06,0,7.7494e-08,0.0001216,0.0046459
0.0019092,0,0,4.465e-08,4.8652e-07
0.0010421,1.0482e-07,0,1.423e-05,0.0021428
0.00051582,0,3.9275e-06,0.0049859,0
0.0013505,9.2426e-06,0.00054215,0.00098054,0.00060968
0.0018884,0,0,4.2212e-07,5.1814e-05
7.721e-05,0,0.00032927,0.0063042,0.00011759
0.0018644,2.0421e-09,0,1.104e-08,0.00011167
0.001825,0.0002923,0.0001859,0.0001171,1.6104e-06
0.0019094,0,0,4.4482e-13,0
3.3608e-11,0,1.4034e-11,3.6337e-07,0.004739
5.1084e-08,1.8452e-14,1.2954e-12,1.305e-07,0.004739
0.00015588,3.5873e-05,0.00012358,0.0062257,1.0238e-06
0.0012338,0,2.457e-11,1.4614e-09,0.001677
0.0019094,0,6.6431e-12,0,0
0.0017799,0.00098898,8.3307e-06,0,4.3222e-07
0,0,0,8.4021e-06,0.0047334
0.0014501,1.743e-05,0.00095458,0.0013494,3.2209e-05
0.0019094,1.6801e-07,4.8821e-09,1.9198e-08,2.9193e-11
0.0001497,0.0028695,0.0196,3.9385e-05,4.1017e-08
0.0010422,4.4535e-07,1.09e-06,0.00073559,0.0016419
0.0001218,7.8215e-10,9.6738e-09,3.6463e-05,0.0044117
4.1864e-06,6.3395e-14,1.7846e-11,3.0032e-08,0.0047289
0.0019075,0,0,8.4366e-08,4.7793e-06
0.0013661,0.0041073,0,3.0809e-05,0
0.0018287,7.3039e-09,1.3306e-06,9.2482e-06,0.00019378
0.0010522,0,2.1504e-10,5.2215e-08,0.0021276
0.0019093,1.2942e-08,1.3256e-08,5.2848e-07,2.8323e-10
2.833e-07,8.4427e-07,8.4578e-05,0.0014493,0.0037183
9.6206e-06,4.3873e-14,7.6902e-11,3.1143e-09,0.0047154
0.0017809,2.9885e-10,1.1913e-08,1.0261e-08,0.00031903
0.0019088,7.0744e-07,4.1078e-06,8.7983e-07,1.1955e-07
3.8852e-06,6.1986e-10,1.1963e-07,0.00056784,0.0043357
0,0,0,0,0
0.0019088,0,7.6747e-06,1.3511e-07,3.0394e-08
0.00066258,1.3311e-06,1.8859e-05,0.0021181,0.0016218
0.0019094,0,0,0,0
0,0,0,0,0
0.0017809,9.2877e-05,0.0001523,0.0003775,6.6903e-07
8.4784e-09,1.6807e-15,6.4024e-14,2.0832e-09,0.0047392
0.00071435,0,2.2276e-06,7.4987e-06,0.0029606
0.00020371,0,1.4312e-09,8.913e-08,0.0042336
0.0019093,4.9471e-08,0,3.3396e-07,1.2869e-07
0.0012023,2.4375e-06,0,0.0025291,0
0.0019076,2.422e-07,2.4445e-06,4.9908e-07,3.7333e-06
0.0018958,0,0,4.8891e-05,1.6664e-08
0.00047955,6.4174e-09,9.2635e-09,0.00034082,0.0033126
3.6736e-05,4.4038e-08,1.9174e-06,0.0057942,0.00062878
0.00023116,0.002253,0.01896,0.00019575,6.6024e-08
6.0339e-06,0.011486,0.0058005,4.1724e-06,6.8674e-13
2.651e-08,0,6.3005e-08,2.1132e-05,0.0047245
0.0019087,5.2091e-06,0,2.214e-11,7.6588e-14
4.1096e-10,1.3553e-09,9.3477e-07,0.0042406,0.0017978
0.0016723,8.6008e-05,0.0030092,5.1453e-05,1.0337e-06
0.0019093,2.8558e-09,7.7627e-09,1.5226e-07,1.605e-07
4.6062e-09,2.7019e-09,9.3869e-07,0.0044379,0.0016609
0.0019055,2.5901e-11,3.4752e-09,8.1229e-08,9.7524e-06
0.00037838,2.3407e-13,0,9.5151e-09,0.0038001
0.0019092,2.0314e-06,0,2.6438e-09,3.6066e-12
0.0010541,0.0018796,0.0027171,0.0014701,2.2774e-05
0.0019094,0,3.8767e-08,1.2925e-08,0
0.0014704,0.00051551,0.0020123,0.00082532,2.0103e-07
0.0019062,0,0,1.4455e-08,7.917e-06
0,0,0,5.1438e-06,0.0047357
0.0019086,0,2.5132e-09,2.8259e-09,2.0733e-06
0.0018582,0,6.6096e-09,2.3066e-08,0.00012715
0.0018918,3.5873e-08,2.0512e-06,9.6071e-06,3.6678e-05
0.0018293,0.00014261,0.00082895,1.2283e-05,3.5056e-09
5.1109e-07,0.0050312,0.017594,7.0009e-05,1.9377e-09
1.4492e-07,4.2444e-07,5.8609e-05,0.0010016,0.0040339
0.0018547,0,0,2.3572e-07,0.00013558
0.0019081,0,1.8876e-10,1.3402e-08,3.3081e-06
0.0011109,0,0,0.001141,0.0011905
1.6418e-06,0.0057517,0.0011575,0.0038558,6.8326e-07
1.3231e-08,9.2057e-12,1.5248e-09,4.0141e-06,0.0047364
0.00070887,0.00027747,0.0042242,0.0030983,5.5651e-06
0.0010211,1.6849e-05,0.0029793,0.0016357,0.000546
0.00043272,0.0095536,0.0015342,1.5323e-05,0.00030045
0.0019039,0,3.2676e-06,2.2103e-07,1.3073e-05
3.5004e-06,2.8207e-10,2.7504e-07,0.00041761,0.0044409
9.7375e-08,0.00071041,0.010019,0.0039859,5.9725e-08
0.001898,7.5497e-05,8.9379e-07,3.2649e-06,1.6291e-06
0.00051571,0,1.4589e-08,3.1839e-06,0.003457
1.8986e-05,7.715e-08,4.0769e-05,0.0067333,1.4722e-05
0.0019093,2.8739e-09,1.9802e-06,0,0
1.0888e-05,0.0032665,0.0034545,0.0043923,8.6425e-06
3.669e-05,0,2.6954e-10,1.9939e-08,0.0046482
0.001881,6.7452e-05,3.3357e-05,5.7732e-05,2.8034e-06
1.3572e-05,0.0016353,0.02347,0.00012977,5.0687e-10
0.0018953,0.00010878,0,0,0
0.00047744,0.0044115,0.0026226,0.0024107,2.2365e-08
0.0019034,0,0,3.6987e-08,1.4873e-05
0.0018979,0,3.8829e-05,1.8637e-05,8.9696e-06
0.0013708,9.862e-07,2.2829e-06,2.9727e-05,0.0013155
0.00016186,0,6.6506e-13,0,0.0043375
0.0016999,0,4.6706e-08,0.00010635,0.00044617
0.0017109,8.6479e-08,5.0513e-06,0.00068456,1.7069e-05
0.0018994,7.3666e-05,4.6251e-06,1.7515e-09,3.4677e-07
0.00085503,0.00036493,0.0014039,0.0028207,0.00029821
0.00021618,0,5.167e-10,1.7335e-08,0.0042027
0.0018913,1.7887e-05,5.2565e-07,5.628e-05,0
0.0019094,0,0,0,0
4.644e-05,4.1108e-09,1.9907e-07,3.3924e-08,0.0046239
0.0015092,0,3.384e-07,3.7941e-07,0.00099298
5.1457e-06,5.2425e-07,7.0381e-05,0.0067873,6.2749e-06
1.0159e-06,3.4632e-08,6.0594e-06,0.00079043,0.0041874
3.4632e-06,0.014594,8.5623e-05,1.3932e-07,1.0955e-11
0.0019093,5.5394e-08,4.4577e-07,4.8612e-09,1.9374e-07
0.0019093,6.2586e-07,1.4002e-07,2.8714e-07,4.821e-10
0.00085882,1.5193e-05,6.5233e-05,0.0029356,0.00055517
0.0017959,3.5509e-09,0,0.00040621,0
0.00082374,0.0015355,0.0040289,0.0020802,5.4156e-05
0.0013926,3.6623e-07,1.3714e-05,0.00056218,0.00089029
0.001909,0,0,5.0241e-10,9.8078e-07
0.0003103,0,1.5831e-08,1.6201e-07,0.003969
0.001677,0,0,1.0297e-07,0.00057693
0.00023894,0.00030425,0.0002931,0.004831,0.00064603
9.8399e-06,9.1447e-07,2.938e-06,0.00056913,0.0043193
0.0018561,0,2.3557e-09,1.1348e-10,0.00013231
0.0019087,0,0,2.5339e-06,1.2457e-08
0.0014521,3.8966e-07,0,0.0016299,4.4008e-06
0,2.9708e-06,4.892e-06,0.0067221,7.491e-05
0.0019094,5.86e-13,0,3.3118e-10,0
0.0019088,1.8906e-09,2.906e-08,1.6443e-06,5.264e-07
0.0019088,4.2965e-07,1.6319e-07,9.1849e-08,1.3723e-06
0.0017266,0,0,0.00041185,0.00016814
0.0016614,0,0,0.0008829,3.3012e-06
0.0011592,0.00081651,0.00017308,0.00020366,0.0014269
0.0012734,0.00443,0.00084026,1.1986e-06,4.7501e-11
0.00052563,0,6.5305e-09,6.3449e-05,0.0033906
0.0018673,0,0,0.00014945,9.7511e-07
0,0,0,0,0
0.00068323,0.00035996,0,0.0042135,4.6052e-06
0.0017942,3.5966e-06,0,0.00034858,4.3035e-05
1.7889e-09,1.0684e-12,4.2079e-10,5.7514e-06,0.0047353
1.095e-06,2.1011e-06,0.00039727,0.0064029,0.00022558
0.0018166,0,5.5632e-07,1.8337e-07,0.0002301
0.0019092,0,0,3.5721e-10,4.7315e-07
0.0018914,1.4554e-09,2.5764e-07,4.9639e-07,4.433e-05
2.2549e-06,3.8976e-10,1.876e-08,5.8327e-06,0.0047296
1.8224e-06,0.014562,0.00016933,2.1907e-09,2.3869e-14
0.0019068,0,0,9.3447e-06,4.2762e-11
7.2327e-07,0,7.7113e-07,0.00032494,0.004512
3.1822e-08,9.0401e-09,4.4178e-05,0.00067279,0.0042648
0.0015416,2.776e-06,3.1723e-05,7.8699e-06,0.00090112
0.001204,8.2866e-06,0,0.0025205,0
0.0019082,5.0561e-08,1.2035e-07,4.3295e-06,3.1663e-08
0.0019094,0,0,0,0
0.00049,0,0,7.2801e-06,0.003518
0.0017939,0.00088769,0,0,0
7.9882e-06,0.013012,0.0029211,9.1018e-06,3.5462e-10
0,0,0,0,0
3.4903e-07,6.0166e-09,7.917e-07,0.0045136,0.0016076
5.466e-05,0.014237,1.7347e-05,2.1782e-07,8.6204e-10
3.5686e-06,1.2364e-08,3.2546e-07,7.8867e-05,0.0046756
0.0019085,0,4.5322e-13,0,2.1762e-06
0.00049547,0,1.2389e-06,2.117e-05,0.0034946
0.00016571,1.8817e-08,2.6832e-08,0.00044032,0.0040225
0.001902,1.7185e-06,3.0149e-05,9.9764e-07,1.1959e-05
1.7291e-07,4.4434e-06,0.00036104,0.006736,2.3123e-06
0.0019094,0,0,1.5128e-10,9.311e-10
0.0015645,0.00082223,0.0033407,1.2609e-05,3.8832e-08
0.0018008,2.5167e-05,0.00048688,0.00023974,1.049e-05
0.0019094,0,0,5.9177e-10,0
0.0017214,0.00022512,0.0014812,0.00018914,4.8247e-06
1.9695e-05,0,3.4303e-09,1.4603e-07,0.0046903
0.0019094,9.1258e-11,1.4935e-10,3.6729e-08,1.5922e-07
0.0015845,0.0022634,0.00042153,1.7177e-06,4.4426e-07
0.0017971,0.00045294,0.00058497,4.3365e-05,4.0787e-07
0.0013048,0,1.0659e-08,5.3215e-06,0.0014969
0.0019094,0,0,9.3282e-09,9.7681e-11
2.4974e-05,2.6335e-06,0.00045235,0.0066246,2.7401e-06
1.183e-05,0.00027319,0.0001383,0.006577,3.5625e-05
0.0019094,0,0,1.5826e-07,0
0.0013861,3.3236e-09,0,0.0018728,0
0.0017716,0,0,0.00046089,2.2354e-05
0.0018717,4.0104e-07,2.6629e-07,0.00012975,3.5437e-06
0,4.4641e-06,3.0054e-06,0.0014775,0.0037125
0.0019006,3.3963e-07,1.1919e-05,2.8385e-05,6.0714e-08
9.8903e-05,9.6616e-05,0.00037713,0.0012084,0.0035587
0.00059386,0,4.5112e-12,9.4169e-12,0.0032653
4.8461e-05,9.747e-08,1.4851e-06,0.0064067,0.00017492
0.0013241,0.0043721,0,5.7835e-05,3.6769e-10
0.0018744,0,0,1.1973e-07,8.6857e-05
0.0019089,0,0,3.8136e-09,1.2134e-06
6.3972e-09,3.8094e-14,9.2382e-12,1.7649e-11,0.0047393
0.0018949,4.2951e-06,0.00019022,0,1.5674e-06
1.5896e-07,0,9.2493e-10,1.18e-06,0.0047381
1.4995e-05,4.4686e-06,0.00016424,0.0028327,0.0027072
8.061e-06,3.1591e-07,0.00057397,0.0066578,1.2768e-06
0,0,0,0,0
0.0018158,0.00067424,8.3507e-05,5.661e-08,1.3392e-11
1.2739e-05,0.00049903,0.0027629,0.0058452,1.0948e-05
0.0019055,0,0,1.8329e-07,9.7049e-06
2.0029e-05,0.00029986,0.00026217,0.0056559,0.00062402
0,0.014448,6.9015e-05,8.4687e-05,5.362e-09
0.0019094,0,0,2.3135e-11,0
0.00016025,0,5.0469e-06,2.0834e-05,0.0043262
0.0018749,0,0,1.1234e-08,8.5575e-05
6.2802e-08,0.0090636,0.010349,1.1973e-05,5.558e-11
0.0019029,2.1365e-05,1.3584e-05,6.9108e-06,2.0189e-06
4.1156e-05,1.4453e-12,6.3705e-09,1.8769e-07,0.004637
0.0014595,0.003374,0.00015129,2.9855e-07,8.9963e-10
0.0019092,6.4088e-07,1.9608e-06,2.2352e-09,5.8503e-08
0.00099469,0,7.4854e-08,2.0499e-07,0.0022703
3.176e-05,8.8717e-05,0.00031516,0.0063698,0.00015868
6.5102e-06,1.5114e-06,0.00024069,0.0067436,3.2211e-06
0.0019053,0,5.813e-05,2.6115e-09,7.6005e-11
0.0015392,0.0024784,0.0006445,8.5544e-06,3.2812e-08
0.0013144,0.00021424,0,0.0020285,6.6545e-07
0.0018684,5.9979e-11,0,1.0101e-06,0.00010102
3.3867e-07,1.0983e-12,1.9184e-11,3.0913e-10,0.0047384
0.00012506,9.9834e-06,2.1204e-05,0.0038535,0.0017491
0.001906,0,0,0,8.4012e-06
0,0,0,0,0
1.4459e-05,0.010992,0.0065856,7.1001e-06,1.4064e-12
0.0012504,0.003918,0.0019722,3.7734e-05,9.9466e-10
9.1618e-05,0.013653,0.00057575,6.3704e-08,3.5507e-11
0.0014946,0,0.00017924,0.00091455,0.00036397
0,0,0,0,0
5.0652e-06,1.5158e-07,1.498e-05,0.00093921,0.0040726
0.0018537,0.00029174,6.1121e-05,4.8067e-05,2.1577e-09
4.5702e-05,0.012583,0.003212,8.3238e-07,2.3534e-13
2.0601e-06,0,1.3583e-06,0.00017283,0.004614
0.0018901,0,0,5.5013e-10,4.8006e-05
0.0017282,0.00071916,0.0012481,1.9807e-07,7.3528e-09
0.00086267,5.0545e-07,1.3868e-06,5.4169e-07,0.0025973
0.0012983,0.00012893,0.0024062,0.0011485,0.00025943
0.00020559,2.0446e-12,1.5043e-09,1.4683e-09,0.004229
7.0809e-06,0.00032804,0.015343,0.0028026,3.1215e-09
0.0012884,0.00011024,0.0032166,0.0013633,0
0.0019094,1.8868e-10,0,2.1202e-08,1.4267e-08
0.0017799,0,0.0016955,3.6876e-05,7.1584e-07
0.0019094,0,2.4877e-10,4.4741e-10,0
0.0019094,1.4756e-08,0,1.6103e-07,0
3.1797e-06,1.229e-07,3.8624e-05,0.0065311,0.00019453
0.0017313,1.0411e-10,4.8369e-10,9.8599e-06,0.00043529
0,0.00048803,3.9307e-05,0.0065952,2.1312e-07
6.6549e-07,0,7.8592e-08,7.3346e-07,0.0047371
4.8798e-05,0.0093666,0.00057012,0.0021515,0
0.0017062,8.869e-05,0,0.00068514,4.1454e-07
0.0014913,0,0.0007704,6.5682e-05,0.00085809
1.5458e-07,0.011991,0.0018242,0.00078569,1.6721e-06
0.0012275,2.5486e-07,0.00023825,6.2023e-05,0.001608
0.0018075,8.8435e-05,0,0.0003234,1.344e-07
0.0018544,7.0346e-10,6.0171e-09,1.3548e-05,0.00012723
1.4827e-05,7.9452e-06,0.00033514,0.0062433,0.00031109
0.0018837,1.5362e-08,0,2.2646e-05,4.823e-05
0.0019094,1.7667e-08,4.1892e-10,1.5031e-09,7.0679e-11
8.1153e-06,6.5926e-08,2.5375e-05,0.0065584,0.00016571
1.0702e-09,0,4.7777e-11,1.2705e-07,0.0047392
0.00010809,0,1.1498e-08,7.5299e-06,0.0044657
0.0018903,2.9395e-07,0,6.8246e-05,1.1226e-07
0.0018291,1.316e-11,1.7627e-09,1.9156e-08,0.00019943
0.00093437,5.2329e-05,0.00043907,0.0032976,3.9508e-05
0.0010618,7.5493e-05,0.00053322,0.0027578,7.3802e-05
0.0018818,0,0.00039116,7.1431e-07,5.1021e-09
0.0018274,0,0,8.5503e-08,0.00020349
0.00044222,0.0083095,0.0040808,0.00034356,7.7293e-06
0.0014443,0,0,1.5007e-05,0.001144
0.00063811,0.0015301,0.0027317,0.0030003,0.00010428
0.0018855,0,0,3.4003e-05,3.5847e-05
0.001847,0.0002387,0.00044241,9.5309e-07,9.2637e-09
1.0406e-05,1.4111e-05,3.6215e-05,0.0067751,3.2555e-06
0.0019084,0,1.3975e-07,0,2.5644e-06
0.0019094,0,0,5.1593e-08,5.0344e-10
0.0019094,0,1.6047e-10,5.9147e-12,7.7627e-08
0.0019086,4.1615e-06,2.9169e-06,1.7154e-07,1.4191e-10
0.0019088,7.8107e-07,7.1983e-07,1.6185e-06,3.4605e-09
0.0018251,0.00056637,7.9591e-05,7.0271e-06,7.6606e-06
0.0019001,6.6371e-05,3.4819e-06,1.4349e-06,3.4712e-11
0.0019094,0,0,1.0455e-13,1.2173e-07
0.0019065,9.4585e-12,0,9.9253e-09,7.3134e-06
2.9219e-07,7.2072e-13,5.3856e-09,4.0321e-06,0.0047357
0.0019093,0,5.3078e-07,1.1164e-09,1.3489e-07
1.8662e-05,4.1044e-07,3.7241e-05,0.0066079,0.00010298
0.0011035,0,0,4.2594e-06,0.0019973
0.0019093,0,4.8619e-11,7.7933e-10,3.8869e-07
0.0011438,7.136e-07,8.5086e-06,0.00078786,0.0013522
0.0018611,4.0065e-06,4.9256e-05,7.5715e-05,5.7471e-05
5.6936e-05,1.5474e-13,1.2845e-13,1.2529e-08,0.0045979
0.0019094,0,0,0,0
0.0019086,6.6983e-07,9.7454e-07,2.4615e-06,3.2406e-08
0.0017803,7.0366e-08,2.6378e-05,0.0002866,0.00011699
0.0016363,0,2.3068e-15,1.8594e-10,0.00067782
0.001141,2.355e-07,1.5762e-06,0.0027482,6.4771e-07
0.00076147,0.00066806,0.0006607,0.0016847,0.0013498
0.0017487,4.963e-09,1.1999e-08,5.4606e-07,0.00039864
0.0018708,0.00022578,0.00013008,3.1782e-07,1.3204e-08
0.0013207,0,0,1.2386e-07,0.0014612
0.0018734,0.00011047,0.00028966,4.562e-06,1.9711e-08
7.2288e-07,0.0073135,0.00094643,0.0031828,1.8523e-06
0.0017073,0.0010761,0.00045483,4.9722e-05,4.0302e-05
4.2443e-05,5.9287e-11,0,0.00082789,0.0040597
0.0016839,0,0.00026203,0.00020566,0.00037158
0.00046139,3.6118e-07,1.0986e-06,0.00045417,0.0032788
0.0019094,0,0,0,0
0.0019094,7.012e-09,0,2.8803e-08,7.2692e-11
1.1392e-08,0,2.49e-12,1.5881e-08,0.0047392
0.0018023,0.00038776,0,0.00020278,0
2.1678e-12,0,1.8669e-12,7.7956e-08,0.0047392
3.3925e-08,5.4066e-08,7.6441e-07,0.0066038,0.00015852
4.3788e-05,0,3.4277e-05,0.00017447,0.0045036
7.3434e-05,0.0013703,0.020973,0.00066587,4.7524e-08
1.8182e-05,0.00015541,0.00037495,0.0046507,0.0013528
0.00059781,0.0099694,0.00019166,1.067e-06,1.1845e-10
0.000315,0.0012003,6.7611e-05,0.0051186,7.4578e-06
1.1519e-06,7.1802e-08,0.00014869,0.0067823,6.2159e-06
8.2309e-07,2.4585e-05,0.00044036,0.0066975,7.1126e-06
5.0305e-09,0,1.0972e-14,4.0987e-10,0.0047393
2.1741e-06,0.0011634,0.0066364,0.0046089,5.4524e-06
0.001909,0,0,1.2406e-06,7.4354e-08
8.8979e-05,0,0,1.2038e-07,0.0045183
0.0019094,0,0,0,0
3.3856e-06,1.0156e-08,0,0.0029919,0.0026556
0.0019076,0,0,2.5845e-08,4.3952e-06
5.7953e-06,0,2.5529e-07,0.00028874,0.0045246
0,8.0977e-08,0,0.0068327,0
0.00060059,0,0.013815,0.0010147,0.00013903
0.0017015,0,0,5.7227e-06,0.00051206
1.0437e-05,4.6484e-07,0.00010919,0.0018269,0.003427
0.0019094,0,0,4.1564e-12,7.46e-09
0.0019003,0,0,3.2566e-05,2.4192e-08
0.0019019,0,3.7533e-12,1.1988e-09,1.8574e-05
0.0019093,0,6.0994e-10,2.5834e-09,2.7644e-07
0.0019092,1.3368e-06,0,1.4887e-07,5.0635e-11
0.0019094,1.6192e-11,0,7.1169e-08,0
4.878e-05,0,0.00012144,0.00022213,0.004443
0.0019094,3.2292e-09,0,2.5013e-09,9.2675e-09
0,0,0,0,0
3.2648e-05,3.9858e-05,0.0017982,0.0062415,3.0257e-06
1.8754e-05,0,0,0.0065939,0.00011909
1.2639e-06,1.4793e-07,4.0797e-05,0.0067599,4.0193e-05
3.1624e-06,8.0955e-07,6.1412e-06,0.0068149,3.1959e-06
0.0015536,0.0016011,0.00055181,7.2282e-05,0.00021964
0.00065176,9.0592e-05,0.00081601,0.0041213,9.1591e-05
0.0018969,3.2811e-05,3.3246e-05,2.0855e-05,1.144e-07
0.0018421,0,1.2328e-06,1.3698e-07,0.00016682
0.0019093,8.1275e-09,0,6.8043e-08,2.332e-07
0.0019094,0,0,4.4184e-10,1.5108e-08
0.0017389,0,3.726e-07,4.3377e-05,0.00039304
7.7875e-05,0.0035582,0.019098,0.00010169,1.2371e-09
0.00012103,7.6966e-08,4.3013e-05,0.0012456,0.0035674
1.0658e-06,0.00048287,0.018753,0.0018958,2.2096e-09
0.0019031,4.8255e-05,0,0,0
0.0018167,0.00068077,5.8276e-05,0,4.2405e-11
0.0019094,0,0,2.8444e-09,5.5473e-08
0.00032934,0.012113,4.4848e-05,1.1879e-07,4.7953e-09
0.0019067,9.2456e-06,2.0707e-05,2.5862e-07,1.3915e-08
0.0010635,1.1206e-05,0.00031678,0.0029424,0
4.2507e-05,0,1.1885e-07,0.00042916,0.0043361
0.0012177,0,0.0071302,0,0.00047517
1.5567e-05,8.7979e-10,4.1468e-07,7.7374e-05,0.0046469
