2.8561e-09,4.6951e-10,4.3651e-13,8.2458e-09,0.0028504
0.0038838,0.00035959,9.7485e-05,4.7598e-05,3.9122e-05
1.3294e-07,0.00015473,0.015153,1.8798e-10,1.6296e-10
3.9724e-05,1.2575e-06,1.097e-06,0.00027616,0.0027775
0.00091746,2.1721e-05,1.2665e-06,0.0029274,0.0017565
0.0007751,2.571e-05,1.4585e-06,1.035e-07,0.0023345
1.9008e-05,0.0032404,2.4335e-07,6.3221e-11,1.663e-09
0.0012849,0.0021667,0.00074504,7.3206e-07,1.4922e-06
0.00013411,0.0031257,1.3775e-05,2.0575e-06,2.4461e-05
0.0036591,0.0005614,8.217e-05,9.8962e-07,1.5852e-05
0.0021709,0.00035604,5.2249e-06,3.4158e-08,0.0011565
7.2366e-07,2.0248e-06,2.9214e-08,0.00044476,0.0027736
0.00022977,0.003086,6.3572e-06,4.6887e-07,1.1888e-08
0.00010518,0.00052871,0.0053461,8.9237e-05,0.0013476
1.995e-05,3.5955e-07,2.8e-09,7.4891e-05,0.0028249
0.0043966,5.8867e-05,5.3066e-06,2.3303e-07,7.1023e-07
0.00017904,8.7317e-05,5.8669e-07,1.8108e-07,0.0026599
0.00029293,1.4189e-06,1.9541e-05,8.7044e-05,0.0026447
3.0416e-05,2.0651e-05,4.86e-05,0.00021868,0.0027676
1.1843e-05,3.6379e-06,0.015838,6.6799e-06,9.715e-07
1.3406e-06,1.903e-05,0.015683,2.5858e-06,2.2751e-05
2.6996e-10,3.0967e-08,1.0892e-09,6.1895e-06,0.0028494
4.0477e-07,0.0032538,5.1022e-07,1.4726e-08,2.4819e-08
0.0012409,5.6177e-06,7.7448e-08,1.9876e-06,0.0020557
0.00012132,8.1313e-05,4.71e-06,0.014851,0.0002106
0.00019107,0.0021046,0.0049062,1.448e-08,6.3865e-06
0.00084631,2.497e-06,6.1373e-08,1.2916e-05,0.0023076
5.4292e-06,0.0031935,6.0549e-05,4.1186e-08,3.8912e-05
3.8672e-06,0.0032361,1.7067e-07,1.483e-11,1.3411e-05
0.00065402,3.0898e-07,2.2146e-06,1.8073e-06,0.0024334
6.301e-08,2.3432e-07,5.6647e-13,6.6873e-12,0.0028502
0.00092562,0.00011175,0.011787,0.0002354,1.2472e-05
0.0012444,4.919e-05,3.8871e-08,2.7307e-06,0.0020152
0.004458,1.499e-06,4.3308e-06,1.6886e-06,1.1871e-05
3.2385e-05,0.00016287,3.761e-06,1.6998e-07,0.0026865
0.0031198,0.00095669,2.1228e-08,0.00015692,1.2913e-06
1.5891e-09,4.059e-09,1.8763e-08,6.8688e-07,0.0028503
0.0036637,0.00049502,0.00047491,4.8792e-06,4.5661e-08
0.00049385,0.0028854,1.2358e-05,4.1986e-07,6.5933e-06
3.6858e-05,0.0015358,4.1233e-05,1.2831e-08,0.0014744
0.0044719,1.5181e-06,1.9816e-05,8.3537e-07,3.7409e-07
0.0044571,0,2.289e-06,8.5717e-05,7.5427e-09
0.0030062,0.00032711,0.00019194,0.0022086,0.00024657
0.0013486,0.00014667,4.1593e-06,3.1662e-08,0.0018632
7.0104e-07,0.0025071,1.0566e-07,2.3806e-06,0.00065362
1.1151e-06,1.8937e-06,4.1319e-07,6.1574e-07,0.0028479
0.0031926,3.2689e-05,1.4256e-05,0.0022229,0.00041533
0.0016124,0.00012865,0.00041785,0.0029935,0.001135
0.0044401,1.2097e-08,1.8769e-07,1.6579e-07,2.5546e-05
7.4626e-06,1.1205e-05,0.0021064,4.7864e-05,0.0024505
0.0024011,0.0001786,5.4076e-05,0.0023951,0.00075505
0.0026027,3.5353e-08,2.3157e-07,3.1213e-07,0.0011944
0.0043977,9.987e-07,0.00017208,6.905e-06,1.9744e-05
0.00017716,0.0031253,0,7.4949e-09,2.731e-07
0.0001157,0.0010557,1.3425e-05,0.0083362,0.00045167
0.00017376,0.0020703,0.0036917,0.0015433,6.2358e-06
1.7546e-06,2.0599e-05,4.4712e-08,2.8632e-06,0.0028308
0.0022532,0.0001436,8.2854e-05,0.0076079,4.314e-07
0.0044747,2.2539e-06,4.8135e-08,3.8408e-09,1.6408e-06
3.2296e-09,1.6512e-05,1.7156e-06,1.7789e-06,0.0028354
0.0038681,1.6665e-06,4.2853e-06,3.5099e-06,0.0003867
0.00014571,2.2719e-06,2.2527e-07,0.00024193,0.0027151
0.0023918,0.0013908,0.00060321,1.5384e-06,2.2294e-06
0.0042502,5.3904e-05,2.7003e-05,2.8849e-07,9.4321e-05
1.2099e-08,1.8667e-06,3.5811e-08,0.00082862,0.0027098
0.00024426,0.0019389,3.4816e-05,0.0047291,0.00019738
2.8241e-07,3.391e-05,0.0073872,5.0627e-05,0.0014885
0.00027478,0.0023468,0.00022985,0.0028995,9.2636e-05
0.004414,4.3005e-05,2.0029e-05,5.3088e-06,5.9376e-08
2.4326e-05,0.0031416,0.00010815,7.3065e-06,6.261e-05
0.004211,4.0877e-06,0.00035373,8.8951e-07,0.00010429
1.5858e-07,0.0027654,1.4182e-08,2.3941e-08,0.00042813
3.2747e-10,0.00095442,1.0174e-06,0.00062834,0.0019089
0.0002068,0.0025411,0.00025607,9.7167e-08,0.00044719
3.5341e-07,0.002022,0.00040134,0.0054886,8.673e-05
0.0043204,0.000113,6.3814e-06,5.8907e-08,1.62e-06
0.0004995,0.0027488,8.9986e-06,1.4735e-07,0.00012329
1.6485e-06,3.4908e-08,7.5642e-09,3.9198e-05,0.0028428
0.0024078,0.0001115,7.6051e-05,1.1888e-06,0.0012071
0.0029107,1.4138e-06,1.1421e-05,5.2063e-06,0.00099446
9.1627e-09,0.0014041,1.9122e-05,0.0024092,0.0012131
0.00034873,0.0013271,3.0674e-06,6.3372e-05,0.001455
5.9417e-07,0.0031768,0.00015962,0.00021415,2.9207e-06
7.848e-07,0.0032428,2.3368e-05,2.2254e-05,1.5964e-06
5.4543e-07,0.0001817,9.454e-07,0.00072167,0.0025697
0.0042409,1.4408e-08,9.8491e-06,9.7887e-06,0.00014895
0.0043236,0.00011055,4.4889e-07,3.3573e-06,2.2831e-06
0.00025925,0.0030528,4.9989e-05,1.4655e-08,2.5467e-06
9.4527e-07,0.0031678,1.4226e-05,9.8107e-05,5.6157e-05
0.00032556,0.00062902,0.011508,9.0764e-05,1.5349e-05
3.4648e-06,3.1031e-07,6.5267e-09,1.2788e-09,0.0028479
0.00020998,0.00054171,0.011625,0.00040985,9.0758e-05
1.4954e-06,0.0032238,0,5.3509e-05,1.6731e-05
0.0033107,6.2715e-05,1.3075e-05,0.0038441,4.2205e-05
4.8002e-06,0.0010955,1.3113e-06,0.0024363,0.001479
1.9104e-05,0.00083947,1.1902e-06,0.0099968,0.00042624
0.0027248,0.0012707,3.0774e-06,2.247e-07,3.3175e-06
1.8469e-06,0.00057284,2.8844e-06,3.3098e-08,0.002347
8.5758e-05,0.00021317,2.0069e-06,2.3903e-09,0.0026088
5.9581e-06,0.00032593,2.9182e-06,0.0083471,0.0011608
5.9982e-08,8.9763e-05,0.015403,1.1295e-05,1.0271e-05
3.2815e-05,0.0031491,1.795e-08,2.8229e-09,7.1222e-05
6.5756e-08,1.13e-06,1.7065e-07,2.5487e-05,0.0028451
6.7884e-05,0.00016699,0.014851,1.2241e-06,7.9436e-08
0.0041245,7.0212e-09,1.1932e-05,6.4199e-07,0.00022413
1.4665e-05,3.1753e-06,4.0985e-07,0.00049065,0.002756
0.00010662,1.4266e-05,5.3278e-06,0.016089,7.0991e-05
4.3325e-06,0.0022203,3.9311e-06,0.0018882,0.00058554
3.1083e-10,1.5131e-08,2.6992e-08,3.5177e-06,0.0028498
0.001932,7.5838e-05,0.00020829,0.00064487,0.0014094
0.0038189,0.00024816,0.0011226,4.3419e-06,1.6352e-06
4.2916e-10,0.00012452,2.5416e-07,0.0024577,0.0023292
5.5531e-06,0.0032272,1.0579e-06,5.8895e-08,1.9946e-05
0.003191,0.00092334,3.1296e-06,2.9629e-06,1.0506e-05
4.808e-06,0.0032085,1.1064e-06,1.3912e-07,3.6795e-05
1.0314e-08,0.0028477,0.00028899,0.00034241,0.00024692
0.00035111,0.0027309,5.6055e-06,0.00022023,0.00019713
0.0035382,0.00067509,1.1925e-06,1.3484e-09,7.8905e-06
1.893e-06,0.0014299,0.00047592,0.0025827,0.0010784
1.3251e-05,0.00085872,0.011663,1.1331e-06,4.7788e-08
0.00016375,0.0030149,6.9733e-05,8.1018e-06,9.167e-05
6.1421e-08,0.0011929,0.0058544,0.0045104,2.5331e-07
6.624e-07,2.7405e-06,4.5788e-07,3.5643e-05,0.0028415
9.8043e-08,0.00098324,1.3106e-05,0.00081449,0.0018502
0.00034868,0.0026383,0.00026278,0.00069592,0.00015391
0.00065083,0.0020333,1.1648e-05,2.9807e-05,0.00064833
0.0044238,9.8573e-06,3.3916e-05,5.0866e-05,1.2747e-05
0.0003614,0.00025714,2.3169e-10,1.1143e-05,0.0023934
1.7952e-06,0.0024523,0.00022304,0.0031759,0.00012872
2.5064e-05,5.5795e-06,0,6.4742e-07,0.0028295
0.0025928,6.5135e-06,5.3267e-06,0.00096238,0.0010328
0.0022254,0.0011682,0.0021152,1.3474e-05,3.0144e-05
0.001678,0.00014334,4.2476e-05,0.0045778,0.00088196
1.0924e-05,4.6657e-07,5.6944e-07,9.3648e-09,0.002843
0.0040337,5.3297e-05,0.0013045,1.7364e-06,3.4563e-06
7.6977e-07,5.9555e-09,5.7447e-10,5.3446e-09,0.0028499
0.000653,0.0022654,9.117e-06,0.0019177,0.00012749
0.001407,0.00098197,4.7344e-06,2.01e-06,0.001094
3.436e-05,0.0029883,0.00057305,0.00058322,1.0623e-05
7.9301e-06,0.00088146,2.3228e-05,7.1063e-05,0.0020572
0.0022295,0.00098331,0.0031562,1.724e-05,2.3539e-06
4.0686e-07,2.9402e-06,1.8138e-08,8.9486e-05,0.0028326
4.8525e-05,6.7757e-05,5.223e-08,9.1328e-05,0.0027449
7.5589e-05,0.0031868,5.7244e-05,2.1057e-07,6.6704e-07
0.00013965,0.00014854,0.014227,0.00016202,5.539e-05
0.00045448,5.5023e-06,0.014207,3.4546e-05,5.3899e-06
1.7311e-06,0.0020021,1.4855e-07,1.8384e-05,0.0010926
0.00065269,1.796e-05,0.011181,0.00039465,0.00035012
0.0014759,0.0017959,1.2675e-06,8.9704e-08,0.00033821
0.00011532,2.2399e-06,5.0665e-09,2.5354e-07,0.0027751
0.00089488,0.0003951,0.00059426,5.761e-05,0.0018189
0.00099398,0.0025237,1.6273e-05,2.263e-06,4.2246e-06
3.1348e-05,4.2019e-05,2.6473e-09,4.0601e-08,0.0027937
0.0042569,6.5201e-07,1.4751e-06,2.8551e-07,0.00014126
0.00020214,0.0030958,4.8703e-05,6.0885e-06,4.1111e-07
0.00041062,0.001979,1.2261e-05,0.0050781,1.9887e-06
8.3698e-07,6.613e-08,7.2698e-08,0.00011698,0.0028302
0.00010223,2.5145e-06,5.7437e-05,4.4366e-05,0.0027654
0.0025727,0.0012178,0.00080384,3.7867e-06,2.3657e-06
2.1351e-07,0.000141,1.537e-07,0.00043878,0.0026532
3.2231e-05,3.9338e-05,3.1648e-05,0.013741,0.00048541
2.5164e-05,1.3316e-05,0.0049286,2.8169e-07,0.0019397
7.6195e-06,1.6723e-07,0.015865,1.4162e-08,3.0706e-06
7.8688e-05,8.5671e-06,4.7068e-08,4.2209e-05,0.0027858
0.0040815,2.4811e-07,1.975e-06,2.2929e-06,0.00025278
0.00072278,0.0026518,0,9.7908e-05,5.1475e-05
0.00024577,0.0023164,3.4973e-05,0.0037606,2.8163e-05
0.00010406,1.7499e-05,0.015453,4.9061e-07,2.1237e-07
0.0025262,0.0011067,3.1828e-05,3.1068e-06,0.00026767
2.2997e-08,0.0032486,0,2.406e-06,4.5834e-06
3.786e-05,6.4519e-06,6.5766e-08,1.4942e-05,0.0028182
0.0013446,0.0017795,1.1475e-06,0.00057786,0.00033923
7.5065e-06,0.0028191,7.5012e-06,1.1794e-05,0.00037303
0.00012217,0.002895,0.00079053,0.0004375,2.199e-05
0.0023517,0.0013879,0.00018431,1.7703e-06,0.00010531
0.00018893,0.0006999,0.00063332,0.011285,0.00011119
4.2075e-07,0.0032509,1.0089e-05,2.0881e-06,5.3902e-07
4.1868e-07,6.3007e-05,1.5011e-07,6.2288e-06,0.0027939
1.1926e-05,2.3817e-06,2.1531e-05,0.013504,0.00057216
1.766e-06,0.0018595,0,0.006941,5.6492e-05
4.7814e-08,0.00046202,4.7184e-05,0.0050972,0.0015824
0.004458,1.499e-06,4.3308e-06,1.6886e-06,1.1871e-05
8.6462e-06,0.00079793,0.0002449,0.012447,1.4713e-05
1.3739e-07,1.7531e-09,5.3638e-10,1.219e-06,0.0028501
1.8307e-06,0.0032465,0,2.084e-06,5.2422e-06
0.0044781,1.4881e-08,1.5845e-09,2.3807e-07,1.3895e-06
1.7855e-05,0.00043182,1.8134e-05,0.0082031,0.0010819
1.8072e-07,6.4328e-05,6.5504e-08,0.0046883,0.0020077
2.2757e-07,0.00023229,0.0096132,3.3117e-05,0.00091894
0.0035666,0.00065817,1.4464e-05,1.3194e-05,2.0502e-08
2.0058e-05,0.0031674,9.5472e-05,2.3387e-05,4.2271e-05
1.3131e-05,0.0018662,1.4212e-06,6.0884e-09,0.0012072
0.0035322,0.00036256,0,5.8814e-07,0.00028555
5.5701e-06,0.0028225,8.9056e-07,6.7354e-06,0.00037335
4.5191e-07,1.1628e-07,1.6013e-07,3.4858e-05,0.0028442
0.0010399,0.00056356,2.1147e-05,0.0096969,6.5193e-05
2.7005e-06,8.215e-06,0.015851,6.1189e-06,5.1291e-07
6.5589e-07,0.0023371,1.1423e-05,0.00026059,0.00075714
4.6064e-05,0.0032126,3.6397e-05,5.9306e-08,6.3408e-07
6.9212e-05,0.00049633,0.013237,1.0765e-08,3.7154e-08
4.6022e-07,0.0032534,1.5606e-06,9.4727e-07,2.0126e-08
3.2713e-07,8.0508e-06,7.8913e-06,0.015521,0.00023889
0.001227,3.6784e-05,2.8441e-06,0.00024292,0.0019964
0.0014448,0.0015579,0.0028069,1.5736e-05,6.1207e-05
0.0044774,5.9744e-07,4.5207e-07,2.255e-06,9.1265e-07
7.2664e-06,0.00019065,3.8292e-09,3.8711e-12,0.0026788
0.004398,8.7591e-06,8.6028e-05,1.006e-05,2.7614e-05
0.0036986,4.4733e-05,2.6114e-07,2.8289e-07,0.0004581
1.0727e-05,9.5089e-08,5.8591e-09,2.9345e-05,0.0028386
0.004206,0.00016754,0.0001542,1.2004e-06,8.15e-11
0.0027909,6.8638e-06,4.7271e-06,0.00042291,0.00099704
1.1362e-06,1.3197e-06,8.9493e-07,0.00031761,0.0027951
5.911e-05,3.0112e-07,1.228e-05,0.013862,0.00048561
5.3049e-06,0.00028732,2.987e-06,7.2305e-07,0.0025947
4.2914e-05,3.7326e-05,1.4809e-07,1.8454e-05,0.0027873
0.0032932,0.00026542,9.2048e-05,0.0028361,3.0672e-05
0.00069508,0.0003821,2.9429e-05,3.7252e-06,0.0020676
0.00014503,8.3622e-05,0.0028557,6.7643e-07,0.0021732
1.0208e-06,0.0032361,6.6478e-06,4.2578e-05,6.9678e-06
5.0148e-06,0.0029294,1.6597e-07,0.00012423,0.00026053
0.0017715,5.8629e-05,4.7842e-09,4.9025e-12,0.001672
1.4719e-05,0.00048247,1.9412e-06,0.013163,0.00021065
3.6826e-05,6.8525e-07,1.8558e-05,0.0029974,0.0023204
4.8769e-06,0.0032211,4.5451e-08,9.6891e-11,2.5899e-05
0.0020007,0.00040156,5.3049e-06,0.00043236,0.0011524
7.5648e-07,1.3723e-07,5.503e-09,5.4702e-07,0.0028497
0.00016775,1.3853e-05,8.2991e-07,1.0017e-07,0.0027314
0.0013074,0.0018487,2.7324e-07,0.00035288,0.00034018
0.00093956,0.0025491,3.2605e-08,1.6724e-09,1.9903e-05
0.00014472,0.00029121,9.2414e-05,0.00065124,0.0023775
6.6591e-05,7.8208e-05,1.7519e-06,0.0079175,0.0014114
0.0011226,9.5171e-05,0.0013581,0.00057281,0.0017135
0.0026374,0.0012732,1.3792e-06,5.206e-09,5.7051e-05
0.0042436,3.0785e-05,0.00068188,8.204e-06,1.4535e-07
1.3211e-06,0.0015516,8.1349e-06,0.0029742,0.00099034
1.7844e-06,1.8671e-06,4.754e-07,0.0022124,0.0024765
0.0044297,2.8741e-05,2.2433e-05,9.9616e-06,1.337e-06
0.0030796,0.00072424,0.0014299,1.8147e-06,3.1621e-07
0.00065294,0.0027298,1.6777e-05,2.7166e-08,4.1006e-05
1.2653e-06,0.00019825,0.01471,0.00020988,5.3635e-06
4.7297e-05,5.6563e-08,3.2263e-08,8.8386e-08,0.0028203
0.0041952,0.00016773,2.9579e-05,0.0001362,6.3795e-06
0.0040843,0.00020663,0.00038572,1.0021e-05,2.1059e-07
0.0011568,0.0022914,0.00058845,3.7318e-06,1.316e-06
4.5911e-05,0.0004604,3.329e-05,0.00028978,0.0023634
0.0043724,1.4667e-05,3.5337e-08,1.9849e-09,5.5841e-05
1.712e-07,0.00022501,6.9221e-06,0.014404,0.00023644
0.0022069,0.00014766,1.6523e-07,1.2568e-06,0.0013168
2.5258e-10,5.8018e-09,1.4936e-12,1.1185e-10,0.0028504
0.00069807,0.00018243,1.2641e-05,1.5173e-07,0.0022442
7.0771e-13,1.887e-09,1.296e-09,5.9373e-07,0.0028503
0.0020795,2.6942e-05,3.4628e-06,1.0541e-07,0.0015032
0.00031209,7.5258e-09,9.0075e-11,3.8237e-08,0.0026519
3.2034e-05,0.0031563,6.0316e-05,1.2708e-05,5.2466e-05
0.0031073,0.00082266,8.1344e-05,0.00080327,3.6976e-06
1.8818e-05,0.0031952,3.8175e-05,3.6058e-05,2.6886e-05
6.1194e-06,0.0027544,0.00010395,0.00016963,0.00038683
0.0044692,7.434e-07,3.6878e-06,1.5589e-06,5.5413e-06
1.7698e-06,0.0032258,4.7845e-06,5.8658e-05,1.3147e-05
0.0010556,0.0021604,4.4248e-07,2.8735e-07,0.0002864
0.0043409,1.53e-05,0.00041324,2.7697e-06,8.2958e-07
1.3044e-08,0.0032529,2.99e-06,1.112e-06,4.3457e-07
5.634e-05,0.001083,2.1038e-06,0.0011182,0.0016781
0.0017622,2.1826e-06,2.1277e-09,8.553e-08,0.0017274
1.6421e-06,9.2338e-07,5.3515e-06,5.3068e-07,0.0028475
0.0015801,0.0021033,0,1.0104e-07,2.8774e-06
5.2261e-06,0.0029912,1.715e-09,2.379e-11,0.00022712
0.00089831,0.00024408,0.0033467,0.00010474,0.001448
3.0173e-06,0.00029804,0.014439,7.0196e-07,3.373e-07
0.00077093,1.443e-05,0.010318,9.5957e-06,0.00049713
1.4096e-05,0.0032148,3.3482e-07,6.2471e-07,2.5441e-05
8.8536e-07,0.0032351,1.8429e-05,7.338e-05,5.77e-07
0.0019267,0.00022874,0.00018391,5.3277e-06,0.0013904
9.0702e-06,0.0031817,8.302e-05,0.00025273,5.3107e-07
0.0041048,0.00027107,7.5421e-06,1.7376e-08,1.4843e-07
1.4708e-07,1.2449e-06,8.7883e-09,0.00028612,0.0028013
4.6004e-05,0.0030597,0,9.5064e-09,0.00014111
0.00039197,1.4606e-08,1.8002e-09,2.3813e-05,0.002597
1.8632e-05,0.00066041,2.6195e-05,0.0040926,0.0015691
8.7004e-06,0.0021692,1.0208e-06,0.0046421,0.00016616
0.00043308,0.00047277,0.0010534,0.010702,0.00017733
0.0040118,1.3732e-06,8.0699e-08,4.8269e-05,0.0002888
5.1314e-05,0.0030055,4.596e-06,6.9494e-06,0.00018324
4.1446e-07,5.1355e-06,1.8892e-07,0.00031364,0.002793
0.0037727,0.00035423,3.875e-05,1.2865e-06,0.0001328
1.3176e-05,0.00049595,2.3808e-05,2.9763e-05,0.0023984
1.5882e-05,0.0032247,7.8679e-05,2.7943e-07,1.6226e-06
6.3142e-05,0.0032024,2.8771e-05,1.719e-07,1.1255e-07
1.216e-05,0.0032453,2.4608e-08,1.8289e-09,7.9673e-08
0.0001049,1.6356e-06,3.1786e-06,0.0049317,0.0019546
0.0044597,9.0675e-06,5.5413e-09,8.8381e-08,5.1608e-06
2.0341e-05,0.0031762,0.00030843,2.3788e-08,2.0638e-07
5.4192e-07,1.0133e-07,2.981e-09,4.8034e-05,0.0028419
0.0017575,0.00030641,4.945e-05,0.0063602,0.00038844
9.6159e-06,0.0030215,3.5751e-06,2.8756e-05,0.00019226
7.8991e-08,2.0893e-07,2.5619e-07,2.0704e-08,0.0028501
0.0042464,3.0222e-05,2.0705e-05,0.00018537,8.7556e-05
9.3601e-06,2.2973e-05,1.569e-05,9.0003e-05,0.0028064
0.00055146,0.00049255,0.011518,1.1241e-06,4.4168e-06
7.2245e-07,9.5145e-07,1.0794e-07,2.6592e-06,0.0028487
0.0040277,0.00032772,1.5628e-08,1.0224e-10,9.151e-07
0.00014254,9.442e-08,1.3461e-07,6.0701e-06,0.0027586
6.4249e-10,0.0032531,2.0089e-06,1.2315e-06,4.7802e-07
3.491e-08,0.0015999,1.6209e-06,1.1928e-08,0.0014488
6.6465e-06,2.5651e-05,4.8491e-07,0.010202,0.0011126
4.3804e-07,0.0014833,8.9965e-05,0.00011191,0.0015161
0.0040088,7.0075e-06,2.1942e-05,0.00063934,0.00018269
1.4729e-05,0.0025575,0.0023179,0.0010478,9.9587e-06
0.0010875,0.0024237,0.00019763,1.0786e-07,2.304e-07
1.4766e-05,0.0032285,1.4893e-05,7.302e-10,1.0464e-05
3.9935e-09,0.0032533,1.337e-07,5.3359e-07,7.2048e-07
4.3236e-07,0.00043925,0.013749,2.4992e-07,1.9875e-06
4.622e-05,0.0029766,0.0011775,1.682e-05,3.7298e-08
0.0044771,9.6317e-07,2.6463e-08,1.368e-08,1.2521e-06
9.8047e-08,0.0019365,0.005394,0.00044749,0.00011272
0.0001088,0.0018097,1.8567e-07,3.9572e-05,0.0011894
1.071e-05,0.0030723,0.00040896,3.0297e-05,7.4201e-05
0.0011051,0.0024509,0,1.8544e-08,6.0273e-07
0.00025502,1.7072e-05,2.1978e-07,0.0007161,0.0025531
0.0044096,4.0886e-05,1.4096e-06,9.8618e-07,8.7634e-06
1.3167e-07,0.0032534,3.2408e-06,4.3264e-09,7.1015e-08
0.0036153,8.1665e-05,0.0025507,4.0073e-05,1.5123e-05
0.0034072,0.00073327,0.00022257,1.3578e-06,3.7646e-07
0.0001609,0.002896,0,0.00048717,0.00012976
7.4147e-05,0.0028496,6.5543e-05,0.00031531,0.00024266
0.0043765,5.7589e-05,4.3702e-05,1.4929e-06,7.5576e-06
1.5852e-05,0.0012619,6.2287e-06,0.0068551,0.00058427
9.2396e-07,7.2572e-07,3.2664e-11,2.9688e-10,0.0028492
9.5371e-07,6.7318e-08,4.2306e-09,2.5105e-05,0.0028455
1.63e-05,0.0026882,4.6608e-05,0.00075435,0.00035056
0.0038538,0.00044605,9.109e-06,1.0006e-05,4.6163e-06
9.3051e-05,0.0020869,0.0022158,0.0002539,0.00052377
3.179e-05,5.9346e-05,1.5828e-05,4.6049e-05,0.0027677
0.00029686,1.1186e-07,3.019e-07,4.6862e-07,0.0026613
1.9313e-05,3.2756e-07,9.906e-06,0.00046388,0.0027583
0.0017484,8.5019e-05,6.8111e-06,0.0018782,0.0013474
0.00095664,0.0025517,4.5179e-07,2.9074e-06,6.2245e-06
3.1617e-06,0.00010131,3.7356e-06,0.0048808,0.0019405
1.8431e-05,0.0018245,7.8074e-07,1.3965e-06,0.0012402
9.3613e-08,0.0032479,4.1997e-06,4.7099e-06,3.9748e-06
6.2406e-07,6.6692e-06,5.4508e-08,1.8859e-07,0.0028441
1.5824e-06,1.0651e-07,2.5045e-09,0.00079118,0.0027166
5.5863e-07,0.0023146,2.0285e-07,0.00017156,0.00079388
0.00018604,3.9002e-05,0.00026451,0.014914,0.00014933
0.00081228,4.1828e-05,0.011384,0.00029895,0.00020725
4.0392e-06,0.0020395,0.0059135,1.1167e-05,9.0127e-08
0.0027355,3.9046e-07,6.2885e-08,9.3619e-07,0.0011095
0.0039915,0.00029417,5.7738e-06,2.8304e-07,5.2257e-05
2.0859e-06,0.0032514,2.5613e-06,4.0446e-06,2.2731e-08
1.0512e-08,0.003246,3.5924e-05,4.1471e-06,1.1612e-07
0.00013027,0.0024822,0.00081667,6.8182e-07,0.00044694
0.0043385,1.3183e-06,8.8235e-07,1.1357e-07,8.8892e-05
1.1921e-08,0.0028185,0.00081558,0.0013789,4.2888e-06
3.932e-11,0.00033868,1.7335e-07,0.0005142,0.0024675
4.29e-05,4.6814e-08,5.6006e-08,7.4209e-07,0.002823
0.00034402,0.0023771,0.0026223,2.0997e-05,7.6113e-05
2.49e-05,3.4121e-06,2.6115e-06,1.475e-05,0.0028287
0.0012216,0.0019092,6.7856e-07,2.775e-07,0.00040079
0.0044558,4.127e-06,8.3813e-06,1.1941e-07,1.0512e-05
7.3217e-05,0.0022754,0.0041515,0.00024398,2.6139e-05
0.0014886,0.00010738,5.5983e-05,0.0074711,0.00054633
0.0015757,3.2314e-06,1.3211e-07,1.7676e-06,0.0018448
0.0040206,5.4711e-05,1.3826e-05,0.0014352,1.4099e-06
3.2054e-07,0.0024537,0.0018429,0.0022057,9.5395e-07
3.1344e-08,5.0962e-06,7.7866e-08,0.0027703,0.0023813
0.00024017,6.824e-06,9.2942e-06,1.287e-06,0.0026898
0.00089428,6.5712e-06,0.011184,2.9963e-06,0.00027143
6.0995e-06,3.7382e-07,4.2819e-09,1.3691e-08,0.0028462
2.2061e-10,0.0032514,3.535e-06,1.3616e-06,1.6043e-06
0.0010113,0.00028922,3.5942e-07,0.0014361,0.0017128
1.1589e-08,7.5625e-05,1.2012e-07,2.8991e-06,0.0027837
9.3938e-06,0.003208,2.9354e-05,0.0001615,2.2116e-06
5.2432e-09,7.6673e-06,4.2466e-07,0.00079564,0.0027102
0.0029991,0.00085093,2.113e-07,1.3713e-05,0.00019473
0.003973,1.9041e-05,0.00091505,2.18e-05,0.00013854
2.3569e-09,9.2647e-05,3.0634e-05,0.0040601,0.0020829
0.00032709,0.0027961,0.00063762,1.2491e-07,7.8936e-05
4.6514e-06,0.0031875,0.00017039,4.72e-06,2.4205e-05
0.0010058,0.00022457,2.9226e-05,0.011569,6.8324e-05
2.6601e-07,1.819e-06,6.275e-08,6.8228e-05,0.0028372
0.00097107,4.832e-06,1.3422e-06,0.0024728,0.0018134
0.0040183,2.5617e-07,2.3448e-06,4.3978e-08,0.00029329
0.00017519,0.003105,0.00010694,4.0237e-07,3.3162e-08
0.0010316,0.0023112,0,0.00078611,3.7912e-05
0.0044781,3.3505e-07,8.4295e-08,7.3159e-08,1.1344e-06
0.00010609,9.4618e-07,6.4439e-08,7.4542e-05,0.0027696
8.8238e-07,3.4927e-08,2.6791e-09,2.7846e-06,0.0028494
6.7331e-09,2.3519e-06,5.1388e-08,0.00054058,0.0027577
2.8929e-08,0.0024342,4.4379e-06,0.002964,0.00022041
9.4064e-08,7.1212e-07,1.1179e-08,9.9719e-09,0.0028497
6.0307e-08,0.00033385,7.1471e-07,4.7692e-05,0.0025498
0.00070496,0.0008601,0.0091902,1.139e-06,1.8351e-06
3.8666e-05,0.0031888,0.00011673,7.0369e-05,5.4246e-08
2.1511e-05,0.00031434,1.5878e-06,0.0012966,0.0023437
1.1423e-08,1.3944e-08,3.1742e-10,2.791e-06,0.0028499
3.23e-09,7.9883e-06,4.4836e-07,5.9803e-05,0.0028333
8.54e-07,0.0032536,9.7197e-08,2.7149e-11,5.9199e-11
0.0011245,0.0022615,3.3258e-06,0.0008618,9.073e-06
4.2117e-05,5.8528e-06,2.7864e-07,1.1584e-05,0.0028165
0.0011577,6.9805e-05,4.1337e-06,0.0020564,0.0017072
4.9921e-06,1.3338e-07,2.2819e-08,5.189e-10,0.0028471
1.7409e-10,8.994e-06,1.7708e-08,9.8105e-05,0.0028261
7.9003e-05,1.3018e-06,1.6085e-07,2.07e-06,0.0027986
4.2158e-07,3.3331e-07,1.0563e-07,8.6854e-09,0.0028498
5.326e-05,0.0031429,2.031e-07,0.00033451,7.5127e-06
6.54e-09,5.029e-08,4.5232e-06,2.8242e-05,0.0028448
1.2839e-05,0.00038319,4.1739e-07,0.011013,0.00065957
8.832e-05,6.4934e-08,3.9853e-09,0.00038067,0.0027303
4.1711e-05,4.8749e-07,2.2831e-05,0.016787,4.1849e-06
8.4203e-07,0.0029488,4.6697e-06,0.00038417,0.0002018
1.3413e-05,1.1804e-05,7.917e-07,6.5185e-05,0.0028205
0.0041329,3.6002e-05,2.2996e-07,5.6142e-06,0.00018855
0.00029162,7.1768e-07,2.8069e-07,1.9952e-05,0.0026609
0.0040941,0.00027728,1.7246e-08,1.7081e-05,4.3693e-09
1.2e-06,0.0032476,1.9239e-07,8.8464e-06,3.5503e-06
0.002856,2.5243e-05,8.2945e-05,0.00029539,0.00094694
1.9719e-07,0.00010366,2.4632e-06,2.9061e-08,0.0027591
8.673e-05,0.0016298,0.00018564,0.00030036,0.0012841
7.538e-08,0.0032514,8.2538e-07,2.7513e-06,1.8681e-06
0.0029848,7.7683e-05,0.00033362,4.3929e-07,0.00082362
1.3011e-08,3.3838e-07,2.6047e-09,5.0392e-07,0.00285
1.5758e-08,0.00019646,1.6754e-06,0.00040748,0.0026097
1.8136e-07,0.003221,1.222e-05,1.4476e-05,2.4427e-05
0.00017787,0.0029533,2.2566e-07,2.0724e-06,0.00015005
0.0027469,2.3126e-05,9.2441e-08,1.8192e-06,0.0010823
8.9934e-06,0.0031072,3.4918e-05,0.00048505,3.5529e-05
8.3996e-07,0.0027543,2.4505e-05,4.3498e-07,0.0004329
0.00020909,8.4463e-08,2.4434e-07,0.0033581,0.0021541
7.9927e-06,2.5715e-05,1.1494e-07,0.00093525,0.002666
0.00015665,2.968e-06,8.626e-08,1.631e-08,0.0027481
8.7215e-05,0.0031257,0.0001496,5.1511e-06,2.95e-05
0.00027088,0.0026451,7.6219e-05,2.372e-06,0.00034719
0.0017516,0.0018788,0.00011684,8.573e-05,5.5075e-05
6.9258e-05,4.7661e-05,0.00016306,5.58e-07,0.0027353
3.118e-07,0.0024539,0.0037551,6.9803e-05,1.635e-05
0.0016824,0.0020092,7.9541e-05,9.8037e-07,5.8137e-06
0.0043129,4.1984e-05,3.3718e-08,2.395e-05,6.5744e-05
3.77e-05,0.0031979,7.3058e-06,7.101e-06,2.2869e-05
0.0040513,6.1853e-05,4.944e-06,0.00088579,6.9338e-05
0.0036876,1.0597e-05,1.3348e-05,0.00040242,0.00042521
1.9442e-08,0.0025392,0.00069638,0.00083432,0.00036162
0.0042767,1.9253e-05,0,0.00067223,1.6628e-09
1.3584e-08,0.0032521,1.511e-07,5.7791e-09,1.8279e-06
0.0043843,1.9553e-05,5.0054e-06,2.8124e-05,3.8356e-05
7.7226e-06,0.0032456,6.5783e-08,6.8201e-07,2.5194e-06
0.0023414,0.0015066,3.3662e-05,5.3097e-06,3.4274e-05
0.0015044,2.2095e-06,4.3378e-06,1.13e-10,0.0018906
0.0028805,1.778e-05,6.3723e-06,0.0038636,0.00035319
2.034e-07,6.8716e-06,4.3346e-07,0.00036922,0.0027823
6.1613e-05,8.802e-07,2.3613e-08,0.00037708,0.0027472
0.00093577,0.0001167,5.4637e-06,0.00045904,0.0020749
7.383e-08,1.3757e-07,2.144e-09,1.0521e-09,0.0028503
8.222e-07,1.8438e-05,0.015806,4.1651e-06,1.1871e-06
8.0582e-06,0.0031825,0.0002524,7.0361e-05,7.4234e-07
0.0011138,0.0022776,5.0423e-06,8.7944e-09,0.00014599
0.00445,7.9728e-07,1.0607e-05,1.2063e-06,1.6542e-05
0.0019091,3.2207e-06,9.6503e-06,0.00034155,0.001574
0.0016203,0.0016988,0.00070046,0.00034069,0.00014896
0.0012189,0.0023458,0.00010948,7.0414e-07,5.3527e-07
0.0017839,0.00045343,8.8762e-06,2.6142e-07,0.0013167
0.0031833,4.2546e-07,0.00010196,4.7269e-06,0.00080578
5.5181e-08,0.00020888,0.014888,4.5054e-08,3.2273e-09
9.0421e-09,0.003152,0.00049934,3.6741e-07,2.3194e-10
6.3828e-06,0.003227,5.0024e-06,6.093e-06,1.793e-05
0.0043321,8.6893e-06,0.00032146,0.00010957,1.0721e-05
3.9245e-05,0.0021418,2.104e-05,0.0056384,6.2869e-08
0.0042502,0.00012119,0.00021415,8.5821e-06,4.7493e-07
6.8868e-05,0.0028486,0.00069485,1.0351e-08,0.00018702
0.004476,1.7578e-06,1.2355e-09,7.3437e-06,3.7175e-09
0.0034017,0.00075846,1.66e-06,0.00010288,4.3953e-06
2.003e-05,0.00097303,1.0398e-05,4.5979e-06,0.0019828
4.4869e-06,2.7196e-10,1.0023e-10,4.018e-06,0.0028469
1.4256e-05,0.0026193,0.0021734,0.00062175,5.3395e-05
0.00041099,0.00010611,6.2466e-05,0.011302,0.00058938
2.7168e-05,0.00012599,1.9328e-06,2.2882e-07,0.0027224
0.0044727,4.6566e-06,2.9296e-08,3.4521e-07,7.4051e-07
1.965e-05,5.5e-07,3.4602e-08,4.3092e-05,0.0028302
0.00064819,0.00030744,0.010009,3.2566e-06,0.00037505
1.2342e-07,2.2254e-07,1.2268e-10,2.2264e-10,0.0028502
0.0038928,0.00015559,1.0048e-05,4.2643e-08,0.00023569
2.9405e-07,0.0032473,1.4583e-05,1.5653e-05,6.8246e-07
1.2919e-07,0.00025642,0.00081517,7.1859e-05,0.0024676
0.00012379,0.0002766,0.014115,3.76e-07,4.915e-07
0.00011086,6.296e-06,0.0063157,1.0655e-05,0.0016411
2.8168e-05,1.4938e-06,9.2298e-09,5.2528e-10,0.0028312
1.9998e-06,2.551e-05,6.9315e-06,0.00024176,0.002785
0.0034641,0.00043427,0.00031311,6.5934e-08,0.00021008
1.1852e-05,5.2957e-08,3.5575e-10,3.6243e-09,0.0028428
7.8194e-06,1.4014e-05,3.8147e-07,3.3585e-06,0.0028325
9.0079e-06,1.1067e-05,4.8836e-06,0.011369,0.0009275
0.0033684,1.9415e-05,0.00019578,2.0993e-08,0.00065535
1.3419e-08,1.2142e-07,1.5556e-08,5.0714e-06,0.0028495
0.0035573,7.9739e-05,0.00058471,1.03e-05,0.0004109
1.6147e-05,8.9827e-05,7.8902e-07,3.7071e-06,0.0027607
1.3204e-06,1.9853e-06,9.9936e-06,2.2132e-05,0.0028423
6.1651e-06,8.603e-07,1.1266e-07,5.9124e-05,0.0028358
4.2827e-05,0.0029853,8.5922e-06,0.00021602,0.00017059
8.2869e-06,0.0018752,0.00054535,7.8581e-06,0.0011036
0.00041567,0.0023312,0.00032749,2.1507e-05,0.00048174
0.00013627,0.0011922,0.00017614,4.4308e-05,0.0016805
4.9597e-08,0.00026153,4.2334e-07,1.5801e-05,0.0026186
0.00010445,0.0010101,0.00059063,0.0015541,0.0015328
0.0032897,7.5856e-07,5.3428e-08,6.9239e-07,0.0007567
1.7957e-07,0.0027645,1.0348e-05,0.0018424,0.00011802
4.1862e-06,2.2871e-06,0.015878,5.5812e-09,9.4991e-07
8.9211e-05,0.0031851,8.1267e-07,1.3668e-06,3.4137e-06
0.002138,0.0016452,9.725e-06,6.0113e-09,4.746e-05
1.4905e-06,4.6148e-08,4.4887e-08,9.5848e-09,0.0028494
6.3128e-05,0.0029919,7.8209e-05,0.00066492,6.4091e-05
4.2944e-08,1.3541e-08,0,7.1533e-09,0.0028504
0.00014659,0.00038281,5.3526e-05,5.1076e-05,0.0024037
0.002785,0.00097138,4.2661e-06,3.8142e-08,0.00022697
2.5307e-05,0.0019991,9.3424e-06,0.00016685,0.0010537
0.0001969,0.003111,1.1303e-06,3.4432e-08,1.2912e-09
0.0044497,1.4153e-05,3.476e-05,3.8273e-06,2.5583e-07
0.0031287,5.4388e-05,1.2769e-05,0.00040091,0.00074279
0.00084525,0.0026329,6.2803e-07,7.108e-07,6.2394e-06
0.0044803,3.054e-10,4.8542e-09,3.7447e-10,4.9618e-08
1.4555e-09,0.0032505,1.4861e-06,1.1276e-05,1.1806e-06
4.5475e-07,0.00016449,1.1604e-06,0.016129,1.0147e-06
2.9321e-06,1.0067e-06,0.00011985,0.00018986,0.0027944
0.0024912,5.3438e-06,0.00039812,5.4083e-06,0.0011886
2.2643e-08,0.0032514,6.0179e-06,1.5806e-07,1.4149e-06
0.0021945,7.3248e-06,0.00054061,0.00025264,0.0013086
0.0018042,9.1845e-07,5.7286e-07,4.3842e-07,0.0017016
8.8895e-05,0.0017461,3.1128e-05,0.0028727,0.00077714
1.3443e-08,1.0945e-06,1.0562e-07,9.4013e-06,0.0028479
0.00017138,0.003111,1.0131e-05,4.0911e-10,1.4629e-05
0.00034589,0.0029857,1.1775e-05,7.2636e-05,9.2415e-07
1.3942e-12,6.9231e-07,5.7371e-10,0.00011961,0.0028298
7.3315e-07,5.2685e-06,1.5672e-08,2.2678e-08,0.0028453
5.8667e-07,0.0018874,0.0066796,1.5712e-07,1.2827e-07
0.00015674,6.9016e-06,5.269e-06,0.0029763,0.0022446
0.00043477,0.00021547,0.013307,2.5311e-06,5.5113e-07
0.00071343,0.00011999,0.001713,0.011683,2.526e-05
2.2612e-05,0.0029962,0,0.00075451,8.5107e-05
1.3067e-05,0.0032082,0.00011679,6.6042e-05,6.2681e-08
3.8345e-08,5.2368e-05,7.8556e-10,0.0013497,0.0025782
0.00048316,0.0021561,1.913e-05,0.0010507,0.00047488
0.00014126,0.00047931,0.013007,5.5152e-05,1.1861e-06
5.5439e-06,0.0011795,0.0034492,0.0019116,0.00087526
2.3835e-07,0.00010601,0.015387,2.4767e-07,5.7656e-07
0.0015001,0.0018895,0.00068605,3.8492e-07,0.00011811
0.00022112,0.00061154,3.2855e-05,0.0003416,0.0021109
0.00054406,6.2877e-07,2.8462e-07,5.4367e-05,0.0024946
0.00037384,0.001816,0.00045383,0.0054088,3.3536e-05
0.00015861,0.0029827,3.3909e-05,0.00036264,7.0074e-05
1.2064e-09,1.1127e-06,3.2102e-07,2.7057e-05,0.0028449
3.1195e-05,0.0010618,0.00015964,0.0085589,0.00043656
0.00036952,0.0029838,8.9401e-06,1.7787e-08,2.1867e-07
1.0322e-07,0.0026342,0.002998,1.4067e-05,3.5232e-06
3.5403e-07,1.859e-05,1.2382e-09,3.6856e-07,0.0028339
3.2434e-05,0.0028656,0.0015827,0.00017799,6.4028e-06
0.0041545,0.00013939,8.5422e-06,1.584e-05,8.1049e-05
2.4325e-05,0.0030009,1.1298e-05,1.6892e-05,0.00020162
0.00057633,0.0021482,0.0030959,0.00011121,2.885e-05
0.0035044,1.917e-07,3.34e-05,6.6021e-05,0.00060372
0.00046001,0.0028901,5.9952e-05,8.7295e-05,9.0662e-07
0.004185,4.7598e-06,4.4103e-05,1.0931e-05,0.00017402
2.9473e-06,8.7456e-05,4.7237e-05,0.014527,0.00032728
0.0013405,5.0289e-05,7.5714e-06,0.0019806,0.00162
0.004459,4.9395e-06,3.506e-05,1.3554e-05,7.3261e-07
0.00047728,6.2071e-05,0.013826,1.6029e-07,1.5269e-05
5.9319e-06,0.00011874,8.6579e-05,0.001329,0.0025042
2.4165e-06,7.7998e-07,7.212e-09,5.2585e-07,0.0028481
1.6801e-06,0.00011594,1.9866e-06,0.0016979,0.0024627
5.7821e-05,0.0029308,0.00028808,0.0009297,3.9026e-05
0.0038187,0.00046291,6.3034e-05,7.2935e-09,4.1707e-06
0.0041648,7.192e-07,6.3164e-06,2.2466e-07,0.00019896
3.0251e-06,0.0026892,2.9631e-05,0.002714,3.2602e-05
7.9997e-07,6.6974e-06,1.029e-08,0.0062005,0.0018042
0.0038118,5.603e-05,1.6638e-05,0.00021787,0.00033674
0.0030948,0.00047538,0.0017581,0.00019946,0.00011668
1.1282e-08,4.4462e-08,0,0.00033012,0.002795
0.0016911,0.0018754,0.00015285,4.8588e-06,0.00010365
0.00017841,0.00071294,0.0065346,0.00037861,0.0008782
0.0041689,4.7844e-05,0.00085783,6.6864e-07,2.4504e-06
0.0003841,3.9046e-05,1.7104e-05,0.015291,4.3513e-06
5.7606e-09,2.8647e-06,6.3456e-10,1.3592e-08,0.0028479
5.8412e-07,0.00012423,1.8218e-05,3.4972e-05,0.0027321
0.00053584,0.0021857,0.0032778,3.6859e-05,1.5961e-06
8.2873e-06,4.7858e-07,4.0816e-07,8.3126e-05,0.0028307
0.0020206,0.0017842,9.6439e-06,2.1069e-06,3.6418e-08
0.0044795,2.8689e-09,5.6263e-11,4.1661e-08,5.3901e-07
5.6413e-06,1.3771e-06,2.1038e-06,0.00029186,0.0027963
6.235e-08,1.3746e-05,3.3044e-09,0.00023364,0.0027992
0.0034097,0.00024595,2.8876e-05,0.00060072,0.00035982
7.5931e-09,2.4056e-05,1.3061e-08,0.0032262,0.0022883
1.0002e-05,0.0017683,9.0258e-06,4.4671e-07,0.0012935
2.6893e-08,5.2592e-06,1.5148e-07,0.0007933,0.0027127
5.2437e-05,0.0028726,0.00020327,0.00078341,0.0001331
0.0026425,0.00070579,0.00018211,0.0030146,1.2846e-05
0.0001562,0.0031378,2.5259e-06,1.3787e-06,1.9579e-06
3.6748e-06,4.5098e-05,0.005287,0.0090723,0.00033987
9.6236e-08,1.0801e-07,2.7897e-10,8.7951e-07,0.0028501
1.3218e-05,0.0031875,1.9628e-05,0.00023509,7.1233e-06
2.4515e-06,0.0032495,1.1873e-06,2.4326e-06,1.994e-06
3.599e-05,5.1843e-05,4.4558e-08,7.7202e-06,0.0027808
0.00018752,4.5663e-05,1.073e-06,0.00041809,0.0026208
0.00030858,0.0027072,2.4609e-05,0.0013674,4.9136e-05
6.9913e-05,5.4636e-06,2.7723e-06,3.598e-08,0.0028007
0.0015665,0.0021042,5.6179e-05,6.2192e-07,5.7646e-07
0.0038171,0.00048159,4.4096e-07,7.6631e-10,4.4912e-08
1.8809e-09,9.8565e-05,2.5974e-05,0.0028318,0.0022845
0.0029251,4.2192e-05,2.4253e-06,7.9272e-06,0.00095077
1.8724e-06,6.6408e-06,2.0293e-06,9.3433e-06,0.0028415
1.196e-08,1.0045e-06,2.57e-08,4.1026e-09,0.0028495
0.00023569,0.0028074,4.6228e-05,0.0001156,0.00021381
1.5994e-07,2.9446e-06,2.3964e-07,8.5027e-05,0.0028334
1.3111e-06,0.0031059,9.33e-06,3.9504e-05,0.00012079
0.003695,0.00056554,5.193e-06,1.7631e-05,3.7823e-07
0.001531,0.00080884,5.0175e-05,0.00077325,0.0010293
1.5357e-08,4.8623e-07,1.0551e-09,2.7986e-07,0.0028499
0.0031574,0.00084923,1.8646e-05,2.6314e-07,9.4444e-05
3.8633e-06,0.0032336,0,4.6173e-05,7.9064e-06
3.1259e-07,0.0015908,0.0024818,0.00065137,0.00090296
0.00048624,0.0028585,0.00019733,1.7958e-06,1.6517e-06
1.3458e-06,0.0024863,6.9495e-07,3.4697e-05,0.00066589
1.557e-08,0.0032441,9.1962e-08,3.7303e-08,8.8353e-06
2.0074e-05,0.00029745,1.9256e-06,1.4559e-07,0.0025767
0.0041929,6.362e-05,9.2767e-05,9.0056e-07,0.0001104
1.9394e-08,1.3281e-08,1.2986e-08,5.9509e-05,0.0028404
2.1113e-09,6.5297e-06,3.5415e-08,4.6094e-05,0.002837
1.3931e-06,0.0031432,7.9813e-07,2.1169e-06,9.5853e-05
3.1768e-07,5.5256e-05,0.015638,9.3045e-09,2.7493e-08
5.7404e-05,0.001987,5.2017e-05,8.4962e-08,0.0010641
4.5023e-07,4.6909e-09,2.7619e-10,2.8072e-06,0.0028497
2.0268e-05,1.7669e-05,1.4728e-05,0.00034055,0.0027623
4.7197e-05,0.0027651,2.129e-06,6.3667e-07,0.00039796
4.792e-06,1.9237e-07,1.0345e-08,1.9779e-08,0.0028472
1.2075e-08,0.00042095,2.576e-07,3.4687e-06,0.0024811
0.00023216,0.00042127,6.0502e-06,2.6845e-05,0.0023281
0.00042199,0.002591,7.8781e-08,3.4224e-05,0.00030671
1.4096e-05,2.6636e-05,2.5715e-08,0.0002581,0.0027748
5.4061e-05,0.0024848,0.00079825,0.00044925,0.00042121
0.0021799,5.5377e-07,1.655e-05,1.174e-06,0.0014599
0.0040369,6.5319e-06,4.5615e-05,0.00064135,0.00016065
7.8522e-06,6.4834e-06,7.3737e-08,1.0412e-07,0.0028397
0.0010279,0.0016816,0.0017523,0.0016122,0.0001392
9.9722e-06,1.2388e-06,2.9238e-08,1.611e-06,0.0028427
0.0018686,0.0018511,0.00014625,7.3069e-06,1.2752e-05
0.00010605,0.00046756,6.6139e-05,0.0006627,0.0022504
0.0042596,7.2509e-05,0.00030437,0.00013157,3.5261e-07
0.00037013,0.0029339,4.5392e-06,1.5857e-06,4.406e-05
9.2363e-08,2.4298e-06,1.4384e-06,0.016331,0.0001092
8.9104e-08,1.1352e-06,3.2177e-06,2.5751e-05,0.0028445
5.3434e-08,6.5631e-05,0.015585,2.0959e-08,7.3373e-07
0.00016996,1.0764e-06,0.00014451,0.00027134,0.00267
3.6622e-07,0.002919,0.00071064,0.0008229,2.8084e-05
0.00014318,0.00089713,1.6586e-07,0.011633,2.2657e-05
0.00012469,0.0001149,8.292e-07,9.3305e-05,0.0026547
0.0044555,3.2611e-06,2.7876e-08,9.155e-09,1.2948e-05
2.3822e-08,5.1598e-05,1.736e-08,0.0002238,0.0027677
7.8973e-09,2.0693e-07,1.3563e-11,1.6582e-09,0.0028502
0.00077397,0.0021547,4.4723e-06,4.9553e-05,0.00046158
2.9475e-06,7.7006e-07,1.2418e-07,0.0051189,0.0019894
0.0040606,0.00029708,1.3309e-05,1.745e-08,4.4566e-06
0.0034111,3.631e-06,2.8359e-05,1.2222e-06,0.00067179
3.9647e-06,0.0023965,1.5194e-08,0.00053853,0.00065852
0.0011468,1.6509e-05,1.9274e-07,0.0010678,0.0019273
1.5677e-06,2.7532e-05,7.0796e-08,1.7347e-07,0.0028253
8.6029e-08,1.4438e-05,3.4285e-07,3.2078e-06,0.0028371
4.2056e-07,0.0029377,6.4623e-06,0.000566,0.00018094
4.174e-07,1.5383e-07,2.3333e-06,0.00023182,0.0028107
0.00019795,2.8147e-09,0.012132,1.1375e-05,0.000549
4.3338e-07,0.0012406,3.2477e-06,0.00028955,0.0017144
0.0033317,3.5209e-06,8.9304e-06,1.7108e-08,0.0007261
0.0004325,0.0025604,1.333e-05,4.9301e-09,0.00033023
0.0034372,1.1862e-05,0.00043595,0.0033614,1.1427e-05
0.0040806,0.00019228,1.2935e-06,2.7625e-06,8.5202e-05
5.4407e-05,0.0022724,8.9497e-05,0.00056675,0.0007143
0.00062961,0.00052387,7.7865e-05,0.0075391,0.0007127
2.4062e-07,2.5653e-09,6.4581e-11,1.114e-09,0.0028503
0.0034943,0.00010028,8.6676e-08,1.0159e-06,0.00053931
7.9669e-08,0.00015594,0.0062912,0.00047201,0.0015075
0.0011477,0.0023602,5.345e-05,3.1304e-05,3.8127e-05
0.00011918,0.00011427,7.5395e-06,3.5357e-06,0.0026726
0.00037268,0.00071487,0.00066249,0.010452,0.00011557
2.8198e-07,0.0023322,1.8792e-07,2.5818e-07,0.00080739
0.0044747,3.2531e-07,1.8795e-08,8.708e-10,3.2898e-06
0.0044642,2.2889e-07,2.7607e-06,2.795e-10,9.6142e-06
0.00081514,0.00014662,2.6342e-05,0.012635,7.9673e-05
0.0039252,9.4659e-05,5.5201e-05,6.4336e-06,0.00025929
0.0044676,1.6185e-06,1.6875e-05,2.7449e-06,3.2316e-06
7.8942e-05,0.00041222,0.0033769,1.3314e-05,0.0018319
0.00095518,0.0021055,2.2094e-05,0.0005439,0.00030337
0.00028007,0.00038979,0.0098159,0.0029196,8.2553e-05
0.0040823,3.5735e-08,6.7714e-07,4.4175e-06,0.00025238
0.0028525,0.0011808,2.334e-06,5.4842e-07,8.562e-07
0.00013145,9.2684e-05,0.00025059,7.1028e-06,0.0026395
1.8479e-06,1.3344e-06,2.055e-09,6.2138e-07,0.002848
0.00010336,5.4128e-08,3.6948e-10,3.8316e-08,0.0027846
0.00058404,0.0028278,2.1525e-07,3.2494e-06,1.3679e-06
1.1452e-05,5.8591e-06,0.014791,7.4876e-06,0.00018681
0.00017404,2.5986e-08,9.4698e-09,2.519e-08,0.0027397
0.0033448,0.00081257,5.4409e-05,8.0915e-08,9.3089e-07
7.6201e-11,5.9339e-07,4.5828e-09,4.634e-06,0.0028491
2.8174e-05,4.671e-05,3.4514e-06,0.0013362,0.0025669
1.5294e-05,0.00046029,0.013605,8.1577e-08,3.8712e-08
1.7168e-05,0.0032185,3.1109e-05,1.0627e-05,1.3065e-05
9.5548e-05,3.3479e-05,0.015402,9.161e-09,9.3079e-07
1.1594e-05,0.003079,4.7546e-05,0.00033554,8.1317e-05
3.0498e-06,0.0031824,8.677e-06,1.6407e-07,5.9417e-05
0.0030544,0.00025117,5.4761e-05,0.0021736,0.00031284
0.0024516,0.001469,1.6938e-05,1.6052e-06,7.1582e-07
7.2107e-08,0.0011518,5.9629e-08,3.8995e-07,0.0018414
0.00018337,0.0030576,0,8.0682e-06,5.4208e-05
0.00031571,0.00064318,0.00040994,3.114e-05,0.0020075
9.9435e-07,0.0031362,3.2639e-06,9.1473e-05,8.689e-05
1.0612e-05,0.0032376,4.2846e-05,4.7092e-10,1.8136e-07
0.0034393,2.9144e-05,7.7924e-05,8.591e-05,0.00060846
0.0019741,0.0018127,1.5729e-05,2.0172e-06,3.6183e-06
6.2002e-08,0.00013156,1.2476e-05,8.8584e-05,0.0027181
5.3822e-06,3.7124e-05,7.598e-07,7.1868e-06,0.0028131
0.00032049,7.7457e-06,0.0016356,0.00063917,0.0022395
0.00021828,9.8181e-07,4.289e-07,0.0004413,0.0026366
1.5109e-05,0.00062126,0,0.00078516,0.002165
0.0043901,1.6067e-05,0.00023771,4.0254e-06,8.3645e-08
0.0027911,0.0010646,0.00014907,1.1089e-05,0.00011371
7.7426e-07,5.5393e-06,2.8345e-09,2.0106e-05,0.0028417
3.3539e-05,5.3275e-07,1.5124e-07,0.00057624,0.002732
0.0039244,0.00018001,1.1314e-06,2.3495e-06,0.00019544
0.00021679,0.0026133,2.4345e-05,1.9144e-05,0.0004159
9.1135e-05,0.0025024,0.00013701,1.101e-07,0.00057605
6.8705e-07,3.142e-07,6.1461e-09,2.8587e-06,0.0028492
7.9617e-05,0.00089602,1.5083e-05,0.011411,9.858e-05
0.0023786,0.0015261,1.3276e-06,9.5728e-07,2.7902e-08
1.8271e-07,0.00093263,7.2174e-08,8.3707e-06,0.002032
0.0043187,4.7028e-06,5.5328e-05,0.00048524,7.417e-06
0.0019909,0.0011568,2.9283e-06,2.3338e-05,0.0005661
9.4914e-05,0.0030139,1.2872e-05,1.5626e-06,0.00014756
0.001043,0.00022529,1.9215e-05,0.0049652,0.0011534
2.2447e-06,6.3899e-06,9.4856e-07,1.9649e-05,0.0028399
6.0768e-05,0.001159,5.0957e-06,0.0032012,0.0012589
0.0043886,4.0724e-06,5.8867e-06,7.4513e-08,5.3774e-05
8.6953e-05,0.0028138,4.6053e-08,1.6955e-06,0.00033023
6.108e-09,1.0553e-07,4.1703e-07,2.4954e-05,0.0028461
4.1875e-05,0.00036786,0.011102,0.0029003,2.6034e-05
0.00012341,0.002986,0.00077173,9.5259e-05,2.2114e-06
0.0032293,0.00011002,6.3962e-06,0.00045949,0.00062133
3.2103e-07,0.0031566,0.000448,1.8416e-06,4.765e-06
0.0016861,4.3985e-07,1.9273e-07,5.6462e-07,0.0017772
2.2208e-06,0.00060838,5.4743e-05,0.012046,0.00028612
0.0035412,0.00054583,1.5533e-06,0.0007093,1.7916e-07
7.8228e-06,6.289e-11,9.5319e-11,4.1417e-06,0.0028448
3.414e-07,2.1636e-06,0.0088085,6.98e-08,0.0012702
0.00047009,0.00024085,1.0039e-05,0.0010635,0.0021602
0.0036047,0.00061325,6.1749e-05,6.5441e-09,8.8715e-06
6.2683e-07,0.0032482,5.176e-10,3.0625e-08,4.8764e-06
0.0029575,1.5492e-05,1.5744e-07,1.6292e-06,0.00095499
0.00033952,0.00018714,3.3136e-05,0.0045826,0.0016961
1.4373e-05,0.0031673,4.4232e-05,0.00024281,1.8351e-05
0.0042612,4.7568e-05,9.0232e-07,9.7704e-09,9.7581e-05
0.0010327,2.4155e-07,7.2427e-07,8.376e-05,0.002179
0.00044278,0.0029312,3.1914e-07,1.248e-07,1.1693e-06
5.2155e-06,0.00065364,7.4079e-08,3.8354e-06,0.0022739
5.046e-05,0.0014537,1.4187e-06,0.0011453,0.0013527
0.0032792,0.00047239,1.9876e-08,4.5398e-08,0.00035043
6.3779e-06,0.0029349,1.223e-05,4.4215e-05,0.00026611
0.0014459,0.0021847,2.5677e-07,6.586e-08,1.6898e-05
5.0058e-07,9.3052e-05,0.015453,3.3803e-07,2.0779e-08
1.3746e-05,0.00027468,1.4202e-05,0.0008774,0.0024514
0.0041896,0.00017806,7.6998e-06,1.7403e-07,2.7588e-05
5.4098e-06,3.2447e-09,5.9472e-10,7.8371e-06,0.0028457
0.00045559,0.0010742,0.0032821,0.00012677,0.0010104
9.9426e-12,7.7679e-11,1.023e-09,0.00014371,0.0028263
3.4975e-06,0.0012717,2.5519e-05,0.00014863,0.0017048
3.3535e-06,0.00070542,2.3304e-05,1.2342e-05,0.0022242
0.00015975,2.7672e-05,0.00040058,0.010911,0.00082292
0.0042346,0.00013794,0.00017445,1.8836e-05,1.1191e-06
7.1648e-05,0.0030953,1.2318e-05,0.00013954,6.8019e-05
6.275e-08,0.0030551,6.0563e-05,0.0002466,0.00012221
0.00056088,0.0020477,0.0033974,0.00015403,6.5447e-05
1.8566e-05,4.3194e-06,5.3203e-07,0.0026305,0.0023936
8.1086e-05,6.4314e-05,8.5198e-06,4.3369e-07,0.0027409
3.2341e-07,0.0032454,2.5432e-06,3.7459e-09,7.0833e-06
0.00060049,0.0027571,0.0001204,0.0001139,1.2725e-05
3.0542e-06,0.00072899,2.8498e-06,8.6338e-07,0.0022093
1.2435e-06,0.00035061,0.014144,4.9774e-05,5.5411e-08
6.4807e-07,1.8012e-07,6.7202e-05,6.3304e-06,0.0028368
0.00081802,0.0012742,0.00015429,0.0061761,0.00015051
7.5478e-05,1.7182e-05,3.4065e-06,0.00021461,0.0027508
0.00016307,0.00088924,1.2158e-05,0.011192,8.8622e-05
0.0012335,5.9798e-06,1.3785e-09,5.2332e-08,0.0020604
3.5598e-08,6.8293e-05,5.2263e-07,2.1606e-07,0.0027905
8.1529e-07,2.2625e-06,2.5093e-09,0.00016733,0.0028199
0.0043519,7.7471e-08,7.0366e-08,1.9027e-06,8.1337e-05
0.00056429,1.0045e-06,9.8306e-07,5.4066e-08,0.0024904
0.0044666,1.3873e-07,2.7331e-06,9.2967e-07,7.9772e-06
1.1185e-07,5.2368e-05,1.1472e-07,4.741e-05,0.0027965
3.1846e-05,0.0025864,1.6847e-05,0.0031152,3.9255e-05
0.00044003,0.002888,8.2456e-05,2.0178e-08,2.6107e-05
0.0040174,0.00022513,0.00054012,6.8395e-07,4.2946e-07
3.4554e-05,4.0942e-05,2.2319e-07,1.1821e-08,0.0027925
0.0035552,9.0135e-06,1.2848e-05,2.4499e-06,0.00057798
0.00035052,2.701e-05,0.012659,8.2269e-05,0.00032195
0.0010288,0.0022106,0.00084517,0.00052448,2.0255e-05
0.0026448,0.00040658,0.0035208,7.2896e-06,0.00017962
5.2478e-06,1.7248e-07,7.5145e-09,5.5337e-06,0.002846
0.00020459,0.0011245,3.6471e-08,1.3051e-05,0.0017331
2.3594e-07,0.0032497,8.0964e-09,1.3563e-08,3.8757e-06
0.0043432,4.3109e-07,0.0001052,0.00035253,8.9456e-06
5.254e-05,0.0031853,7.1709e-07,4.5353e-07,2.6782e-05
2.3305e-08,1.0616e-06,0.00062945,0.00040249,0.0026692
2.7925e-07,0.0031277,4.8313e-07,0.0005947,1.082e-05
0.0033051,1.4352e-09,0,1.8971e-07,0.00074765
9.6704e-06,0.00011902,5.2739e-06,1.7272e-05,0.0027362
3.1861e-08,1.192e-05,0.015835,2.3223e-08,2.8458e-06
0.0036034,0.00061676,1.1804e-05,8.5287e-07,1.5463e-05
0.0002397,0.0026045,0.00011895,1.2005e-05,0.0003933
0.0043423,8.5402e-07,1.4325e-05,7.1927e-07,8.4414e-05
0.0043177,2.6652e-05,0.0004455,1.2706e-06,1.4353e-07
0.0017264,0.00058681,0.0068054,4.2559e-05,1.168e-05
0.001071,3.0456e-05,2.8522e-05,0.00024465,0.0020962
0.00024825,6.8413e-05,0.012979,8.5685e-06,0.00030575
7.7329e-12,9.2702e-08,3.6607e-13,2.0679e-10,0.0028503
9.914e-05,1.1808e-06,7.7898e-05,0.0071297,0.0015767
0.0010091,5.229e-05,2.2793e-05,0.00029172,0.0021096
3.466e-05,0.0029673,0.00011026,0.00018366,0.00017876
5.9156e-05,2.4748e-07,0.0003351,4.4095e-06,0.0027518
0.0035885,0.00064709,1.4739e-06,5.526e-07,2.7014e-07
4.391e-05,0.0018769,0.0065475,1.9484e-05,2.2051e-06
6.1345e-05,0.0031668,3.2325e-05,1.1454e-08,3.1757e-05
0.00025397,1.8595e-06,3.6569e-06,2.688e-05,0.0026821
6.8139e-05,9.5339e-08,0.00060688,4.8707e-06,0.0026974
1.2434e-05,0.0026992,2.1413e-05,7.5138e-08,0.00047442
1.5536e-06,0.0030367,0.00031024,0.00050425,4.9439e-05
8.9776e-06,1.013e-05,0.0082804,4.6947e-05,0.0013444
0.0014085,0.002231,6.5255e-08,5.3433e-07,8.4273e-08
2.0341e-06,0.0032527,3.4817e-07,5.7042e-10,2.0316e-09
2.9182e-05,9.4321e-05,1.4816e-05,0.0035266,0.0021552
1.9617e-06,0.0013746,2.9799e-05,0.0012925,0.0014231
2.4329e-06,0.00074597,3.472e-06,0.0084486,0.00077799
0.0040223,1.6705e-06,3.7792e-06,6.4115e-05,0.00027853
0.0044782,5.063e-07,7.9826e-08,2.5888e-06,4.565e-07
0.00031889,2.5358e-05,1.5054e-09,2.1513e-11,0.0026253
0.0038693,0.00019291,0.0011402,8.2301e-05,1.6928e-06
0.00040724,4.5651e-05,5.2021e-08,2.8826e-08,0.0025513
2.5052e-05,1.3174e-06,3.965e-10,1.0311e-05,0.0028316
0.00017507,0.00085497,0.00011575,0.011743,7.5302e-09
0.0013801,4.2113e-05,0.00041618,0.00075151,0.0017349
0.0042755,5.4493e-05,0.00041219,2.4289e-05,4.6574e-06
3.8124e-11,0.0032506,1.761e-05,4.811e-07,1.3564e-08
1.1095e-06,1.7391e-05,1.189e-07,1.2356e-05,0.0028324
1.9699e-06,0.002927,5.4936e-06,0.00061684,0.00018099
3.8436e-05,0.0015408,0.0076066,3.8508e-06,0.00011295
0.0016745,1.4578e-05,0.0087054,1.324e-06,0.00021242
9.4564e-06,1.1957e-05,2.1472e-05,0.000798,0.0026963
0.0026774,0.00020131,1.8104e-06,6.5312e-08,0.00097039
1.9053e-07,0.0027563,1.1828e-05,0.0021258,7.7464e-05
2.5713e-07,0.0016796,0,2.3947e-09,0.001379
0.00070138,7.2164e-05,2.7384e-06,2.9571e-07,0.0023405
0.004306,0.00010143,9.645e-05,1.1047e-09,4.7901e-06
0.0044585,2.008e-06,6.0047e-05,4.7945e-07,1.2988e-06
2.5597e-06,2.7776e-05,1.0329e-05,0.0006128,0.0027198
0.00035086,0.0029538,3.3643e-06,2.3382e-07,3.9295e-05
0.0020535,0.0016245,1.9147e-08,1.716e-06,0.00012084
0.00064921,0.002748,6.4012e-06,9.8514e-05,1.2734e-05
3.1873e-07,0.0032129,0.00010534,6.3042e-06,1.6138e-05
7.2893e-08,0.0031858,1.5198e-05,2.8658e-05,5.2394e-05
0.0019327,0.0018477,0,4.5812e-06,1.7007e-06
2.4989e-06,2.987e-06,8.108e-07,2.1997e-07,0.002846
4.8905e-08,1.8135e-06,5.2295e-06,1.6865e-05,0.002845
1.0913e-07,3.0177e-06,2.6391e-09,2.3459e-05,0.0028438
0.0044147,1.112e-05,1.6428e-05,7.5949e-05,1.6374e-05
0.00028121,0.0030021,0.00023167,9.2185e-09,4.2712e-07
0.0008205,0.002638,5.2369e-06,9.7766e-05,4.4019e-07
0.0044289,6.155e-06,1.257e-05,8.1042e-07,2.4953e-05
7.4015e-06,4.194e-08,4.1611e-07,0.0005116,0.0027598
0.0038383,1.0656e-05,0.0016747,0.00045537,2.2753e-05
7.5325e-07,0.0030907,2.7665e-08,4.14e-07,0.00014273
3.9981e-05,0.0028378,0.00016064,0.0014998,5.9024e-05
4.5848e-08,4.5763e-05,0.015686,5.7698e-08,4.9826e-09
1.3205e-06,9.7645e-07,8.485e-08,0.0018728,0.0025346
0.00065625,2.3921e-05,3.4774e-06,2.2711e-05,0.0024075
0.00012529,0.0031004,8.6537e-06,2.9696e-07,5.3432e-05
7.7894e-05,7.2536e-05,5.0862e-05,6.3136e-09,0.0027282
0.00053692,0.0028436,1.2903e-06,1.4224e-07,1.7902e-05
0.0033303,1.4622e-05,4.1191e-07,7.7213e-07,0.00071867
0.00071673,0.0020644,0.0031885,6.7498e-07,1.4848e-05
0.00089415,0.0025963,9.6566e-06,1.0743e-09,5.7482e-06
8.9184e-05,1.1516e-06,8.7578e-08,0.016169,8.1026e-05
0.00022969,0.00057856,0.00014443,0.011889,0.00017774
0.0044685,7.8733e-06,6.6399e-09,8.8026e-07,4.8583e-07
0.0039159,0.00020959,4.0877e-08,4.2691e-05,0.00016839
1.383e-06,0.0020532,2.0245e-06,5.3717e-05,0.0010417
0.00031434,0.0030172,3.4469e-05,2.9916e-06,9.9651e-07
1.9019e-08,0.0032309,3.5587e-06,2.0303e-05,1.6438e-05
1.2993e-09,6.1387e-11,7.7293e-13,9.045e-07,0.0028503
1.58e-06,0.0026085,9.6588e-06,0.0011663,0.00036725
1.3573e-06,0.0014299,1.0054e-05,0.0043442,0.00086678
0.00014711,1.4594e-06,0.015379,1.6183e-07,1.2116e-07
3.4422e-06,0.0025726,6.4004e-05,2.8146e-07,0.0005834
9.1421e-06,0.0021001,0,0.0033763,0.00043891
0.00015188,0.0023169,4.5761e-05,0.00076194,0.00058844
0.0012541,0.0023361,6.4637e-07,2.5853e-07,6.2422e-06
0.0036483,0.00059106,1.1512e-05,2.3834e-05,5.6155e-06
0.00018129,0.0031058,1.2749e-07,6.4718e-05,3.8242e-06
0.0044665,2.7939e-06,0,3.2698e-05,8.7143e-07
0.00064534,2.1134e-05,6.9901e-05,0.0028995,0.0019226
2.1301e-10,8.3392e-09,1.4915e-09,1.9997e-06,0.0028501
0.00010524,8.7104e-05,2.2566e-05,8.1436e-05,0.0026895
2.3936e-05,0.00071436,2.6156e-06,0.00037983,0.0021453
0.00067291,2.6354e-08,6.9757e-09,6.7734e-07,0.0024222
2.3411e-07,0.0031597,0.00033649,0.00011496,3.1432e-06
0.00012781,0.00041468,0.00065997,0.0018082,0.0019844
8.1212e-05,0.0031843,2.6616e-07,2.3246e-06,9.2108e-06
6.719e-07,5.4485e-06,6.7651e-07,0.00073815,0.0027213
4.7079e-05,4.554e-05,4.3447e-06,0.00027834,0.0027331
4.7087e-05,4.8549e-06,4.2158e-06,0.00068907,0.0026999
4.3176e-06,0.0025308,5.8499e-06,0.0031402,0.00010325
3.908e-07,1.9858e-05,3.9898e-08,8.4151e-06,0.0028314
0.0021496,0.00039994,1.6436e-05,0.0065066,3.8425e-05
0.0010033,0.0013555,1.6835e-06,0.00031681,0.00097141
0.00012238,0.0025781,0.0024261,0.00039367,1.367e-05
0.0044142,4.4534e-05,1.2942e-05,4.0838e-06,1.0097e-07
0.0017978,1.8721e-05,2.7686e-07,0.0036754,0.0010738
0.00047953,0.0027491,0.00010732,0.00065323,8.5803e-06
0.0016939,0.0019757,0.00017748,2.0282e-06,1.012e-05
0.0032784,3.0876e-05,0.004035,5.6886e-07,1.4611e-05
4.1289e-07,0.0032519,1.0595e-06,8.4726e-08,1.6079e-06
0.0033411,8.7628e-05,1.4367e-06,0.00046313,0.00057011
0.0044685,2.9945e-06,5.2488e-08,2.2028e-06,4.5557e-06
0.0040847,1.7638e-05,1.7175e-07,2.9517e-09,0.00023622
0.00196,1.082e-06,9.2942e-08,0.00011419,0.0015834
0.00059672,0.0027947,3.5932e-05,2.536e-07,1.6396e-05
0.0037084,0.00055296,1.6579e-06,1.366e-07,6.4826e-06
0.0042888,9.9608e-09,8.9423e-09,5.9463e-09,0.00012189
0.00020061,0.0018729,1.1e-06,2.7882e-05,0.0010774
3.5455e-05,0.0026537,0.00036698,0.0021289,8.0741e-05
4.9498e-06,7.042e-05,2.6882e-07,1.6879e-05,0.0027827
0.0031585,0.00085062,7.813e-07,0.00057085,2.4666e-08
0.0043503,7.834e-05,6.1733e-05,5.0174e-06,2.2504e-06
0.0024641,0.0010396,0.00030968,0.00066592,0.00020502
0.004434,6.6511e-08,2.365e-07,2.9394e-07,2.9325e-05
6.3043e-09,0.0030261,0.00036288,0.0001803,0.00010459
6.8323e-12,0.0030803,3.6658e-06,0.00059777,5.1427e-05
0.0009531,0.0022897,1.5882e-05,4.5847e-07,0.0002356
0.00048787,0.0019263,0.0042022,2.0157e-05,9.6528e-05
3.0849e-06,7.815e-06,5.7474e-07,9.8663e-06,0.0028399
0.00079372,0.0024115,0.00015571,0.00092674,4.9931e-05
4.8013e-08,0.0032541,2.1409e-07,5.5605e-07,8.3174e-09
1.1866e-08,6.0632e-06,8.708e-08,0.013309,0.00061303
9.6614e-08,0.0032526,2.0497e-06,1.6672e-07,9.6269e-07
1.2061e-05,4.609e-07,1.0004e-08,3.3574e-05,0.0028367
2.4672e-07,2.6194e-08,2.8512e-10,2.1502e-06,0.0028499
0.0043505,5.215e-05,2.4285e-05,4.8496e-07,3.251e-05
2.4706e-07,7.0382e-06,4.4313e-08,0.00098296,0.0026792
1.8723e-07,5.178e-08,2.477e-10,4.3383e-06,0.0028495
4.9629e-05,0.0006967,0.00046279,0.0065501,0.0010272
5.624e-08,1.8124e-08,5.969e-12,5.2561e-09,0.0028504
5.1188e-07,0.0026106,3.5161e-07,9.5049e-08,0.00056338
1.1433e-05,4.5544e-05,1.4529e-06,0.00017884,0.002773
1.9859e-05,0.0032293,9.1219e-07,5.1514e-05,4.0937e-07
1.3806e-08,0.00019364,3.059e-06,0.00011469,0.002661
7.8067e-07,0.0017695,0.00016139,0.0050765,0.00041977
4.3585e-09,0.0029376,8.6618e-06,0.00016481,0.00024817
0.00044163,0.0029314,6.8964e-07,6.7754e-07,1.632e-06
1.3219e-06,0.00067824,0.0087169,0.00011465,0.00067453
0.0044485,6.3931e-06,3.0086e-08,8.5281e-05,3.4237e-07
6.2294e-07,2.1807e-05,1.3567e-06,0.0025743,0.002399
0.0043323,9.2911e-05,4.6462e-05,7.1752e-06,3.2887e-06
4.0396e-09,1.2085e-09,1.3792e-10,8.0147e-07,0.0028503
0.0016781,1.1048e-06,6.2996e-06,0.00019979,0.0017472
3.1437e-09,0.0032541,0,3.2561e-09,1.1253e-07
0.00059255,1.3033e-07,1.0202e-08,4.5722e-06,0.0024726
0.003809,0.00031309,0.00015331,2.7083e-05,0.00012091
1.3551e-05,0.00030615,0.01436,2.264e-06,4.1771e-07
0.00017881,0.002632,2.1465e-05,0.00034138,0.00037014
5.2921e-06,3.5883e-05,2.4576e-08,2.9243e-12,0.0028156
9.7593e-05,0.0031783,1.1362e-05,4.8021e-07,2.3121e-06
0.0043158,1.5101e-05,2.3229e-06,7.2774e-05,7.8859e-05
0.0008143,0.002269,3.5937e-05,0.0016854,5.5855e-05
0.001321,4.4906e-06,0.00015981,0.0014652,0.0017318
1.6699e-05,0.00057488,0.013024,1.3757e-08,2.784e-06
0.0001446,0.001976,7.4659e-06,0.0046674,0.00024358
2.0932e-05,0.001942,1.5548e-07,4.6208e-05,0.0011283
1.1041e-07,2.99e-05,8.0319e-06,0.0030622,0.0023092
2.4508e-07,0.0032539,0,7.6286e-07,5.3226e-08
0.004198,7.9007e-05,9.2973e-05,4.3808e-06,9.3071e-05
1.1607e-06,0.003161,0.0001949,0.00024243,5.3776e-06
9.5557e-05,0.00036778,3.2593e-06,0.001109,0.0022809
2.605e-06,0.0032038,0.00021456,2.3022e-05,2.241e-07
2.9582e-06,0.0029343,0.00066114,0.00041607,9.0136e-05
6.5077e-08,2.2531e-05,7.0534e-07,0.00035541,0.0027709
5.6293e-05,0.0016767,1.9597e-05,0.0022359,0.00096753
0.0036438,0.00057209,0.00016839,2.3904e-06,5.9001e-07
0.00023331,7.8795e-05,9.3251e-05,0.00010769,0.0025982
5.3818e-05,4.6885e-05,3.5988e-06,0.014722,0.00030561
0.0014036,1.1181e-05,1.9063e-05,0.0001181,0.0019244
4.518e-05,1.5839e-07,0.015224,7.7864e-08,9.3931e-05
0.0001537,0.0005459,2.4272e-06,0.0044727,0.001524
0.00015858,6.9896e-06,2.1533e-05,1.3347e-06,0.0027393
1.351e-06,0.0019349,0.0064406,4.1599e-06,2.0664e-07
0.00083809,0.00035182,0,0.0068455,0.00086104
0.0011372,0.00010899,0.00054183,0.0074449,0.00068585
6.0178e-07,0.0003562,1.1372e-07,2.4743e-05,0.0025339
1.8541e-07,0.0014371,1.9563e-05,0.0015728,0.0013243
2.3982e-07,0.00014639,1.4882e-05,0.0025245,0.002296
0.0044437,4.1753e-06,8.0021e-06,1.4375e-07,1.8185e-05
0.0027797,0.0012259,1.0549e-05,4.9745e-06,5.4209e-06
2.774e-08,0.0032541,6.0726e-07,8.8756e-11,4.1638e-11
0.0011984,0.0014551,8.8482e-05,6.9645e-07,0.00079748
