1.2318e-05,0.0016669,6.2237e-05,7.4207e-05,0.0040285
0.0019085,0.00023744,5.4971e-05,1.0603e-05,3.1254e-06
9.8771e-06,0.0003192,0.01007,1.6541e-05,9.9368e-08
2.4744e-06,0.0005878,4.2716e-05,0.0010976,0.0046025
0.00045355,2.2511e-05,0.00056997,6.2435e-07,0.0040022
0.0019933,2.0327e-10,1.3672e-07,2.3414e-07,7.1852e-06
0.0010093,0.0029489,1.4838e-07,2.8627e-05,0.00015872
0.0019571,2.2867e-05,0.00016372,3.0947e-07,2.7767e-06
0.0019928,1.0462e-08,1.1189e-07,1.7373e-08,8.7421e-06
0.0019958,2.9766e-07,2.3161e-07,2.6437e-09,3.2632e-09
0.0019273,4.0487e-08,3.759e-10,5.0304e-09,0.00019211
6.9371e-08,2.1171e-09,1.1582e-08,3.6546e-06,0.0055898
0.0018839,1.459e-06,0.00059443,2.0517e-06,3.4283e-07
8.6692e-06,0.00015118,3.4249e-05,2.26e-05,0.0054072
0.0019915,5.8207e-06,7.8547e-07,1.6055e-06,6.3463e-06
0.0019219,0.00023256,2.6431e-07,6.4792e-06,7.948e-10
0.00044687,1.5818e-08,1.4152e-08,8.392e-08,0.0043396
4.1397e-05,5.6162e-09,2.1697e-07,6.4424e-07,0.0054751
1.5812e-05,1.5025e-07,3.3388e-06,1.3169e-06,0.0055448
0.00018911,4.34e-06,0.0020337,0.00088798,0.0036341
0.00038745,3.3459e-06,0.0027984,0.0067835,0.00030059
2.9776e-05,0.00090606,0.0079142,3.6064e-06,0.00056297
0.0012198,0.0024683,4.2565e-06,2.6758e-06,1.7623e-07
1.0965e-05,3.9492e-06,5.1864e-06,1.0959e-06,0.0055541
0.001137,0.0001059,0.0029265,0.0017065,9.1383e-05
0.0016575,0.00035677,4.6493e-05,1.6744e-05,0.00060333
0.0015466,2.0431e-05,0.00035306,7.8955e-05,0.0010239
0.0017101,0.00087196,5.9922e-05,3.7293e-07,2.4395e-06
0.0010737,8.3495e-08,7.0288e-10,3.9934e-09,0.0025835
0.0019279,1.6488e-06,1.6374e-05,2.9621e-07,0.00018038
0.00069395,3.2623e-10,8.3064e-10,7.1327e-08,0.0036474
0.0016838,1.4052e-05,0.00076518,0.0011126,1.2271e-05
0.0018758,0.00019343,0.00031548,1.558e-06,3.8777e-07
0.0019844,4.8014e-08,3.3198e-06,1.694e-06,2.9894e-05
0.0019595,2.2322e-06,1.8262e-07,9.999e-07,9.948e-05
0.00055211,3.2385e-06,2.1653e-06,0.0099302,3.5257e-05
2.8075e-06,9.6052e-10,5.1068e-09,1.6636e-05,0.0055769
0.0019569,4.1905e-06,0.00019454,6.4141e-07,3.3047e-06
7.0708e-06,0.0062573,2.8653e-05,1.3525e-06,5.297e-05
0.0016081,0.0001234,9.3778e-06,6.4666e-07,0.0009729
0.0019846,3.5793e-06,3.46e-05,5.225e-07,1.0223e-05
0.00056747,0.0045007,8.2966e-05,0,5.9845e-08
0.0019369,3.9971e-07,2.1035e-06,1.4646e-05,0.00015806
0.0019922,1.9746e-08,2.0629e-08,1.0858e-09,1.0478e-05
0.00023741,2.4318e-08,2.4375e-08,3.1915e-06,0.0049251
0.0002921,5.897e-07,6.6757e-06,2.5917e-07,0.0047691
0.001916,9.5016e-05,8.9754e-05,0.00012035,4.4623e-05
0.00058665,1.4423e-05,0.0030116,0.0057142,5.2417e-05
0.001926,8.3767e-09,2.2579e-07,2.3372e-08,0.00019576
6.8504e-08,4.5292e-07,4.385e-06,7.5544e-06,0.0055856
0.001885,2.6469e-05,8.0992e-05,0.00038905,8.8139e-05
0.00057489,4.3095e-10,1.3156e-07,6.1439e-09,0.0039809
0.0018591,3.6985e-07,3.836e-05,1.2398e-06,0.00036244
0.0012046,2.0263e-05,6.521e-05,0.00010671,0.0021217
0.00082011,0.0011673,0.0021757,0.0027761,7.6086e-06
2.2614e-05,0.0017792,0.0072258,0.00038869,2.0554e-05
0.00016115,0.0025036,0.00014369,0.0070842,5.3843e-06
0.0012089,0.0017796,2.1311e-06,0.0015804,1.0488e-06
0.0019699,1.9421e-08,1.9443e-08,2.4278e-08,7.281e-05
0.0013561,2.7225e-07,7.4634e-07,1.5033e-06,0.0017912
0.00031983,5.2147e-06,4.7044e-06,2.6012e-06,0.0046874
0.0015415,2.903e-05,0.0023098,1.7321e-05,3.0191e-05
0.0019778,1.5175e-05,6.7397e-05,8.4033e-07,1.8714e-06
0.0019765,4.2168e-05,3.2663e-06,2.4243e-06,1.467e-05
2.8032e-05,0.0062428,2.0635e-05,1.8393e-05,4.3467e-06
0,1.4563e-06,0.010663,6.3211e-06,3.5062e-07
2.4542e-07,2.867e-08,7.4067e-08,0.013652,8.3758e-05
8.9557e-05,0.00010972,0.0099908,2.2413e-05,1.8928e-07
0.0019597,0.00010456,1.4177e-05,4.5704e-06,1.6228e-07
0.0019851,2.0625e-05,2.0292e-07,6.8907e-06,9.2657e-06
0.0019819,5.0091e-06,6.1836e-05,1.6855e-08,2.3987e-06
0.00016175,2.6619e-06,3.3164e-08,0.00019636,0.0050568
1.1724e-06,0.00025721,1.7825e-07,0.012175,0.00045069
0.0019725,4.4012e-05,2.2714e-05,9.7331e-07,1.4658e-05
4.0709e-05,0.00043628,0.0097144,9.7724e-08,3.6601e-06
0.0019825,4.1732e-05,1.2496e-06,5.3776e-07,3.6133e-08
0.00088159,0.0034222,4.7921e-07,6.307e-06,0.0001092
0.00027569,0.00017222,0.0081921,1.0198e-05,0.00037118
0.0016744,0.00027888,1.2084e-06,3.4541e-06,0.00065349
4.3107e-05,0.0060603,2.2273e-05,0.0003138,2.62e-06
3.6121e-06,0.0055334,0.0013067,7.0493e-06,2.7356e-05
0.00032899,0.0048272,0.00080902,1.4518e-06,7.6735e-10
0.00025165,0.0017925,0.0063154,9.8621e-07,5.8842e-07
4.7428e-05,0.0061787,4.2107e-05,6.2856e-06,3.9331e-09
0.00013527,0.0010556,0.0073725,3.6643e-06,0.00041968
0.00077112,5.7366e-08,0.00037343,2.0078e-05,0.0032274
0.00049357,3.2966e-05,0.0076848,0.00037289,2.7758e-06
0.0019945,3.965e-06,3.1313e-07,3.4135e-09,3.2336e-07
0.0011678,0.0023532,0.00047456,2.7457e-06,6.8279e-07
0.0011363,0.00098249,0.0006059,0.0017073,0.00053792
0.0019258,8.2827e-08,1.3712e-07,5.5017e-07,0.00019601
7.6899e-06,2.8701e-06,5.7935e-06,0.013769,1.0221e-05
6.7568e-05,0.0061353,2.5568e-06,0,5.0378e-06
0.001969,1.1588e-06,5.083e-07,0.00016541,7.364e-06
2.237e-06,2.576e-05,0.00027803,0.013416,5.2301e-06
1.3961e-05,0.00059678,6.3201e-05,0.012265,4.7066e-05
0.0016515,0.0010674,4.9475e-07,1.6884e-06,2.5134e-05
1.4871e-05,0.00040228,3.4082e-07,1.2216e-05,0.0051909
0.0019562,9.8201e-10,1.7457e-08,3.9119e-09,0.0001114
3.9609e-05,0.0003369,0.0029111,0.0036878,0.0021713
2.4702e-07,0.0026867,0.00075118,0.0070136,5.3003e-06
0.0010985,0.00036846,2.2253e-08,1.1821e-05,0.0021853
0.0018102,1.0996e-05,2.1324e-05,1.6436e-07,0.00049948
1.3071e-07,0.0061501,0.0003478,7.6238e-08,5.1855e-10
0.0016985,4.387e-05,0.00049425,5.3225e-05,0.00051423
0.0015812,2.6269e-05,0.0014912,0.0001913,0.00028036
0.00054645,0.0038411,0.00096447,0.00042604,5.2897e-06
8.2465e-07,0.0063525,1.3028e-06,3.3532e-06,2.9621e-07
0.0003379,0.0040566,0.00010464,0.00080581,0.00069735
0.00056534,0.00028335,0.0012447,0.0073697,0.00013363
0.0019885,7.8787e-07,3.5138e-05,1.6725e-06,1.1417e-06
1.0392e-07,9.1498e-06,6.5093e-07,1.6661e-05,0.0055761
0.0019836,3.1689e-05,1.2654e-05,0,1.7724e-08
7.2059e-06,0.0062387,0.000147,1.083e-06,7.1117e-06
1.3163e-05,0.0063151,9.9106e-08,1.4574e-06,1.8693e-09
2.0395e-05,0.00011118,0.00022444,3.7604e-05,0.0053038
0.0019097,9.122e-05,0.00011271,1.6274e-05,9.5691e-05
0.0016877,9.0312e-06,3.4774e-09,1.9472e-08,0.00085547
0.0013123,0.0010938,2.3731e-05,0.0012582,0.00043329
8.2068e-06,0.0050688,0.00068165,0.0018677,1.2561e-07
0.0019727,1.4137e-07,8.6632e-06,3.4277e-07,6.0167e-05
8.4306e-08,0.00017823,0.009564,0.0010385,4.3941e-06
0.0018523,6.8328e-06,1.2384e-05,9.4687e-08,0.0003897
0.00079693,0.0016305,0.0010847,0.0030133,0.00014115
0.00023154,0.0041034,0.00037899,0.00041924,0.00096635
0.001898,1.2004e-07,0.00017894,5.3169e-06,0.00017841
0.0015534,0.00069348,5.4626e-05,0.00091702,0.00023129
0.0019846,6.749e-06,3.4618e-07,1.7391e-10,2.5565e-05
0.00096547,0.00060512,0.00048497,0.0049947,8.5772e-05
0.0019143,1.0957e-08,3.7929e-09,8.6271e-08,0.00022864
0.00040968,0.0047277,0.00050542,2.7807e-05,9.8432e-06
4.7628e-07,0.0062868,6.5743e-05,6.6022e-05,1.4932e-09
0.00010159,0.00037804,8.0286e-05,0.00064529,0.0046721
0.0012333,1.7287e-07,6.7481e-06,4.9472e-06,0.0021309
0.0018325,6.7671e-06,0.00085611,4.1178e-06,1.7444e-06
0.0010177,2.9153e-09,1.7183e-06,3.1079e-06,0.0027383
0.001785,1.073e-05,0.00097829,6.2324e-05,4.3703e-05
0.0019783,5.5955e-05,1.194e-08,0,1.6923e-08
9.805e-05,0.0060042,3.4018e-05,4.5327e-05,1.6817e-07
0.0019794,8.0059e-07,1.9782e-07,1.1983e-07,4.5565e-05
0.0013247,0.0010759,0.00072378,0.0012687,4.3147e-05
0,1.9604e-07,8.4432e-08,7.9443e-06,0.0055881
4.9989e-05,0.0050855,0.00094607,0.00068703,0.0002061
0.00050094,0.00017112,7.3262e-06,0.00048392,0.0038386
5.0865e-05,3.4387e-06,0.010286,0.00013536,2.1011e-06
0.00054775,1.6109e-07,0.00061354,1.8651e-05,0.0037278
0.00086669,0.003232,0.0005193,3.4351e-05,3.5101e-05
0.00015454,1.0359e-05,0.0014209,0.00049089,0.0042069
0.0019951,2.6694e-07,4.0525e-08,8.164e-10,2.1262e-06
8.9905e-05,1.6227e-08,3.3753e-11,1.162e-07,0.0053396
0.001308,8.8288e-07,5.5434e-05,9.5679e-05,0.0018587
0.0019836,6.2043e-06,5.9628e-06,3.0105e-07,2.5838e-05
0.00057713,8.4587e-11,9.1776e-11,1.5183e-09,0.0039747
0.0019303,6.2053e-10,9.8928e-07,6.9262e-09,0.00018345
0.0019551,9.2395e-05,5.3053e-05,4.3867e-07,5.2065e-06
0.0019439,4.2684e-05,2.9429e-06,0.00025934,1.9984e-06
8.9404e-05,1.6326e-05,3.8805e-05,0.00050588,0.0051023
0.00019968,2.1684e-06,1.9832e-06,5.5076e-06,0.0050269
0.0018902,0.00020693,0.00017673,2.1258e-05,1.3034e-05
8.4107e-06,0.0001707,1.2696e-06,5.9918e-05,0.005393
8.429e-05,1.72e-05,0.0097348,0.00010218,0.00019831
5.7132e-07,0.00023927,0.0087248,6.9965e-05,0.00077972
7.9012e-07,4.1495e-05,0.010589,3.0992e-06,3.3454e-06
0.0019788,1.4791e-05,6.6439e-09,1.2074e-07,3.4782e-05
0.00135,1.3885e-07,1.9896e-06,3.5408e-06,0.0018069
0.00015911,0.0044774,0.0020884,0.00017231,4.4192e-05
0.0018797,0.00011127,0.00010893,0.00012995,0.00011835
0.0019466,1.9051e-06,0.00015751,2.8437e-07,5.3871e-05
0.0019847,3.0001e-05,3.1132e-06,7.3253e-07,3.1649e-06
0.00059759,0.0018362,0.0039062,0,0.00025573
0.001517,0.00031527,0.00018939,0.00058217,0.00073039
6.9751e-05,0.00011294,0.00035755,0.011659,0.00040665
5.4848e-05,1.3975e-05,5.6548e-07,4.1588e-05,0.0054085
4.8426e-06,0.0063218,2.2086e-05,1.6178e-05,2.2579e-08
0.001937,0.00013771,2.2431e-05,8.216e-07,3.1916e-05
0.0016826,0.000251,0.00046875,0.0010002,7.83e-06
0.00056102,0.0042949,0.0004627,0,1.0111e-07
0.0019848,6.4158e-07,7.2009e-08,2.3842e-08,3.066e-05
6.3945e-06,2.9599e-05,2.1569e-05,0.013695,1.2175e-05
4.6905e-07,1.6069e-05,3.3427e-05,0.001183,0.0050813
0.00017209,5.1184e-06,0.0030362,1.3231e-06,0.0035135
0.0019844,4.8014e-08,3.3198e-06,1.694e-06,2.9894e-05
3.9401e-09,9.5959e-06,2.4551e-06,0.013822,6.2101e-06
1.4085e-06,1.7332e-07,7.1324e-07,1.899e-06,0.0055863
0.0019516,9.5075e-06,4.5111e-05,0.00010565,4.9569e-05
0.0019741,2.8878e-07,2.2301e-08,2.236e-07,6.0654e-05
3.2106e-06,0.0014862,0.000566,0.0098303,1.3586e-05
6.3474e-06,6.9248e-06,0.00020575,1.6916e-05,0.005453
5.9266e-11,5.8282e-06,6.5872e-05,0.01375,5.6e-06
0.0019758,4.8103e-05,1.7535e-05,9.1929e-06,1.1968e-06
0.00012179,0.005951,1.8657e-05,4.4973e-06,4.9669e-06
0.0019927,6.5113e-06,5.5059e-07,1.9646e-07,3.0064e-06
0.0019934,7.9845e-06,6.6992e-10,4.9953e-09,2.2014e-09
0.0019828,1.7915e-05,3.615e-06,3.8016e-05,3.8517e-06
0.0014797,0.00015561,0.001042,5.6731e-07,0.00076311
0.0012623,0.00012756,0.0036512,3.7838e-05,1.4618e-05
1.643e-07,2.2076e-05,0.0082626,5.8516e-06,0.0012399
0.0013649,0.0015923,0.00052785,0.00019737,1.1166e-05
0.0019926,1.1784e-07,1.1197e-05,2.5014e-07,3.2386e-06
0.001918,0.00011147,0.00019706,4.2113e-05,4.8189e-08
0.0019217,5.1103e-05,7.3392e-06,2.6018e-06,0.00015802
5.0716e-07,3.7456e-06,8.8957e-07,0.013509,0.00013713
0.0019646,1.3045e-05,7.6632e-06,0.00012124,2.3246e-05
0.00049438,4.1127e-06,0.0079991,2.82e-05,2.3251e-07
0.0019749,2.023e-05,1.7659e-06,4.465e-08,4.0177e-05
0.0015191,4.2741e-09,1.2452e-10,1.2752e-10,0.0013357
0.0019698,7.0648e-06,8.9267e-05,3.9957e-05,3.9538e-06
0.0019951,3.166e-09,2.0179e-08,7.2182e-07,2.0014e-06
0.0011672,1.9642e-06,1.81e-05,1.4154e-05,0.0023048
0.0016804,0.00042304,0.00096682,8.7968e-06,1.6796e-06
0.0015495,0.00057666,7.8489e-06,0.0018279,2.1009e-06
0.00032479,0.00011503,1.8977e-06,0.0067539,0.0018551
1.717e-06,0.00043279,4.7105e-06,0.012882,7.5857e-06
4.2797e-06,1.4114e-06,3.1147e-08,0.00011142,0.0055333
2.7997e-06,0.0024158,0.0065972,5.5688e-06,2.9538e-08
0.0019748,4.2573e-05,3.58e-06,3.5928e-05,5.3703e-06
0.0019849,8.8826e-06,7.6495e-06,1.3491e-06,1.839e-05
2.0207e-06,0.0059644,0.00017605,0.00022334,0.000158
0.0018702,0.00028781,0.00011933,5.4438e-06,3.4267e-05
2.9042e-06,0.0063305,8.6645e-07,3.7366e-05,3.1976e-07
0.0019949,3.0451e-12,5.1901e-11,1.6226e-12,2.782e-06
0.0001155,2.5661e-05,0.0021447,6.8769e-05,0.0040939
7.2757e-07,9.8395e-05,3.2197e-05,0.0012541,0.0049802
0.0017318,2.7603e-05,2.3604e-08,1.5938e-08,0.00071563
0.0019862,7.4246e-06,9.3399e-06,3.741e-05,8.5514e-07
0.0018195,5.2847e-06,6.8806e-08,1.5321e-08,0.00048948
0.0016184,9.9553e-06,4.0887e-07,6.4728e-05,0.0010225
1.3136e-05,3.2956e-07,5.2288e-07,9.471e-05,0.0055159
0.0019959,4.4302e-10,5.5516e-10,8.0375e-10,1.2545e-10
1.1479e-05,2.7421e-06,1.837e-06,2.262e-05,0.0055468
0.00084221,0.0030323,0.00019198,0.00037979,0.00031142
0.0012975,6.2078e-05,2.9962e-05,4.4275e-05,0.0018683
0.0019548,0.00012907,3.529e-08,6.7895e-08,1.5723e-06
0.0019643,6.3699e-05,5.4802e-05,3.6352e-07,3.7764e-06
1.1209e-05,0.0061386,0.00026547,9.0177e-06,1.864e-05
1.6722e-07,0.00035143,1.0996e-07,0.0012625,0.0047726
0.0017299,0.00069449,0.00024175,1.6326e-05,1.2445e-06
4.9601e-06,0.0051496,0.002001,4.0038e-07,1.1563e-09
0.0016295,0.0010789,8.5894e-07,2.4643e-05,6.7335e-05
5.1404e-07,0.00095303,0.0061734,0.00059388,0.0012777
0.0016876,3.1627e-09,1.5434e-08,8.1174e-09,0.00086386
0.0019691,1.8858e-06,9.6089e-06,5.5855e-05,4.593e-05
0.0011025,0.00064008,0.003695,6.8334e-06,1.0911e-06
0.0019414,2.3919e-05,0.00013106,2.5436e-05,5.2857e-05
0.00050201,0.0046992,2.1509e-06,0.00011162,6.1314e-06
0.001979,1.916e-06,1.5122e-09,6.4514e-08,4.5669e-05
2.1263e-06,0.00386,0.0035764,0.00077722,3.3655e-06
0.0019787,1.7312e-09,5.3799e-09,8.3928e-11,4.8226e-05
1.4419e-07,4.3963e-12,1.7306e-11,2.9299e-09,0.0055911
0.0016601,2.1993e-09,1.2147e-07,6.4124e-08,0.00094057
4.7077e-09,1.4244e-08,4.801e-08,4.1052e-08,0.0055914
0.0019179,2.6618e-08,2.9761e-08,3.7917e-08,0.00021861
0.0019925,3.5712e-06,8.0726e-06,2.6767e-08,2.0857e-06
0.0019415,0.00017276,3.4917e-07,1.1486e-07,3.3877e-07
0.0019828,1.4806e-05,8.1888e-06,4.7856e-05,1.3642e-07
0.00066689,0.0042189,4.6665e-06,2.5394e-05,1.6488e-07
0.00035534,0.0049987,0.00038106,0,1.1952e-07
0.001989,4.0051e-08,2.893e-06,2.944e-07,1.7791e-05
0.00141,0.00070882,0.0015864,0.00046192,5.762e-07
0.0016129,3.9257e-06,3.7429e-08,3.3961e-07,0.0010695
0.0019907,4.2418e-06,1.5509e-05,2.0143e-06,1.917e-06
1.2828e-06,0.0063506,1.0205e-06,4.7608e-06,2.9126e-07
0.00095076,0.0022136,0.0014354,0.00023031,0.00013611
0.0019907,1.1513e-05,9.0428e-07,2.5474e-06,2.919e-06
5.2447e-05,5.3425e-06,3.4009e-08,0.00026417,0.0053333
0.00084934,0.003637,2.0323e-05,6.9522e-06,1.7642e-08
0.0019941,1.0601e-06,1.0091e-10,9.2769e-09,4.2143e-06
3.9228e-05,7.4229e-07,6.2205e-05,0.00069223,0.0051691
7.8915e-06,0.0036317,0.0043867,0.00018972,3.7503e-07
0.0001962,0.00016508,0.00087357,0.010915,3.6145e-05
0.00049631,2.1207e-05,2.7424e-06,0.0002224,0.0040913
0.00070162,9.9479e-05,0.0067278,9.6072e-06,9.4235e-06
0.0018394,0.00039549,1.2197e-06,6.1994e-06,8.7639e-05
0,0.0050121,0.001832,0.00026214,0.00011781
0.0019514,1.5362e-06,3.9952e-07,3.7111e-06,0.00012177
7.2527e-06,0.0028512,0.0041093,0.0019796,0.00011194
0.0019953,2.1607e-09,1.9898e-08,7.9753e-10,1.81e-06
0.0018093,1.2853e-05,2.5736e-06,0.00055713,0.00028532
0.000126,0.0027348,7.6201e-06,0.0069262,3.5485e-05
0.00031269,0.00044786,0.0081938,4.9844e-05,8.2088e-06
0,0.001262,7.4105e-05,0.011014,6.1097e-08
0.0013014,0.00013624,4.8337e-06,0.00013762,0.0017679
8.506e-05,0.0017874,1.8883e-07,1.3002e-05,0.0037759
2.1699e-05,0.00060448,1.0506e-05,4.5307e-05,0.0049753
0.0019955,2.4086e-07,6.8256e-08,3.2004e-09,9.2638e-07
2.2741e-05,0.00011905,4.8858e-07,0.0074677,0.0024106
1.6545e-05,0.0022016,1.7443e-05,0.0089226,6.9626e-07
0.0019507,0.00014286,1.7782e-06,2.7916e-08,4.3378e-09
0.0019824,4.0881e-05,2.3651e-08,5.382e-09,2.0262e-06
8.4276e-05,3.5673e-06,0.0096134,2.4085e-05,0.00030544
0.0011839,0.00018629,0.0037976,0.00024082,2.4068e-05
0.0018203,0.00052859,3.7074e-05,1.3881e-06,7.2299e-06
0.0010784,4.3873e-05,0.00016477,0.0019956,0.0016404
0.00027398,0.0037274,0.00010274,0.0036041,3.8175e-05
3.2237e-06,0.00017981,6.4584e-07,0.013439,3.1084e-06
0.00041978,1.1031e-08,4.393e-06,3.0834e-08,0.0044132
0.0019043,3.8548e-06,7.9813e-06,0.0002922,0.0001311
4.3687e-06,0.0033586,7.5595e-05,0.0062111,8.0533e-05
0.00013656,0.0035534,0.00036951,3.8147e-05,0.0018748
0.00020766,1.8566e-06,6.8097e-08,3.1165e-06,0.0050068
0.0019959,1.3366e-09,1.1632e-10,1.4636e-12,3.5116e-09
0.00016807,1.0435e-05,3.0921e-05,2.314e-05,0.0050859
2.5477e-06,0.0049175,3.1345e-05,0.0030797,8.7722e-07
0.00025005,0.00013608,4.8211e-07,1.5785e-06,0.0047704
7.3975e-05,2.7187e-06,0.010142,5.7506e-05,4.4724e-05
0.0016872,9.8945e-06,0.0015815,0,2.7426e-05
0.000219,1.207e-05,0.00064727,0.010707,0.00030944
4.7316e-05,0.0060587,9.8541e-05,0.00018535,4.0647e-06
0.0019766,3.3091e-05,3.9919e-05,5.5151e-07,3.8494e-06
0.0019788,4.9753e-05,2.1525e-06,8.7325e-08,3.0444e-06
0,0.0063459,5.2732e-07,2.0455e-05,1.899e-06
9.5184e-07,0.0040765,0.0028766,0.00089348,0.00013604
1.5954e-05,0.00020986,0.010195,5.0355e-05,1.3644e-08
0.0019927,2.6148e-08,2.9681e-08,9.1721e-08,8.8817e-06
3.7334e-08,0.00535,0.0007131,0.0012708,5.5093e-09
0.00065911,0.0040091,0.00025125,0.00021665,5.5916e-08
8.4845e-07,0.00039416,9.247e-05,0.0045403,0.0033626
0.001995,5.0947e-07,1.06e-06,4.1162e-06,2.0377e-09
0.0015449,0.00017877,0.00086647,0.00018932,0.00057593
0.0019756,4.6371e-07,1.1875e-05,2.2673e-05,4.1159e-05
0.0005281,3.7152e-05,2.0912e-05,7.3661e-06,0.0040654
0.0019594,1.7639e-05,3.7628e-05,0.00014715,7.8245e-06
0.0019833,1.1584e-05,4.0717e-05,7.3016e-07,3.6054e-06
0.00050644,0.00029704,0.00013116,0.0093327,7.8215e-05
0,0.0046662,0.0014178,0,0.0007448
0.0018848,0.00023899,6.6848e-05,5.2936e-05,4.4863e-05
0.00028468,0.0013762,0.0067274,1.3949e-06,5.8146e-05
2.8296e-06,1.1667e-12,1.1993e-13,2.1314e-10,0.0055836
0.0010026,0.00014074,0.0011559,2.1858e-05,0.0020444
0.0019603,2.7625e-05,2.2147e-05,9.2521e-07,6.3564e-05
0.00094273,6.9739e-06,8.1316e-05,0.0071932,2.5386e-07
1.7242e-06,0.0060554,3.3692e-06,0.00064283,9.8697e-09
0.0014759,0.00012569,5.9956e-07,3.209e-05,0.0013329
0.0019861,1.0466e-08,1.8386e-09,2.8811e-11,2.7533e-05
3.4124e-06,0.00026408,4.3568e-05,0.0009961,0.0049251
0.0017647,6.0985e-07,6.9249e-06,1.3614e-07,0.00064359
0.0019751,1.9355e-05,1.3e-05,8.534e-05,6.954e-09
1.2788e-05,0.00077845,0.00027172,0.011701,8.9205e-06
0.00040747,1.4546e-07,3.7067e-08,2.5032e-06,0.0044488
0.0019011,0.00027877,3.5966e-05,3.0608e-06,3.6775e-07
0.0019557,1.0854e-06,1.4028e-07,6.8293e-08,0.00011153
4.8527e-07,5.7445e-05,0.00034877,0.00017348,0.0052869
1.4278e-06,0.0060091,0.00032586,0.00032691,2.014e-08
0.0013842,0.00039409,0.00043786,0.0028047,6.3718e-06
6.8806e-06,0.0062861,3.5868e-05,6.1878e-05,3.6437e-08
5.3026e-06,0.00030023,0.00015769,0.0099318,0.0012238
0.0019892,4.6082e-06,1.5319e-05,6.2002e-07,6.4505e-06
0.001995,4.4529e-07,2.3176e-06,1.9798e-06,4.4147e-08
0.001971,6.9339e-05,1.4446e-05,3.6461e-08,1.231e-06
0,0.0050274,4.9979e-05,0.0028357,6.0542e-08
0.0016147,5.1503e-05,0.00066183,0.00029037,0.00055865
0.0017019,9.0484e-07,1.2387e-07,7.6671e-06,0.00081984
5.0884e-06,0.002022,0.0072393,7.8906e-07,5.5026e-06
1.2939e-06,9.1933e-06,2.9577e-06,0.0017073,0.0048896
0.00028325,7.9472e-11,3.1155e-07,3.2443e-08,0.0047978
0.00086883,8.3031e-05,0.0047332,0.0003656,0.00045695
1.6448e-05,4.07e-08,2.0468e-07,7.6627e-06,0.0055422
0.0019759,5.208e-05,4.5017e-07,6.4337e-07,9.6664e-06
0.0019954,3.2692e-09,5.5885e-08,8.5167e-10,1.5485e-06
0.00037006,0.0029574,0.00063966,5.0981e-05,0.0015981
0.00070842,0.0017865,0.0036614,0.00027933,4.5843e-06
0.0019468,0.00012746,4.1038e-05,7.8904e-06,7.1116e-07
1.9278e-06,0.0063464,7.8413e-06,0,5.0358e-07
1.7666e-05,0.0002199,0.010192,6.1979e-06,5.9894e-06
1.6273e-06,0.00023483,0.002314,0.00029524,0.0040488
0.00045806,1.5746e-09,1.0937e-06,1.2097e-06,0.0043072
3.0124e-05,9.8233e-05,8.989e-06,1.6069e-05,0.0054095
0.0019163,5.8446e-10,5.2126e-08,9.7008e-08,0.00022299
6.3413e-07,0.00024738,8.5167e-05,0.0066149,0.0026593
0.00032921,0.0022973,0.00013402,0.0049901,0.00056577
8.3217e-05,0.0053273,4.1397e-06,2.3022e-06,0.00067005
0.0016104,0.0010021,0.00037651,1.9721e-06,6.0295e-07
1.5058e-05,0.0043367,0.0012839,1.2224e-05,0.0010576
0,0.00021012,0.010299,2.5761e-05,9.4208e-08
0.00073552,1.1792e-05,0.0039199,0.001786,0.00074628
2.1529e-05,0.00062682,1.0986e-06,0.00055493,0.0047555
0.00073072,0.0038128,3.8276e-06,3.9652e-06,0.0001876
0.00013263,4.0153e-05,1.8974e-05,0.0015892,0.0045336
0,5.0722e-05,0.01033,0.00032884,1.9035e-06
5.8165e-05,0.00015383,1.133e-07,4.5626e-05,0.0052748
4.0679e-05,0.00018303,7.8995e-06,0.011439,0.00069811
0.0019842,1.0975e-07,4.2716e-06,1.2381e-08,3.0579e-05
0.0016518,0.00089355,0.00013241,8.6644e-05,7.3962e-05
0.0019849,1.4792e-05,1.1391e-05,2.7846e-05,6.7644e-07
0.0019932,2.3351e-07,7.016e-08,2.2723e-07,7.1952e-06
2.8028e-05,2.1038e-06,1.6989e-07,3.7178e-05,0.005496
5.1753e-05,6.948e-06,3.5793e-07,0.0013896,0.0048797
8.1109e-06,0.0062063,0.0001405,2.8873e-05,2.5201e-05
5.1119e-06,0.006268,9.855e-08,0.00015918,4.0315e-07
0.0003555,3.7947e-09,1.1762e-06,1.3564e-06,0.0045944
0.0019349,3.6911e-05,0.00013762,0,6.6282e-05
0.0018684,1.3413e-05,0.00062767,8.4525e-07,1.6312e-05
3.0673e-05,0.0058586,0.00047093,0.0002637,1.1313e-08
9.3271e-06,0.00024142,0.00034535,0.012703,4.8e-05
0.00015232,0.0029772,0.0046471,8.3812e-05,7.7672e-05
0.00035962,0.00095756,0.00038019,4.5972e-05,0.0035241
0.0019936,4.224e-06,2.3534e-07,2.5896e-09,2.6774e-06
0.00041389,0.002812,1.2836e-05,0.0048375,9.5141e-07
0.0014705,1.8546e-08,5.3929e-08,6.2177e-06,0.0014693
0.0019482,5.6609e-07,8.9715e-05,6.6886e-06,8.3474e-05
1.4486e-05,6.7318e-08,3.0796e-10,9.0167e-09,0.0055508
0,5.19e-05,4.2535e-06,4.7199e-05,0.0055246
0.00031511,1.1299e-05,1.9902e-06,8.258e-07,0.0046974
4.7139e-05,4.264e-06,3.8652e-07,2.2289e-06,0.0054546
0.00082185,0.00058761,0.0052902,6.6375e-07,1.89e-07
4.988e-07,0.00035555,6.4383e-06,0.012779,0.00011938
2.1632e-06,0.00026243,0.00072184,0.010391,0.00078504
1.9862e-05,7.5243e-08,2.118e-08,3.0075e-05,0.0055236
0.00014828,7.3811e-05,0.0018717,0.0080502,0.00088328
9.0274e-05,0.0057566,0.00039678,3.8058e-08,6.7893e-05
0.001225,0.00014785,0.0001186,2.2188e-05,0.0019585
0.001955,1.1591e-06,9.4565e-06,8.9359e-05,7.2592e-05
0.001807,3.3342e-06,0.00094096,3.0206e-06,3.1966e-05
0.0019635,3.8317e-06,6.354e-06,0.00016858,1.6118e-05
0.00094216,0.00072814,1.4727e-07,0.00466,0.00043192
0.0017414,4.8728e-05,2.2135e-05,0.00048527,0.00046272
0.0015614,3.5362e-05,2.8266e-06,0.00045822,0.00099986
0.00032301,0.00097646,0.00046759,0.0080514,0.00033517
0,2.2637e-05,0.010613,1.2738e-05,5.3798e-06
0.0016897,1.6763e-05,1.313e-06,7.6857e-07,0.00084217
6.1024e-05,1.7088e-05,1.1435e-06,5.6652e-06,0.0054026
0.00015931,0.003502,0.0002431,9.2533e-05,0.0019006
0.0018499,0.00043177,4.6281e-05,1.104e-05,5.9359e-07
0.0019886,1.574e-05,3.9984e-06,5.5157e-06,2.3168e-06
0.0019839,3.6539e-05,6.9552e-07,2.7322e-06,2.1157e-07
8.7739e-06,0.0063287,1.8881e-06,2.7897e-09,3.7145e-09
0.00024295,7.2407e-05,3.2398e-06,1.6012e-05,0.0048391
0.00014926,1.449e-07,9.357e-09,0.0010407,0.0047534
0.0001113,0.00020766,0.0097269,8.8779e-07,1.4324e-07
0.001993,3.3942e-06,8.9922e-08,2.7149e-07,5.1783e-06
0.0010214,0.0015897,0.0005644,0.00067914,0.0007623
0.0017836,0.00067152,7.8501e-06,0,2.2166e-08
0.0019606,1.037e-06,6.7044e-05,0.00014519,4.2847e-06
8.0814e-08,6.9384e-05,1.3135e-05,3.3507e-07,0.0055232
2.8658e-06,0.0014868,1.915e-05,0.010575,2.4334e-07
0.0019935,2.8715e-06,1.1047e-06,6.1481e-06,1.2308e-06
0.0019348,2.2607e-08,0.00013073,4.3352e-06,0.00010091
0.0019741,5.3921e-05,2.2317e-06,1.6369e-05,5.975e-06
0.0019683,3.9588e-05,6.3161e-06,9.3667e-05,1.4209e-06
0.0018944,1.6959e-05,0.0003763,8.084e-05,3.9816e-05
6.1753e-05,0.005951,0.00010743,6.6129e-05,0.00010176
0.0019303,8.573e-06,1.7249e-07,0.00043683,1.148e-07
0.0016883,0.00097748,2.4075e-06,6.5493e-07,5.3811e-07
0.0019883,5.0246e-07,8.6311e-07,2.2356e-07,2.0375e-05
0.00021999,0.00028305,0.0090143,7.5777e-06,2.4967e-09
0.0011293,0.00061337,0.0019012,0.0022099,7.8695e-07
0.0019954,1.6113e-11,3.7036e-08,1.1563e-09,1.5107e-06
0.0019776,3.9473e-06,2.2833e-06,3.6722e-05,3.1966e-05
4.6149e-05,0.0060049,0.00033226,0,7.0163e-06
0.0019678,4.1331e-06,1.8758e-05,2.3481e-06,6.4452e-05
0.0018982,5.827e-06,7.9886e-05,0.00055254,3.8273e-06
6.9333e-08,7.2087e-11,2.648e-11,1.0016e-08,0.0055913
9.0807e-06,0.0001405,0.010112,0.00035699,6.3671e-09
0.0018307,0.00050238,3.273e-05,9.34e-06,1.2885e-08
0.0019959,1.8068e-11,1.5344e-08,1.681e-11,1.353e-07
0.0019821,2.3997e-08,7.4918e-06,8.5495e-08,3.4811e-05
0.0017916,9.3901e-06,0.00046854,0.00012333,0.00026903
1.0307e-05,0.00632,1.5594e-06,5.9189e-07,3.2999e-06
0.0019897,2.4479e-06,2.8531e-05,4.5432e-07,1.7867e-07
0.0017268,0.00034786,7.5745e-06,2.1555e-05,0.0004352
0.00013257,6.7383e-05,4.5422e-05,2.3821e-06,0.0051361
2.06e-09,2.2283e-05,0.010623,1.4041e-05,2.4115e-11
2.0112e-07,0.0033629,0.0048913,0.00016931,2.1593e-06
0.001975,5.4265e-05,2.0578e-05,0,1.0419e-07
0.0017199,4.2591e-06,0.00074732,6.7883e-05,0.00035068
0.0019443,1.0755e-05,7.3663e-06,0.00032444,5.3524e-07
0.0019577,4.1922e-06,0.00019462,6.4166e-07,1.102e-06
0.0013985,0.0011182,2.2109e-06,5.6555e-06,0.00068682
0.0019947,7.9642e-08,1.0991e-08,5.5154e-06,9.9381e-07
0.0005098,0.003946,0.0010467,0.00035417,1.6762e-06
0.0019904,7.4326e-06,5.277e-07,1.9568e-05,8.5479e-07
1.5614e-06,1.5405e-07,2.1215e-06,8.9893e-08,0.0055858
2.6598e-06,0.0055086,0.00053796,0.0010688,2.6365e-05
0,0.00021153,0.00040577,0.012749,5.0434e-05
0.0016571,3.5079e-09,1.9759e-07,6.7745e-09,0.00094895
0.0019937,6.0605e-07,2.5238e-06,6.7707e-06,1.7612e-06
0.0013323,0.00010506,0.0001164,0.00019655,0.0016263
0.0019548,4.3857e-07,1.2276e-05,2.7759e-05,9.7093e-05
9.0112e-06,1.0376e-10,3.659e-13,9.6835e-09,0.0055662
0.0019957,6.524e-10,7.3778e-08,6.1675e-10,5.1421e-07
0.0012654,0.00083312,0.0016841,6.8543e-08,0.0004313
3.8304e-08,0.0017203,0.0055041,0.0029597,5.9084e-07
3.8015e-09,0.0062684,0.00014916,1.106e-06,7.5384e-11
2.8038e-06,0.0045751,0.00092005,0.0014955,0.00047463
0.0017061,4.7167e-09,4.7562e-09,1.4006e-06,0.00081133
0.0017259,1.9425e-05,4.1635e-05,5.579e-06,0.00071532
0.0018927,0.00031368,3.4532e-06,5.064e-06,9.4115e-06
0.0019958,1.3744e-07,6.0027e-07,8.3576e-12,2.4678e-08
0.001974,5.9405e-06,1.6676e-08,3.1489e-06,5.4827e-05
0.0018276,3.4166e-05,4.4833e-06,0.00088529,8.2143e-05
0.0016698,4.2035e-06,1.3835e-05,8.7367e-07,0.00090224
0.0017814,9.0479e-06,0.00018781,4.2672e-08,0.00049448
0.00093026,2.7232e-06,2.7245e-05,1.2008e-06,0.0029682
9.9451e-06,4.8526e-07,4.2619e-07,0.00020953,0.0054785
0.0019247,0.00021666,1.0095e-05,2.5907e-06,2.7804e-06
2.1252e-06,0.00045835,0,0.00017482,0.0051119
0.0015733,0.00067145,0.0011038,1.6673e-05,8.2571e-06
0.0013466,2.4246e-05,0.00052005,6.0541e-05,0.0015009
0.0019273,0.00010909,0.0001464,1.4372e-05,1.3658e-05
0.0016905,0.00081275,6.5342e-05,3.0192e-05,9.4277e-05
0.0016396,0.0002814,1.9083e-05,1.6487e-06,0.00074016
2.5246e-09,0.0063242,1.1795e-06,7.1663e-05,1.9202e-08
0.0019887,1.9558e-05,4.732e-06,1.135e-06,1.1896e-07
0.00084065,2.7239e-06,4.408e-07,0.00073208,0.0029385
0.00040486,3.6206e-05,0.0084455,2.3639e-07,1.8169e-07
0.0019905,1.1483e-05,6.381e-07,4.1124e-06,3.13e-06
0.0019934,1.0313e-09,4.9667e-09,1.4503e-08,7.061e-06
1.2279e-05,5.3334e-10,1.6078e-09,2.5625e-06,0.0055561
0.0015106,0.00017617,0.0022649,3.0278e-05,5.7129e-06
1.1973e-05,3.0542e-09,1.142e-09,4.2611e-05,0.0055408
0.0019536,0.00013177,3.5109e-06,8.8909e-07,5.9245e-07
0.0019957,2.3483e-07,2.7104e-07,2.7402e-10,2.3251e-07
0.0019353,0.00015872,8.1206e-06,6.0484e-05,1.5471e-06
0.00082011,0.0036697,9.2509e-05,4.4859e-05,1.8296e-09
0.0019594,3.4947e-06,8.8835e-06,2.3717e-05,8.489e-05
0.0018856,0.0001801,0.00018818,0.000122,2.7619e-06
0.00090332,0.00088667,2.7249e-05,0.0056155,1.6869e-06
0.0019935,3.6656e-10,3.5821e-08,8.9878e-10,6.8646e-06
0.00094972,0.0031062,3.3101e-06,0.0004109,3.1601e-05
9.2522e-08,1.8368e-05,1.4331e-06,0.013817,8.9357e-07
3.5223e-08,0.0021034,7.24e-06,0.0092631,1.2871e-06
0.0019823,1.2276e-09,2.894e-06,1.4451e-08,3.6514e-05
3.6631e-06,0.0063457,6.4654e-07,0,1.0612e-08
0.0017614,3.8659e-06,1.099e-05,3.4011e-05,0.00063424
3.009e-05,0.0062123,4.9799e-05,3.1565e-05,4.823e-06
1.0462e-06,0.0056229,5.385e-07,0.00096557,0.0002536
0.00023396,0.00057039,1.0511e-05,0.001227,0.003934
0.0019934,4.7972e-08,8.6897e-08,1.1125e-08,7.0405e-06
4.201e-05,0.0027947,0.0056564,0.0001051,9.8174e-06
1.5814e-06,0.0054607,0.0013429,2.4785e-05,7.0851e-05
0.00079392,1.9125e-07,1.3451e-07,2.1752e-05,0.0033583
1.5481e-05,0.0030671,0.0009818,0.0057918,1.8342e-09
0.00069178,8.7083e-06,0.0041487,4.6588e-05,0.0014532
5.2022e-07,2.5069e-05,0.010617,4.6495e-06,2.9184e-06
7.3557e-05,0.00022577,0.00022999,0.012559,2.9879e-07
0.0018892,0.00033431,8.3811e-06,1.0159e-06,2.7451e-08
0.0017615,0.00017134,0.00094589,2.4256e-05,5.8577e-07
0,0.0023852,0.00021088,0.0001007,0.0033426
0.0018674,6.9294e-05,4.1091e-06,0.00073074,2.2398e-06
0.0012297,0.00011383,0.0037027,0.00023154,1.2909e-05
0.0019494,0.00012828,1.0869e-05,1.5118e-05,5.6665e-06
1.5592e-07,5.0233e-05,0.010428,0.00020611,3.3014e-08
0.001691,1.9654e-05,8.8906e-06,0.00024412,0.00073368
0,0.0051244,0.0014317,0.0001455,0.00027588
0.0016316,2.7937e-06,4.2488e-05,7.9286e-05,0.000964
0.00016556,6.6369e-05,0.00048652,0.011908,1.1256e-05
0.0014291,0.00034285,0.0023337,0.0001264,1.2725e-05
2.3138e-06,4.3341e-05,1.3812e-05,1.0767e-06,0.0055392
0.0004881,0,1.9405e-05,0.010334,4.5494e-05
0.0019954,5.1849e-07,1.3794e-06,1.8134e-07,3.2035e-07
0.00028922,0.0051026,0.00055613,5.6952e-07,2.0883e-06
0.0001307,0.0058054,4.2337e-07,0.00028981,2.5375e-06
4.5949e-07,0.0062917,4.9812e-05,1.6899e-06,3.0089e-05
0.00012782,0.0056604,8.0664e-05,0.00046647,2.4783e-05
0.00026658,0.0036547,6.7573e-05,0.0039542,4.4038e-08
0.0016973,5.0766e-05,2.6615e-06,4.277e-06,0.00078879
0.00081306,7.2302e-08,0.00017973,1.1104e-06,0.0032191
0.0011536,0.0014132,0.0020655,8.3363e-05,8.5848e-07
0.0018588,1.4129e-07,3.1118e-05,7.7229e-07,0.00036738
3.3605e-06,0.0026667,0.0055709,0.00078478,1.2589e-06
0.00041354,2.5247e-06,0.0021939,2.3459e-05,0.0032718
0.0019825,3.9835e-06,5.2172e-05,1.9213e-06,5.9721e-06
0.0016671,4.5145e-05,0.00080173,3.7025e-05,0.0004466
9.5189e-09,2.3494e-07,2.7539e-08,8.9123e-06,0.0055876
0.0019939,1.317e-06,6.7713e-06,2.2296e-10,8.6275e-07
0.0014041,0.000642,0.00033162,1.6562e-07,0.00091961
4.2654e-05,3.6807e-05,0.010375,2.8669e-07,3.6043e-06
0.001964,1.7612e-05,1.8301e-05,3.1133e-05,5.1861e-05
0.0019926,2.3187e-08,3.1817e-06,2.6619e-08,7.68e-06
5.3051e-07,1.9929e-05,0.010625,1.2043e-05,3.762e-07
7.1776e-07,2.4076e-07,0.00073403,2.1931e-05,0.0051958
0.0016671,1.6536e-06,0.00011762,4.6292e-05,0.00083935
0.0014303,0.00038187,0.0018593,0.00063291,1.9271e-05
2.2933e-08,1.2846e-09,2.1496e-08,1.6923e-08,0.0055914
0.0019835,1.3368e-05,1.0325e-05,1.0191e-07,1.751e-05
0.0015308,4.3579e-06,5.943e-05,0.00072409,0.00097591
0.0013668,0.00023653,0.0029664,2.189e-07,1.4643e-07
0.0014482,0.0011132,4.8961e-05,0.0013042,3.6836e-06
0.0015185,7.4914e-05,3.782e-06,0.001073,0.00083671
0.0013189,0.0021237,4.1692e-05,1.274e-05,2.0272e-06
0.00022721,0.0031232,0.00038906,0.0049069,2.5092e-05
0.00076355,4.8613e-05,0.0064389,3.1731e-05,2.3088e-05
0.00085634,0.0036189,1.1896e-05,2.4496e-07,3.4621e-06
0.0018664,7.4195e-07,3.1045e-07,8.2802e-06,0.00035881
3.9009e-05,0.00057306,0.00023344,0.0022969,0.0039294
0,0.00050291,0.0007423,0.0016226,0.0041057
0.0019691,1.8858e-06,9.6089e-06,5.5855e-05,4.593e-05
8.9882e-05,0.0004782,4.7068e-07,3.5587e-06,0.0049174
0.00062686,5.5648e-06,2.056e-07,1.8931e-06,0.0038296
0.00051923,6.7321e-06,0.00095377,2.6131e-05,0.0036207
0.0015011,0.0015728,3.5753e-06,2.3879e-06,1.6724e-07
0.00011121,3.9807e-05,0.00052127,0.012291,1.3818e-05
0.00094004,0.0030628,8.8517e-06,2.0264e-05,0.00025158
0.0015245,0.00075537,0.00090347,1.2592e-06,0.00018253
0.00013622,4.1604e-07,6.3617e-07,4.3915e-05,0.0051915
0.0014618,0.00023018,0.0015824,0.0011191,1.3396e-05
5.3507e-05,0.00048285,2.1854e-07,0.00025967,0.0049121
0.0010954,0,5.1153e-05,4.4369e-05,0.002478
0.0010734,4.5435e-05,0.0045518,1.3944e-05,0.00015385
0.00011138,0.0048562,0.00028104,0.0021343,4.2937e-07
0.0018349,9.7642e-08,2.2282e-07,7.6813e-08,0.0004509
0.00020262,0.0056337,4.3613e-06,0.00015704,3.5334e-06
0.0019958,2.7852e-07,3.4967e-09,2.0454e-08,1.3349e-08
1.3282e-07,4.4438e-05,4.4842e-05,3.5006e-06,0.0055271
0.0019706,7.6517e-09,6.9203e-07,2.3919e-06,6.9484e-05
0.0015166,0.0015097,1.9099e-05,1.9655e-06,4.3203e-06
0.00023407,5.419e-09,6.4696e-08,8.701e-08,0.0049357
0,0.0058199,3.2974e-07,9.0497e-05,0.00043636
5.5617e-05,0.0023878,0.0023851,0.0025278,0.0010663
0,0.0011095,0.0069008,0.0024076,2.8793e-05
0.0014641,0.0015924,9.833e-06,0.00018263,1.0606e-05
0.0019717,5.8931e-07,9.9346e-05,8.5077e-06,1.196e-05
0.00068313,0.0040118,0.00010341,1.6572e-06,9.4565e-05
0.0019958,1.0511e-08,1.2416e-07,1.2489e-09,2.2964e-07
4.1431e-05,0.0056679,8.7747e-05,0.00095061,6.1253e-05
5.6594e-08,5.4951e-05,5.4331e-06,0.013691,1.763e-05
0.0019952,3.9423e-07,2.3909e-06,3.6174e-07,2.6835e-07
1.2296e-05,0.0041495,2.2811e-05,0.004698,7.3898e-07
3.4176e-05,0.0062462,3.7325e-08,5.813e-06,6.8773e-08
0.0019934,1.6093e-06,7.7553e-07,7.5731e-08,5.0909e-06
0.001863,1.6084e-07,4.4708e-06,8.8857e-08,0.00036993
0.0016061,0.00053566,1.666e-06,0,0.00062021
6.5597e-06,2.1395e-06,5.9619e-07,0.00032728,0.0054389
0.00027928,0.0054672,1.2721e-06,3.6893e-07,2.2732e-09
0.00097564,2.1097e-05,0.00019376,0.00038805,0.0025817
5.0724e-05,0.00047122,1.9911e-06,5.4475e-06,0.0050317
4.9588e-05,2.9528e-05,3.8856e-06,0.00051662,0.0052162
0.0011688,0.00058172,0.001973,8.6884e-06,0.00076816
0.0011054,0.002817,1.1303e-05,2.7564e-05,2.9012e-07
0.0019333,0.00019798,4.1469e-10,6.9555e-07,1.1528e-06
0.0015814,0.00080273,7.4512e-06,1.4172e-06,0.00045086
0.0016469,0.0011116,2.8314e-07,1.0643e-07,9.0269e-09
0.0018452,0.00039797,0.00013704,1.1052e-06,8.0804e-08
0.0015418,0.00015973,0.0021244,7.457e-06,1.5585e-05
0.00023068,0.00012469,5.7691e-05,8.6694e-05,0.0047704
0.00071986,2.5579e-08,1.8717e-09,1.9753e-07,0.0035747
0.0018779,6.5164e-07,3.6807e-05,9.1835e-05,0.00027368
0.0019947,4.9002e-07,4.1338e-06,5.5437e-12,7.2049e-07
5.1867e-05,0.0010027,0.0036447,0.0065697,4.6113e-06
0.00033066,0.0051879,0.00019018,3.5384e-06,1.4517e-06
0.0019932,2.7703e-06,9.59e-06,8.1062e-08,1.753e-08
0.0019552,4.7566e-06,4.4495e-05,9.3819e-07,8.6231e-05
0.0018081,0.00015353,0.00025581,0.00062444,5.1672e-06
5.2565e-05,0.0061903,1.3102e-07,0,1.4221e-09
1.1186e-07,7.8016e-05,0.010529,1.2818e-05,4.5105e-07
0.00054533,0.0017573,0.00026721,5.5109e-05,0.002356
2.3827e-07,2.0055e-05,0.010295,0.00044363,6.9192e-08
0.00038138,7.024e-08,1.0228e-05,0.00027082,0.0044084
9.8079e-06,3.5225e-05,0.0049474,0.0049601,0.00094
0.001583,0.0001916,4.0806e-06,0.0024277,6.9202e-06
0.001937,0.00015016,4.4516e-06,4.0026e-05,1.4461e-05
0.0019568,2.3676e-06,3.0062e-09,8.1156e-07,0.0001073
3.0552e-05,0.00010223,4.5632e-07,2.8114e-05,0.0054044
0.00092809,3.1761e-05,4.8209e-07,0.00048694,0.0027669
0.0019601,0.00011356,4.0959e-09,1.4366e-06,2.9688e-09
2.1187e-07,6.0514e-08,1.5846e-05,4.0297e-05,0.0055663
0.0019903,7.1579e-09,2.2712e-07,4.5543e-09,1.5509e-05
1.9498e-05,3.7336e-06,3.9644e-06,5.1375e-06,0.0055294
0.0019158,0.00019158,7.389e-06,1.0148e-07,5.2019e-05
0.0018683,3.1798e-06,2.7763e-07,4.3134e-05,0.00033726
0.00050634,0.0047433,1.0455e-06,1.439e-06,3.2843e-07
4.0758e-06,2.4841e-08,9.4304e-07,1.0456e-05,0.0055753
4.6811e-05,0.0043384,0.0023577,0.00090108,4.5989e-05
0.0010676,4.7257e-06,4.668e-07,4.7461e-07,0.0025962
0.00036486,1.0112e-07,0.0018788,8.9319e-06,0.0035812
0.0012921,0.00022666,0.0027178,2.5444e-06,0.00034742
0.0018778,2.2569e-07,1.3087e-07,1.6428e-06,0.00032985
0.001181,1.1688e-07,1.1636e-08,2.5817e-08,0.002283
0.00040384,0.00020617,0.00030331,0.010181,1.3134e-05
0.0019857,9.4296e-07,4.5961e-08,1.1911e-07,2.7658e-05
0.0014793,0.0015222,0.00020672,3.0937e-07,7.3623e-08
7.1665e-06,0.0060073,0.00039503,0.00019473,2.6595e-06
2.0649e-05,3.5901e-14,2.3197e-11,1.3534e-11,0.0055336
0.0019956,4.8913e-07,5.5666e-07,3.1628e-07,3.3281e-08
4.4063e-07,0.0060035,3.379e-05,0.00071836,2.8642e-06
0.001994,4.7198e-07,2.1948e-08,0,5.0538e-06
0.0019937,2.7835e-06,2.8397e-06,1.004e-08,2.4121e-06
0.0019685,5.316e-05,3.7727e-05,2.5548e-05,4.9508e-08
0.0014026,2.4986e-07,1.5104e-07,1.9603e-08,0.001662
0.0019959,6.9186e-13,7.9337e-10,5.0893e-11,1.1403e-07
0.0019958,1.3703e-12,1.1963e-08,4.1357e-11,1.9583e-07
9.0791e-05,4.2637e-05,0.010106,7.662e-06,1.541e-06
0.0014585,0.0004698,0.00021018,0.00043391,0.00080727
0.0019933,1.5599e-07,7.923e-06,4.6214e-06,1.2008e-06
0.0012898,0.0017729,1.3365e-05,0.00013317,0.00035836
2.7709e-07,0.00634,7.2681e-07,8.5115e-06,1.101e-05
0.00070953,1.774e-06,0.00019508,0.0085837,3.7628e-05
0.00078968,3.3923e-08,0.00022314,2.7693e-05,0.0032511
0.0019957,1.1781e-07,1.6229e-07,1.3178e-09,3.1535e-07
0.0015067,6.9706e-08,0.00014415,6.7348e-07,0.0012947
0.00038565,0.0047218,0.00068198,1.8298e-06,3.811e-07
0.0019563,8.3534e-09,2.0208e-06,0,0.00010996
0.0019784,2.4315e-05,7.8616e-07,6.7021e-05,2.243e-07
6.6851e-06,0.0018878,0.0068583,0.00075302,1.5202e-05
0.00066006,1.1997e-07,9.955e-09,1.3248e-06,0.0037417
0.0017243,8.8155e-05,1.7046e-05,0.0016399,1.2965e-05
0.00026991,0.002019,2.4295e-05,0.00066054,0.0027805
0.001346,0.0020564,9.6459e-07,1.172e-05,7.0626e-06
0.00075372,0.00043127,0.0058477,4.8409e-05,1.7168e-05
0.00018888,9.4313e-05,0.0095013,2.1515e-08,1.0365e-06
2.5973e-07,0.00062949,0.0096077,7.3717e-06,7.0113e-08
0.0017627,0.00012866,2.0702e-07,0.001306,1.3417e-05
0.00018988,0.0057489,6.0511e-06,1.0268e-06,1.5175e-09
0.0001301,0.00032618,0.0094261,2.242e-07,1.0908e-06
0.001931,0.00019024,7.777e-06,1.07e-06,9.9864e-06
3.4131e-05,0.0062479,1.7397e-06,2.3942e-07,3.314e-09
0.0019911,1.4792e-05,8.0842e-08,3.5438e-07,4.2706e-07
0.0018006,1.5492e-07,0.00010914,1.16e-05,0.00048529
0.0019791,2.6626e-05,1.0641e-06,1.5117e-05,1.7019e-05
0.0019913,1.8412e-07,2.1687e-05,1.197e-08,1.3871e-06
0.0019377,7.7884e-05,5.153e-05,0.0001672,6.7505e-08
0.0019953,1.4868e-06,2.0228e-07,2.0072e-08,2.3825e-07
0.0017592,6.0746e-05,6.0741e-05,6.1374e-08,0.00057776
7.6634e-06,8.5632e-05,2.5297e-06,6.9612e-06,0.0054906
0.00058353,1.6131e-05,0.0040339,0.00059057,0.0015907
0.0016911,0.00023785,0.00041624,0.00025667,0.0003232
0.00024026,0.001707,0.0056641,0.00022642,0.00035799
0.0019779,1.7312e-05,6.4271e-05,6.8918e-07,1.3268e-06
0.00060846,0.0034596,1.5167e-05,0.00030228,0.0007144
1.2936e-05,0.0060436,0.0002536,0.00026212,1.463e-06
1.4099e-05,1.3405e-06,4.4817e-06,0.0012538,0.0050427
0.0019879,1.8212e-05,2.3504e-06,1.1988e-05,2.7042e-07
0.0017739,0.00034514,3.8886e-05,0.00070874,1.2315e-05
7.003e-05,5.6406e-06,7.4968e-08,3.633e-08,0.0053903
0.0011018,2.9494e-05,8.3428e-05,2.463e-05,0.0024252
1.7624e-05,0.00020819,0.0098319,0.00051223,7.8338e-07
0.0018604,0.00037553,8.4823e-05,1.2055e-05,2.0985e-07
0.00023098,0.0054263,9.2138e-05,0.00024514,2.4957e-05
0.0012252,0.0018527,6.8452e-06,9.3103e-07,0.00052574
0.0019703,7.9684e-05,2.8526e-06,0,2.6621e-07
0.0008109,0.00025944,6.2859e-08,3.1142e-07,0.0030915
0.0019869,0,9.0269e-09,5.7998e-05,1.74e-06
0.0014298,0.00011957,3.4076e-05,8.9905e-05,0.0014268
5.3724e-06,0.0061955,1.0878e-05,0.00027722,1.0189e-05
0.0017865,2.4163e-07,4.9301e-07,1.636e-08,0.00058621
0.0013411,6.7976e-06,4.8917e-09,4.3348e-07,0.0018282
0.00054187,9.3527e-05,0.00012959,2.2844e-08,0.0039233
0.00014973,0.0057627,5.6835e-06,0.00025002,2.4813e-08
0.00076215,0.003835,0.00015032,1.1905e-05,4.3363e-08
0.0019803,5.1336e-06,7.0569e-05,4.4432e-06,3.6e-07
0.0016288,0.00065352,0.0004223,0.00047426,4.1169e-05
0.0016282,5.2816e-08,2.3236e-08,1.9801e-07,0.0010301
0.0011294,0.00072031,7.6748e-06,0.0012155,0.0012997
0.00081206,0.0029016,0.00028019,0.0014062,5.0652e-05
4.3523e-05,3.8684e-07,3.7195e-06,6.1039e-08,0.0054673
4.4674e-05,5.3998e-05,0.0089109,0.0015059,0.00014236
0.0017582,0.00023904,2.1424e-05,0.00097656,5.0555e-05
0.0019959,4.1541e-09,3.9488e-08,1.204e-09,7.4355e-10
0.0019888,1.6585e-05,9.2078e-08,3.604e-10,5.4019e-06
0.0018882,0.00032509,2.6947e-05,3.9121e-06,1.8145e-07
1.8079e-06,9.551e-05,0.00013938,0.010628,0.0011424
0.00073864,0.002223,0.00098464,0.0025859,8.1705e-06
0.0019959,1.4849e-09,1.5575e-09,5.6784e-11,5.854e-08
0.0017504,1.6476e-06,2.4849e-05,5.1184e-05,0.00065271
0.00026543,0.0054917,1.5066e-05,2.5345e-05,4.0461e-09
0.00076883,6.4832e-06,2.4082e-08,7.8005e-06,0.0034288
0.00025085,0.0006651,0.0020287,0.0073482,0.00027678
0.0018404,3.3663e-09,3.7984e-09,4.7201e-07,0.00043542
0.0019419,9.6997e-06,1.4405e-06,2.0017e-05,0.00013401
0.0019916,3.2021e-06,2.7621e-09,3.9044e-08,9.3356e-06
6.2381e-07,0.00039473,0.0099605,5.8535e-05,1.5911e-10
0.00018691,0.00022834,7.7906e-05,0.0014947,0.0042233
0.0019951,1.0198e-07,3.6517e-08,2.7659e-08,2.1319e-06
0.0008768,8.0753e-08,0.0001576,7.7128e-08,0.0030525
0.00021153,2.442e-05,1.7396e-05,0.0040244,0.003345
1.6959e-08,1.0678e-08,1.6571e-09,7.0239e-06,0.0055886
0.0011981,1.2281e-05,8.4802e-05,0.00071188,0.0018927
0.0018879,1.0505e-07,3.0455e-06,4.971e-07,0.00030084
0.00040775,0.00013699,0.0014337,0.0087568,4.5294e-05
0.0019113,0.00012233,0.00019082,4.3404e-05,1.1985e-05
0.00037056,0.00045972,0.00010031,0.0098327,0.00013032
7.6782e-05,0.0022324,7.7203e-05,0.004082,0.001726
0.00070961,0.0001858,2.418e-05,0.0084884,3.5118e-06
0.0010043,0.00061945,0.0040502,8.5242e-05,7.6576e-05
0.0018223,8.4661e-07,2.728e-06,3.5475e-06,0.0004827
0.0019859,6.8671e-06,1.1877e-06,1.6554e-05,1.4678e-05
0.0018764,0.00017144,5.3083e-05,0.00015974,9.1936e-05
0.0019859,5.2962e-07,6.6785e-06,1.1393e-05,1.9406e-05
1.5809e-07,0.0063424,2.4175e-05,1.0903e-06,6.1785e-11
1.9749e-09,0.00026857,7.2141e-05,0.012553,0.00025386
0.00034921,7.335e-05,0.0086401,5.2248e-05,4.5083e-07
5.0297e-05,0.00017283,3.0528e-06,0.000241,0.0051998
0,0.00018184,2.8607e-07,0.013398,2.713e-05
0.0019943,1.6136e-06,5.8304e-06,5.8484e-10,1.3969e-08
1.3052e-06,6.9942e-09,6.8379e-08,5.2629e-08,0.0055878
5.7485e-05,0.00034525,0.0042089,1.256e-06,0.002921
0.0019918,1.3018e-07,1.7316e-06,2.9244e-06,9.4065e-06
0.0014949,9.7132e-08,1.1053e-05,4.1286e-07,0.0013976
0.0019729,1.0156e-07,3.29e-06,1.3573e-07,6.2564e-05
5.078e-05,0.0059202,1.5381e-06,0.00059289,2.6519e-06
2.3308e-05,1.4587e-05,0.010519,3.7431e-06,9.7071e-08
0.0015071,0.00021085,3.0807e-07,1.8034e-05,0.0011764
7.0931e-06,0.00017216,0.01032,2.8535e-05,1.5142e-06
2.0388e-06,3.7341e-07,2.2258e-10,1.4159e-08,0.0055854
0.001941,6.8485e-07,8.6816e-07,4.5731e-08,0.00015272
5.8904e-07,0.001651,0.0068025,0.0014219,6.7915e-08
0.00058135,0.0039938,0.00018312,0.00086117,7.1257e-06
0.001347,1.7788e-05,9.9454e-05,2.3989e-05,0.0017406
0.0018135,9.3356e-05,0.00075181,1.1172e-05,3.0387e-05
0.00046986,0.0045696,2.0882e-06,0.00063166,5.0844e-07
0.0017282,0.00084891,6.5232e-06,4.4501e-08,5.6116e-10
0.0018711,4.9358e-05,0.00017881,0.00014561,0.00015372
0.0019863,1.6261e-05,1.1923e-07,5.2778e-07,1.2472e-05
2.1753e-11,2.8583e-05,7.0207e-05,0.011856,0.00074723
0.00067825,0.0040489,0.00016736,4.5508e-07,4.2644e-05
0.00041307,2.6101e-06,2.601e-05,5.5411e-07,0.0044181
0.0017523,0.00076905,6.1188e-06,1.208e-06,2.4163e-06
7.6016e-10,0.0005633,0.0097029,2.209e-06,1.1207e-05
0.0019122,0.00026326,5.4539e-06,9.5522e-09,3.0582e-08
0.0019088,0.00017425,2.0756e-05,8.3996e-06,7.6686e-05
0.0019821,3.6396e-07,2.5192e-06,3.1381e-06,3.5922e-05
0.0019725,5.6672e-05,2.2279e-05,6.4075e-08,4.1131e-06
0.0014169,6.5993e-05,0.0029346,8.8511e-06,2.2923e-05
0.0016219,0.00014555,7.16e-06,0.00092859,0.00054161
1.9118e-07,0.0062378,0.00015286,5.721e-05,1.7728e-06
3.6883e-05,4.2954e-06,9.6049e-10,6.9867e-06,0.0054816
0.00083923,0.0023095,0.00010296,0.002491,0.00015055
0.0010911,3.3575e-07,0.0043797,5.7255e-09,0.00023965
0.0016405,6.1257e-06,0.0018903,5.2626e-09,3.7014e-09
4.8159e-07,0.0015908,0.0011894,0.0086281,8.7596e-05
0.001979,5.2572e-05,3.796e-07,1.3275e-06,3.5128e-07
4.039e-05,0.0043391,0.0020524,0.0014547,1.9816e-08
0.0015078,2.224e-06,3.8563e-06,7.3523e-07,0.0013633
1.6465e-05,0.0016799,2.1635e-05,0.00056046,0.0038305
8.602e-08,1.6375e-10,3.8266e-07,4.0147e-06,0.0055894
0.000999,0.0031222,5.5457e-05,2.8168e-05,6.5486e-06
0.0017933,0.00047214,0.00013518,0.00019715,2.1863e-06
2.7603e-08,0.0028999,0.00018637,0.0070648,9.3674e-05
0.0018385,0.00047684,5.6412e-07,5.3109e-05,2.0246e-08
0.0018017,0.00046459,2.5557e-06,0.00033258,6.5224e-08
0.0019404,0.00013207,6.2815e-05,2.949e-08,6.3748e-06
4.3509e-06,0.0043206,6.7848e-07,0.004389,8.7012e-06
6.2985e-06,0,0.0041158,0.002234,0.0025162
0.0019286,1.7317e-07,3.055e-06,9.7294e-06,0.00018287
0.0019845,1.1718e-05,1.2676e-06,3.2357e-06,1.9748e-05
0.0019939,2.0356e-10,2.0804e-11,1.5614e-11,5.6048e-06
0.001673,0.00011677,0.0015039,9.8914e-06,9.9874e-06
0.0019938,6.8651e-06,8.8926e-10,7.9251e-09,3.665e-09
0.00020541,4.9362e-06,7.2018e-05,2.4197e-05,0.0049642
0.00093109,0.0010427,3.488e-05,0.0050753,5.7515e-07
0.00024862,5.6149e-06,0.00057747,0.001936,0.0038066
0.0015731,0.00041267,0.0010233,0.0003166,0.00015774
2.3343e-05,0.006137,0.00018421,2.7172e-05,2.1284e-05
0.0016712,1.3095e-06,6.8862e-09,1.5202e-06,0.00090792
0.0014351,0.0017443,4.0932e-05,9.115e-08,1.5647e-05
3.4724e-05,0.0051937,0.00044616,0.0011293,0.00023715
0.0019893,2.1653e-07,4.9667e-06,5.0227e-06,1.3839e-05
1.6339e-07,0.0051467,8.0769e-06,0.00058619,0.00082398
0.0019585,6.8798e-09,7.4803e-09,1.2797e-07,0.00010479
7.9453e-07,0.00088472,0.0090129,0.00021829,6.7308e-07
0.00031313,5.9024e-05,2.9344e-06,0.011429,5.0854e-05
0.0017209,7.8052e-11,3.0418e-08,1.5163e-08,0.00077045
0.0019957,4.3711e-08,1.7825e-07,5.4245e-07,3.779e-07
0.001992,9.9171e-08,8.3431e-06,4.7906e-08,6.4351e-06
0.0012757,7.5793e-06,0.00018317,8.2674e-08,0.0019151
0.00023056,0.0050312,1.2021e-07,5.0493e-06,0.00051873
0.0019015,0.00030008,6.1323e-07,6.3391e-07,5.4764e-10
0.0008662,5.3373e-06,3.9899e-05,0.0077271,2.2411e-05
0.0019652,2.8069e-05,7.0088e-05,1.4651e-07,2.4626e-05
0.00012714,0.0014817,0.00027555,0.0012969,0.0032647
0.0010353,0.0021536,1.2722e-06,0.001478,0.00020013
0.0014722,7.2973e-08,1.2811e-05,9.5987e-07,0.00146
4.8645e-05,0.00064146,1.4667e-06,0.0044224,0.0031064
0.0019935,3.559e-06,2.5493e-07,2.1992e-09,3.4843e-06
0.0019661,3.9694e-05,1.0481e-05,5.9153e-05,1.9356e-05
0.00057471,0.0044452,2.8062e-05,7.4014e-07,5.7001e-05
0.0016947,0.00060733,6.7737e-05,0.00066341,6.512e-06
0.0018819,5.848e-05,9.5111e-06,5.3528e-05,0.0002413
3.1461e-05,0.00033431,0.0098323,7.4258e-06,5.4561e-05
0.0019518,1.7231e-05,7.6943e-05,0.00012271,1.8589e-05
0.0004384,0.0049236,2.9722e-05,3.5735e-05,3.1771e-06
0.00061836,0.0003309,0.0065701,0.00030987,6.5809e-07
2.5893e-08,2.1112e-05,0.0106,4.6005e-05,1.2179e-10
0.00012676,0.00043596,9.8644e-05,0.0074344,0.0018025
0.001995,1.2238e-07,2.4692e-09,3.5863e-08,2.5311e-06
0.0010961,0.00026218,0.0039158,0.00020131,0.00015728
0.001924,2.4948e-07,2.487e-07,1.4514e-08,0.00020121
0.0014292,0.0018051,1.1235e-08,2.2529e-07,4.112e-10
0.0019957,9.6435e-09,4.707e-07,3.0562e-08,2.9022e-07
0.00097434,0.00099298,6.112e-06,4.3966e-06,0.0019837
0.0019791,5.2924e-05,5.9193e-08,2.3473e-07,4.0195e-07
0.0018964,8.9138e-06,2.5193e-05,6.8644e-05,0.00023008
0.00031616,0.0015625,0.0050867,0.0016482,1.5275e-06
0.0019942,2.3883e-06,1.6656e-07,5.5921e-06,3.1441e-07
0.001991,1.2999e-05,9.1195e-09,5.6619e-06,9.6446e-08
0.0017615,0.00030049,8.0221e-05,0.00064396,9.0706e-05
0.0019928,9.9884e-07,1.3204e-05,1.3712e-06,2.9222e-07
0.00013129,0.0057587,0.00016292,0.00018211,2.5952e-07
1.4565e-06,5.0763e-06,0.0010505,3.9359e-06,0.005031
0.00061914,0.00049258,0.0063947,1.2527e-05,6.8095e-05
4.8023e-05,0.0005708,0.0018819,0.0092377,0.00024268
0.00010938,1.684e-05,0.0099714,6.0516e-06,4.3129e-05
0.00095173,0.0022201,0.0001972,0.00039845,0.00070867
1.049e-05,1.4957e-05,0.01037,3.1534e-07,0.0001151
0.0014821,0.00033855,0.00021239,0.0024061,5.992e-05
0.0019945,4.2694e-06,4.5804e-08,1.1077e-07,2.2979e-08
0.00055904,0.0044718,8.3824e-06,2.5537e-05,7.7842e-05
0.001284,0.00046389,1.1582e-05,0.0034615,0.0001841
0.0019207,1.9359e-05,0.00027262,0.00012559,3.2391e-07
0.00073084,0.0028462,0.00020162,0.0022811,1.5187e-05
4.3921e-06,0.0010763,7.1959e-05,0,0.004595
0.0019938,1.6795e-06,6.9299e-06,7.2708e-08,8.4753e-07
0.00090725,0.0028271,0.0010201,6.2949e-05,3.6164e-06
0.0013087,4.6885e-11,8.9355e-10,7.3306e-09,0.0019252
1.1099e-05,0.0062454,0.0001182,1.4027e-05,1.5311e-07
0.00029269,4.8395e-07,2.0712e-05,2.0722e-05,0.0047519
0.0017308,0.00045623,2.829e-05,0.00076142,1.9558e-05
0.0019612,1.2519e-06,1.71e-05,4.568e-08,8.7199e-05
1.4161e-05,0.002085,1.9748e-06,0.0024197,0.002741
1.6912e-05,1.1149e-05,1.2168e-05,0.0017996,0.004802
0.0001601,0.00052831,0.0035331,0.00011526,0.0027806
1.6677e-06,3.8205e-08,7.2182e-09,2.8243e-05,0.0055754
0.0002338,0.0014399,0.0070021,3.0675e-06,3.5514e-08
6.3416e-05,0.00010009,3.2506e-06,0.0076528,0.0022372
0.00053454,0.0046033,4.5163e-05,4.3181e-05,4.4729e-06
0.0019772,4.0797e-05,2.2125e-05,8.4536e-06,1.6577e-06
0.0015787,2.1697e-06,0.0001408,1.0104e-05,0.001089
0.0019626,5.9645e-05,4.6203e-05,2.953e-05,4.8665e-06
0.0015717,0.0012618,4.5403e-05,0.00012385,4.8516e-06
0.0019298,2.0307e-07,0.0002613,4.3608e-07,4.7938e-05
0.0010065,4.5889e-05,1.3147e-05,0.0026823,0.0016426
0.001995,1.11e-08,7.847e-09,3.5071e-09,2.6326e-06
0.0019957,3.6527e-07,1.172e-07,4.0826e-07,4.5096e-08
0.0019959,2.941e-08,3.9856e-10,0,5.7893e-11
0.0016566,5.7934e-07,8.3053e-05,1.0807e-06,0.00090605
0.001987,1.151e-05,1.419e-06,3.1849e-07,1.4136e-05
0.0019865,1.7537e-06,7.2547e-08,2.6864e-07,2.462e-05
0.00091432,1.4223e-07,2.0994e-07,2.6738e-06,0.0030287
0.0019575,2.4115e-07,3.9858e-07,9.0693e-06,0.00010349
0.00090068,0.0014543,0.0034127,8.1714e-07,7.6492e-07
0.0017699,5.8115e-06,4.2173e-06,2.7085e-06,0.0006248
0.00085219,0.0035824,3.8803e-06,0.00012734,9.3186e-08
0.0019908,3.354e-06,1.5521e-05,2.6707e-06,2.0639e-06
0.0019634,9.1558e-07,2.2314e-05,4.5675e-06,7.6665e-05
0.00098735,3.3162e-06,0.0013159,1.5588e-05,0.0021268
0.0014814,0.00087535,0.00080444,0.00012474,0.00019989
1.6523e-07,8.1274e-05,0.00010961,4.4996e-07,0.0054619
0.0018735,1.5497e-05,1.0898e-07,4.3936e-07,0.00032911
9.1567e-06,0.00016509,0.010074,0.00021085,5.707e-05
0.0019657,9.2291e-05,1.6862e-07,9.0079e-07,3.0081e-06
9.473e-05,0.0037884,0.0037636,5.2015e-05,1.353e-06
0.00018425,0.0057398,4.4103e-05,1.0461e-05,5.2979e-08
4.8985e-07,0.00037731,0.0085494,0.00047179,0.00058836
0.0015009,0.00021047,0.00012011,0.00024853,0.0010385
0.00091976,4.09e-06,0.0056214,1.044e-06,6.5354e-05
0.00012035,9.1106e-11,1.226e-09,3.5878e-06,0.0052529
0.0018989,6.4938e-07,8.745e-07,5.5512e-07,0.00027043
0.00044629,2.9931e-06,0.00031761,8.0212e-06,0.004169
1.4898e-05,1.2511e-05,0.00011118,0.0020311,0.0046612
2.0597e-05,0.0026129,2.3552e-05,0.0079454,1.8543e-05
0.00041042,9.5679e-05,3.1846e-07,6.7987e-06,0.0043547
0.00019324,3.7842e-06,1.3967e-08,2.6697e-06,0.0050457
7.5155e-06,0.0056454,0.0002617,0.00090935,0.00010155
0.00082817,0.00094764,0.0043754,1.4776e-05,0.00013946
3.0687e-07,0.0063179,3.5579e-08,8.4355e-05,1.6087e-07
0.0019201,9.5859e-05,0.00021706,0,1.4448e-05
1.4626e-05,0.0062852,1.4102e-06,5.4153e-05,2.8356e-07
0.00023825,0.0055741,3.3299e-05,1.068e-05,1.353e-10
9.1028e-11,0.00086265,0.00024038,0.011639,1.2111e-05
0.0016382,1.4447e-06,1.9059e-05,0.0024476,3.6968e-06
4.3857e-05,0.0012895,0.0053231,0.0034158,0.00016758
0.0014961,0.00015813,0.00026062,0.00020779,0.0010407
8.5336e-06,7.1053e-07,0.00010468,2.2562e-05,0.005503
0.0016432,2.2714e-06,6.0808e-05,5.5459e-05,0.00093193
3.583e-07,0.0063521,1.0129e-07,8.7629e-06,4.3392e-07
0.0019721,2.1314e-06,2.873e-07,1.9053e-06,6.4058e-05
0.00014607,0.0047942,0.0012475,0.00015254,0.00025074
0.0014879,2.2699e-05,0.00094569,0.0022463,1.6311e-06
1.7993e-05,0.0061646,5.8063e-05,0.0002113,3.8614e-06
0.00080658,7.9678e-10,6.7914e-11,3.7131e-10,0.0033319
0.00091061,0.0034558,2.3091e-06,0,2.1888e-09
0.001915,1.4478e-07,5.2846e-06,0.00019098,0.0001469
0.00056641,0.00015037,5.2131e-05,0.0095291,1.4149e-06
0.0019719,2.7026e-06,4.5095e-05,6.9427e-05,1.3381e-05
0.0018321,3.1465e-06,0.00036331,4.9707e-05,0.00024581
0.0014771,0.00023868,0.0022101,0.0001552,2.2819e-05
3.6369e-05,0.0056602,0.00037296,0.00058947,7.8385e-05
7.8615e-07,2.0041e-06,0.0016436,4.754e-06,0.0047244
0.0018294,0.00051887,8.7928e-06,0,5.4518e-06
0.0019029,1.465e-05,3.6521e-06,5.5547e-06,0.00024342
0.00019369,0.0056901,4.8868e-05,4.7076e-05,2.0756e-09
0.00042716,0.002627,0.003956,2.8152e-05,2.9929e-07
0.00029284,0.0012207,0.00039625,0.0086415,4.2061e-06
1.2212e-06,0.00025043,0.00049872,0.012482,7.1669e-05
3.5967e-05,0,2.5099e-06,2.9018e-06,0.0054882
5.6623e-05,3.0107e-05,0.0086128,0.0017133,0.00020245
0.0019955,4.9065e-07,1.5012e-06,1.6084e-08,8.948e-08
0.0019917,7.1052e-06,1.6972e-06,1.4379e-06,4.0839e-06
0.00018381,0.00064593,0.0084849,6.3949e-05,3.6871e-05
0.0019633,9.1408e-09,2.2842e-06,2.1899e-08,9.0266e-05
0.00021861,1.9928e-05,0.0057702,0.0047045,4.0513e-05
0.00027158,0.0013533,0.0069194,3.6348e-05,2.7833e-07
8.2013e-06,8.0915e-08,2.1887e-08,1.0882e-08,0.0055684
1.0383e-07,0.00065786,0.009509,7.4991e-05,7.3825e-11
0.00014392,0.00045287,0.0091402,1.2905e-06,3.3933e-07
0.001569,0.00012208,0.0016965,0.00048693,3.4038e-06
0.0012824,3.1493e-05,1.2763e-08,0.00010745,0.0019279
1.0775e-05,1.4402e-06,1.9405e-05,5.1171e-05,0.0055292
0.0017075,0.00029189,0.00022115,1.8894e-05,0.0004278
0.0018988,3.1938e-06,1.2466e-06,6.2482e-07,0.00026835
0.0019922,7.7124e-06,3.729e-06,5.0431e-08,1.6271e-06
0.0019519,8.2496e-05,9.5998e-05,1.039e-06,1.2869e-07
0.0019751,5.0819e-08,4.0556e-06,5.8026e-08,5.6022e-05
