0,0,8.5204e-12,3.1068e-08,0.0045701
0.00096676,1.5846e-06,4.5122e-05,0.0039937,0.00021791
1.6667e-07,5.5562e-06,0.0070768,0.0051991,1.785e-07
0.0019871,0,9.1848e-06,1.7256e-07,2.6248e-08
0.0019796,1.0345e-06,4.6062e-05,1.2836e-05,6.8904e-07
0.0018337,2.6875e-14,3.4241e-14,0,0.00035518
0.00040911,0.00012058,0.00011085,0.0066953,1.2305e-07
5.5954e-05,0.0080167,0.0041546,4.9918e-07,1.0063e-12
0.0019382,5.7996e-08,1.0649e-07,1.1117e-05,0.00010896
0.0015067,0.0026091,2.7094e-05,5.8359e-07,4.3135e-09
0.0018694,0.00061165,5.9236e-05,1.9094e-07,3.1421e-08
0.0019874,0,0,2.4758e-06,4.1631e-07
0.0019882,0,0,0,0
1.0034e-05,0.0052005,0.0090965,5.3769e-05,1.7282e-10
0.0019875,0,0,1.6283e-08,1.578e-06
0.001988,7.2694e-07,0,1.5278e-07,2.5356e-08
0.0019786,6.3255e-07,6.0985e-07,9.0134e-06,1.6809e-05
0.00034307,1.2446e-07,1.6169e-07,0,0.0037815
1.796e-10,9.1567e-13,2.337e-11,0,0.0045701
0.001988,3.0573e-09,9.7188e-10,1.1521e-08,5.5055e-07
0.00062289,0,4.5845e-07,4.4218e-05,0.0031148
2.7612e-10,1.1899e-10,3.3054e-10,0.00013622,0.0044979
2.0982e-07,0.009582,0.001772,0.00014742,2.2028e-08
0,0,7.4942e-10,1.0306e-07,0.0045701
0.0015768,0.0018389,0.0006428,1.1979e-05,2.9459e-09
0,0.0040733,0.011019,6.5628e-05,2.9834e-12
2.848e-06,0,1.5212e-09,6.4872e-09,0.0045636
1.2371e-05,0.0072212,0.0050671,0.00038138,1.5154e-08
0.00014243,0.00068957,0.015201,0.00012043,0
0.00099392,3.0186e-07,0,0,0.0022853
5.5014e-06,4.3387e-17,3.4198e-15,0,0.0045575
0.0019882,1.5256e-09,0,7.5421e-09,3.2679e-08
0.00011319,0,2.6817e-06,5.7921e-05,0.0042785
0.0019875,0,6.3855e-13,0,1.539e-06
0,2.001e-05,0,0.0080463,0.00029487
1.3825e-05,0,5.8166e-07,9.2052e-05,0.0044894
0.000169,0,1.5991e-10,9.9879e-08,0.0041816
0.0019859,1.2239e-06,2.1319e-06,2.8636e-06,2.7423e-06
6.0535e-05,0.00054998,0.016292,5.9932e-05,1.1732e-08
0.0019845,2.1226e-06,2.3989e-06,1.339e-05,3.5052e-09
0.0013397,0.001329,0.0031256,0.00024302,2.2444e-06
0,0,0,0,0
0.0019865,8.72e-06,9.6222e-07,9.1545e-08,4.2438e-10
0.00054973,6.0024e-10,4.2102e-09,0,0.0033065
6.7408e-06,0,3.7431e-07,0.0003747,0.0043558
8.4626e-05,1.0098e-05,0.00031313,0.0077325,0.00019083
0.0019882,4.3935e-10,0,4.3013e-09,8.2216e-09
0.0019637,0.00013098,4.7832e-06,1.2039e-08,1.0127e-13
0.0017833,2.3419e-09,8.8526e-09,0,0.00047095
8.876e-07,0,2.4495e-07,3.1069e-05,0.0045515
0.0019882,0,6.6538e-11,1.1639e-09,5.7465e-08
0.0019654,6.7557e-11,2.2374e-09,0,5.2297e-05
0.0019877,1.0654e-06,1.1386e-06,0,3.8407e-07
0.0016955,0.00065793,0.0014288,5.617e-05,1.5462e-07
0.0019826,2.0698e-05,2.4761e-06,6.8257e-06,2.0087e-09
0.00075995,0.0039778,0.00015346,0.0020801,4.6046e-06
4.8575e-06,0,8.9577e-06,0.00022758,0.004436
0.0019867,2.0971e-06,1.1979e-06,3.7854e-06,1.6446e-07
0.001987,5.4556e-09,1.6908e-09,0,2.744e-06
0.0019877,0,4.1911e-06,2.7918e-08,4.9e-09
0.0019882,0,8.5383e-13,0,0
0.0019602,0,8.2918e-06,2.7437e-06,6.0759e-05
0.00081454,0.0062779,0.0002033,1.5565e-07,2.1576e-11
0.0019847,2.3274e-06,1.9804e-06,1.1661e-05,3.0989e-07
0.0019844,9.206e-07,2.6587e-06,1.1109e-05,1.8277e-06
4.2637e-05,0.010554,9.5e-05,0,9.438e-14
0.0017455,0.0011309,0,0.000151,1.3134e-06
0.0016033,0.00037831,0.00038688,0.0011786,1.466e-06
0,0,0,0,0
0.0019881,0,4.2037e-08,1.5676e-07,1.3327e-07
0,0.0006876,0.016732,7.507e-07,2.4193e-10
0.0019762,0,2.3579e-08,0,2.7521e-05
0.0019825,3.4138e-08,9.8568e-08,1.8285e-06,1.2003e-05
0.0010816,6.8311e-05,0.00043389,0.0036183,2.5445e-05
0.0019848,4.1758e-08,0,7.8269e-06,3.5529e-06
3.1813e-05,0.010656,2.473e-05,0,2.8782e-12
7.8295e-06,0.0094463,0.00075365,0.00071326,1.1145e-07
1.2167e-05,0,2.3234e-07,6.3632e-06,0.0045387
1.4986e-07,0,0.017864,4.3914e-07,1.6669e-10
0.0019636,0,0,1.9396e-07,5.6336e-05
1.0968e-05,0.01019,0.00085112,6.1688e-05,1.2155e-07
2.9229e-06,0.003127,0.012526,7.7858e-05,1.6372e-07
0.0017623,0.00077068,0.0002324,0.00025234,1.0921e-06
4.7721e-05,0.0094737,0.0014608,0.00017758,6.8458e-08
6.2675e-06,2.7829e-06,8.5105e-07,0.0052259,0.0017831
0.0019882,0,0,0,0
0.001987,4.4361e-08,5.5312e-09,1.0578e-08,2.7639e-06
0.00026564,0.0007315,0.00074709,0.0065237,7.2389e-07
0.00048789,0.0013019,0.0011132,0.0049223,5.0386e-06
0.0019835,1.6832e-05,1.3395e-05,2.341e-07,1.5094e-07
8.9754e-06,5.7381e-09,1.3586e-08,0,0.0045495
0.0019868,4.2704e-06,0,2.612e-06,2.0213e-08
0.0013352,2.9783e-08,1.5268e-08,1.2593e-07,0.0015009
0.00038138,0,1.2026e-06,3.0663e-06,0.0036915
3.3573e-09,0.010795,7.9479e-05,4.5651e-07,1.6502e-12
0.0013959,0.0016758,0.0019753,0.00019365,4.7218e-05
0.0017763,0.00080794,0.000206,0,9.3928e-05
8.1895e-06,0.00068275,0.0008958,0.007608,8.3241e-09
0.0019873,3.2377e-12,6.7723e-12,0,2.1728e-06
1.7311e-06,0.0025466,0.0065817,0.0034099,1.0854e-06
4.9347e-05,0.0086305,0.0026046,0.00028891,3.8178e-08
1.5578e-05,4.042e-06,7.4702e-05,0.0071424,0.00072602
9.5782e-05,0,9.001e-07,1.449e-05,0.004342
0.001965,0.00010545,0,1.6959e-05,1.6191e-09
0.0019699,0,0,8.4535e-10,4.1958e-05
0.0019878,0,0,5.9692e-08,8.8345e-07
0.0016458,4.2368e-08,2.9017e-07,5.66e-07,0.00078657
1.0817e-09,1.2252e-11,1.2248e-10,8.8032e-06,0.0045655
7.9599e-13,0,0,5.0524e-09,0.0045701
0.0019878,2.3564e-06,1.0238e-07,1.818e-08,1.5224e-09
0.0019794,4.5991e-05,2.6809e-06,1.0444e-07,2.748e-08
1.0635e-05,0.0007482,0.0067206,0.0046799,2.9588e-05
0.001681,0.0013549,0.00032141,9.8195e-05,8.6118e-07
0.0019856,3.8004e-06,2.9369e-06,2.9995e-06,1.9931e-06
8.1072e-09,4.4464e-10,7.2088e-08,0.0003202,0.0044003
0.0012596,0.00022992,9.4031e-05,0.0029179,6.4731e-06
1.5221e-05,0.010459,0.00049736,2.9578e-08,1.0269e-12
0.00037172,2.6497e-05,0.0001022,0,0.0036784
0.00050748,3.1071e-05,0.0012595,0.0057851,6.0749e-07
0.0019849,1.4341e-05,2.2772e-06,1.7072e-06,3.9694e-09
0.0019459,9.309e-06,0.00022358,4.3967e-05,1.2768e-05
3.02e-06,0.00011388,0.015643,0.00096885,4.9031e-08
0.001975,0,1.0718e-11,1.2891e-09,3.0259e-05
9.8852e-05,0.00055119,0.0031986,0.0062066,1.1364e-06
5.8646e-06,0.010456,0.00055316,1.6137e-05,5.2001e-10
0.0016861,1.1456e-09,3.6673e-08,3.3455e-06,0.0006926
0,0,0,0,0
0.0015285,3.3794e-05,0,0.0019657,1.2445e-07
0.0019703,7.6908e-05,1.1992e-05,1.0751e-05,4.1068e-08
0.0018132,0,3.0164e-13,8.5921e-10,0.00040234
0.0019873,5.0454e-09,1.2289e-08,1.4968e-08,2.0953e-06
8.4919e-06,3.649e-06,3.563e-06,0.0084262,7.9894e-05
1.4905e-06,1.2257e-10,3.0895e-10,0,0.0045667
2.6935e-07,1.5135e-10,5.1998e-09,0,0.0045695
0,0,0,0,0
0,0,0,0,0
0.0018824,0.00018925,0.00063447,1.9687e-06,6.0606e-09
6.5365e-06,3.3104e-10,5.9004e-08,0.00024536,0.004425
0.00059298,5.9684e-07,3.4357e-06,0.0012833,0.0025255
0.00013616,0.008439,0.0027389,1.2419e-07,1.2882e-13
0.0019882,2.4953e-08,0,5.8994e-08,6.6248e-10
4.3235e-05,0.010197,0.00064088,1.7488e-05,3.0598e-11
0,1.3157e-08,1.4796e-07,0.00022547,0.0044505
4.1543e-05,0.010351,0.00027946,7.7368e-05,1.862e-08
0.0019882,0,2.3284e-07,3.9028e-08,3.7571e-10
0.0018898,0,2.6443e-08,2.6817e-06,0.00022475
1.556e-05,0.009007,0.0028613,1.2342e-05,4.9415e-08
0.0019878,1.3457e-06,8.5513e-07,0,1.8402e-07
1.8127e-11,9.7695e-16,1.4484e-12,0,0.0045701
2.1129e-07,0,3.3748e-10,0,0.0045696
0.0019872,0,8.9189e-06,0,0
0.00017477,0.00021731,0.0024584,0.0045498,0.0010353
7.2856e-08,3.5338e-13,2.4439e-10,0,0.00457
0.0015819,0,2.5545e-11,0,0.00093383
3.2421e-07,1.7153e-09,1.3985e-07,0.0082881,0.00017432
0.001982,2.5623e-05,1.2955e-05,3.626e-07,3.9007e-08
0.0019186,0,9.8127e-12,2.9724e-09,0.00015988
1.8835e-05,0,8.1013e-10,9.4241e-09,0.0045268
0.0017306,0.0014005,7.6106e-06,1.8859e-08,1.0011e-09
0.00035531,0.0016628,0.00016672,0.0047233,0.00050529
0.0019877,2.1401e-09,5.9185e-09,4.1025e-07,8.1386e-07
1.419e-07,0,2.0804e-13,1.6871e-07,0.0045697
7.0328e-06,0.010773,0,2.5829e-05,6.6179e-09
0.00040206,0,1.5413e-09,5.1857e-09,0.0036459
0.0019854,2.6617e-11,2.5836e-11,0,6.4879e-06
0.00018307,4.675e-06,0.00071805,0.0070306,0.00023545
0.001988,3.3542e-08,4.9125e-07,4.809e-07,1.3226e-09
0.0018945,4.1826e-06,0.00027811,0.00026242,3.3715e-06
0.00053664,5.5305e-07,8.0144e-06,0.0043678,0.0010181
0.0001896,0.0013721,0.0011683,0.0061324,5.2927e-06
0.0018926,0,3.3626e-10,9.9891e-10,0.00021963
1.3148e-05,8.7113e-14,1.2594e-10,1.5636e-09,0.0045399
1.7767e-06,8.1976e-09,9.7263e-08,0.00054611,0.0042764
0.0017614,0.00099246,0.00038198,9.8291e-06,4.135e-08
0.00011668,1.5633e-05,0.00049626,0.0078425,9.6353e-06
0.0019825,3.1023e-05,0,5.9434e-10,3.9331e-14
0.00043315,0.0077155,0.0011163,7.0394e-05,0
0.0015724,0,6.2644e-07,5.926e-05,0.00092412
0.0014341,0,0,0.0024017,0
3.8299e-07,0.0002485,0.017449,2.2529e-06,2.3881e-09
0.0014378,0.0015569,0.0021719,0.0001006,2.4384e-08
0.0019878,0,1.4694e-12,0,9.3029e-07
5.5274e-06,0.010339,0.00075082,1.5335e-05,2.0308e-07
0.00010001,0,6.8699e-09,1.0718e-05,0.0043346
0.0019767,6.2161e-05,1.244e-06,8.4532e-09,3.6248e-10
5.2656e-05,0,1.0996e-09,0,0.0044491
0.0004463,1.1157e-05,4.4919e-05,0.0066029,2.6651e-05
0.00017261,0.0048392,0.0025315,0.0028029,7.6808e-08
7.5064e-08,0.010149,0.0011152,1.462e-05,7.285e-09
0,0,0,0,0
0.0019846,7.102e-06,2.0049e-05,8.914e-08,7.9422e-10
0.0019422,0.00015919,1.3316e-05,4.3009e-05,1.2512e-05
0.00018019,0,8.7304e-14,9.7666e-12,0.0041559
0.0018375,8.7824e-08,1.32e-05,6.5496e-05,0.00030824
9.1476e-07,0,7.1948e-12,3.484e-09,0.004568
0.0019882,4.5467e-09,0,5.1166e-08,1.6059e-09
0.0017288,6.7297e-06,0.00013637,1.6141e-05,0.00055001
4.1108e-06,0.0059678,0.0007618,0.0032155,0.00014566
0.0017816,0.0008866,0.00010697,9.9824e-06,6.8704e-05
0.001101,1.7142e-06,0,0.0038375,3.6984e-06
0.0014188,0.0014604,0.00054684,0.0010301,7.343e-06
0.0019882,0,0,0,0
0.0019881,0,0,3.6418e-08,3.025e-07
0.0019876,1.5992e-09,1.0885e-07,2.982e-08,1.2545e-06
4.5677e-07,2.9869e-09,2.1772e-05,0,0.0045635
2.0413e-07,1.4196e-12,3.953e-10,0,0.0045697
0.0019873,3.4077e-08,8.0854e-08,1.6966e-06,1.2134e-06
0.0019866,6.987e-09,1.4753e-09,3.5728e-07,3.5456e-06
0.0019821,0,0,1.292e-08,1.3984e-05
0.00064992,0.00052484,0.0045897,0.0031626,3.9002e-06
0.0019881,8.9174e-08,1.4185e-07,1.741e-07,9.7201e-08
1.9283e-05,0,5.6929e-09,1.6321e-07,0.0045257
0.0019694,2.7425e-06,0.00014754,7.3613e-06,3.1869e-07
0.00055356,0.0071416,0.00011151,0.00048749,9.4904e-07
4.6079e-09,1.2465e-06,0.0001124,0.0078316,0.00038788
0.001982,9.9647e-07,2.4471e-06,1.0515e-05,7.5904e-06
0,0,0,0.0059309,0.001425
6.5553e-12,0,6.0027e-12,5.6457e-07,0.0045698
0.0019882,8.676e-12,7.3436e-12,3.2355e-09,6.6884e-08
8.8936e-05,6.6564e-07,2.613e-06,0.0065617,0.00088516
6.1457e-06,1.8284e-12,8.1471e-10,0,0.004556
9.9602e-05,0.00026791,0.016326,9.8396e-05,2.9251e-08
0.00035884,0,1.7316e-05,1.085e-06,0.0037403
2.1096e-10,1.2228e-07,0,0.00042559,0.0043444
0.0019433,5.4131e-07,3.7879e-07,0.00019387,1.8337e-07
2.1469e-07,0,1.4233e-08,1.4437e-07,0.0045696
0.00198,2.5495e-05,5.7648e-06,1.1663e-05,3.3152e-07
0.0016054,0.00012992,0.00086195,0.0011163,1.2629e-05
0.00064797,5.3214e-11,5.1905e-10,1.956e-08,0.0030807
0.00019466,1.6868e-06,1.4508e-05,0.0065444,0.00064783
0.0019806,0,1.4512e-06,8.4583e-08,1.7155e-05
0.00082247,0,8.8766e-08,1.9176e-07,0.0026795
0.00010317,0.002274,0.011326,0.00090046,5.3693e-08
0,0.0017361,0.014995,5.3479e-06,2.3361e-10
4.506e-05,0.010477,0.00015796,1.9865e-05,3.6115e-08
0.00089851,1.3409e-09,4.4435e-08,2.9037e-07,0.0025046
0.0019881,0,1.9558e-07,0,1.0411e-07
3.5085e-05,6.0137e-08,8.2741e-07,0.0077581,0.00037524
0.001988,0,1.5463e-06,0,9.0445e-09
1.8131e-07,0.00012871,0.0011111,0.0079791,4.7015e-08
0,1.0807e-07,2.9505e-06,0,0.0045693
0.0019882,0,0,8.0661e-11,9.7164e-10
0.0019306,0.00024003,0.00011234,4.7541e-06,2.6846e-09
0.0018883,5.4332e-07,4.2799e-06,0.00040157,1.5372e-05
6.0312e-10,3.0573e-12,2.5055e-09,2.7963e-05,0.0045553
0.0019745,3.5863e-05,4.074e-05,8.9253e-06,1.2566e-06
0.00022991,9.913e-05,0,0.0075421,4.1203e-07
5.92e-06,4.191e-09,2.6347e-07,2.3901e-05,0.0045438
2.1363e-05,0,2.6932e-09,0,0.004521
3.3783e-07,8.185e-14,2.2729e-12,0,0.0045693
0.00049371,0,6.5602e-06,0.00028073,0.0032847
0.00048774,6.2032e-09,1.2385e-08,0,0.003449
1.9158e-06,0,2.0364e-08,1.648e-06,0.0045648
0.001986,1.2108e-05,0,3.0364e-08,3.2602e-08
0.0019879,2.423e-08,4.0974e-09,9.2837e-07,1.7149e-07
0.0015867,7.4316e-06,1.8301e-05,0.0016622,3.3684e-05
0.0019763,3.416e-06,4.0959e-06,1.6755e-05,1.605e-05
0.0019882,0,5.713e-10,0,3.8623e-08
0.00029245,0.009099,0.00023834,4.3597e-06,6.1749e-13
2.6215e-05,0,1.3684e-06,0,0.0045095
0,0,0,0,0
0,0.0088219,0.00042832,0.0013789,1.1512e-05
0.0019757,3.8705e-06,8.6682e-06,4.6407e-05,1.7847e-07
5.326e-08,0,5.8003e-08,2.3348e-07,0.0045699
2.4752e-06,0,1.3729e-07,1.1311e-06,0.0045638
0.0018911,6.6337e-09,3.2158e-07,3.2716e-07,0.00022303
8.3111e-07,7.6693e-07,3.2938e-05,0.0045209,0.0021621
0.0019869,0,1.2871e-07,5.6709e-06,0
4.8107e-08,7.7926e-06,0.00031228,0.0084021,3.1334e-05
0.0019882,0,0,1.7651e-09,1.1073e-08
0.0001097,0.0064612,0.0049444,0.00061827,2.3748e-06
0.0012772,0.0020554,3.3845e-05,0.0014111,1.111e-05
0,0,0.017855,5.5935e-06,0
0.0017534,0.00096267,0.00049439,1.3929e-05,1.1777e-07
0.0019882,0,1.8539e-08,0,1.4973e-10
4.277e-06,3.4547e-07,4.283e-06,0.007258,0.00071023
3.3128e-08,3.6204e-11,3.3015e-08,0,0.00457
0.0019882,0,0,1.2616e-07,0
2.9489e-07,1.3502e-05,5.1409e-07,0.00020679,0.004454
0.0012501,0.0040105,0,1.2202e-05,1.0873e-10
0.0010117,0,0.0087709,1.749e-06,1.4721e-08
0,0,5.3828e-11,2.8603e-09,0.0045701
3.9268e-10,9.6254e-09,2.5441e-07,0.0084673,7.995e-05
0,0.00013342,9.298e-06,0.00025809,0.0043747
0.00029083,0.0086123,0.0010633,1.926e-07,5.2754e-11
0.0009536,6.5227e-05,2.6853e-06,0.00442,6.1071e-06
0.0015307,0.0013516,0.0018841,0,0
0.001928,0.00029978,4.6207e-05,2.9611e-07,1.9401e-09
7.5083e-06,4.4687e-06,2.2931e-05,0,0.0045451
0.001677,0,1.2332e-06,1.6332e-05,0.00070632
0.0019703,1.1305e-10,0,8.8944e-09,4.1061e-05
0.0001028,0.0064819,0.00099803,0.0025379,1.0515e-06
0.00036799,5.3991e-06,4.4058e-05,0.0053117,0.00089401
0.0014689,0.0014815,0.00041383,0.00044562,0.00022707
0.001888,0.00049152,7.0932e-05,9.4832e-07,4.6363e-06
4.0583e-07,5.5959e-10,1.7666e-08,0,0.0045692
0.0016789,0,0.00015655,6.6537e-05,0.00063562
0.00083442,1.6269e-07,7.7619e-07,0.0024148,0.0013713
0.0017463,0.00020108,2.0593e-05,0.00087863,3.5448e-08
0.0007009,0,3.5686e-07,1.1675e-06,0.0029583
0.0014407,4.6667e-07,4.8588e-05,6.448e-05,0.0012117
0.0019869,0,0,6.635e-11,3.0244e-06
1.2209e-05,0.0015815,0.00012081,0.0072478,1.2311e-06
4.8324e-09,1.0713e-06,1.4797e-05,0.0086096,3.1967e-07
0.0010065,0.0046718,0.00086304,0.00012486,6.2531e-07
0.00016404,0.0019521,0.011903,0.00061386,1.9619e-08
0.0019873,0,1.1913e-07,3.3054e-06,3.8226e-07
0.0019237,0.00026831,0.00012055,8.304e-06,1.873e-08
0.0017565,3.352e-06,1.2145e-05,0.0004129,0.00030912
0.0007609,1.6946e-05,0.00034556,8.3758e-05,0.0026811
6.2026e-05,0.0045793,0.0097642,0,5.0577e-11
4.0211e-05,6.081e-05,0.00011624,0.0083318,4.1293e-06
0.00018688,0.000151,0.0035479,0.0059621,7.7381e-06
0.0019882,0,5.5993e-10,0,9.1582e-09
3.3311e-08,5.2667e-05,0.00016432,0.0084958,6.3567e-07
0.0013993,1.5504e-05,0,0.0025406,0
6.4868e-06,8.6603e-06,1.9506e-06,0.0085608,1.1386e-05
0.0019882,0,6.9782e-10,0,1.0094e-10
0.0019824,2.78e-07,2.272e-07,2.1906e-05,1.5021e-06
0.0014264,0,5.2951e-10,0,0.0012913
1.2612e-05,0.0026186,0.0013788,0.0057923,1.3292e-05
0.001988,3.5733e-09,0,9.8315e-07,0
0.0013796,0.0033169,0,1.9174e-06,2.2879e-11
0.0019411,1.4757e-08,7.3579e-07,0.00017788,1.369e-05
0.0019882,1.8886e-08,0,5.2748e-08,4.8193e-09
0.0018499,0.00055971,0.00029988,9.8881e-06,1.9157e-08
0.0017101,0.00050808,0.0015954,3.2226e-05,0
3.4614e-05,2.3216e-07,4.3584e-07,0,0.0044903
0.0019882,0,0,2.5206e-09,0
0.0019882,1.6327e-08,0,1.8126e-09,8.6019e-11
0.0019882,0,4.6802e-08,0,9.1374e-12
0.001988,7.5758e-07,8.3133e-08,1.2663e-07,1.4768e-08
0,0,0,1.4363e-07,0.00457
0,0,0,2.614e-07,0.00457
8.2849e-05,0,0,9.9932e-08,0.0043796
0.0019882,3.0976e-08,0,7.9806e-08,7.2325e-11
0.0019857,1.6523e-06,0,9.0411e-06,1.4492e-07
1.4952e-05,0.00030788,0.0018335,0.0073803,2.3358e-05
4.7579e-05,1.8579e-13,1.9862e-11,0,0.0044608
1.3044e-06,0.0078402,0.0049106,1.2967e-05,2.1518e-12
0.00045052,0,2.896e-07,0,0.0035345
1.8082e-05,6.0789e-08,4.7661e-07,0.0014136,0.0037788
1.0774e-05,0.00021533,0,0.0083906,5.2114e-06
0.00082953,0,6.099e-07,5.9658e-07,0.0026629
0.0019882,1.0778e-07,0,5.9238e-08,7.3487e-09
0.0007285,0.00078508,0.00016224,0.0045447,0.00011323
0.0019715,0,3.8556e-07,0,3.819e-05
0.0019882,1.2532e-08,8.8685e-09,4.9983e-10,4.4363e-09
0.0011986,0.0017502,0.0040663,6.8139e-05,1.0516e-06
3.6367e-06,0.010433,0.00044514,9.6221e-05,1.7668e-08
0.00047877,0,2.315e-05,0.00024411,0.0033343
0.0019882,0,1.5178e-11,0,5.217e-09
2.1749e-05,0.0015355,0.012181,0.0013664,3.2663e-05
5.1494e-08,0.0067433,0.0055818,0.00056633,6.3112e-11
2.1753e-06,0,5.5792e-13,0,0.0045651
0,0,0.017806,2.8895e-05,0
0.00097022,0,1.652e-08,0,0.0023399
1.7428e-07,2.7873e-11,0,0,0.0045697
0.0019879,3.5119e-08,5.9072e-09,0,7.3115e-07
0.00015097,0.00013546,0.015436,0.00041013,5.5335e-08
0.0019068,2.1797e-08,1.5294e-07,1.2852e-06,0.00018632
2.2441e-06,0,3.4056e-09,2.0607e-08,0.004565
0.0017409,0.0012425,0.00011712,2.6659e-05,7.9261e-07
0.0011318,0.0038882,0.00090943,0.00018211,6.5772e-07
2.8914e-06,4.9602e-05,0.0028094,0.0072007,5.5351e-06
0.0019869,0,2.2245e-09,0,3.0183e-06
0.001974,3.4204e-05,6.2752e-05,4.0259e-06,6.1239e-08
0,2.1455e-11,2.3882e-09,0,0.0045701
0,4.3218e-05,0.0050083,0.0061037,3.4094e-05
0.0019492,0,3.8696e-09,1.9294e-09,8.9629e-05
1.1767e-05,3.9331e-05,0.007764,6.9073e-07,0.0025401
0.0019361,0.0002684,1.4722e-05,5.1915e-06,4.4373e-08
1.8489e-05,2.6846e-09,1.8931e-09,7.2621e-06,0.0045238
0.00046344,0.0071916,0.0017776,3.6027e-05,2.7183e-07
0.0019882,0,0,1.6848e-11,4.5241e-10
0.0019397,0.00026342,0,9.7078e-07,3.9258e-10
7.7402e-09,0.00017721,0.01361,0.0019121,4.8338e-09
0.0019492,0,0.00012809,0,5.6927e-05
0.0019613,0.00013831,4.888e-06,3.2187e-06,5.1514e-07
1.0518e-08,0,0,1.6596e-12,0.0045701
0.0019171,0,0,9.618e-09,0.00016341
0.0019868,2.0646e-08,5.3982e-08,0,3.1157e-06
0.001956,2.5035e-05,8.3388e-06,0.00011585,1.5752e-09
0.0018864,4.8185e-10,1.9279e-08,9.5719e-07,0.00023356
0.0019132,1.0656e-09,2.7345e-09,0,0.00017228
0.0019876,0,0,1.1105e-08,1.4019e-06
0.0008766,0,0,0.00019552,0.0024515
0.0017483,3.0492e-06,2.496e-05,0.00098762,2.0016e-05
0.00010582,0.0044601,0.0024579,0.0034282,5.8611e-07
2.0856e-05,4.298e-14,5.4416e-14,0,0.0045222
0.0019825,1.1206e-05,1.6443e-06,1.4722e-05,1.1818e-07
1.1669e-05,0,4.6115e-06,2.0216e-05,0.0045314
8.6007e-06,0.0021264,0.012955,0.00064184,3.416e-09
4.7872e-08,9.0817e-06,6.7764e-06,0.0085866,1.1107e-05
3.2276e-07,0,2.9099e-06,0.00012266,0.0045036
4.9666e-05,0,6.331e-09,6.735e-05,0.0044202
3.4421e-06,5.8022e-07,2.7814e-05,0.0077046,0.00046924
0.0012137,0.00012656,0.0004808,0.0015071,0.00080474
0.0012196,0,7.3784e-12,0,0.0017668
0.0019882,0,0,8.5298e-13,1.197e-12
0,6.237e-05,0.004457,0,0.0034037
1.4096e-05,0.01072,0,3.7852e-05,2.2375e-13
0.0011134,0.00031178,0.0040045,0.0015865,1.3783e-05
8.5894e-05,1.6637e-05,6.1497e-05,0,0.0043499
0.0018516,0.00073321,0,9.4351e-06,1.915e-10
0.00031382,0.0089789,0.0002491,1.9047e-06,5.0166e-09
2.6173e-06,1.5784e-06,5.8923e-06,0.0084004,0.00010736
1.1773e-06,0,4.8778e-12,0,0.0045674
1.0319e-05,5.8277e-05,6.1441e-05,0.0063866,0.0011194
1.3226e-05,0.0025178,0.011516,0.001002,1.5043e-06
0.0012592,0,0.0064626,3.6281e-05,3.3864e-06
0.0019878,0,4.8723e-07,2.1243e-08,6.8277e-07
0.0016776,0,3.2004e-05,9.4595e-06,0.00070079
0.00010848,0.00034839,0,0.0072677,0.00032002
0.001895,2.3331e-08,0,1.93e-05,0.00020396
0.0019882,0,0,1.2547e-10,9.6883e-09
1.3094e-07,0.0095956,0.00011666,0.00093147,2.1018e-06
0.0019848,1.6554e-05,1.7569e-08,1.2045e-06,1.0245e-07
2.0117e-07,0.01075,0.00011396,1.8858e-05,1.1079e-09
0.001985,3.1507e-06,2.3235e-05,0,1.0001e-08
0.0018762,0,3.0187e-08,0.00048531,0
0.00029725,4.596e-08,5.9944e-08,0.0068885,0.00023397
0.0016828,2.3838e-05,5.4112e-06,0.0012995,1.3962e-06
0.0019812,0,5.341e-05,3.8598e-06,3.7006e-07
0.0018673,0,0,9.6383e-10,0.00027786
0.0017621,0.00075974,0.0006375,2.2085e-05,2.4782e-05
0.0013287,0.0017397,0.00024095,0.0013584,7.8098e-07
0.0019882,0,0,6.1641e-13,4.1267e-08
0.00022336,0,0.00064626,0.0066475,0.00036634
0,0.0012151,0.0025179,0.0058497,0.00031197
0.0002923,0.0053218,0.0011119,0.0025853,7.0861e-08
0.0015126,0,4.1226e-09,1.2221e-07,0.0010932
0.0019882,0,5.8897e-11,0,1.37e-09
0.00077506,0,8.625e-07,6.2089e-06,0.002785
3.1612e-05,0.0096728,0.00039541,0.00058726,8.4303e-06
0.0019882,0,1.356e-10,0,2.1509e-09
0.0019752,6.8498e-05,4.112e-06,1.1332e-08,1.1491e-09
0.0014278,0.0010322,0.0021375,0.0005324,2.4072e-05
0.0019882,5.2234e-09,0,1.1692e-08,2.2209e-09
0.0018962,0,1.4799e-07,3.9375e-07,0.00021121
4.5631e-08,4.3026e-08,4.3776e-06,0.0079977,0.0003278
0.0019852,8.9605e-09,6.6907e-07,8.8328e-06,2.0478e-06
9.8283e-09,0.010412,0.00070853,1.7589e-06,1.3257e-11
0,0,8.5648e-08,0,0.0045701
2.9237e-06,0.0073835,0.0052842,0.00018867,5.5888e-09
0.0019882,0,1.2737e-09,0,2.798e-13
2.529e-05,2.5363e-12,3.3524e-10,0,0.004512
0.0019879,0,1.0386e-11,1.0719e-09,6.8317e-07
3.2216e-05,1.7069e-05,3.2144e-05,0.0020014,0.0034193
0.0019878,0,7.5079e-09,1.5732e-09,8.9762e-07
0,0.01011,0.0010463,7.8785e-05,1.5566e-08
0.00013586,3.8427e-09,1.4098e-08,0,0.0042578
6.7783e-06,0.010738,0,5.4753e-05,1.3965e-08
0.001373,0.0031925,0.00026455,1.9043e-06,4.75e-09
0.0019154,4.4567e-09,0,0.0003157,0
0.0019586,2.1647e-11,3.5977e-11,0,6.7995e-05
0.001544,0,3.1306e-07,5.9445e-07,0.0010207
0.00099868,0.00087229,6.7688e-05,0.00044102,0.0016557
0.0019374,0.00014784,0.00017756,1.6644e-05,3.086e-07
0.0011617,1.1704e-06,3.5755e-05,0,0.0018903
0,0,0,0,0
4.6621e-07,0.00016405,0.0016095,0.0077091,2.029e-07
6.4409e-09,9.422e-06,0.00019225,0.0085065,6.1173e-06
0,0.00010088,0.00020394,0.0010215,0.0039338
0.0019854,9.88e-10,1.098e-09,0,6.4902e-06
0.0018255,2.4343e-05,3.274e-05,0.00066476,2.8349e-06
0.0019356,1.5855e-08,6.6736e-08,5.3596e-07,0.00012057
0,0.00036844,0.017222,1.7981e-05,1.224e-11
8.0598e-08,0,1.8122e-09,7.6571e-06,0.0045659
0.0019882,1.4536e-08,2.7725e-10,1.2311e-09,4.5664e-10
0.0019881,0,6.6327e-07,0,0
9.5648e-07,0,7.9716e-10,1.2638e-07,0.0045679
0.0018509,6.0979e-07,0,0.0005596,1.8613e-05
0.0019882,1.3534e-09,0,6.2156e-09,2.5101e-08
5.7104e-09,1.3672e-14,1.2328e-13,0,0.0045701
4.6594e-05,8.3747e-14,5.9181e-12,0,0.004463
0.0018759,0,0,2.4866e-08,0.00025823
0.0019276,0,0,0.0002628,0
1.2558e-07,0,1.1125e-12,0,0.0045698
0.00056397,5.8863e-10,0,0,0.0032738
0,1.3996e-07,9.4989e-07,0.0068239,0.0009512
8.1606e-06,0.0011978,0.0031572,0.0061071,4.9565e-07
0.001988,1.2973e-06,0,0,0
6.7892e-07,0,4.1926e-10,5.4265e-07,0.0045683
0.0014295,0,0,0,0.0012842
0.0016408,0.0018756,3.0868e-05,3.3546e-07,8.4158e-09
0,0.010781,0.00010423,2.5196e-09,5.3807e-16
6.0214e-09,0,1.3998e-13,2.4597e-10,0.0045701
0.0019805,7.0096e-09,0,1.832e-05,7.9763e-06
0.0019554,0,2.3157e-07,2.6213e-06,7.3929e-05
0.0019729,5.6627e-05,4.3788e-05,0,7.7212e-08
6.7292e-05,0,4.0658e-13,9.8326e-09,0.0044154
0.00056981,1.7319e-07,1.1961e-05,0,0.0032572
0.00198,0,8.1915e-11,0,1.8896e-05
0.00027849,0,3.9729e-05,8.6623e-05,0.0038739
0.001738,0,0,1.8367e-07,0.00057503
0.0019845,2.0231e-05,6.0317e-08,1.0642e-08,1.6835e-11
4.3314e-07,0.0089195,0.0016274,0.0007427,7.4805e-09
0.00021008,0.0093553,0.00047039,4.4783e-05,4.8624e-07
0.00017918,0.00356,0.00053434,0.0038822,0.0004626
4.4073e-05,6.8782e-06,0.0014558,0.0076267,4.9221e-05
0.0019327,1.3099e-05,3.5448e-05,0.00019508,9.6199e-06
0.000118,0,3.679e-11,1.2705e-09,0.0042989
0.0019826,1.3733e-05,2.715e-05,3.4414e-07,2.0895e-09
0.0019882,0,0,0,0
0.00010002,2.3325e-08,1.4808e-07,5.8833e-05,0.004309
0.0019436,0.00023697,4.4011e-06,1.9622e-06,4.7214e-07
0.001982,4.0786e-08,4.955e-08,0,1.4204e-05
0.00012751,0.0063542,0.006186,3.1663e-05,5.8939e-10
0.0019726,0,3.6047e-12,0,3.5961e-05
0.00070138,0,2.4432e-08,0,0.0029579
0.0017616,9.3044e-05,0.0014978,0.0001788,3.7182e-06
0.0001855,0.0050357,0.0027784,0.0024665,2.8737e-06
0.0011013,0.0010832,0.0031112,0.0014609,1.1599e-05
0,0,0,0,0
0.0016401,1.1987e-06,4.1561e-05,0.0013311,8.3136e-05
0.0013586,6.4762e-05,2.96e-05,0.0019078,0.00040068
0.001937,0,1.2339e-12,5.4294e-10,0.00011757
0.0016732,0.00067311,0.0017185,1.548e-06,4.9171e-11
5.5577e-05,0.010499,5.2726e-05,8.0203e-06,3.1966e-09
0.0019638,0.0001313,6.7953e-07,1.0307e-06,3.469e-09
0.001845,5.4526e-06,1.1889e-05,0.00034991,0.0001382
1.855e-09,3.0138e-09,5.6845e-07,0.0080478,0.00030233
0.0019877,0,0,4.3809e-11,1.2389e-06
0.0010896,0,3.3418e-07,2.5294e-06,0.0020641
0.00098947,0.00036576,2.2325e-05,0.0029111,0.00059212
3.516e-06,0,1.2081e-08,1.771e-05,0.0045526
0.0017102,5.4845e-05,0,0.00049799,0.00035187
0.0013811,0.0025995,0.00087383,0.00014294,6.3193e-07
2.8112e-06,0.0017129,0,0.0072359,4.7053e-06
1.6268e-05,0.0042938,6.9491e-05,0.0010262,0.0021612
1.4945e-05,9.3197e-05,0.00065723,0.0081616,3.8598e-07
0.0019881,0,0,3.9801e-09,2.6372e-07
0.0013807,3.5892e-05,0.00019755,0.0022547,0.0001352
0.0018754,0.00059956,2.5439e-05,9.2911e-10,0
3.7968e-06,0,2.3291e-08,7.8566e-07,0.004561
0.0018497,0.00075003,4.6271e-07,1.5012e-06,1.3761e-06
2.087e-08,2.3226e-06,0.0012469,0.007826,0.00010016
0.0018264,0.00087636,0,5.0464e-06,2.5378e-11
0.0019696,8.4946e-08,1.2447e-07,6.783e-05,6.753e-06
0.0019879,1.567e-06,1.3939e-07,3.525e-08,3.8067e-09
2.4031e-06,0.0106,0.00038038,9.2538e-08,1.0673e-11
0.0019679,0.00011063,2.8052e-07,2.0031e-08,1.2138e-11
0.0019475,7.735e-06,2.1287e-06,3.1485e-05,7.3012e-05
0.0019082,0,7.0798e-12,0,0.00018385
0.0019882,1.0797e-07,5.7816e-09,3.1552e-08,5.9249e-09
0.001988,8.6042e-07,8.7451e-09,9.7294e-08,1.3391e-09
6.1389e-06,0,1.116e-11,4.7173e-08,0.004556
0.001988,2.8774e-07,1.2502e-07,2.1967e-07,1.4495e-07
0.0019117,0.00041525,2.4375e-06,5.6616e-07,3.4386e-09
0.0018318,0.00050848,0.00054123,1.2625e-05,7.0693e-08
0.0012665,0,0,0.00017563,0.0015658
5.7563e-06,4.3354e-06,0.00034604,0.0080925,0.00017521
6.767e-06,2.0578e-07,8.3688e-07,0.0006845,0.0041913
0.00055768,0.0022416,0.0035059,0.0027208,3.9217e-06
0.0019712,6.405e-07,0.00011771,6.6929e-06,5.1649e-06
2.551e-06,1.3782e-12,1.4933e-12,0,0.0045643
0.0017223,0.0012926,0.0002426,8.3053e-06,7.1147e-09
0.001425,4.696e-10,4.8501e-10,0,0.0012945
0.0011282,0.00028447,0.00079306,0.0027325,0.00020511
0.0019882,0,2.661e-08,6.4756e-10,4.3014e-09
0.0019805,2.9217e-07,2.0407e-06,1.3202e-05,1.0041e-05
0.00033577,0.0087287,0.0004678,1.1933e-07,4.9377e-11
4.3923e-05,2.0274e-06,0.00039054,0.0071337,0.00058554
0.00010797,0,4.1898e-06,0.00026404,0.0041808
0.0018187,4.4464e-09,8.0083e-07,1.6493e-07,0.00038938
2.8455e-05,0.00095062,0.01574,0.00014656,1.1083e-10
0.0010356,0.0051879,1.2256e-05,2.9632e-07,6.1091e-10
0.0013515,9.017e-11,3.0345e-10,0,0.0014636
4.8221e-06,0.0021161,0.01038,0.0019083,2.1459e-08
2.8306e-05,0.0050686,0.006111,0.0015141,2.8679e-06
1.5924e-05,4.4601e-10,3.9639e-07,0,0.0045334
0.0019881,1.0729e-08,1.3851e-08,2.9459e-07,2.8207e-08
0.0019821,0,4.4256e-09,1.3523e-09,1.3969e-05
0.0017519,1.6506e-06,6.5411e-06,0.00028863,0.00038774
0.0019882,0,0,0,0
0.0018507,0.00015775,0.00080825,8.0854e-05,1.0344e-08
0.0018827,7.5391e-06,3.8087e-06,0.00036972,4.2243e-05
2.6967e-09,0,8.6707e-09,8.7935e-06,0.0045655
0.00050752,0,8.0862e-05,0.00013082,0.0033135
0.0019791,3.2087e-05,1.7913e-05,5.0757e-06,1.8462e-07
0.0019772,0,2.5876e-05,4.6619e-07,1.8446e-05
7.1165e-09,5.6527e-08,5.8565e-06,0.0085853,1.5955e-05
0.0019882,0,0,0,0
0.00065811,0,7.1866e-10,7.5988e-08,0.0030573
0.001448,0.0017969,0,0.00091189,7.6417e-07
0.0019882,0,0,2.5398e-11,1.9678e-11
3.6137e-07,0.00036524,0.015774,0.00071746,9.7008e-09
1.7782e-07,0.010807,0,2.687e-05,9.0672e-07
0.0018172,0.00049404,0.00057938,6.7743e-05,7.0793e-07
0.0019873,1.2643e-10,0,6.7306e-08,2.0675e-06
0.0019878,1.103e-06,2.3707e-07,5.8791e-07,8.8731e-08
0.00012422,0.0016805,0.00093158,0.0062584,1.933e-05
0.0019073,6.1227e-06,0.00055994,6.8e-05,4.0611e-06
0.0019249,0,4.4196e-06,0.00015856,6.0389e-05
0.0017815,0.0011188,1.3043e-05,4.2972e-07,8.8666e-12
5.9159e-08,0.00022162,0.012051,0.0026285,1.9834e-07
1.4612e-08,0.0017261,0.0040335,0.0053005,1.3312e-07
0.0019754,0,9.2578e-05,4.0909e-06,3.4568e-06
6.2404e-05,2.5976e-05,0.00012338,0.0082518,8.3607e-06
0,0,1.3414e-07,0,0.0045701
0.001687,0,0.0027063,0,3.6242e-12
4.3019e-05,7.733e-05,0.0028505,0.0066089,0.00020488
3.8484e-07,0.00943,0.0023204,2.9726e-06,1.8134e-10
0.0019882,0,6.0242e-13,0,1.881e-08
5.5764e-08,0,1.3858e-11,7.3089e-08,0.00457
2.2002e-09,3.8013e-15,2.0903e-14,0,0.0045701
0.0019715,7.3605e-05,0,1.1983e-05,9.7531e-07
5.02e-05,0,0,0.00018754,0.0043553
2.0066e-07,0.00060596,0.0073215,0.0046039,9.1054e-08
0.0019628,0.00013825,0,3.7328e-07,3.6868e-09
0.0019882,0,0,5.4024e-10,2.7633e-10
2.7473e-08,0,4.7038e-14,7.3685e-10,0.0045701
0.0019832,3.8543e-06,2.3634e-06,1.4547e-05,1.5231e-06
0.00026223,3.0659e-06,0.00012068,1.6401e-05,0.0039265
0.00037756,6.0898e-05,5.2662e-05,0.0064414,0.00024736
0.0018328,0.00036581,6.187e-05,0.0003532,0
1.0848e-06,2.228e-08,3.9094e-07,0.0073917,0.00064781
0.0019204,2.0776e-05,9.9012e-07,9.1125e-05,9.8432e-05
0.00016999,0.0098571,9.8147e-05,2.8906e-07,8.2136e-09
0.00046564,1.6928e-09,1.6963e-08,0,0.0034998
5.7526e-05,0,7.2011e-06,1.4194e-06,0.0044353
0.0013599,0,9.2639e-05,0.0026787,0
0.0007783,7.7397e-07,0,0.0052035,2.1415e-05
0.00049701,6.1098e-05,0.01282,0.00022751,1.9518e-06
6.8588e-08,3.6629e-05,7.3756e-05,0.0085531,1.0581e-07
7.741e-05,0,0,3.4583e-07,0.004392
0.0017916,0,0.001765,7.6835e-07,2.9088e-08
1.001e-07,1.4279e-09,8.7541e-10,3.3789e-06,0.0045681
0.00079309,0,0,1.2424e-06,0.0027464
2.6116e-08,9.655e-05,0.0016784,0.0077288,1.5935e-06
1.1076e-06,0,1.0713e-12,4.4543e-10,0.0045676
3.6508e-06,0,0.00081447,0.0050686,0.0016656
2.2383e-05,0.0045232,0.0090398,0.00056585,3.6924e-08
7.0963e-07,1.4263e-06,6.2982e-06,0.0085605,2.6799e-05
0.0019882,0,0,1.3066e-09,6.3677e-08
0.0019825,0,2.6658e-10,0,1.3032e-05
6.9603e-05,0,1.016e-07,1.8341e-06,0.0044091
0.0019849,1.6499e-05,1.1259e-06,5.7083e-07,6.6062e-10
0.0012255,0,0.0005796,4.1252e-06,0.0016028
0.001251,0.0039963,4.0912e-05,3.7462e-08,0
0.0015947,0,1.0321e-08,1.0782e-06,0.00090404
0.0019882,0,2.0407e-07,0,0
0.0015119,1.4831e-07,5.2638e-06,0.0020618,0
0.00060454,0.00015305,0.00039891,0.0055407,7.5801e-05
7.8441e-06,0,4.5163e-10,2.1655e-08,0.0045521
2.045e-07,0,0.010279,0.0030782,0.00030796
0.0019834,0,0,7.945e-09,1.0923e-05
8.9864e-06,0.00033246,0.015417,0.00087726,5.6945e-07
0.0019748,7.1431e-05,2.3992e-06,0,0
6.5164e-06,0,9.2141e-06,4.9032e-05,0.0045268
0.0019882,0,5.8415e-11,0,0
0.00058917,3.1661e-08,0,3.6991e-05,0.0031962
1.9769e-06,0,1.4923e-09,2.467e-06,0.0045643
0.0016498,1.6436e-06,7.7733e-05,0.00016443,0.00067014
0.0019265,0,0,7.7261e-06,0.00013777
0.00043954,0.0002072,0.001701,0.0051084,0.00032846
0.0011062,0,4.7649e-07,0,0.0020273
0.0019533,1.8152e-05,0.00028178,0,4.6026e-07
0.0019882,0,0,2.7999e-13,5.631e-08
5.0509e-11,0,1.0661e-11,1.3657e-07,0.0045701
7.0428e-08,0,8.0318e-15,0,0.00457
0.00079402,9.7056e-05,4.8941e-05,0.0050685,3.8108e-06
0.0019332,0,8.27e-10,3.1638e-09,0.00012631
0.0019882,7.0209e-11,1.7372e-10,3.5466e-10,1.0164e-10
0.0018483,0.0007488,4.7767e-06,8.8623e-06,9.2019e-08
0.0019882,0,6.9682e-10,0,2.7889e-08
0.0019588,2.5044e-05,3.6288e-05,0,4.7779e-05
0.001988,8.3257e-07,2.2351e-09,1.053e-08,6.2059e-11
0.00042213,0.0065489,0.0032558,1.3033e-05,1.292e-07
0.0011244,3.3958e-07,3.3071e-07,0.00027416,0.0018399
4.1198e-05,5.5e-09,6.0521e-08,1.025e-05,0.00447
8.425e-06,1.1267e-13,5.2402e-13,0,0.0045508
0.0019867,0,0,7.6422e-08,3.3521e-06
0.0001164,0.010204,0,4.1339e-06,1.6849e-13
0.0019806,2.2011e-07,3.315e-05,0,8.9305e-06
0.001127,0,9.8503e-11,3.1445e-08,0.0019796
0.0019882,2.6966e-08,4.3829e-09,1.0941e-07,3.9033e-10
4.2232e-07,1.1595e-07,1.215e-06,0.002109,0.0034504
1.1985e-05,1.4184e-13,6.8506e-13,0,0.0045426
0.0019869,5.92e-09,2.7784e-08,0,2.8707e-06
0.0019861,3.4172e-07,8.6955e-07,5.5884e-06,1.3891e-06
1.8719e-06,2.1015e-08,2.7061e-08,0.00076611,0.0041595
0,0,0,0,0
0.0019879,0,2.3176e-06,3.609e-08,0
0.0010397,1.6869e-06,3.2229e-06,0.0005796,0.0018713
0.0019882,0,0,0,0
0,0,0,0,0
0.0018841,0.00043129,0.00020971,7.0632e-06,1.9076e-07
1.9297e-07,1.2906e-12,2.145e-12,0,0.0045697
0.00062538,0,2.0263e-07,1.7639e-05,0.0031232
0.00014923,0,3.1647e-10,3.891e-07,0.0042269
0.001988,4.5899e-07,0,5.2579e-07,1.2724e-08
0.0019216,6.8933e-06,0,0.00025044,1.7383e-05
0.0019797,1.5331e-07,3.6786e-07,2.0163e-06,1.8251e-05
0.0019881,0,4.5894e-07,0,1.5678e-08
0.00049065,3.8848e-09,1.0039e-09,0.00018843,0.0033424
4.98e-05,2.8386e-08,3.6547e-06,0.00059409,0.0041397
7.0422e-06,0.00043441,0.016877,0.00010136,3.5982e-11
3.9716e-07,0.0053038,0.0091096,7.1788e-06,3.667e-14
3.9548e-07,0,1.1745e-07,7.3801e-05,0.00453
0.0019872,5.2892e-06,0,2.5835e-11,2.7106e-14
2.0057e-09,6.3878e-10,1.5806e-07,0.0035169,0.0027051
0.0016176,7.846e-05,0.0025598,0.00030816,7.0291e-07
0.0019709,3.5572e-06,3.9431e-05,2.9384e-05,1.2648e-05
3.6827e-08,1.1049e-08,2.9509e-07,0.0028312,0.0030686
0.0019876,2.2624e-10,1.3006e-07,1.2108e-07,1.1712e-06
0.00042705,2.6256e-13,6.6866e-13,0,0.0035885
0.0019878,2.2713e-06,0,3.1735e-09,1.512e-12
0.00015159,0.0057396,0.0065905,0.00022053,2.3267e-08
0.0019881,0,0,4.2098e-07,0
0.0017725,0.00081706,0.00021662,0.00018058,2.601e-07
0.0019873,0,0,3.1126e-07,1.9358e-06
0,0,3.0647e-07,1.6143e-05,0.0045615
0.0019879,0,2.2289e-10,3.1645e-10,5.8275e-07
0.0019439,0,1.4841e-09,9.0197e-09,0.00010181
0.0019448,8.7013e-09,3.1053e-07,2.1351e-05,8.8384e-05
0.001968,0,0.00017399,3.6642e-06,6.4146e-10
5.9858e-07,0.0094626,0.0022492,1.0481e-05,2.9319e-10
1.6476e-08,2.5278e-08,1.5817e-06,0.00079164,0.0041499
0.0019315,0,0,2.8078e-07,0.00013007
0.0019878,0,6.7471e-11,5.2052e-10,8.4398e-07
0.001922,0,8.5544e-05,0,0.00013036
0,0.0018619,0.009008,0.0027932,0
2.6566e-09,1.411e-12,6.7403e-11,4.7673e-06,0.0045676
0.00088994,4.1271e-05,0.00076611,0.0043537,2.4351e-06
0.0013683,7.3274e-06,0.00026432,0.001309,0.00066016
9.909e-05,0.010277,3.8653e-05,6.3914e-07,9.975e-07
0.0019874,4.3886e-06,9.0881e-08,0,0
2.62e-07,5.9013e-11,6.803e-08,0.0001136,0.0045093
0,0.0035638,0.0027728,0.0044479,2.6944e-07
0.0019817,8.7739e-06,2.3033e-07,1.9561e-08,1.1209e-05
0.00012778,0,2.8593e-08,1.3966e-06,0.0042757
4.2461e-06,1.2839e-05,0.0099025,0.003807,3.1196e-06
0.0019662,2.3635e-09,2.4841e-08,0,5.0657e-05
1.4216e-06,0.007846,0.004176,0.00036213,2.1945e-08
8.3722e-05,0,0,6.0833e-07,0.0043774
0.0018848,0.00045508,0.00017896,0,1.6115e-07
3.0032e-05,0.0064445,0.0069082,3.4051e-05,8.6507e-10
0.0019779,5.3202e-05,5.3177e-06,0,0
5.342e-05,0.0089773,0.0024943,4.8957e-05,5.6079e-11
0.0019806,0,7.8262e-10,0,1.75e-05
0.0019594,0,0.00022587,1.1611e-05,2.1908e-06
0.0017867,2.1243e-06,4.5616e-07,4.5208e-06,0.0004598
0,0,1.9221e-13,8.3746e-11,0.0045701
1.504e-05,0,1.842e-08,0.0001063,0.0044792
0.0019515,7.3041e-08,4.0014e-07,0.00012982,1.5383e-05
0,0.010032,0.0013268,5.53e-06,1.1678e-07
5.8787e-05,0.00029864,0.0080528,0.0042307,5.7688e-06
0.00050704,0,2.4933e-10,4.0577e-09,0.0034046
0.0019854,9.8592e-06,3.556e-08,3.5195e-06,4.7558e-07
0.0019882,0,0,0,0
0.00021464,2.3585e-09,7.7277e-09,0,0.0040767
0.0016304,0,8.042e-08,1.96e-07,0.00082233
7.5137e-05,3.2363e-06,5.3216e-05,0.0081873,4.0823e-05
5.7334e-07,7.5604e-09,2.7655e-07,0.00084862,0.0041187
5.2006e-06,0.010808,1.2108e-05,5.0812e-07,2.1698e-10
0.0019778,4.8091e-08,1.5571e-06,5.7634e-06,2.0373e-05
0.0019881,4.816e-07,1.2811e-08,5.3197e-08,3.9969e-10
0.0014227,4.0724e-06,7.0223e-06,0.0018204,0.00033105
0.0003915,1.2152e-06,0,0.0069132,3.7332e-06
0.00010478,0.0015573,0.0080503,0.0030413,9.7805e-07
0.001749,2.7692e-07,7.5557e-07,0.00021041,0.00043788
0.0019874,0,0,6.625e-09,1.9063e-06
0.00038281,0,2.7129e-08,7.7533e-07,0.0036898
0.001975,0,0,1.0955e-08,3.0226e-05
0.00032584,0.001191,0,0.0018696,0.0023278
2.3003e-06,1.7531e-07,0,0.00028616,0.004413
0.0019594,0,2.9858e-10,8.2718e-09,6.612e-05
0.0019882,0,4.8562e-08,0,3.9915e-09
0.0018308,7.343e-07,0,0.00066904,6.6545e-06
1.2112e-07,0.00022958,0.00056494,0.0081618,4.8949e-07
0.0019882,5.3796e-09,0,0,2.1871e-09
0.0019826,3.0895e-10,3.1472e-09,1.7608e-06,1.1869e-05
0.0019861,8.1177e-08,1.5561e-09,0,4.7292e-06
0.0018014,0,0,0,0.00042931
0.0019874,0,1.35e-07,0,1.8529e-06
0.00091166,0.00025661,1.1873e-05,0.00039374,0.0021546
0.00045806,0.0079829,0.00059685,5.3002e-07,2.8835e-11
0.00011966,0,3.3578e-10,4.5343e-05,0.004271
0.0019545,1.4543e-05,1.0787e-05,0.00012858,4.266e-07
0,0,0,0,0
0.0010205,0.0052454,0,2.5735e-05,1.4262e-07
0.0017043,1.5649e-06,0,0.0011162,5.9972e-05
1.6366e-09,1.6255e-12,1.1721e-11,0,0.0045701
6.8343e-08,4.8807e-07,0.017273,0,0.00015125
0.0018994,0,1.1039e-07,7.7173e-08,0.00020405
0.0019875,0,1.2166e-06,0,1.3702e-06
0.0019735,2.7974e-09,4.9412e-09,0,3.3797e-05
6.8834e-06,4.3367e-10,3.1472e-09,1.9057e-06,0.0045533
8.6153e-06,0.010731,0.00010888,1.4865e-08,1.509e-13
0.0013108,0,0.0060873,0,8.1278e-14
5.5708e-06,0,6.3083e-07,0.0017816,0.0036124
3.8071e-08,1.649e-08,1.0642e-06,0,0.0045698
0.0018868,3.8041e-08,2.977e-07,0,0.00023299
0.001915,2.6333e-05,0,0.00029562,4.3326e-07
0.001988,2.9506e-08,8.6902e-09,6.4877e-07,1.9545e-08
0.0019881,0,5.5384e-07,0,0
0,0,0,0,0.0045701
0.0019882,0,0,0,0
5.9619e-06,0.010653,0.00025124,4.6637e-06,4.6188e-11
0,0,0,0,0
1.6443e-06,1.178e-07,3.0152e-06,0.0013134,0.0038691
8.4006e-05,0.010377,1.3923e-05,3.8693e-07,9.364e-11
8.0602e-06,3.313e-07,0.00014312,0.0065471,0.001043
0.0019875,1.7049e-11,5.2783e-11,2.0837e-08,1.5038e-06
0.0011702,0,7.8554e-07,1.2808e-05,0.0018733
1.9636e-05,1.319e-07,2.6096e-06,0.0082528,0.00014791
0,0,0.0012537,0,0.0042494
2.256e-06,1.3774e-05,4.548e-05,0.0085683,3.8832e-06
0.0019882,0,5.8532e-10,0,4.9113e-10
8.512e-05,0.0031614,0.011884,4.0026e-06,4.7614e-11
0.00098287,0.0010597,0.0059959,0.00062289,2.1697e-07
0.0019882,0,0,2.912e-11,3.4623e-09
0.0017887,8.3495e-05,0.00024695,0.00060799,3.7918e-05
0.0001511,0,2.1868e-06,1.3093e-05,0.0042153
0.0019882,2.3373e-10,2.6855e-10,5.267e-11,0
0.00058833,0.0065259,0.0018192,4.1103e-06,9.2802e-09
0.0019219,0.00033123,2.1294e-05,1.382e-05,7.3874e-08
0.00089982,0,1.1263e-09,9.9044e-06,0.0024965
0.0019881,0,8.7529e-07,0,1.0954e-09
0.0001876,1.7902e-05,0.00029471,0.0076235,1.3347e-05
2.4325e-05,0.0043946,0.0012173,0.004429,2.168e-06
0,0,0,2.9892e-06,0.0045685
3.0737e-06,1.3809e-11,0,2.0437e-05,0.0045522
0.0019828,0,4.7763e-05,0,9.4566e-08
0.0019424,1.0849e-06,1.4086e-07,0.00017759,1.0644e-05
1.8777e-07,3.3707e-07,3.9353e-07,0.008617,0
0.0019816,2.659e-07,8.2115e-07,2.7584e-05,2.0212e-07
0.00055655,0.00041534,4.0889e-05,0.00031218,0.0029398
0.0018365,0,0,8.8882e-11,0.00034871
6.3883e-05,8.4972e-07,5.5238e-06,0.0068903,0.00076768
0,0.0099751,0,0.00069071,1.1778e-08
0.0019823,0,3.351e-11,0,1.3524e-05
0.0016448,0,1.7562e-09,0,0.00078935
2.0014e-08,1.5469e-15,5.7618e-14,0,0.0045701
0.0019865,5.8197e-06,0,0,1.3536e-06
3.8335e-07,0,2.8043e-10,3.9476e-07,0.004569
6.0082e-06,6.1656e-07,8.2537e-06,0.0036719,0.0026068
5.8108e-05,5.4078e-06,0.00043838,0.0081382,6.5983e-06
0,0,0,0,0
0.0017154,0.001478,1.6188e-05,1.4368e-08,6.7295e-13
6.2586e-06,0.0019256,0.013349,0.0006212,6.9298e-08
0.0019877,0,0,1.3744e-08,1.1348e-06
1.0179e-05,0.0019548,0.0082723,0.0029628,3.5791e-05
0.00078066,0,0.0015715,0.0044762,1.3368e-08
0.0014203,0,0,1.4937e-08,0.0013053
0.00012793,1.1597e-06,0,2.9613e-06,0.004274
0.001979,0,1.2865e-12,0,2.1034e-05
1.2321e-07,0.010456,0.00052776,5.3421e-05,1.6375e-09
0.0019857,4.6146e-06,1.7527e-07,6.3073e-06,4.36e-07
0.0010387,6.8918e-10,3.7978e-07,0,0.0021824
0.0019532,0.00017525,2.2057e-05,1.5771e-06,1.5073e-10
0.0019881,2.1496e-07,3.0956e-08,0,5.8009e-08
0.0018117,0,1.2598e-05,0,0.00040244
5.2834e-07,0.00089286,0.012256,0.0019491,2.4056e-05
0.00021638,9.7127e-06,0.00046498,0.0073719,4.0493e-05
0.0019881,0,8.5985e-07,6.4056e-10,4.2521e-10
0.00098669,0.0049992,0.00074795,7.3803e-06,5.1002e-10
0.0015767,0.00060194,0,0.0013037,8.0665e-07
0.0018375,5.7366e-10,0,1.7096e-06,0.00034545
2.2006e-07,8.1749e-14,6.2518e-13,0,0.0045696
7.9191e-05,1.5246e-05,5.7071e-06,0.0024813,0.0030644
0.0019875,0,0,1.3639e-08,1.5151e-06
0,0,0,0,0
7.2331e-07,0.0058109,0.0082808,2.5453e-06,3.1238e-15
0.0011284,0.0046031,0.00013114,5.5117e-06,7.3981e-10
3.7221e-06,0.010776,7.8421e-05,2.5861e-07,9.3927e-12
0.00063602,0,0.011789,2.88e-05,7.7294e-05
0,0,0,0,0
3.4631e-06,1.7861e-08,6.5155e-07,0.001192,0.0039299
0.0019524,0.00017786,1.6602e-06,1.3106e-05,1.2613e-08
4.3585e-05,0.010375,0.0003688,5.8123e-06,5.7743e-12
2.604e-06,0,2.4747e-07,4.8608e-05,0.0045383
0.0019672,0,0,6.4646e-10,4.8239e-05
0.0018895,0.00046092,0.00012712,3.3312e-07,0
0.00048543,8.5483e-06,0,0,0.0034507
0.0018034,9.2499e-05,0.00018641,0.00013841,0.00026479
6.999e-07,2.1432e-14,1.234e-12,0,0.0045685
0,0.00016344,0.017476,5.8178e-05,2.0076e-11
0.00020014,0.00021224,0.015718,0,5.7826e-09
0.0019881,1.7214e-10,0,1.9138e-07,1.5202e-07
0.0017639,0.00082454,0.00064654,3.6796e-06,8.1132e-07
0.0019882,0,0,5.9201e-09,0
0.0019881,3.9773e-08,0,2.1409e-07,1.4135e-07
2.5927e-05,6.278e-07,1.9891e-05,0.0070059,0.00079007
0.0019065,6.0067e-11,1.8718e-11,8.2004e-07,0.00018738
2.5035e-06,0.0042315,0.00029039,0.0051036,4.6305e-07
6.338e-07,0,7.6761e-08,9.714e-06,0.0045635
5.1676e-05,0.0068569,0.00014799,0.0027236,7.9471e-05
0.0018649,0.00011224,0,0.00044485,1.1649e-07
0.0012868,1.3955e-06,1.8123e-05,6.1367e-05,0.0015745
3.8812e-07,0.0051847,0,0.0044921,2.1314e-06
0.001543,3.5429e-07,0.00087788,0.00038684,0.00059357
0.0019644,6.4537e-05,0,5.1878e-05,1.7474e-08
0.00072531,2.7113e-09,6.955e-09,0.00023223,0.0027797
4.3702e-07,7.2533e-07,2.0723e-05,0.0079352,0.0003556
0.0019729,2.3309e-08,0,9.5728e-06,3.0143e-05
0.0019882,1.3158e-07,3.8538e-10,6.3712e-10,3.4477e-11
0.00079062,2.3095e-05,0.0067225,0.0011897,0.0003926
8.8276e-10,0,5.6816e-12,3.1122e-07,0.00457
0.00023213,0,7.1649e-09,7.1334e-06,0.0040328
0.0019828,5.0973e-07,0,2.2585e-05,1.2291e-07
0.0019235,2.1391e-11,3.0541e-11,0,0.00014862
0.0018445,3.2158e-05,3.928e-05,0.00053661,2.2258e-05
0.0016535,0.00025059,8.1803e-05,0.00097017,0.00012835
0.0019848,1.92e-06,2.692e-05,1.2609e-07,0
0.0015368,0,2.6907e-11,7.4281e-07,0.0010371
1.2818e-05,0.010713,6.4851e-05,1.5748e-05,8.6248e-07
0,0,0,6.2496e-05,0.004537
2.8777e-05,0.0022225,0.013111,0.00040174,5.7262e-07
0.0019869,0,3.4111e-08,0,2.9068e-06
0.0019521,0.0001397,8.3335e-05,5.2345e-06,2.6639e-08
1.0915e-05,0.00016986,0.00016201,0.0083276,1.6025e-05
0.0019561,0,2.5533e-07,0,7.3832e-05
0.0019882,0,1.0331e-09,0,1.4808e-10
0.0019881,0,2.4915e-11,5.5063e-11,2.7594e-07
0.0019871,5.8418e-06,2.7549e-07,3.4222e-08,2.1828e-10
0.0019879,1.4669e-06,8.0794e-08,2.8128e-07,3.1713e-09
0.0013029,0.00357,0.00027483,5.2294e-07,6.7282e-08
0.0019466,0.00022578,9.4651e-07,2.2346e-07,1.6536e-11
0.001988,0,0,1.8836e-12,3.7703e-07
0,5.7465e-08,0,2.8238e-06,0.0045686
4.0321e-07,8.9963e-13,7.702e-10,8.277e-07,0.0045688
0.001988,0,2.0484e-07,1.0145e-08,4.3976e-07
0.00014434,0,2.8956e-06,0.0070229,0.00051346
0.0015124,0,4.5935e-09,0,0.0010936
0.0019882,0,2.7207e-09,2.7168e-09,8.5527e-09
0.0015335,1.1904e-06,7.2794e-07,0.00012319,0.00097918
0.0019195,5.896e-07,2.4908e-06,0.00011498,9.5967e-05
1.1735e-09,7.1896e-14,8.5806e-12,0,0.0045701
0.0019882,0,0,0,0
0.0019874,2.4694e-06,6.5755e-07,8.7517e-07,8.9989e-08
0,3.3634e-06,3.637e-05,0.0018508,0.003578
0.0019828,0,2.8424e-13,6.5914e-11,1.2384e-05
0.0016178,1.4806e-06,6.4759e-06,0.001601,1.0199e-07
0.00054023,0.0006464,0.0011183,0.0048577,0.00019388
0.0019882,0,1.8125e-07,0,0
0.0019542,0.00013894,7.5264e-05,5.9982e-07,1.9414e-08
0.001549,0,0,8.4851e-08,0.0010096
0.0019707,7.7596e-05,2.7593e-05,8.1294e-07,2.6347e-08
1.4898e-06,0.0090385,0.00016213,0.0013416,4.6557e-06
0.0018377,0.00026511,5.4079e-05,0.00018242,0.00012363
4.0725e-05,0,2.6661e-10,9.9297e-05,0.0044239
0.0013983,0,4.8037e-05,0.00097985,0.00082396
0.0008126,6.7347e-07,1.007e-07,7.6487e-05,0.0026614
0.0019882,0,0,0,0
0.0019876,1.7611e-07,0,2.6635e-06,0
7.8634e-08,0,0,2.2398e-08,0.0045699
0.0014372,0.0028728,0,0.00010507,2.4156e-08
8.6805e-13,0,2.2016e-13,1.4187e-07,0.00457
0,5.8174e-07,1.9769e-07,0.0080549,0.00029845
8.6101e-06,0,6.3939e-05,8.4314e-05,0.0044893
8.7166e-06,5.8015e-05,0.017692,0,1.0946e-09
0.0001131,0.0049144,0.0083296,5.6004e-05,7.8646e-05
7.3726e-06,0.0080468,0.0045425,2.7382e-09,2.0307e-14
0.00087717,0.0020885,4.3108e-05,0.0030513,4.4584e-05
3.2709e-05,4.2229e-06,0.00019244,0.0082655,6.088e-05
1.9785e-07,3.0197e-06,1.4014e-05,0.0085909,9.2078e-06
0.0019789,0,1.692e-09,4.042e-05,0
1.0003e-05,0.0037143,0.0029311,0.0041767,1.7188e-05
0.0019874,0,5.7363e-06,0,4.4278e-07
4.022e-05,0,0,4.9231e-07,0.0044774
0.0019882,0,0,0,0
9.1519e-06,3.8152e-08,0,0.0032147,0.0028444
0.0019867,0,0,9.5646e-09,3.4517e-06
6.8918e-06,0,5.3458e-08,4.7382e-05,0.0045291
0.0019834,7.7779e-08,0,1.9937e-05,3.5103e-07
0,0.0087562,0.00058633,0.00028618,0.00057822
0.0019787,0,5.8769e-06,0,2.0371e-05
4.7223e-05,7.4082e-07,2.3815e-05,0.0017112,0.0035478
0.0019882,0,0,3.1982e-12,0
0.0019876,2.4948e-08,0,2.5747e-06,1.5058e-08
0.0019804,0,4.0352e-13,2.0435e-10,1.7817e-05
0.0019767,0,3.0931e-06,7.7034e-06,2.1502e-05
0.0019879,8.4207e-07,0,7.1522e-07,7.6149e-11
0,8.9992e-11,0,5.7795e-07,0.0045698
6.768e-05,0,0.0011364,0.003239,0.0024063
0.0019882,1.021e-08,0,3.0883e-09,1.5375e-08
0,0,0,0,0
0.0003174,0.00022357,0.00116,0.0063893,6.1443e-05
0,2.5715e-06,0.00014387,0.0064098,0.0011332
1.7987e-06,8.4337e-06,2.9182e-05,0.0081967,0.00020841
3.1809e-05,5.0071e-06,4.0232e-06,0.008442,1.7196e-05
0.00029227,0.0065356,0.0019826,0.00090807,0.00015529
0.001168,0.00026667,0.00022943,0.0029068,0.00017291
0.001979,4.4043e-05,2.6646e-06,3.5633e-06,1.4544e-08
0.0018498,0,6.8394e-08,5.0048e-08,0.00031812
0.001988,4.7607e-09,0,3.8336e-07,1.4065e-07
0.0019882,0,0,1.8499e-09,6.1767e-09
0.0019843,0,5.265e-08,1.6852e-05,0
0.00019787,0.0042368,0.0068658,0.0010814,3.0129e-08
0.0013807,3.3086e-05,0.0018922,0,0.00089855
6.7824e-06,0.0021693,0.010919,0.0015978,1.0453e-08
0.0019882,0,0,0,0
0.0015123,0.0024291,0.00027451,0,0
0.0019882,0,0,1.9997e-09,8.1739e-09
3.8438e-06,0.010736,0.00014393,1.414e-07,8.0357e-12
0.0019308,5.1866e-05,0.00039564,1.6876e-05,4.1173e-09
0.0019595,1.8644e-05,1.4853e-05,7.4151e-05,1.5022e-05
0.0014398,2.7033e-06,2.0275e-05,0.0023651,0
0.00078473,5.1086e-06,0.009473,0.00036709,0.00014633
9.1976e-06,2.1751e-10,4.0228e-09,0,0.004549
