1.1445e-09,0,5.3837e-12,5.8649e-08,0.0046564
0.0010407,2.614e-06,7.1581e-05,0.0023379,0.00030789
4.6077e-08,7.0995e-06,0.011335,0.0023705,9.8677e-07
0.00204,1.5544e-05,1.1159e-05,1.902e-07,1.5503e-08
0.0020374,1.5303e-06,3.1336e-05,1.9542e-06,4.3627e-06
0.0019334,0,7.1216e-14,9.2911e-11,0.00025083
0.00040977,4.7811e-06,2.2874e-05,0.0044334,5.1943e-08
8.7011e-05,0.0099619,0.0054694,5.3816e-07,6.6293e-13
0.0016288,2.0304e-08,1.9659e-07,0.0001252,0.00083981
0.0019303,0.00077223,4.208e-05,2.4148e-06,7.9492e-09
0.0020333,6.7422e-05,6.3962e-06,1.4363e-07,2.6665e-09
0.0020065,0,0,7.9219e-05,1.7734e-05
0.0020434,1.2265e-10,1.7823e-08,0,1.2114e-08
1.0153e-05,0.0063922,0.010834,5.9515e-05,1.2615e-10
0.0020432,0,0,7.2598e-07,0
0.0019569,0,0,0.00023181,3.0325e-06
0.0020121,2.6526e-07,8.7625e-07,4.1574e-05,3.6385e-05
1.8601e-05,0,8.5844e-08,1.1402e-05,0.0046045
3.9227e-08,0,9.9172e-10,8.6821e-05,0.0045836
0.0020434,3.1184e-09,1.038e-09,4.362e-09,2.1304e-07
0.0016206,3.2418e-10,1.188e-06,0.00012629,0.00085748
2.1246e-10,6.2181e-11,3.2224e-10,8.5572e-05,0.0045847
0,0.012674,0.0011602,0.00041638,1.1161e-07
1.334e-06,0,4.3008e-11,0,0.0046534
0.0013305,0.0026203,0.0024045,0.00026827,6.286e-08
3.8509e-06,0.0044242,0.011342,0.00068149,1.4385e-11
0.00018372,0,1.0611e-10,3.2518e-09,0.0042378
1.8273e-05,0.0067418,0.0082667,0.00062534,3.7798e-09
0.0011336,0.00013404,0.0084232,5.8547e-05,2.9732e-08
0,0,0.00028741,3.2883e-05,0.0045613
2.9627e-05,0,1.5917e-14,2.4021e-11,0.0045889
0.0020428,0,0,8.2776e-07,7.4933e-07
3.0661e-05,0,1.1881e-06,5.8477e-05,0.0045373
0.0020426,0,0,1.5283e-10,1.9839e-06
5.7109e-07,1.5841e-05,5.6539e-07,0.0049676,0.00048647
3.3625e-06,4.7018e-10,2.102e-07,0.00057947,0.004163
0.00016292,0,4.072e-11,3.5555e-07,0.0042849
0.0020395,7.3291e-07,2.0256e-06,3.8225e-06,5.0845e-06
6.6282e-05,0.00043039,0.018067,0.00014114,1.5994e-07
0.0020398,5.4586e-06,3.8646e-06,6.6213e-06,1.5094e-09
0.0020008,2.0717e-05,0.00014506,6.7338e-05,7.0375e-09
0.0020381,6.8227e-10,1.1184e-08,1.3565e-07,1.2149e-05
0.0020428,2.6345e-06,9.0988e-07,5.218e-07,1.4647e-09
0.00091696,0,1.1876e-08,7.4954e-06,0.0025606
2.7219e-06,7.6893e-10,1.193e-07,0.00086351,0.0039265
0.00013587,1.5368e-05,0.00053403,0.0049349,8.0266e-05
0.0020431,0,0,5.6511e-07,2.4144e-07
0.0019907,0.00031264,8.2445e-05,1.4007e-06,1.1267e-12
0.0017706,0,1.5377e-08,1.9197e-07,0.00062166
8.2729e-07,8.3879e-08,6.7894e-07,9.4729e-06,0.0046464
0.0020433,0,4.4551e-11,2.1194e-08,3.2104e-07
0.0013763,0,1.3159e-08,2.8262e-07,0.00152
0.0020421,0,3.9093e-06,8.5072e-07,1.5228e-06
0.0015424,0.00032701,0.0028741,0.00043096,3.1345e-07
0.0020242,0.00012485,5.023e-06,3.3946e-06,1.4847e-09
0.0017293,8.063e-05,6.2558e-06,0.00082163,1.7173e-08
2.7336e-06,0,2.9487e-06,0.0032621,0.0019155
0.0020385,5.0518e-07,1.1272e-06,1.2766e-05,2.1497e-07
0.0020413,0,1.3505e-09,3.3025e-08,4.8134e-06
0.0020431,0,2.4039e-06,2.4421e-07,1.4496e-08
0.0020434,0,0,0,0
0.002042,0,2.0689e-06,5.6871e-07,2.3151e-06
0.0017972,0.0016987,8.6235e-05,2.1447e-07,4.2002e-11
0.0020413,1.6009e-06,7.2247e-07,4.6838e-06,3.4147e-07
0.0020319,3.3942e-06,6.8431e-06,2.0419e-05,6.6155e-06
0.00035307,0.012036,8.7012e-05,5.307e-10,9.948e-13
0.0020265,5.8378e-06,0,4.1115e-05,2.3698e-06
0.0011349,9.4667e-05,0.00020205,0.0023759,1.3592e-06
0.0020434,0,0,2.0446e-07,1.1088e-09
0.0020431,0,1.3067e-08,9.6656e-07,5.3754e-08
9.2526e-05,0.0013898,0.017016,3.9293e-07,1.2205e-10
0.00045317,0,0,0.0041091,0.00017983
0.0020399,3.6324e-08,1.8019e-07,3.1907e-06,5.4386e-06
0,0.00022511,0.0012107,0.0051017,2.4085e-05
0.0020404,0,0,4.633e-06,2.984e-06
0.0011464,0.0064168,6.5347e-06,4.293e-10,5.9489e-14
1.5177e-05,0.013909,0.00082541,0,4.9688e-08
2.6882e-05,0,1.1509e-07,4.7685e-06,0.0045911
2.7965e-05,0.00045372,0.018908,5.4463e-07,6.2478e-13
0.0018762,1.5735e-11,0,3.4292e-07,0.00038081
4.2558e-05,0.013485,0.0010533,0,1.9041e-05
1.3896e-06,0.00029519,0.014843,0.0012737,1.1253e-07
0.0018907,0.00068471,0.00013778,0.00011605,4.0643e-07
0.00015317,0.013287,0.00023905,2.5207e-05,5.1624e-07
1.7378e-05,1.806e-05,2.6352e-06,0.0037706,0.0014502
0.0020422,1.943e-10,4.3283e-12,1.464e-10,2.8504e-06
0.0020427,0,1.6341e-09,1.3751e-09,1.7834e-06
0.00021013,0.00086713,0.00040941,0.0045381,1.7874e-06
0.00078523,0.0012042,0.0061656,0.0012326,2.9422e-07
0.0020411,1.1405e-05,6.6109e-06,0,7.9359e-08
1.7574e-06,0,1.1317e-08,2.4542e-06,0.0046504
0.0020432,1.0761e-07,0,6.3446e-07,2.7519e-08
0.0020078,2.1853e-07,3.1277e-09,6.1548e-09,8.1055e-05
3.0888e-05,0,1.0098e-07,4.3188e-06,0.0045824
1.7538e-08,0.014554,7.0516e-05,8.2485e-06,2.6946e-12
0.0014277,0.00055294,0.0018508,0.00086923,6.3127e-05
0.0018698,1.919e-05,7.6219e-06,0.00046005,2.1386e-06
5.1742e-06,0.00023957,0.00036081,0.0053494,2.1081e-09
0.0020427,0,2.4343e-11,5.4616e-10,1.7693e-06
5.6304e-07,0.003156,0.0085404,0.0019528,4.7855e-06
0.00015808,0.0085118,0.0045242,0.00062334,8.415e-09
2.4796e-06,3.0573e-07,1.7545e-05,0.0051888,0.00029768
4.1012e-06,0,3.7381e-09,1.641e-06,0.0046457
0.0020324,7.0181e-05,0,3.5116e-06,3.6554e-10
0.0020109,0,0,0,7.4122e-05
0.0020431,0,0,0,8.0086e-07
0.0017201,2.7354e-09,4.4355e-08,2.3939e-05,0.00071668
1.9566e-10,3.6435e-12,7.6499e-11,1.8546e-05,0.0046409
4.4383e-12,0,0,1.1814e-07,0.0046563
0.0020432,1.5768e-06,1.1601e-07,6.2195e-08,2.7128e-09
0.0020417,1.0502e-05,1.6766e-06,1.1599e-07,3.8738e-08
4.4547e-06,0.00054178,0.0048835,0.0031114,0.00071731
0.0019559,0.0003836,0.00018098,3.6375e-05,4.4309e-06
0.0020394,9.7025e-07,2.344e-06,7.3634e-06,2.1179e-06
2.877e-09,5.6703e-10,1.1769e-08,0.00082322,0.0039665
0.00061003,3.568e-05,2.9971e-05,0.0038709,3.6303e-06
0.00057543,0.0092479,0.001705,3.3432e-07,0
0.0012585,0,6.0185e-05,0.001425,0.00058025
0.00014828,3.0819e-06,0.00030602,0.0050653,2.0347e-07
0.0020249,0.00010473,9.7198e-06,7.9791e-06,1.7712e-08
0.0019615,2.9222e-06,0.00024538,0.00014259,8.5286e-06
2.5826e-05,0.0070557,0.0058054,0.0011698,5.4864e-06
0.002029,0,2.1887e-12,5.5786e-10,3.2949e-05
5.4571e-06,1.632e-05,0.00043585,0.005412,3.2018e-07
1.1794e-05,0.012556,0.0017881,0.00025305,2.9399e-09
0.00096612,1.8179e-09,0,5.596e-05,0.002408
0.0020342,0,0,2.9755e-06,1.8654e-05
0.0011032,0,0,0.0025538,2.1966e-06
0.0020322,6.9369e-06,3.4546e-06,2.6858e-05,4.2588e-08
0.0018014,0,9.3176e-14,4.9854e-09,0.00055144
0.0020422,0,2.4311e-08,1.3598e-08,2.8497e-06
2.9063e-05,2.622e-06,1.996e-06,0.0053573,9.8779e-05
0.00085184,0,3.1589e-09,0.00030328,0.0024611
3.646e-07,0,1.3786e-08,1.1401e-07,0.0046555
0.0020078,8.3541e-12,0,6.6143e-06,7.5658e-05
0.0020239,0,1.4116e-13,7.6054e-12,4.4459e-05
0.0016998,0.00064094,0.0022904,4.627e-05,1.502e-06
5.0927e-06,8.1719e-11,3.2693e-08,0.00059639,0.004145
0.00020504,7.616e-07,3.4067e-07,0.00017989,0.0040381
0.00018007,0.0092271,0.0055621,5.9808e-07,2.962e-11
0.0020434,4.9403e-09,0,3.0012e-08,4.2199e-10
6.9703e-05,0.01244,0.0015675,0.00020157,4.1133e-08
9.5526e-06,3.347e-07,1.4237e-07,0.00010663,0.0045451
0.00014626,0.0098427,0.00094356,0.0011547,2.2107e-07
0.0020423,7.0305e-06,1.2784e-06,1.335e-07,2.0233e-09
0.0018916,2.1715e-10,4.8261e-08,6.1981e-06,0.00034073
0.00013955,0.0020183,0.0090941,0.0018109,3.8963e-05
0.0020431,0,1.3623e-06,3.9444e-07,1.816e-07
2.1252e-08,0,9.9616e-11,1.6738e-06,0.004655
1.0882e-07,0,0,3.3918e-05,0.0046277
0.0020057,0,0,0.00010229,3.6484e-07
6.0765e-05,0.00020514,0.0013125,0.0040681,0.00073432
4.1967e-08,0,6.6462e-10,9.6404e-07,0.0046555
0.0014158,0,6.4462e-11,1.6765e-09,0.0014303
9.7453e-07,4.8519e-11,2.1273e-08,0.0055519,9.7221e-07
0.0020403,8.9778e-06,1.1702e-05,1.7434e-06,4.6149e-08
0.001895,0,4.1099e-12,1.7256e-08,0.00033827
4.3818e-06,1.3436e-11,6.2125e-10,1.8659e-08,0.0046464
0.0017294,0.0022451,3.6304e-06,7.888e-09,1.3886e-09
0.00079229,0.0040368,4.8565e-05,0.00034293,0.0012672
0.0020433,1.4534e-09,2.2707e-09,5.6444e-08,3.583e-07
1.4871e-08,0,8.2543e-13,6.9751e-07,0.0046558
4.0828e-05,0.014013,0.00043194,1.3121e-06,6.3769e-09
0.0003808,0,5.2093e-10,2.8236e-08,0.0037887
0.0020389,0,5.2413e-11,5.6861e-09,1.0382e-05
0.0016591,0.0003718,0.00052189,0.00040653,0.00029407
0.0020403,5.8756e-08,1.8831e-06,7.8781e-06,2.1393e-07
0.00054584,1.0671e-06,0.00028014,0.0039736,1.599e-05
0.0015377,9.1276e-08,7.7171e-07,0.0013533,1.7922e-05
0.00033621,0.0036473,0.0020492,0.0026716,8.1323e-06
0.0018679,0,9.9251e-11,1.6142e-09,0.00040013
2.0592e-05,4.8003e-13,1.942e-10,7.8318e-10,0.0046095
2.5522e-07,7.7398e-10,3.2129e-08,0.001069,0.0037599
0.0019974,0.00021906,9.4844e-05,1.5375e-05,1.0023e-07
0.00017597,3.4956e-05,0.0010319,0.0047533,1.7744e-05
0.0020431,0,0,1.0315e-06,8.3832e-12
0.00010881,0.011659,0.0025732,0.0001097,3.1624e-09
0.00011205,0,3.1092e-08,0.00016779,0.0042605
0.00037042,1.9246e-06,0,0.0045479,0
2.5288e-07,1.1944e-05,0.019589,5.2444e-05,1.3458e-07
0.0017512,0.0011677,0.0011835,1.901e-05,3.2796e-09
0.0020428,0,0,2.9936e-10,1.4282e-06
5.9894e-06,0.012892,0.0010988,0.00033342,1.1601e-06
5.4347e-05,0,1.7764e-09,2.5997e-05,0.0045108
0.0020372,4.3723e-05,1.0114e-06,4.0452e-08,2.1906e-08
0.0020012,0,0,2.2488e-06,9.4487e-05
8.0879e-06,3.7669e-07,4.0907e-06,0.0055138,1.5666e-05
8.8769e-05,0.0095144,0.0026148,0.00096678,1.2352e-07
6.2487e-08,0.013785,0.0011259,3.9888e-06,6.9116e-09
0.0020434,2.093e-08,0,0,0
0.0020425,1.916e-06,5.5645e-06,2.2912e-07,3.0546e-10
0.0020145,0.00015907,9.2655e-06,7.7284e-06,6.6139e-06
3.8343e-05,0,4.6432e-15,4.0899e-11,0.0045691
0.0018266,2.4386e-08,1.0753e-05,5.6786e-05,0.00044404
2.0587e-06,0,7.2999e-12,2.5547e-09,0.0046517
0.0020434,0,0,8.9129e-08,1.0651e-08
0.0019073,1.0772e-05,0.00010061,7.94e-06,0.00027638
0,0.0028237,6.4499e-05,0.002478,0.0016655
0.0018646,0.00029373,0.00022716,0.00016715,0.00012062
0.00058745,2.6099e-08,0,0.003957,1.3263e-06
0.0010745,0.00029987,0.00033178,0.0024198,6.3617e-06
0.0014681,0.0041109,0,0,2.5335e-06
0.0020405,0,0,4.0852e-06,3.1818e-06
0.0020433,4.3261e-09,0,0,3.3184e-07
0.00076573,0,0.00042954,0.0023342,0.00085417
5.3016e-07,0,4.5012e-10,2.9782e-07,0.004655
0.0020428,3.3722e-08,8.0536e-08,5.6191e-07,1.0389e-06
0.0020434,3.5841e-10,4.1042e-11,9.6735e-09,2.9321e-09
0.0020327,0,0,1.3333e-07,2.4407e-05
0.0010784,2.5666e-05,0.00042607,0.0024944,3.1888e-08
0.0020433,1.3141e-07,1.3659e-07,1.3878e-07,1.5118e-07
0.00029817,0,1.7e-08,6.9473e-07,0.0039764
0.0019989,3.3669e-06,0.00039272,8.7861e-06,6.4107e-07
0.00069314,0.0093351,7.6389e-05,0.00010338,7.5563e-07
7.4222e-09,6.8463e-06,0.00028225,0.0047538,0.00060356
0.0019961,2.5141e-07,3.7573e-06,6.7886e-05,5.007e-05
0.00057097,0.0058544,0.00023569,0.0013161,0.00033328
1.0269e-10,1.3297e-12,8.84e-12,2.6838e-07,0.0046562
0.0020434,6.8955e-12,1.4494e-11,2.842e-09,4.0417e-08
2.6342e-05,9.2657e-08,7.9899e-07,0.0050099,0.00039723
8.1432e-06,0,1.7279e-09,9.5127e-09,0.0046379
0.00029478,0.0033593,0.012301,2.272e-05,2.6628e-06
9.8759e-06,0,2.5192e-07,1.207e-05,0.0046237
1.1867e-09,0,1.9942e-08,0.0045066,0.00087934
0.0018122,2.3099e-07,3.7998e-07,0.00062822,2.4675e-07
3.1064e-09,0,1.3525e-10,1.0335e-07,0.0046563
0.0020387,2.5065e-05,4.8865e-06,1.7996e-06,1.3211e-07
0.00025983,6.1649e-05,0.00078081,0.0040821,0.0004397
0.0016605,1.394e-10,8.2753e-10,0,0.00087263
2.188e-05,4.4137e-08,3.0687e-06,0.0052216,0.00022947
0.0019449,0,1.1017e-06,5.1864e-07,0.00022382
0.00055538,8.5442e-10,1.0245e-07,4.1357e-07,0.0033905
0.00022988,0.00074168,0.014821,0.00048904,8.5047e-08
0,0.00080273,0.018659,1.3861e-05,1.4944e-10
1.3784e-05,0.014421,0.0001265,5.4432e-06,1.9588e-07
0.00082222,1.7207e-10,2.349e-08,7.4387e-07,0.0027822
0.0020434,0,0,1.1441e-07,3.2717e-11
1.8882e-05,1.4428e-08,7.4484e-07,0.0052369,0.00022408
0.0020339,0,0,2.5922e-05,2.3381e-09
9.1122e-07,4.163e-06,0.00013996,0.0055124,6.5261e-10
0.0020415,0,5.3898e-08,1.9501e-08,4.4858e-06
0.0020434,0,0,1.8447e-09,4.2344e-09
0.0018881,0.00070701,0.00045173,2.6899e-05,2.6176e-08
0.0012984,1.1333e-07,3.5724e-06,0.0019081,9.7669e-05
2.3097e-09,2.6546e-11,6.3426e-10,0,0.0046564
0.002028,5.9868e-05,5.1555e-05,3.3598e-06,1.1648e-06
0.00036026,0,0,0.0045759,2.894e-07
1.0576e-06,1.0711e-10,1.3041e-07,9.1478e-05,0.0045773
3.5784e-05,0,6.7829e-09,0,0.0045749
2.5406e-07,0,3.5427e-12,6.7513e-07,0.0046553
0.0011588,0,9.1821e-05,0.00051908,0.0015593
0.00034666,0,1.746e-08,1.2095e-05,0.0038564
8.0762e-07,0,9.0935e-09,1.5135e-06,0.0046533
0.002041,1.6913e-05,4.917e-08,6.4808e-08,1.401e-07
0.0020421,1.2417e-07,8.6924e-09,3.0159e-06,5.5959e-07
0.00036303,5.8452e-07,5.9285e-06,0.004521,3.8467e-05
0.0015199,7.0143e-06,1.7311e-05,0.0009784,0.00036663
0.0020434,0,0,3.4165e-09,2.4667e-08
0.00039965,0.010872,0.00074124,0.000132,6.2104e-12
8.591e-06,0,0,0.0054215,9.298e-05
0.00080763,1.3234e-07,1.6326e-05,0.002976,0.0003179
2.1352e-06,0.0091506,9.3564e-05,0.0020385,8.2144e-06
0.0019553,1.7621e-05,2.9223e-05,0.00022338,1.1723e-06
8.966e-08,0,7.0892e-09,0,0.0046562
1.9733e-05,3.398e-10,9.511e-07,1.1051e-05,0.004602
0.0014997,5.219e-09,3.0702e-07,2.7934e-06,0.0012366
5.8366e-07,3.1267e-07,1.5949e-05,0.0013742,0.0034995
0.0018779,1.2658e-08,3.6223e-07,3.7918e-06,0.00037398
2.6873e-08,2.3335e-08,2.2251e-05,0.0055399,8.0336e-06
0.0020434,1.2125e-10,0,9.0958e-10,8.2921e-09
0,0.0027705,0.0077018,0.0023349,5.8208e-06
0.0014978,0.0014315,2.5418e-05,0.00092654,5.0701e-06
0.00024945,0.009845,0.0040266,8.2583e-06,7.1056e-12
0.0019197,0.0003201,0.00055184,5.9371e-05,5.9199e-07
0.0020433,0,0,3.0969e-07,4.8069e-10
1.4413e-07,8.0384e-09,9.608e-07,0.005186,0.00030932
1.0096e-08,0,4.3086e-08,1.5219e-07,0.0046563
0.0020434,0,0,4.0034e-09,0
0,7.3162e-06,5.2061e-07,0.0016524,0.0032691
0.0020425,0,0,2.4912e-06,1.0381e-09
0.00021466,0.00022874,0.012827,0.0012845,5.5699e-07
2.4872e-06,0,6.9342e-12,1.0615e-08,0.0046507
2.8608e-09,1.318e-09,1.1989e-07,0.0055525,2.7303e-06
0.0017939,0.00020048,1.6754e-06,1.8188e-05,0.00048921
0.0010066,0.0043875,0.0041062,0,5.9498e-11
0.00015321,7.4494e-06,8.3731e-07,0.0051328,2.8037e-06
2.2302e-06,5.1839e-08,9.6049e-06,0.0055215,2.1339e-05
0.0020221,0.00011735,4.0846e-05,2.0011e-06,4.4981e-09
6.464e-08,1.3395e-08,1.5895e-07,0.0055367,1.5788e-05
0.0019249,0,3.7301e-07,4.1471e-06,0.00026647
0.0020294,0,0,4.744e-08,3.192e-05
2.111e-05,0.0090204,0.00097063,0.0017984,1.3257e-06
2.0704e-05,8.5824e-08,2.7865e-06,0.0051051,0.00032989
0.00036836,0.0009991,0.0003809,0.0038577,0.00017618
0.001985,1.6355e-05,5.9494e-05,7.8492e-05,4.8244e-05
2.0628e-06,0,2.9782e-07,3.2125e-06,0.004649
0.0011312,0,4.2166e-05,7.2118e-05,0.0020084
0.0001463,1.433e-08,3.103e-07,0.0038296,0.0011133
0.0020299,2.3286e-05,2.1116e-06,2.7338e-05,5.8497e-08
0.00042159,0,6.7659e-08,4.7364e-06,0.0036918
0.0017618,1.0128e-06,9.1397e-05,3.6333e-05,0.00058963
0.0020365,0,0,0,1.5734e-05
5.1908e-06,0.00037765,3.5477e-05,0.0053861,1.82e-06
1.9842e-08,1.4076e-06,1.8526e-05,0.0055498,1.1835e-07
0.0019691,3.1722e-05,0.00066589,3.0435e-06,3.8776e-08
0.00032491,0.0029868,0.011806,0.00022428,9.3036e-08
0.0020432,0,2.0256e-07,4.4747e-07,1.6374e-07
0.0020248,5.1876e-05,6.1987e-05,1.3472e-05,1.2259e-08
0.0011196,5.1512e-07,9.0639e-06,0.0018677,0.00053757
0.0020206,5.7191e-06,6.7451e-06,9.888e-06,4.0465e-05
0.00023087,0.012716,0.0003415,2.6888e-06,0
2.6604e-05,0.00026767,0.00048494,0.0050767,0.0001416
6.5105e-05,3.4368e-05,0.0013056,0.0049931,5.1603e-06
0.0020434,0,0,3.2106e-08,1.1394e-08
1.982e-09,2.6237e-06,2.2776e-05,0.0055482,1.4031e-07
0.0010759,6.3247e-05,7.8165e-05,0.0025845,0
7.8317e-07,7.4013e-07,4.2938e-07,0.0055481,4.277e-06
0.0020434,0,0,1.4e-09,3.0101e-11
0.002036,5.0382e-07,3.1899e-07,1.7524e-05,2.143e-06
0.0020411,0,0,1.6291e-07,5.1658e-06
2.3667e-05,0.0032642,0.0011432,0.0039187,1.0152e-05
0.0020414,1.7092e-09,0,5.5631e-06,0
0.0018523,0.00067876,0.0008858,1.3156e-05,0
0.0019721,1.087e-08,5.1196e-07,0.00016965,2.0278e-05
0.0020433,0,0,4.612e-07,2.0331e-08
0.0019227,0.00024543,0.00052274,8.8185e-05,1.2959e-07
0.00039664,0.011381,0.00055214,0,8.6702e-09
1.9248e-05,0,4.884e-07,7.8204e-06,0.0046059
0.0019815,0,6.35e-12,2.3755e-08,0.00014118
0.0020434,0,0,5.0468e-10,4.4006e-12
0.0020434,0,0,1.7565e-08,1.6891e-11
0.0020434,5.8775e-08,1.8923e-08,0,2.665e-09
9.0041e-06,0,0,7.9573e-07,0.0046352
3.7939e-06,0,9.64e-11,4.405e-08,0.0046477
2.3024e-05,1.7416e-13,0,1.9007e-07,0.0046038
0.0020434,0,0,6.9229e-08,1.3539e-09
0.0019985,0,0,0.00012204,7.5844e-08
3.4259e-06,3.1453e-05,0.00042296,0.0054058,8.4048e-06
5.5472e-06,0,3.497e-11,3.1386e-07,0.0046435
2.7534e-06,0.0054211,0.011687,0.00020912,2.1869e-09
0.0014182,0,0,4.7939e-05,0.0013846
5.3297e-06,1.0037e-07,5.6174e-07,0.00084574,0.0039353
1.5623e-05,0,0,0.0055081,4.3276e-06
0.00084532,0,2.7408e-07,5.2526e-07,0.0027297
0.0020434,4.8883e-09,0,2.1743e-08,5.5069e-09
0.00043015,2e-05,3.0506e-05,0.004342,2.3516e-05
0.0018793,0,8.6558e-08,3.5633e-09,0.00037394
0.0020432,2.0625e-07,3.772e-08,7.5296e-08,4.1154e-07
0.00017487,0.0060066,0.009616,7.3314e-05,2.2432e-05
2.4244e-05,0.0067429,0.00177,0.0024319,1.1756e-07
0.00094342,8.7666e-10,5.7182e-05,0.0012268,0.001465
0.0020434,0,0,5.0632e-09,8.4084e-09
7.5541e-05,0.0041721,0.009468,0.0010515,4.7708e-05
0,0.0006426,0.00062701,0.0051357,1.8157e-08
8.2914e-07,0,2.0747e-12,1.1783e-09,0.0046545
1.3263e-05,0.014402,0.00017661,2.2261e-07,2.9582e-09
2.5974e-05,0,0,0.0015036,0.003337
1.1621e-05,0,9.7295e-10,0.0021976,0.002788
0.0020433,0,2.1274e-09,0,3.811e-07
2.4444e-05,2.2441e-05,0.0067053,0.0035986,1.4875e-07
0.0019005,7.1111e-09,1.2631e-07,3.9584e-06,0.00032229
4.2787e-07,0,4.572e-10,5.9026e-08,0.0046554
0.0018911,0.0010362,6.1333e-05,2.2357e-06,1.0962e-06
0.00025555,0.0051126,0.0097844,0.00017283,1.5308e-07
5.6532e-06,0.0002085,0.0059751,0.0036544,0.00010877
0.0020428,0,0,2.1534e-07,1.2989e-06
0.0019739,0.00019333,0.00035253,1.4376e-05,1.92e-06
0.002025,0,2.7498e-10,2.1139e-10,4.2115e-05
8.431e-07,1.2151e-05,4.6887e-05,0.0055357,0
0.0019708,0,1.2617e-09,3.1135e-10,0.00016551
7.3379e-08,4.999e-07,0.00090025,5.2627e-06,0.0044399
0.0020292,9.709e-05,4.05e-06,5.8532e-07,1.2326e-07
0.00016533,1.8676e-08,8.5249e-09,7.9933e-06,0.004273
0.0003319,0.0095228,0.0035228,4.3646e-05,3.5061e-06
0.0020434,1.7846e-10,0,8.3321e-12,7.2866e-10
0.0020418,0,0,4.5932e-06,5.0564e-10
1.3779e-05,0.00080365,0.018574,0,1.4657e-10
0.0010384,0,0,0.0027195,1.0929e-05
0.0019373,0.00065592,0.00012805,3.32e-06,1.6319e-07
6.9661e-09,0,0,3.8105e-12,0.0046564
0.0019461,0,0,6.6158e-09,0.00022175
0.0020434,0,4.2768e-09,2.1373e-11,4.1106e-08
0.0019425,6.6545e-06,4.7186e-06,0.0002705,1.7545e-09
0.001907,1.5804e-10,1.4511e-08,2.1316e-06,0.00030924
0.0018936,0,6.1676e-09,5.6543e-07,0.00034103
0.0020354,0,0,3.4839e-07,1.7953e-05
0.00062695,0,0,0.00058367,0.0027386
0.0019125,2.3736e-06,1.3714e-05,0.00031154,3.3247e-05
4.8606e-05,0.00089423,0.00075056,0.0048732,1.235e-07
0.00016099,0,3.1432e-13,2.6242e-09,0.0042896
0.0020316,2.4486e-05,4.4737e-06,2.15e-05,1.8747e-07
9.0815e-06,1.5323e-08,2.7484e-06,3.2099e-05,0.0046082
7.7656e-06,0.00090285,0.010856,0.0021448,5.4348e-09
1.9899e-09,1.1226e-07,3.2142e-07,0.0055542,1.1739e-06
0.00011358,0,9.8115e-06,0.0052442,0
4.0893e-06,0,7.6937e-10,1.3018e-05,0.0046362
1.2008e-07,2.1615e-08,3.26e-06,0.0053644,0.00015931
0.0006102,0.00018816,0.00091091,0.0018809,0.0014153
0.00093045,0,0,1.3632e-06,0.002535
0.0020434,0,0,5.6987e-13,6.3764e-13
0.0019551,0,0.00025468,0.00015722,9.5749e-06
0.0019915,0,0,0.00014116,1.4861e-10
0.0013707,0.00038325,0.0042571,0.00048499,3.0263e-06
1.5412e-05,0,5.0838e-05,0.0032433,0.001891
0.0020408,0,0,7.0611e-06,1.779e-10
0.00067005,0.0093357,0.00061,1.7036e-05,5.4112e-08
9.1889e-08,9.3742e-08,8.1561e-07,0.0055087,3.8981e-05
0.00076012,0,0,8.4488e-05,0.0028535
1.5948e-06,4.022e-06,8.1959e-06,0.0051712,0.00031549
7.2074e-06,0.0040953,0.012391,0.00046471,3.2107e-05
0.0013428,0,0.0017296,5.0673e-05,0.0011472
0.0020362,0,7.0787e-07,1.6784e-06,1.4997e-05
0.0017717,0,9.7179e-06,6.0923e-06,0.00061191
1.2391e-05,8.3501e-06,0.0016864,0.0049786,5.6139e-05
0.0018919,0,0,9.2069e-05,0.00026806
0.0020433,3.6019e-12,0,8.3747e-09,3.8004e-07
9.4574e-07,0.013588,4.2891e-05,0.00037916,9.5796e-07
0.0020021,6.4936e-06,5.3615e-08,9.6228e-05,1.1429e-05
4.5485e-06,0.012705,0.0018198,0.00020706,6.1162e-09
0.0020399,0,2.8642e-05,1.6917e-06,1.3396e-09
0,0,9.2825e-15,4.6392e-08,0.0046564
0.00011443,6.2927e-08,1.0073e-07,0.0038788,0.0011447
0.00095771,3.9646e-06,2.2908e-06,0.0029483,1.231e-06
0.0020335,0,2.4998e-05,1.9911e-05,1.6516e-07
0.0019024,0,0,3.8262e-09,0.00032147
0.001649,8.8571e-05,0.00099601,0.00049045,0.00022533
0.00044722,0.00028087,9.9416e-05,0.004204,1.0578e-06
0.0020421,0,0,8.5501e-10,3.1253e-06
0.00039853,6.6071e-05,0.0043869,0.0031563,4.9934e-05
0.0005553,0.0029805,0.00057561,0.0027525,0
5.8487e-05,0.00066855,0.00047288,0.00501,7.4024e-08
8.6671e-05,0,9.4021e-10,3.7222e-06,0.0044558
0.0020433,0,0,1.3405e-07,2.7371e-07
0.0012602,3.0788e-07,2.4099e-06,9.1129e-07,0.0017833
2.1187e-05,0.00050618,0.00026529,0.0051869,3.7303e-05
0.0020434,0,0,8.5461e-08,3.498e-08
0.0020173,0.00018001,9.1376e-06,2.181e-08,3.9214e-09
0.0010483,0.00033117,0.0016177,0.0020737,4.3781e-05
0.0020433,0,0,2.6363e-07,8.9523e-09
0.0019295,0,3.6835e-08,1.3375e-06,0.00025859
2.7553e-09,1.6632e-09,4.2238e-07,0.0054929,5.2557e-05
0,3.9382e-07,4.4157e-05,0.0025294,0.0025259
2.5857e-08,0.012001,0.003364,5.3339e-05,8.9232e-10
0.002039,0,0,9.5236e-06,2.1218e-06
5.9657e-05,0.0093806,0.0063321,5.3555e-05,0
0.0020434,0,0,5.8769e-11,6.3925e-12
4.2439e-05,0,1.1491e-09,9.5775e-09,0.0045597
0.0020431,0,2.4421e-12,3.5482e-09,8.6649e-07
0.00013499,7.9319e-05,8.6257e-05,0.0013596,0.0031638
0.0020432,0,6.5026e-10,2.7697e-09,6.6554e-07
0.0019745,0.00034659,8.2373e-05,3.2649e-05,0
3.3738e-05,0,1.481e-08,0.0011173,0.0036431
5.2697e-05,0.013903,9.2514e-05,0.00010603,0
0.0019393,0.00065759,9.9029e-05,5.5497e-06,4.0636e-08
1.3138e-08,6.0532e-14,1.672e-12,1.2993e-08,0.0046564
0.0014981,0,3.268e-10,1.4052e-08,0.0012426
0.0012537,0,9.8161e-08,2.9501e-06,0.001797
0.0010781,5.2397e-05,1.0215e-05,0.0010821,0.0012737
0.0020033,0.00019329,0.0001083,5.1227e-06,1.5618e-07
0.0008389,0,7.7366e-05,0.00070376,0.0021368
0.0001969,0,0,9.3078e-05,0.0041297
5.7842e-07,0.00021921,0.0010153,0.0051859,2.6374e-08
1.9775e-09,5.9533e-07,3.2272e-05,0.0055444,1.7241e-06
0.00093646,3.7876e-05,0.00048216,0.0022516,0.00050988
0.0020434,0,5.2151e-11,5.3158e-09,1.2452e-08
0.00085862,5.2374e-06,4.5583e-05,0.0032016,4.155e-06
0.0019303,1.6821e-08,2.2286e-07,7.2932e-07,0.00025716
1.9578e-08,0.0010259,0.018398,2.3625e-06,2.3237e-12
7.0703e-08,0,3.4252e-10,4.2893e-06,0.0046527
0.0020434,1.7111e-08,4.4122e-10,4.8943e-10,5.5216e-10
0.0020424,0,0,2.8194e-06,1.1145e-08
1.4752e-07,0,8.9559e-11,1.6382e-08,0.0046561
0.00014011,6.8372e-08,0,0.0050703,8.7598e-05
0.0020433,0,0,1.4607e-07,1.6586e-07
3.5968e-10,0,1.2008e-13,1.6581e-07,0.0046563
0.0019667,0,4.244e-12,3.0808e-08,0.00017483
0.0020139,0,0,0,6.7267e-05
0.0015662,1.0215e-09,2.7201e-05,0.00019014,0.00092165
4.2426e-08,0,0,2.9024e-05,0.004632
0.001471,0,2.2706e-10,5.357e-09,0.0013045
1.3619e-07,3.5013e-06,2.0612e-06,0.0035201,0.0017042
3.5247e-06,0.00014663,0.00039526,0.0053793,1.8155e-07
0.0010195,1.3042e-05,5.3403e-05,0.0024248,0.00028437
2.2501e-06,1.1265e-10,2.7536e-09,2.3782e-06,0.0046493
0.0017001,0,0,1.0819e-05,0.00077322
0.0018932,0.00037424,0.00042748,0.00014117,4.3819e-06
0,0.014576,6.9601e-05,1.8455e-08,9.5715e-16
4.8926e-09,0,3.3129e-14,2.0085e-10,0.0046564
0.0020019,0,0,0.00010285,8.5161e-06
0.001883,0,1.0884e-07,7.2927e-06,0.00035945
0.002031,0,0.0001185,3.1185e-07,1.2113e-07
0.00099841,0,1.1551e-13,2.6059e-09,0.0023813
0.00025492,0,1.1524e-05,0.0012064,0.0030617
0.0018859,0,0,3.4691e-06,0.00035599
4.1682e-06,0,3.622e-07,0.0011107,0.0037159
0.0017208,9.5653e-09,0,0,0.00073532
0.0020427,5.3772e-06,5.0192e-08,6.8737e-08,1.8336e-10
2.4352e-07,0.003684,0.0020267,0.0035871,9.8792e-09
0.00037752,0.011729,0.00019514,1.9793e-05,1.3839e-07
6.4057e-06,0.00018681,3.2936e-05,0.0054582,0
5.8066e-06,2.7031e-06,0.00053473,0.00443,0.00080363
0.0018263,3.2467e-06,2.5989e-05,0.0005666,1.2816e-05
4.4137e-05,0,8.0464e-12,1.4542e-08,0.0045558
0.002013,2.8366e-05,0.00022345,9.3584e-06,1.6196e-08
0.00056935,2.1459e-05,0.0033681,0.0024938,0.00046982
2.4899e-05,3.5383e-09,6.5648e-08,0,0.0045997
0.001988,0.00014679,9.6003e-06,7.415e-05,1.5161e-05
0.0020386,0,7.6915e-08,7.1173e-08,1.0985e-05
3.8445e-06,0.0010525,0.017997,9.4474e-05,2.3816e-09
0.0019152,0,0,1.8996e-07,0.00029214
0.00073384,0,3.1219e-09,2.3765e-05,0.0029643
0.0020352,7.8828e-06,6.933e-05,0,8.6093e-08
5.5155e-05,0.00044551,0.00050378,0.0050952,0
0.00055559,0.00024039,0.0014945,0.0035188,1.3158e-05
0.0020434,0,0,1.4416e-09,1.8236e-09
0.00052542,3.0236e-07,2.2005e-05,0.0040217,8.3218e-05
0.00070953,0.00016418,7.0827e-05,0.0024732,0.00089785
0.0019489,0,3.4214e-13,6.5079e-10,0.00021535
0.0012359,0.0019249,0.0049429,7.7133e-05,2.2428e-10
0.00047102,0.011137,0.00010261,1.6406e-05,1.1926e-08
0.0020414,1.4064e-05,3.7307e-07,0,6.0142e-09
0.00097873,6.9076e-06,1.2312e-05,0.0027295,0.00013345
5.2538e-10,9.3121e-11,1.8137e-07,0.0054182,0.00011525
0.0020396,1.9522e-13,0,2.5128e-10,8.7832e-06
0.0013384,1.7143e-07,6.8153e-07,3.9742e-06,0.0016031
0.00045218,6.9788e-06,4.0937e-06,0.0038219,0.00041966
3.1667e-06,0,3.1472e-09,5.6027e-05,0.0046022
0.0010829,8.0022e-06,0.0024714,0.0016825,0.00019467
0.00059884,0.010315,3.4694e-05,0,5.5957e-08
2.9657e-06,0.01081,0.0020228,0.0008322,3.53e-05
3.8899e-06,0.00065496,6.2694e-05,0.0036936,0.0013286
4.7071e-06,1.354e-07,0.0001115,0.0055116,1.556e-08
0.0020433,0,0,4.4947e-09,2.5848e-07
0.00074974,0,0.00025929,0.0034088,2.9964e-05
0.0019486,0.00010969,0.00065347,3.2748e-05,4.0536e-08
5.5254e-05,1.8578e-09,2.2516e-07,0.00015366,0.0044017
0.0020114,0.00022088,3.83e-06,1.44e-06,7.0711e-07
1.0635e-08,2.8797e-06,0.0012248,0.0029857,0.001865
0.0020243,0,0,5.2191e-05,1.2229e-10
0.0019549,3.2167e-08,1.5032e-07,0.00022986,9.0867e-06
0.0020414,4.8522e-08,9.6961e-08,5.3925e-06,7.4527e-08
2.261e-06,0.014333,0.00037718,1.6401e-07,2.5487e-11
0.0020371,4.5007e-05,2.6655e-07,1.2795e-07,4.2139e-11
0.0019871,1.9193e-06,1.4453e-06,8.3548e-05,5.7427e-05
0.0018039,0,3.7219e-12,0,0.00054584
0.0020434,5.4983e-08,9.641e-09,1.4192e-07,2.7844e-08
0.0020433,3.4998e-07,1.8168e-08,2.9988e-07,4.8982e-09
2.2854e-05,0,4.1156e-12,4.695e-08,0.0046043
0.0020427,6.8248e-07,3.107e-07,8.2117e-07,8.0224e-07
0.0020207,0.00016119,1.8767e-06,1.3132e-07,9.4517e-10
0.0019033,0.00025626,0.00071516,8.2453e-05,4.6725e-07
0.00097723,0,0,0.0011051,0.0015034
1.1466e-06,1.7421e-07,2.196e-05,0.005457,7.4984e-05
1.3406e-06,5.6239e-09,2.2862e-07,0,0.0046533
1.3492e-05,7.9545e-07,4.764e-05,0.0055032,1.8736e-06
0.0016672,1.8399e-06,0.00081683,0.00027356,0.00043527
0.00020149,0,1.4904e-11,2.5653e-07,0.0041971
0.0019125,0.00061187,0.00028703,4.3017e-05,1.2889e-08
0.0012669,0,8.9084e-10,1.0137e-07,0.0017694
0.00018747,0.00016063,0.00054046,0.0044158,0.00034994
0.0020434,0,4.1817e-09,2.1959e-10,2.5336e-08
0,4.8501e-06,0.00012321,0.0027015,0.0023617
0.001047,0.0067179,0.00056118,7.3463e-08,8.3263e-11
7.5619e-06,1.136e-07,5.3224e-05,0.0046192,0.00075519
0.00013547,0,1.2561e-06,5.8308e-05,0.0042986
0.00043702,7.4819e-10,4.2997e-07,3.0578e-07,0.0036602
2.1159e-05,0.001689,0.016905,0.0001122,1.3113e-10
0.0011639,0.0062867,1.093e-05,5.0563e-07,1.8944e-10
0.00044624,0,4.3524e-10,5.6199e-09,0.0036396
2.3116e-06,0.0021886,0.011915,0.0013739,1.4167e-07
1.7228e-06,0.0044343,0.0091441,0.00096333,0.00028258
3.6393e-05,0,4.471e-07,0.00027489,0.004343
0.0020433,2.4419e-08,1.7547e-08,3.8438e-07,7.5511e-08
0.0019585,0,6.9759e-11,0,0.00019352
0.0019527,1.9701e-06,6.2628e-06,5.0784e-05,0.0001622
2.3313e-06,1.0116e-11,1.1816e-09,1.5386e-06,0.0046498
0.0019754,0.00016309,0.00040631,8.8892e-06,3.3416e-09
0.0012423,5.3623e-07,3.8759e-06,0.001221,0.00080113
3.985e-10,0,1.4745e-09,2.4524e-05,0.0046359
8.8809e-05,0,1.0454e-06,4.1307e-05,0.0044192
0.0020326,5.9983e-05,1.6303e-05,2.1019e-06,1.204e-07
0.0020249,0,7.3675e-06,3.01e-06,3.8084e-05
0,7.1346e-10,9.3672e-07,0.0055553,1.6805e-07
0.00010243,0,8.1239e-10,4.1001e-08,0.004423
0.00082122,0,3.6494e-11,2.1964e-08,0.0027851
0.001843,0,0,0.00054488,1.7072e-07
0.0020434,0,0,1.4668e-10,1.7688e-10
5.4207e-07,0.00048697,0.018115,0.00028492,9.2128e-09
1.4956e-06,0.004104,0.011071,0.00088546,2.1126e-07
0.0019646,0.00026534,0.00030441,2.7789e-05,3.1912e-07
0.0020423,0,0,3.4309e-07,2.3061e-06
0.0020427,4.4659e-07,1.8137e-07,1.6974e-06,1.1922e-07
0.0004088,0.0046245,0.0016387,0.0022062,1.8232e-05
0.0016546,5.6865e-07,0.00029617,0.00068031,0.00024595
0.0018661,0,9.8001e-07,0.00041295,5.7766e-05
0.0019915,0.00035675,1.416e-05,1.6635e-06,3.3749e-11
4.4043e-08,3.1174e-05,0.0033334,0.0046082,5.7686e-08
7.7997e-09,0.00096416,0.0011757,0.0048594,1.4745e-07
0.0014708,0,0.0001945,8.1023e-06,0.0012525
1.8122e-05,2.2798e-06,2.559e-05,0.0054949,2.9519e-06
0,0,0,9.7071e-07,0.0046556
0.0020392,0,0,1.1526e-05,3.9418e-12
0.00016224,0.00080519,0.013796,0,0.00078509
2.5904e-07,0.013256,0.0018526,4.8922e-07,4.6651e-10
0.0020434,0,0,8.1288e-12,9.8935e-09
5.1294e-08,0,1.3917e-12,1.155e-07,0.0046562
3.7402e-10,0,8.9574e-15,5.2459e-09,0.0046564
0.0019963,0,0,0.00012469,2.9816e-06
7.1314e-07,0,8.22e-07,1.5662e-05,0.0046415
1.0505e-07,9.6221e-05,0.0026797,0.0047653,1.2431e-06
0.0020434,0,0,0,1.1047e-09
0.0020434,0,0,6.8204e-09,2.0058e-08
1.6727e-08,0,4.8945e-15,0,0.0046564
0.0020426,1.9316e-06,1.2039e-06,1.034e-06,2.0812e-07
2.588e-05,1.3718e-07,9.5166e-06,9.6196e-07,0.0045944
0.00016101,1.2493e-07,1.1553e-05,0.0051003,1.211e-05
0.0015859,0.00011542,3.3894e-05,0.001187,3.0506e-06
1.9477e-07,2.4505e-09,8.0767e-08,0.0052998,0.00021403
0.0019028,2.0154e-05,1.9889e-06,0.00017239,0.00016912
0.00029993,0.012386,0.00012822,1.2507e-07,2.6747e-09
0.00021161,0,5.3846e-09,0,0.0041742
8.8175e-05,0,1.9654e-06,3.1381e-05,0.0044287
0.00061059,0,3.8434e-06,0.0033054,0.00049383
0.0011978,0,0,0.0022927,5.3991e-06
0.00074474,2.1007e-06,0.012055,0.00014495,1.4991e-06
7.8564e-06,0.00033615,0.00027481,0.0053296,4.7368e-09
1.1067e-05,0,0,1.8446e-06,0.0046297
0.0019855,0,0.00054648,3.1318e-06,7.9795e-07
0,1.6779e-10,1.0399e-10,2.0521e-06,0.0046547
6.0776e-05,0,0,4.8487e-05,0.0044773
4.4582e-09,5.9498e-06,0.00022488,0.0054898,5.1445e-07
2.6329e-07,0,7.0628e-14,1.2887e-09,0.0046558
1.6255e-06,4.7211e-07,0.0082823,0.0026131,0.00051422
9.2321e-05,0.012068,0.0023596,5.8702e-05,1.8427e-07
4.4164e-08,5.448e-08,9.6357e-07,0.0055455,8.2594e-06
0.0020409,4.5034e-11,0,3.5731e-08,5.8029e-06
0.0019919,0,0,0,0.00011738
0.00064463,0,1.1613e-07,1.8084e-06,0.003186
0.0020415,7.8488e-06,1.4049e-06,1.94e-06,1.223e-09
0.00031217,0,3.0364e-05,6.0552e-05,0.0038872
0.0017457,0.0020918,5.2608e-05,2.536e-07,1.0475e-09
0.00094655,0,7.422e-09,2.986e-07,0.0024993
0.0020434,0,0,3.1302e-08,3.4556e-14
6.5084e-08,9.6943e-11,1.9607e-10,4.4697e-06,0.0046525
0.00071342,0.00048792,0.00073479,0.0031102,9.585e-05
4.256e-06,0,8.9003e-11,5.7056e-08,0.0046467
1.2125e-07,0,0.011829,0.0021562,6.6499e-05
0.0019147,2.639e-12,0,5.2254e-07,0.00029301
4.1934e-06,6.9906e-05,0.010049,0.0026958,1.4107e-06
0.0017785,7.8207e-05,1.4618e-05,0.00066118,2.126e-05
1.7362e-05,0,8.7152e-07,0.0011343,0.0036659
0.0020387,0,0,6.9098e-07,1.0244e-05
0.0013568,0,0,2.9907e-05,0.0015395
3.726e-07,0,2.1014e-10,3.7218e-05,0.0046244
0.0016495,5.6374e-07,3.95e-05,0.00020813,0.00071383
0.0019802,0,0,6.4892e-06,0.00013871
1.1045e-05,5.8852e-06,0.00019426,0.0053182,0.00012636
0.0020072,0,0,1.4138e-09,8.2693e-05
0.0019302,4.5028e-05,0.00050499,0.00012999,1.6057e-05
0.0020434,0,0,1.5528e-12,6.7224e-08
8.4051e-12,0,3.1845e-13,4.8287e-07,0.004656
5.2423e-08,0,0,4.0983e-08,0.0046563
0.00029185,1.146e-05,1.413e-05,0.0047521,1.5419e-06
0.0019788,0,2.2471e-10,1.4324e-08,0.00014721
0.002043,0,1.1623e-08,1.0499e-06,5.368e-08
0.0020258,0.00012193,3.7932e-06,5.948e-07,0
0.0020434,0,0,9.2285e-11,9.6165e-09
0.0015139,0,4.0919e-05,0.0013148,9.5129e-05
0.0020434,9.2648e-08,1.7334e-09,5.055e-09,4.6028e-11
0.00064763,0.0051776,0.006308,5.7681e-05,3.0163e-07
0,7.8797e-08,1.144e-07,0.0011636,0.0036812
0.0001549,5.2663e-08,1.6015e-08,2.2932e-05,0.0042842
2.6255e-06,0,4.3422e-13,1.0776e-08,0.0046504
0.002041,0,0,6.0319e-07,4.9573e-06
0.00018443,0.01254,0,0.00029175,5.3267e-11
0.0018776,8.8358e-08,2.3711e-05,5.1913e-05,0.00032888
0.00086563,0,2.0554e-11,1.3774e-07,0.0026838
0.002043,8.8684e-09,6.0213e-09,1.3408e-06,1.6432e-09
1.4649e-07,2.245e-06,1.8091e-06,0.0019625,0.0030102
5.1101e-06,0,3.1477e-13,1.1151e-09,0.0046448
0.0020383,0,1.1174e-07,3.1863e-08,1.1628e-05
0.0020429,3.1166e-07,5.525e-07,9.8969e-07,2.8292e-07
5.1533e-07,1.9229e-10,3.5443e-09,0.00048563,0.0042482
0.0020418,1.2108e-12,0,1.3121e-07,3.6584e-06
0.0020389,2.5056e-05,6.323e-06,0,9.4119e-07
0.00056444,3.61e-07,1.6809e-06,0.0015228,0.0020934
0.0014959,2.3544e-09,0,0.0012743,0.00017979
0.00096144,1.0895e-11,4.2748e-11,3.0412e-07,0.0024653
0.0019098,0.00033073,0.00041351,0.00011482,5.6737e-06
4.4534e-08,0,5.4451e-12,2.9522e-08,0.0046563
0.00049126,0,8.8857e-08,1.1666e-05,0.0035272
0.00017278,0,3.7834e-11,1.2597e-08,0.0042627
0.0020402,0,0,6.5889e-06,1.7782e-06
0.0011704,7.1893e-07,0,0.0021979,0.00014695
0.0020423,9.0225e-08,1.3861e-07,1.8013e-07,2.3918e-06
0.0020235,0,0,5.4144e-05,2.5102e-08
0.00055225,1.8588e-09,1.0382e-09,0.00018514,0.0032428
9.6726e-05,1.2813e-09,4.081e-07,0.0036291,0.0013943
3.6581e-06,0.00065806,0.018601,7.5284e-05,2.471e-10
1.0533e-06,0.007816,0.0092006,2.0256e-06,1.3764e-14
6.713e-07,1.5717e-09,1.4172e-06,0.00033398,0.0043746
0.0020434,0,0,1.0764e-10,6.0538e-13
4.0898e-10,2.7658e-10,9.1983e-08,0.003425,0.0017858
0.00073032,0.00028205,0.009227,0.00086822,4.2722e-06
0.0019959,1.6489e-07,1.7046e-05,0.00011014,1.1907e-05
4.4118e-09,1.4305e-09,1.4247e-07,0.0020829,0.0029106
0.0019649,2.7442e-10,2.2819e-07,1.5054e-06,0.00017769
0.00029682,0,2.028e-12,1.5961e-09,0.00398
0.0020434,0,0,1.4057e-09,1.4682e-11
0.00016672,0.0023588,0.010379,0.0012934,4.9016e-08
0.0020434,3.1315e-08,0,1.6634e-07,0
0.0017947,0.00022945,0.00020451,0.00053137,2.8546e-07
0.0020428,0,0,1.977e-07,1.3324e-06
0.00013334,3.5132e-09,2.5715e-07,3.5329e-06,0.0043496
0.0020425,8.9482e-10,3.9847e-10,1.6414e-09,2.1576e-06
0.0019968,0,3.9292e-10,3.3077e-08,0.00010621
0.0020216,1.0688e-08,1.938e-07,4.5119e-06,4.602e-05
0,0.0061001,0.009522,0.00056621,1.6923e-07
2.2271e-06,0.0088791,0.0070934,0.00018647,5.4065e-09
1.283e-07,1.7659e-07,4.7911e-06,0.00066121,0.0041008
0.0018339,0,0,5.1141e-06,0.00047313
0.0020411,0,8.8937e-12,2.6781e-08,5.2683e-06
0.00072206,0,0,0.0034197,0.00014496
7.5085e-06,0.0013667,0.0047958,0.0036702,0
1.0633e-09,9.7982e-12,7.6403e-11,2.3267e-06,0.0046545
8.4999e-06,4.654e-06,0.00025175,0.0054535,5.6528e-06
0.0013662,6.0061e-06,0.00025376,0.0010073,0.00063738
0.0016209,0.00087793,7.4256e-05,0,0.00066604
0.0020141,1.3683e-06,4.8663e-07,1.6712e-06,6.495e-05
1.2209e-06,2.5731e-09,3.0203e-08,5.6402e-06,0.0046489
0,0.00053731,0.0010056,0.0050692,2.059e-07
0.0020431,3.0611e-07,2.84e-08,2.7747e-07,4.967e-07
0.00028701,0,2.1496e-09,1.5831e-06,0.0040011
1.796e-05,0.00073241,0.0074057,0.0024835,0.00055882
0.0012695,0,4.541e-07,1.8525e-05,0.001748
1.1748e-06,0.0033072,0.0070982,0.0023042,1.5686e-08
0.00058299,0,1.0768e-08,1.122e-06,0.003327
0.0019625,2.7615e-05,0.000288,7.3149e-05,4.658e-05
3.6709e-05,0.0021496,0.012522,0.0011251,5.5115e-09
0.0019414,0.00062964,0.00011027,6.9356e-06,2.7396e-07
0,0.012368,0.0030578,0,1.0559e-09
0.0020411,0,0,2.2928e-08,5.4113e-06
0.0020272,0,3.9251e-05,3.0488e-05,2.2617e-06
0.001911,0,4.9272e-08,2.7411e-05,0.00027892
6.1787e-05,0,2.5729e-14,0,0.0045156
7.5026e-07,1.1828e-11,1.254e-09,1.9915e-05,0.004638
0.0018981,2.6779e-08,3.9565e-07,0.00037299,1.8425e-05
0,0.012755,0.0025337,0,1.3034e-07
9.1577e-05,0.00050927,0.010102,0.0021617,9.7391e-05
8.2887e-05,0,1.4576e-11,2.1497e-08,0.0044675
0.0020203,9.5066e-06,3.8401e-08,1.1074e-05,4.039e-05
0.0020077,1.0531e-05,1.2444e-05,8.9768e-05,1.865e-08
0,0,1.5514e-08,2.3171e-08,0.0046564
0.0013681,0,2.5391e-08,1.091e-06,0.001538
8.0089e-06,2.3552e-07,9.2562e-06,0.0055175,1.1558e-05
1.4176e-06,1.7766e-08,5.3844e-07,0.00038663,0.004329
4.0397e-06,0.014585,1.7738e-05,2.7508e-07,4.1087e-11
0.0020434,1.1638e-09,2.877e-08,5.9519e-08,6.6901e-09
0.0020433,2.4418e-07,1.7787e-08,3.9277e-07,1.1226e-09
0.0014532,3.822e-06,9.2493e-06,0.00094486,0.00054974
2.4782e-05,1.4976e-08,0,0.0054877,5.8057e-07
0.00012345,0.0017663,0.010496,0.001599,3.5983e-06
0.0016497,1.1518e-07,7.1993e-07,0.00026729,0.00067302
0.0020431,0,0,2.8135e-09,8.1203e-07
0.00077575,8.358e-09,9.6573e-08,2.2876e-06,0.0028868
0.0019413,0,0,3.196e-07,0.00023249
0,0.00015537,4.7137e-05,0.0051735,0.00025983
2.5656e-06,7.6556e-08,6.0149e-08,0.00016768,0.00451
0.0015031,0,2.1108e-12,1.9274e-11,0.0012312
0.0020428,0,0,1.7157e-06,5.3276e-09
0.00034461,0,0,0.004609,8.2603e-06
1.8215e-08,9.7655e-05,0.00011734,0.0053648,0.00010131
0.0020428,3.0885e-11,0,1.6731e-06,5.2264e-09
0.0020244,1.2961e-09,6.1786e-09,6.0084e-06,3.8386e-05
0.0020426,0,2.1125e-09,0,1.9654e-06
0.0017234,0,0,0.00079343,6.4251e-05
0.00035684,0,0,0.0045709,1.2275e-05
0.0011299,0.00043221,1.3333e-05,0.00012177,0.0018389
0.00080328,0.0081247,0.001019,0,1.3743e-10
0.00033591,1.0981e-08,1.5201e-09,2.303e-05,0.0038717
0.0019822,1.4892e-06,1.6319e-06,0.00016479,5.9204e-07
9.7975e-05,6.2593e-11,1.3238e-08,1.7792e-07,0.004433
0.0002876,0,0,0.0047709,2.4785e-06
0.0016951,0,0,0.00088699,5.0325e-05
7.5586e-10,0,1.0733e-11,1.4769e-06,0.0046552
2.9338e-07,3.2111e-05,0.01233,0.00085678,0.0010269
0.0019513,0,2.767e-08,2.7415e-07,0.00020973
0.0020434,0,0,1.7448e-09,8.5958e-08
0.0020229,0,9.0814e-09,1.8508e-07,4.6654e-05
2.2026e-06,7.425e-11,1.6041e-09,3.5384e-06,0.0046484
2.5323e-06,0.014504,0.00014268,1.2196e-08,1.3508e-13
0.0019716,0,0,0.00019529,3.4412e-13
1.4943e-06,2.1259e-08,2.0769e-06,0.0040076,0.0012937
2.5204e-08,0,2.0269e-06,0.00028753,0.0044149
0.0012803,0,5.1041e-07,1.9317e-05,0.0017228
0.0012671,2.3865e-06,0,0.0021081,1.4389e-06
0.0020427,1.1368e-08,8.797e-09,1.9981e-06,2.2687e-08
0.0020429,0,0,1.3567e-06,6.3938e-10
0.0020427,0,0,2.0963e-06,0
0.00024198,0,0,0.0048191,6.6018e-05
3.0168e-05,0.011611,0.003627,4.5774e-05,2.1012e-08
0.0020434,0,0,1.7887e-09,1.6523e-11
1.7243e-07,9.4247e-09,6.9312e-07,0.0021011,0.0028949
4.122e-05,0.014326,9.3122e-06,1.6021e-07,2.5946e-10
2.1386e-08,1.1735e-08,2.9328e-06,0.00014416,0.0045349
0.002036,0,6.0884e-10,1.0135e-06,1.6089e-05
0.0002629,0,5.4259e-08,1.0657e-05,0.0040484
6.9983e-06,3.8904e-08,7.7056e-07,0.0055125,2.0099e-05
0,2.5535e-05,0.0097009,4.3402e-05,0.0023299
0,2.5769e-06,1.7531e-06,0.0055523,1.6302e-06
0.0020434,0,0,9.0733e-11,2.7084e-10
0,0.0014165,0.017798,2.2345e-05,5.2507e-11
0.00066063,0.00041113,0.0054961,0.0020608,7.5685e-08
0.0020434,3.7096e-14,0,4.4532e-11,7.2047e-09
0.0018886,6.0552e-05,0.00018005,0.00032829,1.6024e-05
6.0722e-06,0,1.1821e-07,1.813e-05,0.0046274
0.0020421,5.3992e-11,2.6731e-09,8.0354e-07,2.4391e-06
0.00021805,0.010678,0.0032305,6.4798e-07,9.0293e-08
0.0019793,0.00042857,2.6761e-05,2.8468e-06,9.6814e-07
0.00097095,9.9411e-09,3.2264e-09,3.2638e-06,0.0024412
0.0020434,0,0,2.2215e-07,4.1541e-11
3.8342e-05,1.2591e-06,6.0189e-05,0.0054294,3.9794e-06
2.0557e-06,0.00018751,0.00025554,0.0054051,1.7977e-06
0.001979,1.0113e-12,0,6.2595e-08,0.00014672
1.9126e-06,6.0051e-12,0,1.04e-05,0.0046433
0.00074236,0,0,0.0035368,5.4069e-07
0.0020268,2.1947e-08,6.6244e-09,4.2916e-05,1.8582e-06
1.2258e-07,9.0018e-07,1.1082e-07,0.003871,0.0014114
0.0016592,3.1789e-07,3.5137e-06,0.0010383,4.4684e-06
0.00030657,1.3777e-05,1.5144e-05,0.00048741,0.0035414
0.00012895,0,2.203e-12,6.2345e-12,0.0043626
1.9769e-05,1.3735e-06,3.6502e-07,0.0053027,0.00016657
0.0019839,0,0,0.00016202,2.1249e-10
0.0019996,0,0,1.595e-07,9.9851e-05
0.0020434,0,0,4.2235e-08,6.4798e-08
8.5787e-09,0,1.453e-13,4.2116e-11,0.0046564
0.0013126,1.1106e-05,0.00023402,0.0018802,3.1033e-05
1.3428e-07,0,4.4195e-11,1.6152e-06,0.0046548
1.5944e-05,2.617e-06,2.2717e-05,0.0019426,0.0029858
6.0365e-06,1.7055e-07,5.3801e-05,0.005523,9.903e-07
0.0018079,8.4693e-10,0,2.7834e-05,0.00051343
0.0019537,0.00063104,1.5572e-05,7.7351e-08,2.1816e-12
5.9318e-06,0.00089571,0.011893,0.0018603,9.984e-07
0.0020117,0,0,1.4683e-06,7.1168e-05
1.4477e-06,0.00017017,0.0031641,0.0041465,0.00037937
0,0.010374,0.00047831,0.0014815,2.4719e-08
0.0018734,1.1947e-14,0,7.702e-08,0.00038746
2.1162e-05,0,0,7.2836e-06,0.0046021
0.0020308,0,0,5.4224e-09,2.8725e-05
6.3076e-08,0.01159,0.0040281,2.3246e-05,1.0145e-10
0,0.0050614,9.6964e-05,0.0026966,0.00076234
0.0013646,0,1.1424e-06,1.5464e-05,0.0015337
0.0020137,0.00019817,1.3462e-05,1.9148e-06,8.227e-10
0.0020434,0,9.0848e-08,1.8947e-09,1.9485e-07
0.0013392,0,3.6406e-07,1.2008e-06,0.0016036
7.6605e-07,1.6341e-05,0.00086851,0.0053009,2.3636e-06
8.9849e-07,4.4151e-09,1.0876e-05,0.0055422,6.7613e-06
0.0020423,6.3002e-07,1.0255e-05,6.5683e-08,1.1088e-09
0.0010762,0.0054299,0.0019963,7.1228e-06,1.198e-08
0.00045765,0,0,0.0043106,7.0446e-07
0.0020008,0,0,6.7486e-07,9.6521e-05
3.502e-07,0,3.5734e-12,3.088e-10,0.0046556
2.3318e-05,2.8782e-06,2.4849e-06,0.0027917,0.002262
0.0020345,0,0,4.9721e-08,2.029e-05
0.0020431,0,0,8.063e-07,2.1867e-07
1.1135e-06,0.0062568,0.011304,3.7202e-06,2.7261e-15
0.0015309,0.003315,0.00027982,5.5915e-05,1.877e-09
0.00020159,0.012991,0.00024062,6.2302e-06,1.649e-12
0.0012819,0,0.0011312,7.472e-05,0.0014067
0.0020434,3.201e-10,0,1.9202e-08,3.0166e-08
2.8575e-06,5.1039e-08,1.2094e-06,0.00063017,0.0041214
0.0020194,7.5049e-05,3.4019e-06,3.5783e-05,2.5346e-09
3.4181e-05,0.013677,0.00093066,7.2093e-06,7.5622e-12
1.7224e-07,0,2.3491e-08,0.00024013,0.0044548
0.0018059,0,0,4.6245e-08,0.00054127
0.0018695,0.0010982,0.00019607,6.9963e-07,1.7099e-08
0.0017786,0,3.1602e-05,5.6269e-06,0.00059128
0.0013493,2.8211e-05,0.00016835,0.0010614,0.00064369
0.0016014,0,3.6938e-11,1.4899e-07,0.0010072
5.3579e-08,6.4068e-05,0.018296,0.00039623,1.2758e-11
3.0395e-06,6.7115e-05,0.0067796,0.0036192,2.3659e-09
0.0020434,0,0,1.319e-07,4.3009e-08
0.0018113,0.0012902,0.00041405,1.5649e-05,7.8155e-06
0.0020434,3.549e-12,0,4.1217e-08,0
0.0020375,0,0,1.5148e-05,9.5185e-07
8.792e-06,4.3669e-08,3.4359e-06,0.0051116,0.00035141
0.0013983,1.1237e-10,6.1598e-11,1.3327e-05,0.0014589
0,0.0016151,2.2665e-05,0.0049259,8.4491e-06
9.2857e-09,0,5.8354e-09,1.5957e-06,0.0046551
2.1758e-05,0.0034832,0.00015337,0.0040481,6.9182e-05
0.0005481,0,0,0.004065,5.0319e-07
0.0014546,0,3.2669e-05,3.024e-05,0.0013089
1.0748e-07,0.0007774,0.00013986,0.0052192,1.4522e-06
0.0017793,9.7942e-07,0.00082169,0.00010645,0.00031909
0.0018965,0,0,0.00039921,2.6236e-07
0.0015357,5.13e-09,4.3892e-09,5.0409e-05,0.0011146
1.2489e-06,2.9959e-08,3.5036e-06,0.0055485,2.4169e-06
0.0019588,0,0,0.00011381,9.7559e-05
0.0020434,1.0699e-08,2.3591e-10,1.5966e-09,3.7764e-11
1.1226e-05,1.2787e-08,0.00010577,0.0052672,0.00019135
1.6991e-09,0,5.0083e-12,2.4153e-07,0.0046562
0,0,6.1781e-10,1.1594e-05,0.0046467
0.0017912,0,0,0.00068521,5.4069e-07
0.0019158,0,8.4632e-11,1.0219e-08,0.00029089
0.00065009,1.3571e-05,3.4687e-05,0.0036944,6.6223e-05
0.00071456,2.7856e-05,3.9998e-05,0.0033617,0.00019234
0.0020058,3.0395e-06,0.00034831,3.3916e-06,1.0083e-07
0.0019405,0,7.1338e-12,9.6545e-08,0.00023462
0.0002826,0.0097889,0.00049156,0.000898,2.8148e-05
0.001204,0,0,0.0001052,0.0018248
4.0912e-05,0.0010268,0.012919,0.0014054,1.9524e-05
0.0020255,0,0,4.1229e-05,6.3506e-06
0.0020026,0.00020204,9.9662e-05,6.1486e-06,7.2355e-08
1.3456e-05,0.00032054,1.3211e-05,0.0053897,3.3656e-06
0.0020271,0,1.201e-07,4.7183e-07,3.6878e-05
0.0020434,0,0,2.0446e-07,1.1088e-09
0.0020434,0,5.7861e-12,7.8159e-12,1.958e-07
0.002043,2.3057e-06,3.2538e-07,2.2004e-07,3.7614e-10
0.0020431,4.4418e-07,5.2609e-08,7.8642e-07,3.7165e-09
0.0018375,0.0012652,0.00027375,2.3032e-06,2.2942e-07
0.0020241,8.1882e-05,4.8925e-06,2.0075e-05,2.5794e-10
0.0020433,0,0,2.5422e-12,3.4011e-07
0,0,0,1.3613e-05,0.004645
3.5447e-07,2.6039e-13,3.9521e-10,1.9752e-06,0.004654
0.0020434,0,2.111e-08,2.6781e-09,2.105e-07
4.0536e-05,6.3165e-07,1.8548e-06,0.005197,0.00020772
0.0010609,0,0,7.8086e-06,0.0022324
0.0020434,0,1.6072e-09,1.3017e-09,0
0.0010522,3.7581e-07,8.9193e-07,0.00052989,0.0018143
0.0018932,2.0233e-06,6.0541e-06,0.00014099,0.00022219
0.00014924,0,1.4806e-09,1.0068e-05,0.0043079
0.0018928,1.9028e-05,4.723e-06,0.00030118,8.3699e-05
0.0020428,3.3944e-07,3.1714e-07,1.4082e-06,9.3298e-08
0,6.9221e-07,2.388e-05,0.0019489,0.0030172
0.0020434,0,7.0875e-14,1.042e-10,0
0.00062799,2.7814e-07,3.2169e-06,0.0038473,9.2569e-08
0.00064176,0.0012845,0.0019995,0.0025358,0.00018953
0.00084259,0,3.465e-07,6.1697e-05,0.0026846
0.0020404,1.9399e-05,3.6436e-06,2.4913e-08,3.4681e-09
0.0014496,0,0,7.4863e-07,0.0013525
0.0020028,0.0001094,0.0001142,3.6641e-05,3.3171e-07
2.5694e-06,0.00482,0.00017999,0.0036604,6.0367e-06
0.0019507,0.00040181,2.4253e-05,3.1413e-05,5.1481e-05
1.0987e-05,0,2.5868e-10,0.00039629,0.0042992
0.0018001,0,1.4764e-05,0.00027611,0.00031964
0.00031972,1.6109e-07,8.0236e-08,0.00019008,0.0037685
0.0020277,0,0,8.4628e-07,3.5263e-05
0.0020354,0,0,2.1874e-05,4.161e-10
4.3635e-08,0,0,1.1484e-08,0.0046563
0.002008,2.5958e-05,0,8.6443e-05,6.9838e-08
1.7837e-12,0,2.6426e-13,1.1554e-07,0.0046563
0,3.5281e-08,1.3921e-08,0.005408,0.0001238
1.566e-05,0,6.6197e-06,0.00035297,0.0043233
2.5374e-06,7.0424e-05,0.019461,5.9907e-05,4.276e-08
3.1327e-05,2.6334e-05,0.0011511,0.0019119,0.0027034
2.696e-05,0.0030482,0.015408,2.7672e-07,1.0273e-11
0,0.0003159,8.3944e-06,0.0054126,1.7496e-05
3.1717e-07,1.875e-08,1.1637e-05,0.0055316,1.6781e-05
1.4108e-07,3.5773e-06,2.1378e-05,0.00554,6.7277e-06
2.8044e-10,0,9.6877e-17,3.5486e-11,0.0046564
5.1415e-06,0.00069185,0.0011329,0.0049491,1.0011e-05
0.0020356,0,0,2.1319e-05,4.0591e-10
0.00020011,0,0,8.8388e-07,0.0041997
0.0020425,0,0,1.3061e-12,2.0837e-06
3.252e-07,0,0,0.0048998,0.00054903
0.0020418,0,0,1.2326e-07,3.6972e-06
4.8953e-06,1.6361e-10,5.5007e-08,9.5203e-05,0.0045655
0.0017522,5.0344e-11,0,0.00079098,6.8933e-07
0.00031707,0.010029,0.00077323,0.00011842,0.00046026
0,0,0,0.0050137,0.00045431
6.5087e-06,1.1847e-07,7.5879e-06,0.0010312,0.0037755
0.0020433,0,0,1.5191e-09,2.3894e-07
0.0019013,0,0,0.00038651,5.3808e-08
0.0020331,0,2.0905e-13,2.1731e-10,2.3517e-05
0.001715,9.3574e-10,1.1561e-05,0.00057713,0.00026205
0.0020431,0,0,1.0775e-06,1.0447e-10
0,0,0,3.9207e-07,0.0046561
0.00011988,0,0.00055858,0.0022866,0.0023354
0.0020434,0,0,2.8603e-09,6.1174e-09
0.0020352,0,1.7074e-09,6.4373e-06,1.3438e-05
4.6617e-05,1.4882e-05,0.00016667,0.0053717,4.0657e-06
0.00018251,4.94e-07,2.8539e-05,0.0050514,0
1.7663e-07,4.0578e-08,1.4575e-06,0.0054473,9.012e-05
6.3353e-06,3.285e-07,6.4833e-07,0.0055321,5.118e-06
0.00045239,0.0067278,0.0050488,0.00021939,0.00011245
0.00019564,1.8172e-05,1.8859e-05,0.0047775,0.00019626
0.0020387,1.0406e-05,2.2969e-06,8.2591e-06,1.8239e-08
0.0020061,0,2.0424e-08,1.5256e-07,8.4902e-05
0.0020428,0,0,7.1123e-07,8.4724e-07
0.0020434,0,0,4.9091e-08,4.2188e-09
0.0020279,2.955e-08,6.713e-08,3.5355e-05,5.8088e-06
0.00021171,0.0066599,0.0071816,0.00043502,1.1458e-08
0.00013562,0,0.00042432,0.0050161,4.3458e-05
4.6068e-06,0.00052812,0.0058488,0.0037011,8.7948e-09
0.0019353,2.6525e-05,0.00099976,3.4371e-06,1.935e-08
0.0017526,0.00058537,0.0019862,1.1104e-05,1.2147e-09
0.0020428,0,0,2.2815e-07,1.3863e-06
3.1976e-06,0.014596,1.1879e-05,0,6.0216e-12
0.0018624,0.00023463,0.0013081,3.5997e-05,6.0883e-08
0.0016668,1.0086e-05,9.7205e-06,0.0010176,0
0.00051894,1.5863e-07,4.2508e-06,0.0041436,0
0.0010748,5.7012e-06,0.0083999,0,0.00022942
9.7589e-06,0,2.027e-08,6.1282e-06,0.004629
