4.8855e-10,0,6.7214e-12,2.9195e-08,0.004874
0.0011133,1.0321e-06,4.4198e-05,0.0023779,0.00032565
4.564e-08,5.6522e-06,0.010628,0.0029893,6.5397e-06
0.0019667,5.896e-06,8.2883e-06,8.5519e-07,3.219e-08
0.0019539,6.4876e-06,0.00011549,7.4682e-06,1.3314e-07
0.0018335,3.9821e-14,5.627e-14,4.5958e-11,0.00033457
0.001011,6.5402e-07,1.4084e-05,0.0031609,5.5004e-08
9.2367e-05,0.00934,0.0061755,6.9375e-07,2.8724e-12
0.0017348,5.2082e-08,4.7617e-07,0.00014974,0.00046674
0.0018567,0.00079825,3.1714e-05,3.7047e-06,3.5881e-08
0.0019426,0.00019221,0,3.1059e-07,1.6143e-08
0.0019488,0,0,6.5605e-05,0
0.0019686,0,0,0,0
1.8195e-05,0.006052,0.01115,6.997e-05,8.4749e-10
0.0019685,0,0,5.3445e-07,0
0.0019388,1.3402e-08,0,9.8648e-05,0
0.0019384,1.0373e-07,5.8078e-07,4.2083e-05,4.3111e-05
8.3837e-05,3.7704e-08,1.1051e-07,6.6295e-06,0.0046614
1.4027e-09,3.1756e-13,1.9055e-11,1.9795e-06,0.0048725
0.0019686,1.2949e-09,4.7496e-10,1.3077e-09,1.1423e-07
0.00039795,1.8556e-11,3.2744e-07,0.00011255,0.0038044
9.115e-10,1.0445e-10,3.5089e-10,6.6028e-05,0.0048246
3.3532e-06,0.010781,0.0036557,0.00048335,6.8641e-07
8.6289e-06,0,2.2084e-09,5.6217e-07,0.0048522
0.0012768,0.0037556,0.0018201,1.2125e-05,4.634e-09
1.6459e-05,0.0011388,0.016028,0.00065616,2.8586e-10
2.39e-06,0,3.0155e-11,2.8966e-09,0.0048681
1.5077e-05,0.0038212,0.011688,0.00089716,5.0277e-08
0.00068047,0.00064101,0.012036,0,3.9609e-07
0.00019161,1.7176e-07,1.797e-05,2.0668e-07,0.004395
1.5034e-05,1.7408e-15,3.783e-14,4.028e-11,0.0048368
0.0019685,0,0,2.5041e-08,2.5732e-07
0.00016394,0,3.4668e-06,2.672e-05,0.0044473
0.0019669,0,0,1.365e-10,4.3231e-06
1.2362e-07,0,0,0.0045799,0.0014438
1.9691e-05,5.4558e-11,1.4441e-06,0,0.0048249
9.1988e-05,0,6.2277e-11,1.838e-07,0.0046461
0.001965,4.6429e-07,1.725e-06,4.3545e-06,5.0477e-06
5.4038e-05,0.00043318,0.018351,7.9246e-05,5.3859e-07
0.001967,1.9032e-06,1.9931e-06,3.7675e-06,4.1371e-09
0.0019203,0.00012797,9.1496e-05,7.2295e-05,2.6889e-07
0.0019686,0,0,0,0
0.0019683,1.4095e-06,4.2588e-07,2.6622e-07,9.1388e-10
0.00048819,9.4381e-10,7.7203e-09,4.9716e-06,0.0036616
1.5564e-06,2.8999e-10,3.5752e-07,0.0014482,0.0037855
8.2433e-05,8.9594e-06,0.00049046,0.0054985,0.0004279
0.0019686,3.4016e-11,0,4.3702e-08,0
0.0019388,0.00020515,2.1847e-05,1.3679e-07,1.082e-12
0.0016524,6.9691e-10,1.1994e-08,1.5498e-07,0.0007829
8.2887e-07,3.7503e-08,5.8763e-07,4.0213e-05,0.0048417
0.0019686,0,3.4693e-11,3.5797e-09,1.0368e-07
0.0019295,7.9248e-10,1.0701e-08,2.3707e-08,9.6828e-05
0.0019679,6.7721e-07,1.5864e-06,2.8689e-07,9.3729e-07
0.0013336,0.001215,0.0036217,0.00036197,3.1126e-07
0.0019638,2.0564e-05,3.3709e-06,5.667e-06,2.0575e-09
0.0017472,9.0883e-05,5.3766e-06,0.0006889,6.58e-07
3.1025e-06,0,1.2533e-05,0.0015182,0.0037263
0.0019638,4.5372e-07,7.763e-07,1.4766e-05,5.761e-07
0.0019684,3.5817e-11,1.8146e-10,1.6425e-09,5.5305e-07
0.0019683,0,3.7081e-06,5.5003e-08,8.0751e-10
0.0019686,0,0,0,0
0.0019667,0,4.9474e-06,3.3012e-07,3.4018e-06
0.0015625,0.0029532,7.9214e-05,0,3.2288e-11
0.0019668,5.504e-07,6.5061e-06,3.552e-06,2.0682e-07
0.0019664,9.5292e-07,1.9346e-06,3.7599e-06,2.0036e-06
0.00012386,0.013594,0.00011508,0,1.1864e-13
0.0019655,0,0,1.7643e-06,6.5395e-06
0.0010275,5.3478e-05,0.00017151,0.0030282,1.9265e-06
0,0,0,0,0
0.0019684,0,2.1454e-08,6.2729e-07,1.977e-07
8.2309e-05,0.00099836,0.017546,3.917e-07,2.7128e-10
0.0007537,0,0,0.0032046,0.00060807
0.0019618,1.0433e-08,8.0452e-08,4.8985e-06,1.318e-05
0,0,0.00088094,0.0060984,8.9207e-05
0.0019676,9.3665e-09,0,3.5827e-06,0
0.0018106,0.0011649,9.263e-06,0,2.8865e-12
3.0023e-05,0.0083686,0.0067456,0.00045153,1.6525e-07
1.8248e-05,0,2.7955e-07,1.9199e-06,0.0048273
1.0058e-06,0.011905,0.0036284,4.9354e-08,2.772e-11
0.0018958,0,0,1.67e-07,0.00018015
5.8112e-05,0.011548,0.0033087,7.5421e-05,2.5109e-07
1.666e-05,0.0012362,0.0027271,0.0050012,5.5361e-07
0.0019082,0.00026455,7.151e-05,5.8104e-05,1.2556e-07
6.4927e-05,0.013162,0.00070365,0.00019282,2.7577e-07
2.3728e-05,8.9623e-06,2.0794e-06,0.0034799,0.0022057
0.0019686,1.5002e-11,0,0,0
0.0019676,1.6566e-06,4.4414e-09,0,2.0307e-06
0.00012018,0.00049131,0.004487,0.0044081,2.1941e-06
0.00074443,0.0060515,0.0022801,0.0005964,2.2822e-07
0.0019666,8.3554e-06,9.0452e-06,2.1436e-08,9.4353e-09
0,6.9907e-09,2.1686e-07,1.7682e-06,0.0048726
0.0019686,0,0,4.0176e-08,6.9312e-09
0.0017037,1.0209e-07,9.0875e-09,1.0953e-07,0.00065588
0.00086293,1.1696e-10,1.4716e-07,2.262e-06,0.0027358
1.9464e-08,0.014558,3.8767e-05,5.096e-06,3.9291e-11
0.0014813,0.00045099,0.001924,0.00060495,0.00012739
0.0019513,8.5485e-07,2.5956e-06,5.33e-05,2.1495e-06
4.6309e-06,0.00013759,0.00043199,0.006289,8.9031e-09
0.0019681,6.5286e-11,2.502e-11,2.1985e-10,1.3175e-06
5.8758e-07,0.0018359,0.0063852,0.0035797,5.9304e-07
1.8062e-05,0.013919,0.00073667,0,4.8482e-09
2.957e-06,7.719e-08,1.3824e-05,0.0059389,0.00041556
0.00013725,0,2.8366e-07,0,0.0045341
0.0019685,0,0,5.8238e-07,8.0808e-10
0.0019686,0,0,0,0
0.0019686,0,0,4.8499e-09,0
0.0019089,4.7519e-09,7.1915e-08,3.7576e-06,0.00014519
1.3213e-09,3.3748e-12,5.5558e-11,1.4525e-05,0.0048631
8.8057e-12,0,1.9186e-12,1.0576e-07,0.0048739
0.0019685,6.5966e-07,1.1264e-07,3.7779e-08,2.7248e-09
0.001968,4.0631e-06,3.3959e-07,7.8321e-08,7.3376e-08
1.0476e-05,0.0012086,0.0089617,0.0029379,2.9388e-05
0.0018711,0,0.00084141,4.3404e-05,1.0735e-06
0.0019573,1.1416e-05,8.3778e-06,2.5881e-05,2.7701e-06
0,1.5931e-10,9.0517e-09,0.00038187,0.004588
0.0005395,2.8366e-05,2.8287e-05,0.0046945,6.1168e-06
0.00012258,0.013317,0.00050258,1.5468e-07,3.9267e-13
0.0015965,2.1911e-06,3.3269e-05,0.00037451,0.00063183
0.00021524,1.4974e-06,0.00025909,0.00571,3.2505e-07
0.0019651,2.3665e-05,1.9155e-06,3.6837e-07,2.8155e-09
0.0018419,1.6682e-06,0.0002403,0.00026472,5.5675e-05
4.3931e-06,0.00012985,0.0050664,0.0047633,3.0786e-07
0.0019675,0,1.9101e-12,4.7575e-10,2.887e-06
1.1221e-05,1.552e-05,0.00048787,0.0063028,2.8764e-07
2.648e-05,0.012362,0.0018564,0.00029666,5.8536e-09
0.00044759,6.3588e-09,0,0.00034031,0.003511
0,0,0,0,0
0.0015088,1.8741e-05,0,0.0015118,0
0.0019492,2.2683e-05,9.5301e-06,5.1038e-05,9.7388e-08
0.001824,0,0,1.1199e-09,0.00035819
0.0019673,0,0,0,3.3401e-06
8.59e-06,2.2608e-06,1.1885e-05,0.0063702,7.8365e-05
0.0004819,5.4695e-11,1.2304e-10,1.5495e-05,0.0036693
3.4672e-07,1.2943e-09,3.7529e-08,1.4542e-07,0.004873
0,0,0,0,0
0,0,0,0,0
0.0016286,0.00037451,0.0028815,6.3117e-06,1.5681e-08
5.015e-06,3.9508e-10,8.7708e-08,0.0011807,0.0039773
0.0019663,4.2317e-06,1.733e-05,0,0
0.00022664,0.011432,0.0020048,5.454e-07,9.5612e-13
0.0019686,0,0,1.0945e-08,9.2396e-10
0.00013704,0.011852,0.0015832,0.00024856,1.8144e-10
4.5128e-06,2.8994e-08,8.1648e-08,9.1369e-05,0.0047944
0.00016934,0.0098278,0.00085301,0.0012848,3.9114e-07
0.0019682,1.272e-06,7.2371e-07,6.0222e-07,9.6658e-10
0.0018771,1.557e-10,9.187e-08,2.4488e-05,0.00020819
9.6067e-05,0.00020297,0.017514,0.00031953,3.2712e-07
0.001968,1.6244e-06,1.2789e-06,4.5244e-07,3.5001e-07
7.0957e-10,1.9494e-14,2.666e-12,3.7686e-08,0.004874
4.2287e-07,0,0,7.2046e-06,0.0048676
0.0019102,0,0,0.00018888,3.3476e-06
1.0393e-05,7.071e-05,0.01068,0.0018802,0.00077686
5.848e-07,5.1268e-13,6.7211e-10,1.3153e-06,0.0048716
0.00105,4.7905e-12,1.3012e-10,8.1662e-09,0.0022745
7.8428e-07,2.9e-10,1.2826e-08,0.0064311,5.5801e-05
0.0019657,8.9064e-06,1.0441e-05,2.1022e-06,9.0335e-08
0.0018056,0,4.9411e-12,9.3373e-09,0.00040358
1.1796e-05,6.2673e-12,5.9572e-10,3.9818e-08,0.0048448
0.001741,0.001681,9.1705e-06,1.3161e-08,6.4834e-10
0.0013426,0.0016811,0.00017379,0.00073379,0.00039628
0.0019686,7.1644e-10,8.7268e-10,5.4271e-08,6.1075e-08
0,2.571e-12,2.9124e-11,6.7282e-07,0.0048735
6.433e-05,0.011775,0.0031666,7.4187e-07,4.6176e-09
0.00030886,0,5.1777e-09,4.9077e-08,0.0041093
0.0019635,1.0997e-11,2.9223e-11,4.3287e-09,1.2841e-05
0.00025087,3.1121e-05,0.00029187,0.0051188,0.0003369
0.0019662,4.2116e-08,1.5004e-06,7.5339e-06,8.2045e-09
0.0017171,5.5275e-07,0.00016828,0.00077212,2.6263e-06
0.001284,9.5606e-07,1.0393e-05,0.001418,0.00063021
0.00040792,0.0028291,0.0018651,0.0032719,8.1673e-06
0.0018506,0,2.9861e-10,0,0.00029223
9.4386e-06,1.0744e-12,2.6432e-10,2.9863e-09,0.0048506
5.5651e-07,6.1716e-10,3.6606e-08,0.0010074,0.0041182
0.0019221,0.00015955,0.00014057,3.5717e-05,4.4601e-07
0.00016377,2.6436e-05,0.0010071,0.0055928,2.2355e-05
0.0019684,3.7089e-07,0,4.9794e-07,0
0.00090712,0.0067101,0.0015343,1.1383e-05,1.564e-09
0.00063101,0,4.1766e-07,0.0010214,0.0025467
0.0016673,0,0,0.00098944,4.9429e-06
3.4483e-06,0.00066564,0.016458,0.00076792,2.4751e-07
0.0017905,0.00084107,0.00060335,1.4925e-05,3.2538e-09
0.0019673,0,0,2.4571e-10,3.2372e-06
2.3361e-05,0.01162,0.0032915,0.00016197,1.5288e-06
3.2882e-05,0,1.8683e-09,1.4637e-05,0.0047816
0.0019652,2.4993e-05,9.3074e-07,4.8847e-09,4.6747e-10
0.0015162,0,0,3.0827e-07,0.0011199
0.00065375,1.9769e-06,3.3475e-05,0.0042659,5.173e-05
7.663e-05,0.0082318,0.0024016,0.0017923,2.0603e-08
1.2673e-07,0.013747,0.0011237,8.1899e-06,1.0537e-08
0,0,0,0,0
0.0019534,1.6582e-05,0.0001279,9.2758e-07,0
0.0019474,0.00010043,7.5622e-06,1.0258e-05,9.437e-06
0.00010965,0,3.3812e-13,6.1112e-11,0.0046025
0.0016751,3.6464e-08,7.6329e-06,0.0001423,0.00061829
1.1833e-06,0,7.1026e-12,1.3442e-09,0.0048711
0.0019686,2.6305e-09,0,2.5179e-07,0
0.001937,2.9373e-06,9.4545e-05,3.3699e-06,5.1563e-05
2.9325e-05,0.0021279,0.00063046,0.0045129,0.00055536
0.0018933,0.00011451,8.3477e-05,3.9805e-05,9.7837e-05
0.0016548,0,0,0.0010077,2.235e-05
0.0010827,0.0002483,0.00031593,0.002698,1.1895e-05
0.0019686,0,0,0,0
0.0019685,0,0,4.3232e-07,0
0.0019685,1.2099e-09,0,1.6426e-08,2.6638e-07
2.1578e-05,5.0858e-09,1.3155e-05,8.5705e-05,0.0047531
4.3017e-06,4.0774e-11,2.8842e-09,1.3535e-06,0.0048623
0.0019678,1.6633e-08,7.1364e-08,7.7001e-07,1.4025e-06
0.0019686,1.7578e-10,1.8986e-11,3.5346e-09,5.767e-08
0.0019686,0,0,8.8441e-08,0
0.0014192,6.7093e-05,0.00015178,0.0017352,9.2716e-07
0.0019686,1.2086e-07,7.0147e-08,5.7444e-08,7.1063e-08
0.00016053,0,5.3678e-08,1.3416e-06,0.0044755
0.0019495,5.3258e-07,0.00017975,2.7487e-06,7.2423e-07
0.00062187,0.0094669,9.2714e-05,0.00019866,1.8513e-06
2.5876e-08,4.4928e-06,0.00023157,0.0052635,0.00087335
0.0019504,1.8662e-07,1.6713e-06,2.3314e-05,2.7176e-05
0,0.0046664,0,0.00012249,0.0032242
8.8401e-11,2.5952e-12,5.7004e-11,6.3839e-07,0.0048735
0.0019686,4.6693e-12,3.8219e-12,8.9806e-10,3.697e-08
2.8593e-05,5.4901e-08,4.2124e-07,0.0053586,0.00079003
8.0305e-06,2.7715e-10,1.3371e-08,2.238e-08,0.0048541
7.5528e-05,0.00027301,0.01858,4.9112e-06,4.672e-09
1.1676e-05,0,1.4526e-08,7.9703e-06,0.0048391
1.3545e-08,0,7.9198e-08,0.0014548,0.0037844
0.0016801,7.092e-07,5.0088e-07,0.00095319,2.2837e-07
2.7256e-08,0,1.523e-08,4.6714e-07,0.0048736
0.0019652,1.3629e-05,5.308e-06,3.3165e-06,2.6226e-07
0.00031169,4.0091e-05,0.0010653,0.0050906,1.3258e-05
0.0013436,6.4118e-11,6.1305e-09,9.5642e-09,0.0015475
4.8756e-05,3.1439e-08,2.6816e-06,0.0055582,0.00059005
0.0019628,0,2.0958e-05,1.5761e-06,8.0327e-06
0.00056837,2.5614e-10,7.2275e-08,8.5308e-07,0.0034662
0.00074071,0.00014226,0.011226,0.00029099,1.6326e-07
0,0.0004202,0.01907,2.7068e-05,3.3397e-09
3.9991e-05,0.014136,0.00021449,3.0356e-06,2.9323e-08
0.00061249,2.4011e-10,2.3407e-08,4.7029e-07,0.0033572
0.0019686,0,0,1.4271e-07,8.1994e-10
2.3384e-05,1.277e-08,6.6223e-07,0.0058238,0.00045452
0.0019557,0,0,4.2738e-05,6.3251e-09
2.1218e-06,7.8729e-06,9.1434e-05,0.0064675,4.203e-08
0.0019583,2.6952e-09,5.9922e-08,1.1173e-08,2.5522e-05
0.0019686,0,0,5.9268e-10,0
0.0019352,0.00014683,0.00012528,3.8741e-06,3.9504e-09
0.0016599,3.8617e-08,2.875e-06,0.00094591,5.5335e-05
0,2.645e-12,3.1701e-10,0.00013785,0.0047708
0.001961,3.043e-05,2.4317e-05,2.5812e-06,8.8704e-07
0.00039007,7.4298e-05,0,0.0051855,0
1.087e-05,2.5234e-10,5.2401e-07,0.00016607,0.0047226
5.5892e-06,1.2272e-11,5.1475e-09,5.1962e-07,0.0048598
1.6834e-07,2.4488e-14,2.6275e-12,3.0514e-07,0.0048734
0.001577,0,5.5012e-05,0.00018024,0.0008211
0.00021428,1.0943e-09,7.9148e-09,5.6886e-06,0.0043392
1.0851e-05,0,2.4607e-07,6.2169e-06,0.0048424
0.0019681,3.7544e-06,1.1887e-08,1.7145e-08,3.3118e-09
0.0019686,1.2612e-10,8.6669e-10,1.1716e-07,9.9828e-09
0.00075764,1.2409e-06,7.625e-06,0.0039393,4.5759e-05
0.0019215,1.5541e-06,2.8766e-06,8.2758e-05,5.3531e-05
0.0019686,0,0,4.5954e-09,8.3563e-08
0.00079014,0.0081847,0.00059936,4.9244e-05,4.1506e-12
5.2414e-05,0,0,0.0051372,0.000897
0,0,0,0,0
1.069e-05,0.0071236,0.00014827,0.0032447,2.4675e-06
0.0019602,4.9425e-06,7.0445e-06,2.2829e-05,2.8792e-07
1.7111e-08,0,9.0907e-09,1.4619e-06,0.0048729
1.4134e-06,7.4934e-12,8.2634e-08,2.8105e-06,0.0048684
0.0018124,2.0659e-09,1.2511e-07,1.2223e-06,0.00038576
7.6265e-07,5.3223e-08,4.3515e-05,0.0017336,0.003563
0.0019681,1.7265e-09,1.0237e-07,1.6758e-06,0
0,3.0897e-07,2.3938e-05,0.0064733,2.0108e-05
0.0019686,0,0,3.2645e-10,6.5857e-09
5.2649e-05,0.0033111,0.0054628,0.0030401,1.124e-05
0.0015296,0.0018993,0.00024569,0.00049853,1.8791e-05
0,0.014588,0,4.6725e-06,0
0.0015236,0.0020186,0.0013072,0.00013994,1.0565e-07
0.0019686,0,0,1.9756e-07,4.0589e-10
1.0105e-06,4.2562e-08,1.3706e-06,0.0060804,0.00031752
3.837e-09,9.5715e-11,2.4928e-07,3.4814e-07,0.0048737
0.0019686,0,0,3.4668e-09,2.0174e-07
6.5009e-06,3.5707e-05,9.5964e-07,0.0018292,0.0034759
0.0017641,0.001508,0,3.8394e-06,0
0,0.00063023,0.0016488,0.0056817,1.0166e-06
6.1918e-07,0,5.5966e-11,2.321e-08,0.0048725
4.8868e-08,4.581e-09,6.2526e-08,0.0064681,2.987e-05
0.0016227,0.00053068,7.0174e-06,0,0.0006775
0.00068983,0.0056719,0.0051418,2.0375e-06,1.0895e-09
0.000249,3.6357e-06,9.472e-07,0.0056752,5.944e-06
0.0019647,7.321e-06,2.9777e-05,0,0
0.0019444,0.00014623,4.0784e-05,1.394e-06,6.5632e-09
1.1217e-06,1.4034e-09,1.5262e-07,0.0064164,6.5964e-05
0.0017763,0,1.0335e-06,3.6742e-06,0.00047318
0.0019461,1.1416e-09,1.8761e-08,4.2681e-09,5.5686e-05
6.7533e-05,0.0080706,0.0010396,0.0023406,2.3262e-06
5.2084e-05,1.4175e-06,1.3944e-05,0.006112,0.00016387
0.00048789,0.0029312,0.00057803,0.0032826,8.6205e-05
0.001851,6.0783e-06,7.1735e-07,8.0353e-05,0.00022898
3.5765e-07,2.561e-09,5.5077e-08,4.8376e-07,0.0048727
0.0012976,2.1111e-07,7.2269e-05,0.00015236,0.0015295
0.00096507,1.6534e-08,2.6298e-07,0.0017034,0.0012089
0.0019088,0.00011615,0.00018548,8.3541e-05,1.0732e-06
0.00053847,0,2.2236e-07,3.6415e-06,0.0035381
0.0015487,1.7797e-07,3.792e-05,1.3149e-05,0.0010203
0.0019686,0,0,0,0
6.009e-06,0.00023544,0,0.0063816,1.3239e-06
2.5701e-08,2.3777e-06,3.2413e-05,0.0064957,4.8179e-07
0.0010847,0.005951,0.00074526,2.3179e-05,1.9777e-08
0.00027105,0.0029819,0.012459,0.00017087,2.0868e-08
0.0019671,1.7379e-08,6.9157e-08,1.9541e-06,2.4087e-06
0.001945,5.8447e-05,8.4523e-05,2.4111e-05,3.9707e-08
0.0012313,2.1911e-07,5.7134e-06,0.0019624,0.00035433
0.0019187,1.2645e-06,0,2.245e-05,0.00010635
0,0.014558,5.3927e-05,0,3.5444e-11
2.2157e-05,0.00028871,0.0016083,0.0053707,0.0003031
4.659e-05,4.0191e-06,0.0010146,0.0060147,2.1161e-06
0.0019686,0,0,1.1906e-07,1.8147e-08
4.1765e-09,2.2559e-06,2.9831e-05,0.006497,2.9151e-07
0.0016367,7.6659e-05,0.00026975,0.00081321,0.00012044
5.4651e-06,7.5044e-07,5.8906e-07,0.0064803,6.9585e-06
0.0019686,0,0,2.3964e-10,2.6545e-10
0.0019622,4.6351e-07,2.9107e-07,1.5179e-05,4.373e-06
0.0018994,0,0,7.1054e-08,0.00017134
1.2182e-05,0.0020171,0.0013563,0.0051033,1.3308e-05
0.001968,0,0,1.8621e-06,2.5541e-07
0.0018937,0.00045176,0.0001249,5.0168e-06,5.3216e-11
0.0017381,2.7378e-08,1.0562e-06,0.000746,1.1707e-05
0.0019686,1.499e-09,0,2.7834e-07,0
0.0019232,9.4963e-05,0.0002305,3.1713e-05,5.0327e-08
0.0015441,0.0026974,0.00060836,0,3.7985e-10
2.2831e-05,2.866e-07,3.8235e-07,3.0218e-06,0.004815
0.0019645,0,0,6.4476e-10,1.0228e-05
0.0019686,3.5458e-09,0,6.9124e-10,0
0.0019686,0,0,1.8915e-08,7.0581e-11
0.0019686,2.3112e-07,1.3169e-07,3.5443e-08,7.9372e-09
0.0019383,0,0,0.00010033,0
0.00039434,0,6.1178e-09,6.4296e-07,0.0038972
1.5679e-05,0,0,5.9215e-08,0.0048351
0.0019686,1.3031e-08,0,3.9132e-08,0
0.0019583,2.9448e-07,0,3.4051e-05,0
3.1461e-06,1.7849e-05,0.00032737,0.0063652,1.2421e-05
3.0483e-05,3.1877e-14,1.41e-11,5.4946e-08,0.0047985
2.6739e-06,0.0048033,0.01283,0.00012362,6.2589e-12
0.0013044,0,0,2.5567e-05,0.0016254
1.6959e-05,5.7595e-08,4.1734e-07,0.00052288,0.0044403
6.846e-05,0.00037891,0,0.006113,0
0.00043243,4.6578e-09,4.7747e-07,1.4857e-06,0.0038021
0.0019686,0,0,3.3163e-08,1.9191e-08
0.0016772,0.0010638,0,0.00048925,0
0.0017082,0,2.6893e-08,1.3287e-08,0.00064467
0.0019686,8.8596e-09,9.875e-08,1.8535e-09,1.6127e-08
0.00039703,0.0041328,0.010031,4.2577e-05,1.4241e-08
1.2488e-05,0.014203,0.00040816,0,4.965e-08
0.00028142,5.2912e-10,4.7072e-05,0.0014921,0.0030482
0.0019686,0,0,4.1994e-09,3.3725e-08
6.8936e-05,0.0038728,0.011812,0.00062156,2.5193e-05
0,0.0016317,0.010258,0.0023953,2.0105e-10
1.5246e-07,3.0043e-13,1.6963e-12,2.3456e-09,0.0048736
2.0526e-05,0.014445,0,2.8267e-07,6.7348e-09
0.0004858,0,0,0.00073846,0.0031182
5.1556e-08,1.1282e-11,5.4728e-11,2.1997e-06,0.0048722
0,0.01087,0.0015425,0.001153,0
0.00014312,3.4474e-05,0.01081,0.0024519,1.0644e-07
0.0017964,5.6815e-09,1.3005e-07,3.5268e-06,0.00042369
1.1073e-06,0,3.7622e-09,9.3967e-08,0.0048712
0.001803,0.0011882,5.1873e-05,0,6.0041e-07
0.0010265,0.0047284,0.0029029,4.8518e-05,5.5649e-08
6.8967e-06,0.00012963,0.0067017,0.00421,4.3973e-06
0.0019622,0,0,1.5145e-07,1.5785e-05
0.0019495,0.00012544,0,5.0591e-06,1.6227e-06
0.0019686,1.0813e-11,3.5689e-10,1.8548e-10,0
0.0019686,0,0,0,0
0.0019686,1.3873e-09,3.4375e-09,0,0
5.4338e-05,0.00015987,0.0019604,0.00011468,0.0041157
0.0019552,9.5159e-05,4.3795e-06,6.1578e-07,3.8531e-09
0.0001246,8.7903e-09,2.8917e-09,5.6622e-06,0.0045613
0.00044541,0.0076085,0.0047021,9.133e-05,3.376e-07
0.0019686,0,0,3.8821e-12,1.8918e-10
0.0019621,3.2421e-05,0,7.2769e-06,0
1.3346e-05,0.0059368,0,0.0038171,1.0555e-07
0.0012088,0,0,0.0023574,0.00011583
0.001942,0.00018727,1.3205e-05,3.4804e-07,2.4511e-08
4.0255e-09,0,3.298e-17,0,0.004874
0.0018374,9.8815e-09,6.5828e-08,1.4697e-08,0.0003248
0.0019676,4.8456e-08,0,6.2796e-11,2.4503e-06
0.0018858,3.1886e-06,3.8364e-06,0.00027118,2.3459e-09
0.0018557,7.0498e-10,5.1338e-08,6.2418e-06,0.00027504
0.0018178,3.9914e-10,3.7257e-09,3.3755e-07,0.0003731
0.0019686,0,0,1.152e-07,0
0.0016092,0,0,0.0011884,0
0.0019043,1.4864e-06,8.9093e-06,0.00020493,3.0657e-06
1.5151e-05,0.0024432,0.00085902,0.0050851,2.0726e-07
0.0001017,2.6339e-12,1.2828e-12,2.7961e-09,0.0046222
0.0019658,1.0541e-05,1.0369e-06,4.2407e-06,5.6551e-08
7.4194e-06,3.9783e-09,1.3207e-06,6.5069e-05,0.0048066
8.7741e-06,0.00074564,0.011144,0.002469,9.9678e-09
6.8945e-09,2.9723e-07,7.1436e-06,0.0064925,9.8928e-06
0,0,1.9939e-07,6.2292e-05,0.0048273
4.393e-05,0,1.7738e-08,0.00017128,0.004637
3.7989e-07,1.8817e-08,3.3377e-06,0.0061125,0.00029457
0.0015004,0.00014863,0.00057197,0.00024719,0.00078308
0.0003575,0,0,4.763e-07,0.0039885
0.0019686,0,0,3.0124e-13,0
0.0018659,4.5432e-06,0.00032793,0.00013011,7.4398e-05
7.3651e-06,0.014472,0,3.1661e-05,0
0.0012836,0.00026782,0.0041646,0.00074681,1.7996e-05
1.545e-05,2.654e-06,3.4908e-05,0.0025147,0.002943
0.0019288,0.00028457,0,4.9166e-06,0
0.0010126,0.006593,0.00061311,1.8934e-05,6.4903e-08
5.1489e-07,1.1526e-07,1.1158e-06,0.0064278,5.864e-05
0.00010481,0,0,3.0533e-06,0.0046122
1.4262e-06,7.8938e-06,2.0732e-05,0.0062555,0.00017796
7.0501e-06,0.0038968,0.012624,0.00057917,1.4492e-06
0.0011615,0,0.0078912,5.4799e-05,6.9829e-06
0.0019681,0,2.7989e-07,7.4401e-08,1.1819e-06
0.0015292,0,3.1177e-05,7.7963e-06,0.0010744
1.0953e-05,4.9069e-07,0,0.0064381,2.5207e-05
0.0019286,3.2274e-09,0,0.00013246,0
0.0019686,0,0,4.9923e-10,3.811e-08
9.3267e-05,0,0.0015522,0.0032128,0.0018534
0.0019683,1.3044e-06,0,5.8147e-07,6.6847e-09
1.1467e-05,0.010172,0.0044585,0.00046394,2.0951e-08
0.0019663,4.1797e-06,1.5952e-05,4.5325e-07,2.7696e-09
6.6894e-08,0,7.5767e-15,1.2899e-08,0.0048738
5.4012e-05,4.9892e-08,7.4981e-08,0.0062567,5.459e-05
0.0009904,4.0934e-06,3.2966e-06,0.0032287,1.7646e-06
0.0019567,0,9.2696e-05,8.7217e-06,2.1099e-07
0.0019686,0,0,1.3202e-09,0
0.0016948,6.1778e-05,2.3166e-05,0.00044859,0.0003157
0.00099235,0.00021785,0.00013782,0.0030778,5.3745e-06
0.0019686,0,0,7.0048e-10,0
0.00058403,0.00048734,0.0032249,0.0032017,7.0489e-05
0.0013579,1.8916e-05,0.00088629,0.00055467,0.00087128
0.00015035,0.00062137,0.00059314,0.0055378,4.2141e-07
0.0011544,0,8.2049e-09,1.4642e-06,0.0020148
0.0019686,0,0,0,0
0.00043305,1.7598e-06,1.0501e-05,1.5295e-05,0.0037872
0.00030921,0.0045379,8.5354e-05,0.0034073,2.0504e-05
0.0019686,0,0,1.4258e-08,1.5607e-08
0.0019599,6.1624e-05,3.8623e-06,5.6742e-09,8.1069e-10
0.00073995,0.00097677,0.0030755,0.0025857,1.928e-05
0.0019686,5.9036e-10,0,9.1863e-08,0
0.001859,0,8.2039e-08,9.0925e-07,0.00027083
1.9683e-08,6.4665e-09,7.2557e-07,0.0062711,0.00017732
0.0019382,2.347e-08,1.1986e-06,8.4225e-05,1.1947e-05
5.165e-08,0.012025,0.0033917,2.7387e-05,4.4916e-11
0.0016116,0,0,7.8422e-06,0.00087815
0,0.013515,0.0013591,3.446e-05,1.3863e-08
0.0019686,0,0,9.0073e-13,2.8331e-12
3.8575e-05,9.7008e-11,5.8655e-09,1.352e-08,0.0047785
0.001968,0,2.2064e-11,8.5758e-09,1.4987e-06
0.00012695,7.0264e-05,5.1449e-05,0.0012216,0.0036087
0.001965,0,5.9035e-08,7.2473e-09,9.0001e-06
0.0017911,0.0011403,3.5746e-05,6.658e-05,2.126e-08
1.5893e-05,1.1181e-08,4.0016e-08,0.0016837,0.0035737
0,0,0.01557,0.0013688,5.4464e-07
0,0.011619,0.0034297,0.00019607,1.6872e-07
0,0,0,2.0666e-08,0.004874
0.0018809,8.7755e-12,4.1256e-11,1.405e-09,0.00021713
0.0011751,0,2.3354e-07,1.8287e-06,0.0019632
0.00019828,0.0001241,4.8287e-05,0.0030165,0.0020706
0.0019363,0.00015917,9.5446e-05,4.2095e-06,1.7622e-07
0.0018546,4.0707e-07,6.2432e-06,5.6871e-05,0.00023811
0,0,0,0,0
5.1565e-05,0.00063259,0.018348,0,2.2213e-07
1.863e-09,5.0613e-07,3.0381e-05,0.0064932,3.5244e-06
0.0017615,1.0952e-05,9.5517e-05,0.00046504,0.00013719
0.0019684,1.8024e-10,4.5193e-11,3.1402e-09,5.3213e-07
0.0013661,3.0092e-06,7.7015e-06,0.0019817,4.8458e-06
0.0018354,4.8507e-09,8.5109e-08,1.6026e-06,0.00032865
4.5219e-08,0.00058198,0.018918,4.9757e-06,4.7129e-11
7.8252e-08,3.9434e-13,4.2391e-10,5.8232e-06,0.0048695
0.0019686,1.1087e-08,1.5581e-10,1.4338e-10,1.081e-10
0.0019683,0,0,1.0801e-06,0
7.1909e-07,0,3.4509e-09,2.864e-07,0.004872
0.0017683,0,0,0.00047161,0.00014283
0.0019686,4.3705e-10,0,5.7886e-08,0
1.7976e-10,2.6467e-15,6.3182e-14,7.9043e-08,0.0048739
0.0015323,4.3559e-15,5.8621e-13,2.299e-09,0.0010804
0.0019685,0,0,5.6397e-07,0
0.00010178,1.3952e-11,1.0139e-06,0.00016073,0.0045014
3.6856e-08,0,0,7.8828e-06,0.004868
0.00098598,1.7943e-09,1.5115e-10,6.4277e-09,0.0024329
2.3866e-07,4.3221e-06,2.5802e-06,0.0060793,0.00031857
1.8827e-06,0.00040434,0.00056108,0.0061364,1.2231e-07
0.0019675,3.3106e-06,6.4555e-06,0,0
1.9238e-07,4.0688e-11,3.5673e-10,1.7058e-07,0.0048734
0.0017304,0,0,3.0809e-06,0.00058758
0.0019263,0.00016626,3.2554e-05,5.4994e-05,1.4853e-07
0,0.014598,0,8.2183e-10,2.2286e-14
0,0,0,3.4743e-09,0.004874
0.0019321,9.2746e-10,0,0.00012085,0
0.0017671,4.4427e-07,8.1293e-07,4.0943e-06,0.0004956
0.0019174,0.00030076,0.00010626,1.4193e-07,8.3954e-08
0.00029229,0,0,7.7968e-10,0.0041503
0.00032069,4.0292e-08,1.0788e-05,0.000929,0.0033816
0.001964,0,0,4.5521e-08,1.15e-05
4.9611e-06,0,3.8265e-08,0.00071233,0.0043283
0.0019686,0,0,0,0
0.0019678,5.8877e-06,4.902e-08,3.6882e-08,4.9303e-11
1.4836e-07,0.0024558,0.0022248,0.0046785,4.9154e-08
0.00038995,0.011641,6.3987e-05,4.7282e-06,2.5179e-06
4.3867e-05,9.0332e-05,0.00017566,0.0054741,0.00059223
3.1604e-05,4.7041e-06,0.00089461,0.0060682,2.8629e-05
0.001823,2.4685e-06,2.4912e-05,0.00044546,1.9935e-05
7.4876e-05,0,8.1917e-11,1.5749e-08,0.0046886
0.0019236,0.00022374,0.00012891,6.6015e-06,6.1441e-10
0.0019686,0,0,0,0
6.5662e-06,4.1698e-10,4.9821e-08,0.00012498,0.0047641
0.0019452,7.3309e-05,1.4734e-05,2.824e-05,8.849e-06
0.0018853,1.5607e-07,1.6947e-07,4.3828e-08,0.0002061
6.3608e-05,0.0026415,0.015322,6.356e-05,4.0945e-11
0.0019686,0,0,0,0
0.00047868,0,1.3995e-08,0,0.0036889
0,0.0029699,0.014584,0.00037079,0
0.00031671,0.00021493,0.005085,0.0036871,0
0.00080033,0.00016995,0.0014903,0.0032733,1.6076e-05
0,0,0,0,0
0.00070022,8.7003e-07,4.4758e-05,0.0041101,5.0988e-05
0.0010663,4.8177e-05,1.662e-05,0.001712,0.00093162
0.0018579,8.8287e-13,1.0043e-12,1.916e-09,0.00027416
0.0011189,0.0023876,0.0051533,4.3923e-05,1.8455e-11
0.00057566,0.010203,0.00010194,2.28e-05,2.6572e-08
0.001968,4.0711e-06,1.3034e-07,1.4628e-07,2.8174e-09
0.00052417,4.7835e-06,1.9285e-05,0.0034644,0.00097541
4.6446e-10,1.6057e-10,1.8175e-07,0.006313,0.00014616
0.0019654,0,0,8.8292e-11,8.0609e-06
0.0010935,5.3605e-08,0,1.2577e-05,0.0021574
0.0013922,2.9519e-05,0,0.0014931,0.00029901
1.5706e-06,0,4.7978e-09,3.0724e-05,0.0048471
0.0013763,0,0,0.00073744,0.00091425
0.00068829,0.009244,0.00014425,6.3562e-05,2.9833e-07
8.9624e-06,0.0099946,0.0015041,0.0015117,1.0945e-05
4.1567e-06,0.00026478,7.444e-05,0.0025818,0.0028234
6.5696e-06,7.6826e-08,0.00016386,0.006432,2.6928e-07
0.0019686,0,0,3.6928e-09,0
0,0.00040596,0.00096894,0.0043341,0.0012531
0.0019653,2.2155e-05,3.5915e-06,0,8.7131e-09
0.00072454,1.5062e-07,0,7.24e-05,0.0030259
0.0018375,0.00097088,1.9172e-06,0,4.3481e-08
1.4419e-08,4.1672e-06,0.001913,0.0057058,0.00012668
0.0019279,0.00015355,0,6.6343e-05,0
0.0018652,2.3588e-08,1.6868e-07,0.00032198,1.4834e-05
0.0019668,3.5586e-08,1.9805e-09,5.7789e-06,1.4286e-07
2.6111e-06,0.014294,0.00038357,2.1021e-07,3.2177e-12
0.0019666,1.4757e-05,7.7552e-08,3.4206e-08,1.5823e-11
0.0019073,1.9787e-06,1.759e-06,8.5599e-05,8.6675e-05
0.0019216,0,1.239e-11,1.8109e-11,0.00011647
0.0019686,1.8279e-08,4.7213e-09,4.0842e-08,9.9099e-09
0.0019685,1.5105e-07,5.3761e-09,2.4444e-07,1.6306e-09
9.6247e-05,0,2.1811e-11,1.6964e-08,0.0046357
0.0019684,2.0641e-07,1.008e-07,1.8469e-07,2.9828e-07
0.0019083,0.00044696,5.229e-07,5.0474e-08,1.2269e-08
0.0019225,0.00014925,0.00019268,2.2384e-05,4.7484e-08
0.0016355,0,0,0.0011015,0
2.1042e-06,4.1061e-07,2.2025e-05,0.0063573,0.00010221
1.0903e-06,3.8376e-09,7.4569e-08,0.00041095,0.0045635
2.2866e-05,1.1773e-06,2.729e-06,0.006426,3.8908e-06
0.0014306,5.5281e-07,0.00046111,0.00011417,0.0011324
3.0123e-05,5.9591e-13,4.8111e-13,3.1829e-09,0.0047994
0.0018696,0.0004587,0.00025336,3.9425e-05,1.6922e-08
0.0011077,1.6649e-10,5.0842e-10,6.1518e-08,0.0021315
0.0008128,0.00013884,0.00058616,0.0032162,0.0002618
0.0019686,0,8.7902e-09,1.1267e-10,3.8343e-10
0.0019084,8.7578e-08,3.81e-06,8.6458e-05,8.3541e-05
0.00074572,0.0086679,0.00054024,2.2027e-07,4.3441e-10
2.8277e-06,4.8906e-08,3.5101e-05,0.0026679,0.0028603
7.3912e-05,0,2.8229e-06,2.2148e-05,0.0046737
0,6.2932e-08,2.2952e-05,2.757e-06,0.0048663
5.2168e-05,0.0017206,0.016697,5.8203e-05,9.487e-11
0.0011936,0.0057384,1.1517e-05,4.6756e-08,1.0101e-09
0.00052069,2.7391e-10,4.8452e-09,4.8385e-09,0.0035849
1.8409e-06,0.001368,0.010302,0.0024923,1.0744e-08
3.9495e-06,0.0038445,0.01155,0.00096855,5.9197e-07
9.4842e-06,1.6869e-11,8.3788e-08,5.8454e-06,0.0048461
0.0019686,4.3449e-09,7.7226e-09,7.3863e-08,1.8225e-08
0.0019684,0,1.1167e-09,8.2875e-10,6.1275e-07
0.0018114,1.1102e-06,6.255e-06,9.3946e-05,0.0003171
0.0019686,0,5.2803e-09,0,0
0.0019147,8.5403e-05,0.00039118,1.1206e-05,5.0152e-09
0.0015276,1.4756e-06,2.074e-06,0.0011867,0.00020212
1.0498e-09,0,2.1111e-09,1.955e-05,0.0048594
0.00037928,0,2.9338e-05,0.00012939,0.0038308
0.0019612,3.9734e-05,1.4617e-05,1.7167e-06,1.2969e-07
0.0019505,0,1.723e-05,2.0289e-06,3.9233e-05
1.7061e-06,3.0015e-09,4.881e-07,0.0064994,2.2832e-06
0.0019686,0,0,0,0
0.00070452,0,3.4325e-10,8.9571e-07,0.0031291
0.0017254,0.00083228,0,0.00043296,0
0.0019686,0,0,1.5584e-10,0
4.9111e-07,0.000622,0.018029,0.00027893,1.1426e-08
7.5877e-07,0.0098097,0.0053734,0.00028231,5.7323e-05
0.0019075,0.00026454,0.00022775,8.4683e-06,3.9622e-07
0.0019685,1.3957e-11,0,4.2463e-07,0
0.001968,2.5527e-07,1.6712e-07,1.7426e-06,1.5668e-07
0.00040519,0.0040617,0.001594,0.0027986,2.4847e-05
0.0017703,3.202e-07,1.047e-05,0.00060297,3.6886e-05
0.0017896,0,1.8504e-06,0.00045039,0.00010542
0.0019204,0.00034193,1.3098e-05,2.6575e-06,1.511e-11
3.0385e-08,3.5613e-05,0.003387,0.0053741,2.1671e-07
6.7925e-09,0.00031934,0.00081157,0.0060977,1.9761e-07
0.0019288,0,0.00035985,4.4601e-06,6.321e-06
1.3723e-05,1.3571e-06,1.8235e-05,0.0064508,4.0378e-06
0,2.001e-06,2.0095e-07,2.7519e-06,0.0048712
0.0019666,0,0,6.7929e-06,1.7962e-10
2.0769e-05,5.6739e-05,0.0048636,0.0044439,0.00027347
4.8437e-07,0.012977,0.0021837,3.9078e-07,1.0521e-10
0.0019685,0,0,6.2967e-12,3.3996e-07
3.7063e-08,0,5.019e-12,4.5138e-08,0.0048739
0,4.888e-15,7.9817e-14,1.5205e-09,0.004874
0.0019405,9.6243e-06,0,8.8625e-05,0
2.8779e-05,0,7.8418e-06,9.1952e-05,0.004732
1.1771e-07,5.8773e-05,0.0023759,0.0056973,1.1266e-07
0.001949,0.00012205,0,1.0671e-05,0
0.0019686,0,0,1.0683e-09,0
1.8872e-07,0,2.9431e-13,3.8519e-09,0.0048735
0.0019654,1.1646e-05,3.4253e-06,4.0316e-06,1.8282e-07
0.00023149,6.1476e-06,0.00025051,3.1352e-05,0.0042134
0.00013461,5.8909e-08,1.1586e-05,0.0058299,0.00017182
0.001047,0.00047897,0,0.0027726,4.5483e-05
2.4432e-07,1.7905e-09,1.0834e-07,0.005979,0.00039569
0.0018257,9.229e-06,6.5565e-07,0.00015772,0.00023246
0.00028468,0.012384,0.00013884,1.0031e-07,8.3519e-09
0,5.1603e-07,2.771e-05,0.0064988,0
4.7691e-05,0,2.4692e-07,3.0775e-05,0.0047328
0.00051739,0,2.4174e-05,0.0034918,0.00097208
0.001391,4.2542e-07,0,0.0019094,0
0.0013508,5.976e-07,0.0059727,3.7701e-05,2.5015e-05
3.8756e-06,0.0053671,0.00010586,0.0040676,8.2711e-08
0.0019368,0,0,0.00010519,0
0.001837,0,0.0013113,2.371e-06,1.1105e-07
1.6046e-07,4.1215e-10,2.1061e-10,9.4815e-06,0.0048665
0.0017192,0,0,0.00082475,0
9.9631e-09,5.422e-06,0.00026648,0.0064165,9.9045e-07
8.7939e-07,0,1.6259e-12,2.6279e-09,0.0048718
6.6028e-06,4.6759e-05,0.0052341,0.0046424,7.1653e-05
0,0.0045695,0.013102,0.00014685,7.1527e-08
8.3493e-08,3.4907e-08,1.2711e-06,0.0064918,1.1765e-05
0.0019364,0,0,4.1996e-08,7.9715e-05
0.0018215,0,0,3.14e-07,0.00036398
0.00036854,0,1.6822e-07,1.3914e-06,0.0039605
0.0019675,3.5842e-06,1.2241e-06,1.6929e-06,1.4381e-09
0.0012042,0,7.4609e-06,8.5141e-05,0.0018269
0,0.013212,0.0018713,1.2496e-07,8.9966e-08
0.0019663,0,3.7863e-09,2.838e-08,5.7286e-06
0.0019686,0,0,9.2116e-10,0
0,2.4173e-11,2.5053e-10,0,0.004874
0.0011041,0.0002549,0.00060505,0.0024106,0.00010045
3.6537e-06,0,1.9332e-10,4.0002e-08,0.0048649
0,0.0056844,0.0033231,0.0014789,0.0010472
0.0019362,0,0,2.6916e-08,8.0389e-05
5.7614e-06,8.1531e-05,0.0096944,0.0032524,7.271e-07
0.0019537,1.7729e-05,2.1764e-06,3.4926e-05,4.4305e-06
6.5793e-06,0,9.2775e-06,0.00063335,0.0043811
0.0019686,0,0,0,0
0.0019573,4.968e-08,0,3.7382e-05,0
0.00020618,0,1.516e-07,0.0058265,0
0.0010421,6.2862e-06,0.00018795,0.001073,0.0014418
0.0019677,0,0,3.0234e-06,0
1.2345e-05,4.2824e-06,0.00039539,0.0060997,0.00017621
0.00038386,0,3.3924e-07,1.1319e-07,0.0039235
0.0018203,0.00033975,0.0010231,0,1.0274e-06
0.0019686,0,0,3.1882e-12,0
6.703e-11,0,5.619e-12,2.1969e-07,0.0048738
1.0691e-07,8.0599e-15,0,1.4435e-08,0.0048737
0.0002712,7.8688e-06,8.365e-06,0.0056012,3.1365e-06
0.0018855,0,2.4774e-09,3.575e-08,0.00020575
0.0019686,0,0,0,1.3052e-07
0,0.014573,1.955e-05,0,3.379e-06
0.0019686,0,0,9.6093e-11,6.7195e-08
0.0018366,1.0518e-05,3.4159e-05,0.00029985,9.035e-05
0.0019686,9.0774e-08,7.1673e-10,3.7192e-09,9.3936e-11
0.00088043,0.003554,0.0057849,0.00010324,4.5816e-07
0.0012781,3.9991e-08,5.9443e-08,0.00023627,0.0015326
0,3.5321e-09,5.6129e-09,1.7519e-05,0.0048609
1.2629e-06,7.5907e-13,1.3376e-12,1.4338e-08,0.0048709
0.0019685,0,0,4.6765e-07,0
0.0019444,0,0,8.0232e-05,1.1074e-09
0.0019628,1.3003e-07,2.9023e-05,0,7.2021e-06
0.0012266,0,0,4.8118e-08,0.0018372
0.0019685,7.9373e-09,1.1071e-09,4.5471e-07,7.6125e-10
2.0841e-08,8.3526e-07,5.2463e-06,0.0015859,0.0036847
2.3082e-05,0,1.7659e-12,1.3826e-09,0.0048169
0.0019618,3.195e-09,4.4392e-08,1.006e-08,1.7023e-05
0.0019682,1.8248e-07,2.7756e-07,7.8047e-07,2.9193e-07
3.9793e-06,1.324e-09,1.7522e-09,0.00066036,0.0043696
0,0,0,0,0
0.0019625,1.3318e-05,3.8617e-05,6.201e-07,8.2078e-07
0.0006586,2.2016e-07,1.7844e-06,0.0012699,0.0022919
0.0019686,0,0,0,0
0,0,0,0,0
0.0018174,0.00015337,0.00078801,0.00016319,6.3466e-06
4.228e-08,1.3402e-13,2.626e-12,1.3674e-08,0.0048739
0.00052908,0,1.0926e-07,5.1225e-06,0.0035602
0.0001097,4.5199e-11,1.0377e-11,2.9203e-08,0.0046024
0.0019674,1.924e-07,0,4.0166e-06,0
0.0015957,0,0,0.0010573,0.00013149
0.0019668,5.145e-08,1.698e-07,2.6246e-07,4.3562e-06
0.0019592,0,0,3.1118e-05,1.6591e-08
0.00049782,3.3422e-09,1.4694e-09,0.00026433,0.0034435
3.8484e-05,6.3691e-09,2.4574e-06,0.0035875,0.0020914
1.1032e-05,0.00063779,0.018586,5.3459e-05,1.1834e-09
1.0967e-06,0.0095195,0.0068412,2.7309e-06,2.0416e-14
0,6.5207e-10,9.347e-08,2.1333e-05,0.004858
0.0019685,1.2873e-06,0,2.6414e-11,0
0,2.1654e-10,3.7583e-08,0.0017787,0.003542
0.0012207,0.00044883,0.0066055,9.2032e-05,3.3045e-07
0.0019675,2.0611e-09,3.7748e-07,3.0526e-06,3.4009e-07
4.4423e-08,1.3981e-09,1.3967e-07,0.0043614,0.0016076
0.0019638,7.5067e-09,1.7265e-06,6.1859e-06,7.0282e-06
0.00017763,4.0212e-14,3.9557e-13,1.3302e-09,0.0044342
0.0019686,4.824e-07,0,1.9164e-09,0
0.00023391,0.0032139,0.0077741,0.0017356,5.9031e-07
0.0019686,0,0,5.6264e-08,5.2528e-11
0.0016791,0.00015679,0.00015079,0.00083677,5.2389e-07
0.0019686,0,0,1.7464e-07,0
0.00019508,8.1343e-09,2.4782e-07,6.772e-06,0.0043859
0.0019685,1.4398e-10,4.263e-10,2.4754e-09,3.7215e-07
0.0018859,0,1.3026e-09,3.6174e-08,0.00020477
0.0019375,6.5863e-09,1.9309e-07,5.5056e-06,7.2818e-05
0.0019469,7.483e-05,8.9606e-05,9.0051e-06,2.0702e-09
4.6228e-06,0.0080595,0.0082407,0.00018006,7.1595e-09
1.8373e-07,7.0629e-07,1.1447e-05,0.0011076,0.004041
0.001968,0,0,2.1113e-06,0
0.0019684,0,7.9006e-11,3.8963e-09,6.6471e-07
0.00092016,0,0,0.003084,0.00028627
1.9143e-06,0.00029688,0.0036547,0.0051625,6.3355e-07
1.3755e-08,6.6146e-12,4.6867e-11,2.3059e-06,0.0048722
0,5.8922e-05,0.0096313,0.003297,4.6891e-06
0.0012986,4.3133e-06,0.00021622,0.00091289,0.00092046
0.0018161,0.00080628,0.00043188,6.4461e-07,1.1369e-06
0.0019686,2.9324e-07,4.3119e-08,0,0
3.76e-07,2.9579e-09,8.6693e-08,0.00024623,0.0046887
0,0.00032589,0.00083186,0.006088,2.6836e-07
0.0019685,7.1985e-07,9.9449e-08,7.2633e-08,1.1814e-07
8.2013e-05,0,6.6817e-09,5.2557e-06,0.004667
1.8149e-07,8.48e-07,0.00029699,0.0064091,1.0988e-07
0.0019152,2.1097e-09,1.2135e-07,0,0.00013222
9.6331e-07,0.0030891,0.0075283,0.0026431,1.1043e-07
0.00037795,0,0,3.1177e-06,0.0039359
0.0019653,1.1202e-05,3.0243e-06,0,3.6603e-06
8.6463e-05,0.0028158,0.013389,0.00054813,1.2918e-09
0.0019477,0.00015525,0,0,0
4.131e-05,0.0093873,0,0.0021865,1.0908e-08
0.0019638,0,0,2.1037e-08,1.201e-05
0.0018218,0,0.00097043,0.00015041,1.0999e-05
0.0019116,4.2385e-07,2.8587e-07,1.1797e-05,0.00013206
3.7941e-05,0,3.5287e-13,0,0.0047801
0.00029258,8.1444e-09,9.8656e-08,0.00061557,0.0036886
0.0018334,2.0282e-08,4.4041e-07,0.00040187,3.3774e-05
0,0.0017353,0.017373,4.2063e-07,4.0366e-07
7.5687e-05,0.0004689,0.010025,0.0027348,4.2764e-06
0.00019781,0,9.1456e-11,1.54e-08,0.0043843
0.0019673,2.1014e-06,7.7951e-08,3.0457e-06,4.1197e-07
0.0019685,1.1672e-06,0,0,0
2.4103e-05,4.0996e-09,5.7413e-09,1.6579e-08,0.0048143
0.0014128,0,5.149e-08,6.053e-07,0.0013756
1.1354e-05,1.3509e-07,7.0118e-06,0.0064408,2.0568e-05
8.7787e-07,5.7638e-09,2.6474e-07,0.00030746,0.0046415
6.6731e-06,0.014529,2.5625e-05,3.137e-07,6.7092e-11
0.0019684,1.7177e-07,9.118e-08,1.6338e-07,2.7896e-07
0.0019686,1.0391e-07,7.1358e-09,1.6416e-07,1.1563e-09
0.001245,1.1823e-06,6.147e-06,0.0008801,0.0011305
0.00023283,0,0,0.0057261,9.2583e-06
0.00011438,0.0013795,0.012395,0.0014238,4.8619e-07
0.0014414,5.6656e-07,2.2503e-06,0.00079681,0.00070781
0.0019686,0,0,2.9778e-09,0
0.00065352,4.6957e-08,3.7219e-09,1.7061e-07,0.0032559
0.0019685,0,0,3.2254e-07,0
6.6735e-05,2.8451e-05,8.8894e-06,0.0006731,0.004193
6.2936e-06,1.4653e-06,5.2824e-07,0.00090319,0.0041814
0.00073523,8.2319e-12,7.4317e-10,2.8744e-10,0.0030537
0.001968,0,0,2.0067e-06,9.741e-09
0.0010747,6.1884e-08,0,0.0029553,0
6.0606e-08,3.3068e-05,0.00040723,0.006357,1.4151e-06
0.0019686,0,0,8.2762e-09,0
0.0019659,2.0136e-09,2.8867e-09,1.2629e-06,5.7595e-06
0.0019685,0,8.3196e-09,6.0845e-09,3.5418e-07
0.0018452,0,0,0.00025536,0.00011436
0.001291,0,0,0.0022069,2.5057e-05
0.001026,0.00026139,1.479e-05,9.9893e-05,0.002168
0.0011942,0.0048574,0.0011939,6.1952e-07,7.5711e-11
0.00032174,2.0162e-09,9.2675e-10,3.0678e-05,0.0040545
0.0019679,3.0816e-06,1.0414e-06,0,5.9008e-07
0,0,0,0,0
0.00050708,2.6629e-05,0,0.00482,0
0.0018009,7.2343e-07,0,0.00055407,0
6.6699e-10,2.7644e-13,6.1045e-12,5.4243e-07,0.0048736
1.2357e-07,9.6697e-06,0.014671,0.0015409,9.0324e-05
0.0018003,0,8.4049e-08,2.8634e-07,0.00041661
0.0019684,0,0,5.1653e-09,5.161e-07
0.00194,1.0094e-09,7.463e-09,1.5192e-07,7.0682e-05
1.7797e-06,4.0742e-11,8.5285e-10,2.7181e-06,0.0048676
4.7827e-06,0.014389,0.00023406,4.1317e-08,4.2725e-14
0.001936,0,0,0.00010784,1.3207e-12
4.2588e-06,1.1503e-07,1.7104e-06,0.0011683,0.0039881
2.3682e-08,5.7039e-09,1.2776e-06,0.00019604,0.0047268
0.0015091,1.463e-07,1.39e-05,1.5096e-05,0.0011229
0.0017555,0,0,0.00070088,2.9065e-06
0.0019678,8.2283e-09,1.2659e-08,2.8066e-06,5.3097e-08
0.0019686,0,0,0,0
0.0006535,0,1.6524e-09,0,0.0032561
0.0019686,0,0,0,0
2.3268e-05,0.0093851,0.0065176,9.6094e-05,5.238e-10
0,0,0,0,0
4.4168e-08,1.186e-09,6.4647e-07,0.0017292,0.0035788
5.8035e-05,0.01415,2.2575e-05,3.1128e-07,1.0829e-10
3.7963e-06,4.0213e-07,0.0001482,0.0060341,0.00030887
0.0019627,0,0,0,1.463e-05
0.00073066,0,3.044e-07,1.6254e-05,0.0030528
1.5597e-05,4.0091e-06,3.6452e-06,0.0060533,0.00029986
0,7.4428e-06,0.0023579,0.0001165,0.0042015
5.2339e-08,1.4034e-06,0,0.006491,1.2283e-05
0.0019686,0,0,7.48e-11,6.7817e-10
6.7682e-05,0.0011107,0.01748,2.0358e-05,6.4283e-10
0.0010962,0.00014992,0.0048844,0.0012051,3.1052e-07
0.0019686,0,0,5.6915e-11,4.5027e-08
0.0018925,4.7227e-05,0.00012,0.00017665,1.0844e-05
0.00019367,0,2.2854e-06,7.0833e-05,0.0043409
0.0019686,3.0318e-11,2.0048e-11,0,1.5684e-07
0.00084916,0.0073324,0.0013061,8.776e-07,1.4415e-08
0.0018937,0.0005419,1.1822e-05,2.1095e-06,1.1785e-07
0.001193,2.5261e-09,2.4982e-09,3.5079e-06,0.0019176
0.0019686,0,0,3.1565e-09,6.1745e-11
4.739e-05,8.8752e-07,7.5741e-05,0.006316,7.6151e-06
2.3367e-06,0.00025508,0.00037094,0.0062614,2.2347e-06
0.0018989,0,0,1.318e-08,0.0001726
1.4999e-05,0,0,3.1513e-06,0.0048345
0.00075637,0,0,0.0040051,1.9425e-06
0.001924,1.4129e-07,7.7972e-09,0.00011548,2.3953e-05
9.3916e-08,1.8136e-06,6.2249e-07,0.0034451,0.002293
0.0019653,2.4104e-08,2.6365e-07,1.0743e-05,2.6328e-07
0.00036743,1.4483e-05,2.874e-05,0.00028593,0.0037382
0.0019195,0,1.1062e-10,8.9359e-11,0.00012178
0,2.7513e-07,5.3338e-07,0.0060456,0.00034619
0.0011444,0.0052901,0,0.00036647,0
0.0018126,0,0,1.7358e-07,0.00038609
0.0019678,0,0,2.3066e-09,2.0023e-06
1.4972e-08,0,1.4536e-11,0,0.004874
0.0019686,5.9711e-07,0,0,0
1.1785e-07,0,9.6497e-11,8.3217e-07,0.0048731
1.2752e-05,9.7979e-07,1.5866e-05,0.0020238,0.0033226
3.7938e-06,1.8315e-07,3.2949e-05,0.0064808,2.9629e-06
0,0,0,0,0
0.0019351,0.00024127,9.5518e-06,2.8862e-08,7.7035e-12
6.8829e-06,0.00082934,0.013682,0.0015999,2.4573e-07
0.0019685,0,0,4.4687e-07,0
1.4363e-06,0.00019574,0.0028325,0.0054574,1.7955e-05
0.00027481,0.0096978,0.0014931,0.00078334,3.8674e-08
0.00099938,0,0,6.3052e-08,0.0023997
3.9199e-05,0,0,1.1051e-05,0.0047687
0.0019307,0,0,5.6371e-09,9.4e-05
1.2628e-07,0.013956,0.00084302,7.7809e-06,7.0983e-11
0.0019647,6.9982e-06,0,3.4029e-06,4.758e-06
0.0004494,1.9983e-10,4.6099e-07,4.7534e-06,0.0037577
0.0019573,4.2369e-05,5.4546e-05,4.6119e-07,1.6647e-10
0.0019685,4.1451e-07,7.1229e-08,8.7542e-10,1.0413e-07
0.001962,0,3.4275e-06,0,1.5528e-05
2.6498e-05,3.2878e-05,0.018902,0,0.00012564
0,1.6074e-07,8.0055e-05,0.0064666,1.1332e-05
0.0019678,1.9847e-06,6.0574e-06,5.5988e-10,4.4015e-11
0.0013769,0.0035808,0.001073,5.7561e-06,4.5801e-10
0.00073342,3.5046e-05,0,0.0040679,0
0.0019653,4.19e-10,0,1.0884e-05,0
1.6835e-07,1.2169e-13,9.3132e-13,1.0677e-10,0.0048736
0.00015076,2.406e-06,3.1136e-06,0.0026446,0.0025187
0.0019686,0,0,1.7448e-07,0
0,0,0,0,0
1.0903e-06,0.0060998,0.011458,3.5048e-06,7.9121e-15
0.0016127,0.0024315,0.00016037,3.9691e-05,4.1522e-09
0.00038584,0.011636,0.00012579,3.5842e-06,6.9584e-11
0.00092711,0,0.00020672,0.0023808,0.0007446
0,0,0,0,0
4.7203e-06,2.7012e-08,6.889e-07,0.00052825,0.0044665
0.0019637,2.2444e-05,5.0192e-07,6.1968e-06,8.3215e-10
0.00015639,0.012676,0.0010094,6.6561e-06,2.0291e-12
1.0423e-06,0,6.6943e-07,0.00050703,0.0044915
0.0019686,0,0,2.0146e-09,0
0.0018573,0.00078541,5.3484e-05,1.178e-07,2.9413e-08
0.0013674,0,0,1.1258e-06,0.0014877
0.0017406,2.0144e-05,0.00011602,0.00034466,0.0002711
0.00030601,0,2.0666e-11,1.0895e-08,0.0041164
5.5352e-08,5.4004e-05,0.017998,0.0005441,8.2062e-11
0.0017082,0.0019315,0,0,0
0.0019686,5.8213e-10,0,2.0075e-07,0
0.0019176,0,0.00049018,5.3543e-06,1.1028e-06
0.0019686,0,0,5.632e-10,5.1181e-08
0.0019686,0,0,0,0
6.2808e-06,3.0894e-08,3.5395e-06,0.0057819,0.00052748
0.0016687,1.2388e-11,1.557e-11,4.0265e-06,0.00073967
6.0938e-06,0.0012443,0.00012391,0.0058902,1.6434e-06
6.3191e-07,0,2.1896e-07,2.3885e-05,0.0048545
0.00012916,0.0089344,0.0010766,0.001494,0.00018627
0.0012838,1.1174e-05,0,0.0022592,0
0.0016247,0,1.5367e-05,1.4514e-05,0.00083678
5.7174e-06,0,0,0.0063848,7.8301e-05
0.001653,1.5093e-06,0.0014459,0.00016936,0.00029681
0.0018304,1.4547e-05,0,0.00045055,0
0.0019275,9.8402e-11,3.4817e-10,3.4707e-06,9.9282e-05
2.4877e-06,1.753e-07,2.0215e-06,0.0063982,7.5644e-05
0.0019518,2.5045e-09,0,5.5672e-05,0
0.0019686,1.3137e-08,6.2976e-11,9.2044e-10,4.2456e-11
2.2273e-05,6.6788e-09,3.7229e-06,0.0058728,0.00041982
9.124e-10,0,9.0226e-12,1.4165e-07,0.0048739
0.00062843,0,2.9998e-09,1.4879e-05,0.003307
0.0019298,4.9479e-08,0,0.00012853,0
0.0018288,7.2424e-12,4.4855e-11,5.2251e-09,0.00034612
0.0014524,8.4593e-06,2.2776e-05,0.0016503,3.3797e-05
0.00091625,0.00012169,8.1649e-05,0.0033323,4.9153e-05
0.0019663,4.5835e-07,2.2837e-05,1.4781e-07,4.7561e-09
0.0018749,0,0,2.4327e-07,0.0002318
0.00023216,0.012619,0,0.0001052,7.0859e-06
0.0018948,0,0,0.00024395,0
2.854e-05,0.00066624,0.01167,0.0022645,6.8251e-07
0.0019469,0,0,2.2278e-05,3.7079e-05
0.0019593,4.831e-05,2.4665e-05,1.1263e-06,1.6385e-09
0,5.0373e-05,1.1072e-05,0.0064742,5.9143e-06
0.0019278,0,1.4976e-07,0,0.00010103
0.0019686,0,0,4.9867e-08,5.1844e-10
0.0019685,0,1.8843e-10,3.073e-11,3.6736e-07
0.0019683,1.7677e-06,1.9346e-07,1.2e-07,3.8735e-10
0.0019683,1.9679e-07,5.1143e-08,9.4807e-07,6.0874e-09
0.0018587,0.00059072,0.00029737,1.5189e-06,3.248e-07
0.0019644,3.0776e-05,1.291e-07,2.5613e-07,1.064e-10
0.0019686,0,0,2.5642e-12,0
0.0019686,2.9214e-12,0,3.1425e-08,0
3.553e-07,1.3912e-12,1.2352e-09,4.7429e-06,0.0048696
0.0019686,0,5.467e-08,2.0143e-09,2.0151e-08
9.1267e-05,2.9017e-07,1.1058e-06,0.0057939,0.00030865
0.0012156,0,0,1.3132e-06,0.0018635
0.0019686,7.2378e-10,1.8333e-09,3.2105e-09,2.6651e-08
0.00086376,1.9336e-07,4.953e-07,0.0003907,0.0024427
0.0019187,7.7026e-07,2.7074e-06,4.1348e-05,9.1751e-05
2.219e-06,9.6218e-14,3.6715e-11,7.6059e-09,0.0048685
0.0019686,0,0,0,0
0.0019685,1.4651e-07,2.4096e-07,0,1.1948e-07
0,1.1627e-07,8.7849e-06,0.0017223,0.0035819
0.0019322,2.9376e-14,5.687e-13,3.6821e-09,9.0163e-05
0.00095157,2.1124e-07,1.8794e-06,0.0033614,1.6645e-07
0.00071775,0.0012234,0.0015814,0.0025855,0.00036135
0.0019686,8.5366e-09,6.1151e-09,0,0
0.0018814,0.00059251,7.3237e-05,1.7521e-07,9.7415e-09
0.0019684,0,0,7.2581e-07,0
0.0019617,2.0796e-05,2.6634e-05,4.6823e-06,3.651e-08
1.488e-06,0.0035121,0.00017708,0.0048676,8.596e-06
0.0018936,0.00029045,3.1382e-05,3.5335e-05,5.45e-05
1.3344e-05,9.827e-12,8.7739e-11,0.00030226,0.0046146
0.0016708,0,3.8567e-05,0.00024636,0.0005434
0.00026594,2.2744e-07,1.4415e-07,0.00039909,0.0039166
0,0,0,0,0
0.0019685,2.107e-08,0,4.0895e-07,0
2.7525e-08,0,1.326e-11,2.082e-09,0.0048739
0.0019508,0,0,5.8525e-05,2.1493e-07
1.859e-12,0,2.9746e-13,1.1644e-07,0.0048739
4.0219e-08,1.0562e-08,2.4936e-08,0.0052248,0.00096105
0,0,1.4948e-05,0.00019835,0.0047218
3.6756e-06,9.2391e-05,0.019522,1.2051e-05,1.6777e-09
7.403e-05,4.2881e-05,7.1379e-05,0.0047028,0.0011368
9.5396e-05,0.012433,0.0019638,1.7536e-06,7.8747e-13
0.00090625,0.00023813,3.4278e-06,0.003391,1.0376e-05
3.4075e-06,1.0824e-08,2.0927e-05,0.0064616,2.1326e-05
1.0581e-06,6.5779e-06,3.7101e-05,0.0064681,1.6085e-05
1.5968e-08,8.6069e-19,1.205e-14,5.6394e-11,0.004874
4.0669e-06,0.0003411,0.0006956,0.0060992,1.0435e-05
0.0019676,0,0,3.2793e-06,1.7099e-07
0.0019668,0,0,5.9256e-06,0
0.0019686,0,0,0,0
3.406e-06,2.8125e-09,0,0.0064969,0
0.0019686,0,0,6.0053e-08,0
4.7869e-06,3.613e-11,3.7487e-08,0.00017716,0.0047295
0.0019446,0,0,7.67e-05,2.1263e-06
0.00035748,0.011288,0.00037078,0.00010277,5.1505e-05
0.0017885,0,0,0.0004388,0.00011734
1.1803e-05,1.3044e-07,7.7129e-06,0.0010828,0.0040319
0.0019686,0,0,0,0
0.0019503,5.4251e-09,0,6.0756e-05,0
0.0019534,8.6096e-14,2.2434e-13,6.8854e-10,3.7722e-05
0.0011106,5.1258e-11,1.3378e-05,6.7185e-05,0.0020706
0.0019685,4.497e-07,0,3.5847e-07,0
0,7.0174e-07,0,0.0065079,0
0.00011551,0,0.0014836,0.0016303,0.0030004
0.0019686,1.1553e-09,0,6.1131e-09,0
0,0,0,0,0
5.7634e-05,1.245e-05,0.00019301,0.006231,1.3085e-05
8.4266e-05,1.6708e-07,6.1687e-06,0.0044809,0.001308
2.1951e-06,4.5717e-07,9.7902e-07,0.0063903,8.247e-05
6.0602e-06,2.4063e-07,7.3524e-07,0.0064779,7.4362e-06
0.00093489,0.0057966,0.0022053,0.00010219,2.3907e-06
0.00029451,1.9687e-05,2.9854e-05,0.0054422,5.5253e-05
0.0019643,7.1807e-06,1.7545e-06,1.0328e-05,5.3403e-08
0.0019111,0,1.1018e-07,9.7385e-08,0.00014235
0.001968,3.2503e-09,0,1.9449e-06,0
0.0019686,0,0,3.9753e-09,0
0.0019487,1.4637e-07,2.6122e-07,1.643e-05,3.7051e-05
0.00034084,0.0061483,0.0063656,0.00053946,1.5576e-08
0.00010156,7.8519e-06,0.00090913,0.0057169,0.00011387
5.5348e-06,0.00034012,0.0061667,0.004303,1.5251e-08
0.0019686,0,0,0,0
0.0019567,8.2608e-05,8.4916e-06,0,3.2378e-11
0.0019686,0,0,1.5995e-08,0
0,0.014493,0.00014229,1.8231e-08,5.8314e-13
0.0019254,7.1296e-05,0.00033325,1.3133e-06,4.0303e-10
0.0018366,5.3979e-06,2.354e-05,0.00039451,2.3803e-05
4.5522e-06,2.2879e-09,1.5961e-07,0,0.0048627
0.00072367,9.9222e-07,0.0046795,0.0021278,0.0003319
9.9493e-06,1.9416e-10,1.266e-08,9.8388e-06,0.004842
