2.3501e-09,1.8463e-11,9.4229e-10,1.2622e-07,0.0061818
0.0011567,0.00019139,0.00069355,0.0021301,4.9326e-05
1.6881e-08,8.1247e-05,0.014589,0.00030709,4.6048e-09
0.0019858,2.355e-06,5.2088e-06,4.1323e-06,4.436e-06
0.0017677,0.00028367,0.0012913,7.7398e-06,7.7044e-08
0.001972,1.8403e-12,3.1499e-13,1.2565e-10,5.4963e-05
0.00078339,5.4595e-07,1.8965e-06,0.0037122,4.8631e-07
0.0001459,0.0065016,0.004796,3.314e-06,1.1386e-10
0.0019605,1.7143e-06,1.4019e-06,5.3037e-05,3.5452e-05
0.0019299,0.00026926,1.5501e-05,1.8191e-05,3.2091e-06
0.0019666,0.00011166,6.839e-06,1.0627e-06,2.2782e-06
0.0017683,3.509e-06,0,0.00067958,0
0.0019897,0,0,0,0
1.7128e-05,0.0027749,0.0087991,0.00098021,2.6406e-07
0.0019896,2.4035e-10,0,8.9013e-08,0
0.0019278,1.7494e-05,0,0.00018033,0
0.0019698,1.8935e-05,8.9183e-06,4.1689e-05,4.9495e-06
0.00020856,2.988e-07,1.1825e-06,2.4985e-05,0.005508
1.089e-06,7.1906e-09,2.7197e-07,0.0013245,0.0048418
0.0019896,2.0282e-08,1.7616e-09,1.9614e-09,1.6021e-07
0.0015135,8.8629e-07,2.081e-05,0.0012345,0.00022472
2.6572e-09,4.5649e-08,4.9687e-08,0.00043031,0.0057476
5.6705e-07,0.0038976,0.007762,0.00078631,3.4866e-06
1.9033e-06,2.5938e-08,3.9729e-08,1.4814e-07,0.0061758
0.0018993,0.00019088,0.0002924,5.1609e-05,5.4117e-08
1.15e-06,0.00012214,0.0096149,0.0022476,9.1431e-10
4.518e-05,1.8834e-09,1.3113e-08,1.8568e-08,0.0060415
2.7901e-07,0.0092033,0.0019532,7.1921e-06,1.1283e-10
0.0012202,0.00098206,0.0026833,0.00073376,3.2839e-06
0.0018308,3.1512e-05,0.0005641,1.1259e-05,0.00023851
0.00010851,1.0855e-13,4.3491e-13,3.0503e-10,0.0058448
0.0019896,0,0,1.5638e-07,1.5341e-08
0.00097121,1.2257e-05,0.00031759,7.5041e-05,0.0029546
0.0019895,0,0,3.1945e-10,6.1845e-07
1.2961e-06,4.3035e-06,3.8503e-07,0.0056287,0.00049475
2.3037e-05,4.694e-07,6.1987e-05,0.00030606,0.0057764
0.00067162,2.4012e-09,5.3529e-09,6.277e-07,0.0040945
0.0019849,7.5543e-06,5.7119e-06,4.0601e-06,4.0063e-06
5.5147e-06,0.0020537,0.012412,5.8191e-06,2.6026e-10
0.001947,0.00020801,1.7946e-05,3.2858e-06,5.0888e-10
0.0019018,4.8662e-05,3.7258e-05,0.00022709,2.2596e-07
0.0019897,0,0,0,0
0.0019891,1.013e-06,2.8711e-07,1.0511e-06,5.256e-08
0.0016089,1.4742e-07,6.4208e-07,2.3222e-05,0.0011592
1.6525e-05,5.1804e-09,1.3282e-07,0.0013206,0.0047977
7.8488e-05,0.00073365,0.0039288,0.0038656,3.8429e-05
0.0019896,5.1723e-09,0,4.573e-08,0
0.0011852,0.0042009,9.3396e-05,5.3021e-08,5.0714e-14
0.0019528,4.1347e-08,3.7013e-07,3.0221e-07,0.00011406
1.9297e-08,7.0426e-10,1.0418e-08,6.3099e-06,0.0061755
0.0019896,2.1526e-09,7.1427e-10,1.2448e-09,1.155e-08
0.0019888,4.5982e-10,5.4622e-08,1.4691e-08,2.519e-06
0.0019787,1.702e-07,2.2927e-06,1.5493e-06,3.1473e-05
0.0017731,0.00023351,0.00098062,0.00014095,2.1078e-06
0,0.0099849,0.00070802,4.6714e-05,2.2643e-09
0.0014722,2.7323e-05,6.3333e-07,0.0015765,3.4643e-07
2.3252e-05,0.00013103,0.00057189,0.0045609,0.0012018
0.0019736,5.1029e-05,1.2318e-05,1.4756e-05,5.4159e-08
0.0019861,7.6378e-12,5.1986e-11,8.2882e-09,1.0981e-05
0.001988,3.3608e-06,6.5931e-06,5.0707e-07,0
0.0019896,1.0703e-11,1.6173e-11,0,1.4706e-09
0.0019508,0.00015021,8.1179e-05,1.5473e-07,0
0.0018143,0.00090269,3.6041e-05,1.34e-06,3.1589e-09
0.0019826,2.2706e-05,1.0557e-05,4.228e-06,1.2927e-08
0.0019706,7.7643e-05,2.4325e-05,3.7263e-06,2.4762e-07
0.00012434,0.0098885,0,2.663e-08,1.6109e-11
0.0019855,0,0,1.2402e-05,3.5603e-07
0.00059678,0.0035662,0.0011766,0.0017516,1.3452e-07
0,0,0,0,0
0.0019894,6.5454e-08,3.3809e-08,3.9633e-07,2.5045e-07
0.00014284,0.00050107,0.013631,2.2988e-06,1.1894e-07
0.001314,0,0,0.0020251,5.5644e-05
0.0019806,9.493e-08,4.7752e-07,2.2629e-05,4.9237e-06
0.0014864,0.001442,0.00095726,0.00033196,1.4165e-06
0.0019891,1.0301e-06,0,1.1892e-06,0
0.0017921,0.001041,9.0737e-06,1.292e-08,8.4544e-11
2.6076e-05,0.0077721,0.00030435,0.0014094,1.8837e-06
0.00010926,8.677e-07,3.3654e-05,9.4039e-06,0.005819
2.5642e-05,0.0084574,0.0028516,6.9405e-06,9.5325e-12
0.0019885,0,0,6.9003e-08,3.5121e-06
1.0312e-05,0.0096442,0.00081773,0.0001588,1.0735e-05
8.6665e-08,0.010349,0.00025419,1.4515e-05,0
0.0019105,0.0001238,6.9548e-05,6.3671e-05,8.1461e-05
0,0.0037244,0.00047003,0.0037488,2.8166e-05
3.4999e-05,0.0010252,3.4723e-05,0.0046887,0.00072661
0.0019897,0,0,0,0
0.0019707,1.7892e-07,2.2878e-09,9.1742e-09,5.8918e-05
0.00010702,7.6012e-06,3.1834e-05,0.005763,1.6242e-05
0.0014288,0.00031267,0.0019842,0.00075821,2.1547e-06
0.0019872,3.167e-06,8.8681e-06,6.952e-07,1.6355e-06
0.00021597,1.2864e-06,1.2055e-05,7.5412e-05,0.0054292
0.0019896,0,0,1.0707e-07,1.7168e-09
0.0019886,5.2343e-06,3.4359e-07,1.4275e-07,0
0.0019547,6.4285e-08,6.3136e-06,2.9849e-06,0.00010308
2.7206e-08,0.0098791,3.3121e-05,0.00037508,2.8618e-09
0.00045605,7.5073e-05,0.00029731,0.0015155,0.0030729
0.0019038,0.0001512,3.3714e-05,0.00016294,3.7231e-07
2.824e-06,0.0050167,0.00077105,0.0028984,1.0974e-09
0.0019068,0,6.9262e-13,3.2309e-09,0.0002575
1.385e-06,0.0064643,0.0044567,0.00059244,1.1788e-05
0.0002064,0.0033219,0.0026139,0.0025269,0
2.6237e-06,1.4558e-05,0.00015973,0.0059985,4.7838e-05
0.00027657,1.0583e-06,0.00014456,0.0017937,0.0034541
0.0019881,0,0,4.6993e-06,4.987e-08
0.0019897,0,0,0,0
0.0019895,9.5142e-07,0,1.0285e-08,0
0.0019708,1.2518e-06,2.6164e-06,4.6756e-06,5.1993e-05
3.5504e-09,1.3951e-09,0,0.00011773,0.0060631
2.0543e-10,7.0832e-13,0,4.6745e-07,0.0061814
0.0019791,5.5359e-05,8.9943e-07,6.2286e-08,1.877e-10
0.0019873,1.0321e-05,8.9376e-07,4.9032e-07,4.2749e-07
1.1678e-05,0.0022751,0.006813,0.0020296,4.4e-05
0.001862,0.00033283,0.00037214,5.1503e-05,1.099e-06
0.0019844,6.7074e-06,5.3293e-06,7.4762e-06,2.7333e-06
1.3937e-08,6.3633e-08,2.1038e-06,0.0032844,0.0028664
0.000509,0.0022923,0.00033685,0.0030934,6.1871e-07
0.00060904,0.0051334,0.0032056,1.1838e-06,0
0.0014053,7.3684e-06,0.00025266,0.00083791,0.00086494
9.4778e-05,0.00016442,0.0030121,0.0045467,3.5121e-08
0.0019656,0.00012426,3.735e-06,3.0024e-07,8.2329e-10
0.001535,0.00025996,0.0027121,0.00016966,6.1615e-06
1.411e-05,0.00056686,0.01454,0,8.9977e-07
0.0016197,1.157e-11,1.756e-12,3.6362e-10,0.0011496
8.1245e-06,5.6761e-06,0.00010504,0.0060536,2.1366e-06
3.1492e-05,0.0080909,0.0014066,0.0007733,1.0794e-07
0.001117,1.0822e-07,1.3844e-07,0.00034893,0.0023591
0,0,0,0,0
0.00063409,0.0019429,0,0.003045,0
0.0019076,0.00020623,4.3526e-05,0.00011529,4.6436e-07
0.0019617,0,0,1.6619e-09,8.6975e-05
0.0019895,0,6.0268e-07,0,2.8695e-07
4.5748e-05,2.5681e-05,0.0001072,0.0059182,9.3086e-06
0.0019374,6.6167e-09,4.6259e-09,0.00011939,4.1889e-05
2.5475e-06,9.5412e-08,2.7313e-06,1.1616e-06,0.0061717
0,0,0,0,0
0,0,0,0,0
0.00012566,0.0061175,0.0055258,0,1.3943e-10
2.7147e-05,2.3889e-08,1.9225e-06,0.0029909,0.0030784
0.0010728,0.00016134,9.5666e-05,0.0014077,0.0012955
0.00021354,0.0070955,0.0034053,3.5229e-07,1.8317e-11
0.0019896,0,0,7.3365e-09,4.4151e-11
0.00015518,0.0050359,0.0016226,0.0020813,4.7243e-08
2.0154e-05,1.7133e-05,1.0972e-05,0.00072839,0.0053698
0.00010569,0.0081575,0.00038284,0.00091073,5.1469e-07
0.0019886,6.6633e-07,3.8248e-07,2.2438e-06,4.9441e-07
0.0019566,7.198e-09,5.3045e-07,2.7734e-05,7.4425e-05
8.5001e-05,0.00050915,0.0088917,0.0020387,1.218e-05
0.0019802,2.9083e-07,1.4604e-06,4.6249e-06,2.3793e-05
5.5183e-07,5.3021e-10,5.7674e-08,3.0576e-05,0.0061493
3.4469e-06,0,0,0.00019188,0.0059776
0.0016119,0,0,0.0010368,0.0001275
0.0001414,4.1783e-05,0.0009119,0.0031069,0.0022185
4.8065e-06,1.9644e-10,4.9827e-08,2.1486e-05,0.0061453
0.0018949,1.3687e-11,0,6.5345e-09,0.00029443
2.029e-06,5.7644e-08,2.0977e-07,0.0061191,1.373e-07
0.0019806,3.4922e-06,7.0685e-06,1.461e-05,8.5574e-06
0.0019778,1.719e-10,1.0155e-10,3.2602e-09,3.677e-05
9.4378e-05,4.6379e-09,5.5654e-08,4.2509e-07,0.0058882
0.0016567,0.0017591,8.8533e-06,8.9485e-09,9.2742e-09
0.0011155,0.0022909,7.282e-05,0.00085988,0.00047643
0.0019896,6.6789e-08,4.1884e-08,1.0682e-08,4.7046e-08
0.0018401,0,4.5415e-08,0.00046055,0
2.1997e-05,0.0078851,0.0037099,1.0905e-05,2.343e-08
2.1955e-05,1.9729e-12,3.1784e-11,9.7351e-10,0.0061137
0.0019891,7.6949e-10,8.6594e-10,1.0239e-08,1.8125e-06
0.00043612,0.002823,0.007834,0,4.4738e-05
0.0019743,1.066e-05,7.5359e-05,1.1187e-05,1.4821e-09
0.0015579,5.4379e-05,0.0017134,0.00061952,4.1983e-07
0.0019019,5.7322e-06,3.7866e-06,0.00026529,9.3368e-08
0.00035315,0.0011613,0.001002,0.003901,6.7198e-05
0.0019533,5.8169e-11,1.1079e-08,6.7137e-08,0.000113
0.00011038,1.3185e-10,1.3379e-08,6.3518e-09,0.005839
3.6464e-06,5.8482e-07,2.1242e-06,0.0037605,0.0023744
0.00038322,0.0077604,0.0010788,1.2131e-05,1.6454e-08
8.6341e-05,0.0016604,0.0065193,0.002315,1.5385e-06
0.0019877,2.0051e-06,0,4.7103e-06,0
0.00062509,0.0060022,0.0017187,3.5377e-05,1.0211e-08
0.0011454,5.2267e-07,4.0634e-05,0.0019701,0.00061832
0.00036808,0,0,0.0049913,1.1414e-06
3.3767e-07,0.0050439,0.0079372,5.5123e-05,2.5978e-07
0.0018216,0.00046917,0.00052475,3.7356e-05,7.8778e-08
0.0019895,0,0,5.8291e-10,4.3302e-07
1.5677e-05,0.0095346,0.0013607,0,1.8399e-06
0.0003783,1.6972e-06,3.4663e-07,4.7975e-05,0.004957
0.0019879,8.8251e-06,5.3982e-07,0,1.4744e-07
0.0019885,0,0,6.7354e-07,2.8661e-06
0.00031599,0.00015554,0.00025319,0.0049611,1.1423e-06
7.51e-07,0.010058,0.00068357,1.1686e-05,1.0331e-11
7.6877e-08,0.0099873,0.0008008,8.3567e-06,3.2495e-08
0,0,0,0,0
0.0019878,9.6602e-07,1.183e-05,0,3.4825e-07
0.0011831,0.0042259,6.3169e-05,3.4564e-06,4.2091e-07
0.00089978,1.3445e-13,4.5021e-12,1.1776e-10,0.0033863
0.0017741,2.2009e-06,7.1578e-05,0.00051858,0.00011639
2.4661e-05,7.4904e-10,1.2685e-09,6.5286e-09,0.0061053
0.0019896,4.4581e-07,0,2.9927e-08,0
0.0018255,0.00026058,0.00082814,1.1352e-06,2.5461e-05
6.3993e-06,0.0022395,0.00013351,0.0041867,0.00057103
0.0017438,6.2366e-05,3.8868e-05,7.6388e-05,0.00063462
0.0015482,0,0,0.001359,1.109e-07
0.00097392,0.00072831,0.00039328,0.0025285,2.0318e-05
0.0019897,0,0,0,0
0.0019896,7.753e-10,0,2.7703e-07,0
0.0019896,5.0071e-08,1.6048e-07,1.6961e-08,4.7691e-08
0.00057486,4.0496e-06,0.0058921,0.0018511,0.00017303
6.6381e-05,5.2752e-10,2.1817e-07,1.0582e-05,0.0059649
0.0019887,2.492e-06,1.1203e-06,7.349e-07,1.9587e-07
0.0019896,1.2961e-08,6.7155e-11,2.3221e-09,9.7217e-11
0.0019896,5.0104e-09,0,5.3229e-08,0
0.0013719,0.00022172,0.00018113,0.0017015,6.0067e-08
0.001987,1.3344e-05,9.0429e-07,2.2812e-08,4.0363e-09
0.0016882,1.1728e-06,4.3517e-06,7.1479e-07,0.00093336
0.0013978,0.0003178,0.0041078,1.2459e-05,1.1561e-07
0.00025824,0.0090665,3.0701e-05,5.2261e-05,7.3748e-07
1.1187e-08,0.00033629,0.0026534,0.0047589,0.00012286
0.0019682,2.3877e-05,3.207e-05,3.6812e-05,2.6845e-06
0.00049734,0.0043995,6.1294e-05,0.0016567,0.00036174
1.7105e-09,5.6699e-10,1.2838e-09,6.15e-06,0.0061757
0.0019896,4.4298e-10,1.1423e-10,4.5841e-10,3.1415e-09
2.5348e-05,5.4228e-06,1.2038e-05,0.0059681,7.2244e-05
7.4658e-05,4.3771e-09,8.1251e-07,2.779e-07,0.0059493
2.0389e-05,0.00051774,0.014534,1.2491e-05,2.0307e-08
2.5998e-06,3.4744e-08,2.652e-09,1.1582e-06,0.0061726
2.7246e-09,1.2125e-07,2.6274e-07,0.0055959,0.00053437
0.0018363,1.1189e-05,4.6997e-06,0.00046371,2.7888e-08
2.77e-07,6.6488e-10,1.5117e-06,6.9944e-06,0.0061734
0.0017768,0.0011014,3.702e-05,9.9469e-07,1.3654e-08
0.00015588,0.0030771,0.0062669,0.0013785,1.0363e-06
0.0019318,4.6115e-09,3.2691e-09,6.6333e-09,0.00017985
3.7124e-05,7.47e-06,5.9548e-05,0.005936,4.7847e-05
0.00035712,4.0183e-07,1.2984e-06,2.6293e-07,0.0050713
0.001577,5.4953e-08,1.9832e-06,2.7721e-06,0.0012786
7.0795e-05,0.0019371,0.012033,2.2388e-05,8.4498e-10
0,0.00026106,0.014382,0.00028433,2.6712e-07
6.7346e-05,0.0098106,0.00024768,0.00011576,7.0415e-06
0.0016162,1.4496e-08,4.6627e-07,2.6049e-06,0.0011576
0.0019896,0,0,1.568e-07,3.1157e-12
8.7524e-05,1.3268e-06,6.0047e-06,0.0058031,5.033e-05
0.0019764,0,0,4.0733e-05,1.0133e-09
5.635e-07,3.8503e-06,3.4032e-05,0.0061082,1.125e-09
0.0019888,7.1516e-08,5.7197e-07,1.004e-08,2.2222e-06
0.0019897,5.328e-11,0,4.4011e-10,0
0.00079622,0.0058863,0.00064291,1.4601e-06,2.5089e-10
0.0017491,1.0805e-05,2.7402e-05,0.00071518,8.4003e-06
2.7687e-09,1.284e-09,0,0,0.0061819
0.0019752,2.0945e-05,1.645e-05,4.9504e-06,2.1192e-05
0.00018868,0.0027258,0,0.0039617,0
0.0001818,1.2883e-07,7.1345e-06,0.0013639,0.0042377
0.00011725,1.5534e-09,3.2624e-07,1.221e-06,0.0058163
2.0276e-06,1.5371e-11,7.462e-10,6.0703e-06,0.0061695
0.00045528,7.7947e-06,4.9003e-05,4.5192e-05,0.0046976
0.0012913,2.1381e-07,1.1168e-06,4.9988e-05,0.0021188
1.1283e-05,2.4294e-08,4.1487e-06,2.4074e-06,0.0061428
0.0019889,3.678e-06,4.7805e-08,1.2307e-07,0
0.0019895,4.2092e-08,7.6679e-09,4.368e-07,3.6949e-09
0.00093332,0.00012127,7.5007e-05,0.003146,6.1263e-06
0.0019047,0.00020322,7.603e-05,0.00010704,6.474e-06
0.0019896,0,0,6.0763e-09,3.9146e-08
0.0011042,0.0038252,0.00049015,0.00031053,1.1852e-10
2.0921e-05,0,0,0.0059821,7.9794e-05
0,0,0,0,0
4.51e-07,0.00019257,4.1819e-05,0.0059958,0
0.0019149,0.00030579,6.7378e-05,2.5832e-05,2.6634e-08
2.0649e-07,8.8439e-08,1.6336e-06,0,0.0061806
7.0511e-05,5.0341e-06,9.4812e-05,0.00045634,0.0054615
0.0019756,1.4717e-07,1.1301e-06,3.8857e-07,4.2693e-05
9.7973e-08,1.6405e-09,1.7332e-07,0.00023744,0.0059419
0.0019862,3.8623e-07,1.1643e-06,0,1.0026e-05
0,8.1465e-06,0.0061722,0.0036777,1.5273e-06
0.0019897,0,0,3.8957e-10,5.7372e-10
0.00015243,0.0010746,0.0025267,0.0038252,0.00020936
0.0017745,0,0.00012216,0.0005126,0.00010226
5.3916e-05,0.0085928,0.0024446,2.2285e-06,8.6934e-11
0.0017702,7.7434e-05,0.00023535,0.00048983,4.8103e-05
0.0019896,0,0,1.8126e-07,1.218e-09
6.8725e-07,5.0914e-06,4.6786e-05,0.0059991,0.00010386
2.2138e-10,4.399e-14,1.9672e-10,0,0.0061819
0.0019896,0,0,7.3161e-09,2.1133e-08
8.9219e-06,0.005448,6.9409e-05,0.0029067,0
0.0014675,0.0027509,0,9.8383e-06,0
2.6568e-05,0.010249,0.0001127,4.708e-05,0
2.5592e-06,1.0248e-10,1.4901e-09,2.7944e-08,0.0061739
9.4197e-08,6.0904e-07,1.8367e-06,0.0061241,1.0688e-07
0,0,0.015485,0,0
0.0008273,0.003063,0.004499,1.9957e-05,9.4401e-09
0.00024877,0.00031553,2.4163e-06,0.0051748,6.9913e-07
0.00011587,0.004475,0.0080132,0,0
0.0019779,3.8029e-05,2.1767e-05,5.3447e-06,2.6593e-07
1.6728e-06,2.1678e-07,2.6536e-06,0.0061029,1.6559e-05
0.0019687,5.3411e-06,1.2529e-05,1.5964e-06,5.5417e-05
0.0017104,1.3257e-10,2.2421e-10,2.0991e-09,0.00086766
4.213e-05,0.0018062,0.00022809,0.0047953,6.1985e-05
3.0036e-05,1.1172e-05,7.2664e-05,0.0058084,0.00019122
0.00026714,0.0080574,0.0007371,0.00032947,2.7724e-06
0.00072042,1.971e-05,3.7336e-07,0.00017525,0.003755
9.7945e-06,8.1775e-07,1.4009e-05,8.7899e-06,0.0061365
0.0014413,6.6866e-05,0.0032394,0.00013226,0.00023773
0.0013009,0,8.2085e-06,0.0014331,0.00069049
0.0019821,1.8126e-05,1.44e-06,1.224e-05,2.301e-09
4.4843e-05,8.0706e-09,9.5738e-09,2.8025e-07,0.0060423
0.0018362,3.64e-05,0.00060059,1.6257e-05,0.0001994
0.0019897,0,0,0,0
9.1675e-07,1.6307e-05,5.0874e-06,0.0061094,1.8734e-06
1.0132e-07,0.00056164,0.00058801,0.0055664,1.0895e-07
0.0017887,0.00013495,0.0013585,1.9666e-06,1.0037e-06
0.000209,0.00062458,0.0054913,0.002944,3.0889e-06
0.0019866,9.2104e-06,1.9451e-06,3.1345e-06,1.5165e-08
0.0019248,4.3066e-05,7.492e-05,0.00014229,2.7289e-06
0.001412,7.2558e-05,6.1858e-05,0.0016498,6.2682e-05
0.0015788,0.0019529,0.00027021,7.2455e-06,1.6709e-05
3.1067e-05,0.008006,0.0034894,0,4.7433e-08
5.877e-05,4.1648e-05,0.0010109,0.0054553,6.5848e-05
7.8711e-05,0.00069694,0.0048484,0.0035581,2.5036e-06
0.0019896,0,0,4.5181e-08,3.842e-09
5.9768e-09,0.00020379,0.00031375,0.0058831,3.8247e-08
0.0013009,0.0024314,0.0012651,0.00020532,2.6974e-06
1.5981e-06,5.396e-07,3.2805e-07,0.0060982,2.2223e-05
0.0019896,0,0,1.4182e-09,2.9833e-10
0.0019786,3.1802e-05,5.6742e-06,1.316e-05,2.7942e-07
0.0019895,0,0,1.3365e-07,3.3397e-07
8.6178e-06,0.0050349,0.0012108,0.0026656,3.0721e-05
0.0019896,0,0,0,1.1151e-07
0.0018429,0.00048826,0.00038685,1.5205e-05,1.4725e-09
0.0019759,1.9133e-07,3.0497e-06,3.9676e-05,1.508e-06
0.0019893,1.9288e-07,0,8.6766e-07,0
0.00054927,0.0066237,0.0014561,1.1772e-05,3.314e-09
6.1609e-05,0.0099497,0.00039833,0,3.4585e-13
6.9661e-07,1.2755e-09,1.4078e-08,1.0346e-06,0.0061787
0.0019894,1.6333e-10,4.2037e-11,2.2691e-10,8.5865e-07
0.0019896,1.5291e-09,0,6.0243e-09,0
0.0019896,0,0,2.1846e-08,3.1932e-11
0.0019893,1.2383e-06,1.0948e-06,3.5122e-08,5.1935e-10
0.0018295,2.4599e-09,0,0.00049308,0
0,0,0,3.9359e-06,0.0061779
8.967e-05,0,0,1.0945e-06,0.0059022
0.0019894,1.1338e-06,0,4.4536e-08,0
0.0019696,3.1685e-05,0,4.3466e-05,0
2.1134e-06,0.00098252,0.0025927,0.0045219,1.0032e-06
0.00017106,1.7869e-11,5.1621e-10,1.5604e-06,0.0056489
2.738e-06,0.0023832,0.0066197,0.0021144,1.5709e-09
0.0018601,0,0,3.8045e-05,0.00036399
7.4424e-05,2.6773e-05,3.0444e-05,0.0029666,0.0029289
7.8273e-06,0.0052889,0,0.00303,0
0.0016475,2.9977e-06,3.3877e-05,3.1838e-06,0.0010446
0.0019896,0,0,2.7155e-08,9.6929e-08
0.00030636,0.0029604,0.0063241,0.00095731,4.1054e-06
0.00032779,1.1324e-09,7.9804e-10,9.4134e-10,0.0051634
0.0019896,1.0312e-07,5.7287e-08,4.5946e-10,2.2813e-10
6.8785e-05,0.0060488,0.0060638,2.1638e-06,0
3.6082e-06,0.0025255,0.00046306,0.0044645,7.0049e-08
0.00070801,1.3867e-06,0.00058113,0.0035667,0.00014983
0.0019896,0,0,1.1288e-08,3.3507e-09
2.7333e-05,0.0020342,0.0071093,0.0015061,0.00054661
1.3494e-08,0,0.001821,0.0054052,8.3017e-09
9.9991e-06,5.566e-11,7.5607e-11,2.4688e-08,0.0061508
0.0019567,0,0,9.3302e-05,8.1966e-06
0.0015428,0,0,0,0.0013883
0.00030593,7.6907e-09,8.2852e-09,0.005111,7.3409e-05
0.0019726,4.5103e-09,7.2978e-09,6.2988e-08,5.2864e-05
2.0187e-05,0.00041563,0.014018,0.00027679,2.6767e-09
0.0019768,4.3633e-07,1.2344e-06,3.8512e-06,3.5157e-05
1.1472e-05,1.8362e-09,2.5061e-07,2.283e-07,0.0061459
0.00051531,0.0076845,0.00018703,2.1712e-06,1.0422e-07
0.00092189,0.0024798,0.0044366,9.136e-05,7.5275e-07
1.2023e-06,0.0027961,0.0097471,0.00064203,1.3863e-07
0.0019889,0,0,3.7671e-07,1.796e-06
0.0019884,8.8906e-07,3.8376e-06,1.6967e-06,2.3429e-07
0.0019845,3.9435e-11,2.557e-09,8.2554e-11,1.5929e-05
4.4576e-06,2.7694e-06,0.00034953,0.0056107,0.00036463
0.0019896,3.1157e-07,2.7713e-09,8.3363e-09,0
1.3613e-06,0.00012791,0.00024753,1.7546e-05,0.0059862
0.0019796,3.8329e-05,4.1182e-06,2.1267e-06,4.883e-06
0.00071453,4.5744e-06,2.8265e-07,2.8299e-05,0.0039305
4.0474e-06,0.010404,0.00017969,4.4961e-08,6.0325e-10
0.0019897,0,0,2.0732e-12,7.5902e-11
0.0019756,1.9302e-05,0,3.2031e-05,0
7.6242e-06,0.0022225,0.0086212,0.0014009,1.279e-10
0.00058773,0,0,0.0042775,3.9047e-05
0.00082248,0.0060779,0.0001607,8.1393e-08,4.9424e-10
2.086e-07,5.3667e-17,0,1.942e-10,0.0061813
0.0019213,4.9789e-08,1.4366e-08,5.2898e-09,0.00021229
0.0019892,2.1672e-06,4.1763e-07,8.3814e-11,1.0797e-07
0.0017538,2.7454e-06,6.7202e-07,0.00072419,6.8256e-08
0.0019685,7.7415e-09,1.875e-07,3.2809e-06,6.2299e-05
0.0019684,3.2288e-08,1.7628e-07,1.0134e-06,6.5029e-05
0.0019895,1.3409e-09,0,3.868e-07,0
0.0017293,2.4078e-05,0,0.00078762,0
0.0019343,0.00014669,0.00014139,2.6953e-05,2.3297e-06
6.6561e-06,3.346e-05,6.478e-05,0.0060504,9.7432e-06
0.00053587,3.5645e-11,6.7238e-12,1.262e-08,0.0045169
0.001985,2.9797e-06,7.7137e-07,1.0895e-05,1.5293e-06
1.6859e-06,4.2282e-10,1.1701e-07,1.9759e-05,0.0061567
6.6974e-06,0.00061459,0.0075092,0.0027775,2.1815e-08
1.1329e-08,0,4.1453e-05,0.0061083,8.7981e-07
3.0615e-06,9.1326e-07,3.5516e-05,0.00028574,0.0058693
0.00016529,6.4998e-07,2.1919e-07,1.4804e-05,0.005653
5.8023e-07,1.1927e-07,6.2786e-06,0.0054949,0.00063216
0.00058426,0.0054705,0.0024661,0.00014347,3.1061e-05
0.0016001,0,0,3.3482e-06,0.001207
0.0019896,1.8437e-08,0,7.3743e-12,0
0.0015282,0.00010757,0.0032029,8.5636e-05,5.4792e-06
2.0931e-05,0.010437,0,0,0
0.00014691,0.0039699,0.0083002,8.3905e-05,4.1234e-07
1.9181e-05,0.00010187,0.00096132,0.005256,0.00037452
0.0019536,0.00015656,0,2.0103e-05,0
0.0012666,0.0031276,0.00046739,0.00021397,1.1038e-05
4.4375e-07,7.9758e-06,1.1523e-05,0.0061088,6.2907e-06
0.0019511,0,0,3.9389e-05,8.0051e-05
1.7333e-06,0.00022375,0.00010532,0.0058881,6.1147e-05
2.549e-06,0.0026717,0.0094205,0.0008253,1.4316e-05
0.0010921,1.0864e-05,0.0052341,0.00058113,0.00010628
0.001982,8.2366e-09,2.4326e-07,9.6173e-08,2.3693e-05
0.0018945,7.3081e-05,0.00031745,2.2247e-06,0.00012389
7.3251e-06,2.5414e-06,0.00045488,0.0057898,0.00013305
0.0019383,2.8109e-07,0,0.00015794,0
0.0019896,0,0,6.7346e-10,3.0795e-09
9.0947e-07,0.0081973,0.00037827,0.0011999,1.2714e-05
0.0019391,0.00026396,2.7255e-06,1.1485e-06,3.6982e-08
3.0004e-06,0.0096959,0.00083085,0.00015671,4.3521e-08
0.0019872,6.3019e-07,5.2171e-06,4.7847e-06,2.4605e-07
0.001701,2.911e-08,1.3147e-09,0.00088868,0
0.00082124,3.366e-05,3.706e-06,0.0032624,0.00031669
0.0005135,7.6817e-07,8.3202e-07,0.0045304,1.362e-05
0.0019674,6.0015e-05,5.3491e-05,1.2479e-05,0
0.0019897,1.5495e-11,0,9.801e-10,0
0.00060429,0.00019274,4.5842e-06,0.00048724,0.0036978
7.4066e-05,6.2128e-06,2.0318e-06,0.0058656,2.7862e-05
0.0019897,2.3154e-12,0,1.5781e-10,0
0.0001895,0.0011079,0.011848,0.00021117,5.6184e-07
5.0531e-05,0.0087396,0.0018389,0.00015044,1.6744e-05
1.7642e-05,0.0083504,0.0011342,0.00077309,8.3951e-09
0.0018974,3.1017e-08,1.0551e-07,6.1524e-07,0.00028588
0.0019897,0,0,0,0
3.4979e-05,1.2864e-08,2.9358e-07,3.6807e-06,0.0060694
3.5575e-05,0.00059459,0.0015208,0.0048478,0.00022332
0.0019896,0,0,1.0725e-08,1.8729e-09
0.0019835,3.1412e-05,1.6378e-06,8.9399e-09,2.0933e-08
0.0010241,0.00012389,0.00069118,0.0023332,0.00029682
0.0019896,5.4567e-08,0,1.4774e-07,0
0.0019774,1.8948e-07,9.5563e-07,4.7593e-07,3.7012e-05
9.131e-09,2.1405e-07,8.5489e-06,0.0061113,1.0908e-05
0.0015988,3.8174e-06,4.8212e-05,0.0011793,2.7733e-06
8.7033e-08,0.0084,0.0028155,0.00013318,0
0.0019882,0,0,3.8976e-06,6.0832e-07
5.1648e-05,0.003834,0.0077168,0.0006867,6.2331e-07
0.0019897,0,0,6.4072e-12,8.9749e-14
0.0002945,3.7126e-09,2.6017e-07,7.9519e-08,0.0052667
0.0019896,7.9254e-11,1.1717e-10,1.2662e-09,1.5926e-07
0.00015672,0.0063026,0.001006,0.0010563,0.00053342
0.0019667,2.6588e-09,0,3.2146e-09,7.1244e-05
0.0008672,0.0055242,0.0003636,0.00010368,8.9031e-09
0.00012972,1.1017e-07,7.113e-07,0.0040953,0.0016456
2.5584e-05,0.0098417,0.00054115,0.00011695,2.1481e-07
0.0018494,0.00036031,0.00012374,0.00016932,4.2514e-06
0.0019092,6.8558e-09,0,0.0002478,0
0.0019791,5.5366e-10,2.3911e-09,2.9555e-09,3.2622e-05
0.0018951,2.6985e-07,3.4126e-06,9.7852e-07,0.00029119
4.5227e-05,2.5927e-06,7.9324e-07,0.00026338,0.0057738
0.00184,0.00068169,0.00015144,4.5013e-06,4.9613e-07
0.0019418,1.6776e-05,0.00010285,6.5598e-05,3.1656e-05
0,0,0,0,0
1.7974e-07,0.0054814,0.0063235,0.00044015,0
6.7278e-10,1.1967e-06,3.2501e-05,0.0061026,9.5266e-06
0.0018627,4.1847e-05,0.00041352,0.00015478,4.8586e-05
0.0019895,2.5932e-11,1.2638e-11,1.5793e-08,3.0706e-07
0.00020568,0.001816,0.0010773,0.0040113,2.4598e-07
0.0019778,1.1539e-06,4.8114e-07,9.8957e-07,3.5067e-05
2.1606e-08,0.00072037,0.014399,1.1049e-05,1.1936e-10
2.4989e-07,5.6758e-10,1.2878e-07,7.7241e-05,0.0061031
0.0019896,4.536e-09,1.6571e-10,2.3278e-09,1.4601e-08
0.0019862,0,0,8.1955e-06,2.3599e-06
4.6476e-06,1.0802e-07,3.3362e-08,2.8037e-08,0.0061674
0.0017762,0,0,0.00065103,6.0455e-06
0.0019896,1.6258e-08,0,8.2703e-08,0
4.9596e-09,3.5834e-13,1.4318e-11,1.2827e-06,0.0061806
0.0019887,1.5178e-13,5.4053e-12,6.7095e-09,3.0073e-06
0.0019896,1.0983e-08,0,0,0
0.00092607,2.8617e-06,0.00036656,0.001275,0.0018698
3.0098e-07,0,0,0.00018482,0.0059945
4.8417e-05,4.3572e-11,2.856e-11,3.9631e-09,0.0060315
2.4546e-08,1.1257e-06,9.7367e-07,0.0024952,0.0036626
2.2343e-06,0.0046247,0.0028335,0.002312,1.272e-08
0.0019646,0.00013276,0,0,0
2.3455e-05,1.7414e-08,2.1368e-07,2.6868e-05,0.0060818
5.3362e-05,0,0,3.0791e-06,0.006013
0.0019585,0,5.6511e-06,1.9838e-05,7.4519e-05
0,0.0087226,0.0026782,4.3904e-07,3.0365e-13
8.5109e-08,0,0,1.0586e-10,0.0061817
0.0019085,9.6064e-08,0,0.0002499,0
0.0019787,2.4821e-05,5.772e-06,2.9098e-06,1.4208e-05
0.0019659,4.665e-05,0.00011397,3.7375e-07,7.126e-07
0.0011668,0,0,4.5519e-09,0.0025565
0.00051595,5.6968e-06,0.00068273,0.0029866,0.0012889
0.0019882,0,0,0,4.3547e-06
4.8694e-05,1.7634e-06,2.3875e-06,0.0018634,0.0041481
0.0019892,0,0,1.2508e-06,0
0.001989,2.2698e-06,4.7727e-08,5.2278e-07,4.8945e-09
1.3533e-07,0.00026583,0.00020889,0.005885,3.1834e-06
0.00019578,0.0094345,8.9134e-05,8.0231e-06,4.4327e-07
5.4476e-06,0.0047714,0.00057811,0.0030892,2.0135e-05
6.1684e-06,0.00019788,0.0078598,0.0028804,2.0531e-06
0.0016446,0.00035187,0.00040009,0.00069529,4.2901e-06
0.00055805,2.1939e-10,2.3175e-09,2.3754e-08,0.004448
0.0019184,7.6721e-05,0.00043498,2.6252e-06,3.3973e-10
0.0019897,0,0,0,0
7.7545e-05,1.7586e-06,1.1218e-06,0.00056924,0.005365
0.0017815,0.00021626,2.5887e-06,6.6268e-05,0.00045201
0.00077398,1.2666e-09,3.4975e-08,2.259e-07,0.0037769
1.1137e-06,0.0042476,0.0092385,6.8726e-07,6.3421e-14
0.0019897,0,0,0,0
0.00050739,3.5661e-08,0,2.2872e-05,0.0045823
0.0016475,0.00057265,0.0018118,3.9592e-06,9.7989e-09
7.244e-05,0.004645,0.0051512,0.0011663,8.9663e-07
0.00078829,0.00046386,0.0016473,0.0027557,2.2134e-05
0,0,0,0,0
0.00095797,1.7365e-05,0.00025525,0.003055,1.0263e-05
0.0007461,0.0034729,0.0005714,0.001512,7.4266e-05
0.0018909,3.9265e-12,2.2955e-12,1.0723e-09,0.00030678
0.00072474,0.0011827,0.0073974,0.0002811,0
0.00064818,0.0068062,7.096e-05,0.00014889,3.6885e-07
0.0019817,4.0001e-06,3.1107e-07,2.1968e-05,9.2624e-08
8.5156e-05,3.3735e-08,5.9315e-07,0.0011526,0.0047538
4.2523e-10,2.0593e-08,4.5207e-06,0.0060781,4.6116e-05
0.0019894,0,0,1.2074e-10,8.0371e-07
0.0018084,9.9702e-07,1.5631e-06,7.923e-06,0.00055381
0.00054021,2.8154e-05,6.7186e-05,0.0033207,0.0011089
1.6956e-05,1.0395e-07,6.6159e-07,0.00014125,0.0059864
8.878e-05,7.5473e-08,4.0496e-05,0.0022474,0.0036219
0.00091909,0.005564,0.00015588,0,2.9952e-06
2.0111e-06,0.0019263,0.0017848,0.0042655,2.9425e-05
1.3366e-06,0.0086904,0.0001025,0.0010071,2.7085e-05
2.4248e-06,0.0004882,0.0017535,0.0051409,2.2857e-09
0.0019896,7.2518e-09,0,3.021e-09,0
0.0011377,0,0.0023087,0.0017096,0
0.00044799,0.008169,5.2605e-06,7.9244e-08,9.9712e-11
0.0013619,0,0,0.00013903,0.0018102
0.0016089,0.0020084,1.0406e-05,3.3944e-07,1.4361e-06
1.7886e-09,0.00012832,0.0099703,0.0021022,4.6973e-06
0.0017304,4.0731e-05,0,0.00077445,0
0.0019174,1.4996e-06,1.2948e-06,0.00021941,1.619e-06
0.001981,2.4379e-07,2.0897e-09,2.2679e-05,3.9107e-06
4.678e-06,0.010037,0.000708,2.1891e-06,2.2935e-09
0.0019862,1.7502e-05,1.1404e-07,4.7929e-07,1.6796e-08
0.0019238,0.0001669,1.7445e-05,8.9284e-05,9.8637e-06
0.0019797,3.5663e-13,0,0,3.1063e-05
0.0019891,2.5877e-06,7.0238e-08,1.1097e-07,1.2142e-09
0.0019894,1.9925e-07,9.7627e-09,6.4549e-07,5.4288e-08
1.256e-07,3.1535e-13,0,2.1995e-11,0.0061815
0.001986,1.819e-05,1.2103e-06,1.487e-07,2.9476e-08
0.001959,0.00016089,1.1335e-06,4.9865e-07,5.4136e-09
0.0018294,6.3583e-05,0.00029032,0.00029449,4.7639e-05
0.0011639,1.5463e-06,0,0.0025413,0
3.7879e-06,4.9222e-05,0,0.0060682,1.7263e-05
4.6538e-06,2.7955e-06,8.7692e-06,0.0023215,0.0038194
3.8861e-06,0.00049037,6.0644e-06,0.0058264,1.0631e-07
0.00143,4.7578e-05,0.004031,9.4923e-05,5.9292e-06
0.0018972,1.09e-09,5.0398e-10,6.0079e-07,0.00028671
0.0019009,0.00017046,0.00013106,0.0001221,3.8006e-07
0.0018286,1.3658e-08,3.3827e-08,2.6703e-07,0.00050023
0.00037014,0.0047469,0.0029492,0.001048,1.4746e-05
0.0019895,2.4359e-08,1.114e-08,2.1034e-10,3.7826e-07
0.0019774,4.22e-06,1.612e-05,2.4923e-05,3.8689e-06
0.0011761,0.0037298,0.00084591,4.0932e-06,9.361e-09
1.251e-05,9.455e-06,0.00078364,0.0057236,4.8453e-05
0,2.5243e-06,1.7992e-05,3.6938e-05,0.006136
0.0018957,4.394e-06,8.8827e-05,2.2087e-06,0.00025165
6.799e-05,0.00093064,0.013135,0.00017969,2.4411e-09
0.00053223,0.007721,7.1131e-06,1.8655e-07,2.512e-10
0.0019609,1.1873e-09,1.0392e-08,5.2657e-09,8.9453e-05
1.5111e-06,0.0056399,0.006824,0.000146,5.5671e-08
1.6699e-08,0.010098,0.00065389,2.4876e-06,4.3814e-09
0.001305,1.0767e-07,3.0683e-05,0.0008771,0.0012297
0.0019895,5.9865e-07,2.3621e-08,1.1418e-07,5.1651e-09
0.0019894,3.0539e-09,1.8185e-08,0,9.2286e-07
0.0019258,0.00012229,7.0306e-05,6.5239e-05,3.2727e-05
0.0019896,1.8118e-07,0,0,0
0.00076813,0.0046968,0.0026004,4.3213e-06,2.9823e-10
0.0013823,0.000146,7.3085e-05,0.0017403,1.5874e-05
4.4323e-09,1.619e-09,2.6898e-07,8.5838e-05,0.0060952
2.063e-06,2.6597e-08,2.3233e-07,1.6595e-05,0.0061587
0.0015568,0.0022058,0.00012801,1.0668e-06,9.7314e-09
0.001823,0.00068225,0.00027723,9.9877e-07,6.1555e-06
1.5382e-06,6.182e-07,7.4212e-06,0.0061176,6.9846e-09
0.0019897,0,0,0,0
0.0017559,1.4066e-08,9.5899e-09,6.7727e-08,0.00072607
0.0011004,0.00018683,0,0.0026292,0
0.0019896,1.298e-10,0,1.4925e-09,0
6.3253e-07,0.00025697,0.013672,0.00056561,2.1805e-07
5.1246e-07,0.00028337,0.00075414,0.0056418,1.9534e-05
0.0019054,0.00013175,0.00015524,8.6228e-05,3.5401e-05
0.0019894,1.218e-09,0,6.8385e-07,0
0.0019831,3.0101e-05,2.0381e-06,1.8734e-06,2.5024e-08
0.00017345,0.007025,0.0010914,0.0010553,2.493e-05
0.0017523,0.00037311,9.015e-05,0.00047215,6.4345e-06
0.001471,2.7798e-06,1.7746e-06,0.00031413,0.0012921
0.0019639,0.00010621,7.5406e-06,1.4653e-05,3.4192e-09
6.3617e-08,0.00010516,0.0037078,0.0045973,2.9462e-07
4.791e-09,0.0064427,0.0035899,0.00096378,6.23e-09
0.0018946,1.2554e-05,7.4719e-05,4.0451e-06,0.00025415
1.2401e-05,0.00013689,0.00027387,0.0058991,4.9831e-07
0,8.6872e-11,8.3325e-10,2.1531e-08,0.0061819
0.0019352,0,0,0.00016754,4.8256e-09
4.0299e-05,0.00090461,0.0021881,0.0034941,0.0011267
6.8549e-07,0.0084453,0.0029641,4.625e-05,1.3726e-08
0.0019896,0,0,2.3209e-11,1.8842e-08
2.2125e-07,5.0297e-11,7.3864e-10,3.3014e-07,0.0061809
8.9159e-08,1.7195e-12,0,3.3468e-07,0.0061813
0.0019238,8.6748e-06,0,0.00019769,0
1.899e-06,6.0048e-08,4.2255e-06,6.6516e-05,0.0061072
3.9186e-08,0.0016377,0.0086041,0.0017707,4.4889e-09
0.0019704,0.00010229,0,0,0
0.0019896,1.5665e-09,0,1.8743e-09,0
9.2678e-08,1.4209e-11,3.6488e-12,6.3511e-10,0.0061816
0.0019857,8.5969e-07,5.1715e-07,5.0058e-06,6.3924e-06
5.7985e-06,1.1229e-08,1.3936e-06,7.3137e-06,0.006156
6.4872e-05,0.0003303,0.00012129,0.0056846,1.5127e-06
0.0010079,4.9718e-05,3.8934e-05,0.0028036,0.00017623
2.9479e-07,1.0746e-07,1.1282e-06,0.0060891,3.5456e-05
0.00085637,2.1864e-06,5.4453e-07,0.00021441,0.0033033
0.00045997,0.008016,0.00013183,1.5817e-06,4.0557e-07
0.0018276,5.7014e-08,2.1408e-06,2.6297e-05,0.00047604
0.00045124,0.00011809,9.9229e-06,4.9803e-05,0.0046565
5.7096e-05,2.1937e-06,4.1491e-06,0.00081165,0.0051825
0.0010647,2.6154e-05,0,0.0028324,0
0.00011626,0.00073284,0.013477,1.0511e-05,2.5321e-09
3.6839e-06,0.000433,3.0404e-05,0.0058508,6.7747e-09
0.0018935,1.0824e-08,0,0.00029602,0
0.0019048,3.3236e-05,0.00058532,3.5645e-06,6.8023e-06
3.3324e-10,5.7106e-13,9.2867e-13,2.0697e-07,0.0061817
0.0016469,2.1917e-08,0,0.0010551,0
3.3984e-09,0.0002877,0.0016083,0.0053222,6.3694e-08
8.7881e-06,1.1995e-12,1.4142e-11,3.7087e-09,0.0061546
3.3031e-07,9.8043e-06,0.015362,4.1809e-05,8.9062e-08
3.6972e-05,0.0074447,0.0036306,0.00025194,7.7011e-08
1.2991e-07,6.2896e-06,1.2522e-05,0.006115,1.563e-06
0.0019896,0,0,4.3554e-08,2.3304e-07
0.0019754,0,0,4.3784e-07,4.3732e-05
0.0014973,2.5518e-06,8.0811e-06,1.2321e-06,0.0015239
0.001924,0.00033832,9.7395e-06,1.9065e-06,2.4696e-10
1.9766e-05,6.2353e-08,9.8521e-08,5.1272e-07,0.0061199
0.001431,0.0029387,2.5089e-05,2.7194e-06,7.1019e-07
0.0019699,1.8763e-07,2.4261e-08,3.7483e-09,6.1153e-05
0.0019896,0,0,1.1731e-08,6.1529e-13
7.6218e-06,6.1728e-08,6.6218e-08,5.0604e-05,0.0061071
0.00028136,0.0067504,0.0019643,0.0005585,3.5366e-06
3.4846e-05,3.1474e-09,1.8536e-08,1.5954e-07,0.0060735
1.506e-07,0,0.012703,0.0011,0
0.0019867,0,0,0,9.1553e-06
1.3421e-06,3.992e-06,0.0013654,0.0055364,4.3024e-05
0.0018821,2.5843e-06,5.9421e-07,6.5872e-05,0.00026584
0.00023231,1.2415e-06,0.0013432,0,0.0049231
0.0019897,0,0,0,0
0.0019533,3.6377e-08,0,0.00011191,0
1.2432e-05,2.2553e-09,7.4743e-08,0.00027503,0.0058657
0.0017713,3.0198e-05,0.00058269,0.00032873,9.6386e-05
0.0019895,1.2732e-07,0,5.2908e-07,0
7.8456e-06,1.4823e-06,1.3349e-05,0.0043634,0.0017479
0.0019071,0,0,5.773e-08,0.00025651
0.00021109,0.0078319,0.0022933,2.0069e-05,2.9574e-08
0.0019897,5.2121e-15,0,3.9441e-12,0
3.3268e-10,5.9417e-12,9.1672e-10,1.9483e-06,0.0061799
2.2861e-07,1.0725e-12,2.0364e-13,3.0985e-07,0.0061809
0.0002143,1.9332e-05,1.9378e-05,0.0054429,4.0447e-06
0.0019802,2.1651e-10,6.2268e-09,4.6982e-09,2.9261e-05
0.0019896,0,1.4671e-07,0,4.3589e-10
0,0,0.015485,0,0
0.0019896,0,0,2.6638e-10,6.2153e-08
0.0010739,2.9987e-06,2.8851e-05,0.0014605,0.001358
0.001988,8.9222e-06,2.0784e-08,9.7692e-09,3.5594e-12
0.000872,0.002038,0.003684,0.00076593,3.4432e-05
0.0017421,7.9442e-06,1.7213e-06,0.00050969,0.00024956
0.00017007,1.9535e-06,2.8616e-07,0.00021545,0.0054348
4.2642e-05,1.0842e-11,1.0618e-10,1.6861e-07,0.0060493
0.0019896,1.0626e-08,0,2.9376e-07,0
0.001816,0,0,0.00053463,1.8458e-09
0.0018733,4.8514e-05,0,0.00030502,2.5232e-05
0.00017907,0,0,1.4594e-08,0.0056255
0.0019894,8.5002e-07,2.7191e-08,2.7509e-07,3.968e-11
3.1573e-09,1.9764e-09,3.4868e-08,0.00013817,0.0060424
4.6946e-05,4.656e-12,5.4646e-11,9.9263e-09,0.006036
0.0014177,3.9226e-10,4.1755e-08,1.9556e-07,0.0017769
0.0019853,1.8459e-05,4.9018e-06,5.7805e-07,3.1964e-08
5.3614e-06,2.6167e-07,3.77e-06,0.00313,0.0030048
0,0,0,0,0
0.0019838,2.3947e-06,3.2319e-05,2.9006e-06,8.6868e-07
0.0012543,3.3141e-05,2.3881e-05,0.0017387,0.00050124
0.0019897,0,0,0,0
0,0,0,0,0
0.0018382,0.00030067,7.7423e-05,0.00018425,7.7399e-05
6.594e-07,8.9429e-11,1.545e-09,2.672e-07,0.0061796
0.0016921,3.9451e-07,6.8117e-06,5.9457e-06,0.00091547
0.00082997,6.6593e-08,1.207e-08,1.4507e-07,0.003603
0.0019682,4.4518e-05,0,4.0236e-05,0
0.00043836,0,0,0.0015534,0.0032523
0.0019881,6.0516e-06,1.3481e-06,1.9165e-07,4.7911e-07
0.001978,0,0,3.6016e-05,4.5446e-09
0.0010836,4.7227e-07,4.1484e-08,0.00061382,0.0021953
0.0011761,6.1354e-06,0.00027737,0,0.0024133
6.6343e-07,0.0024644,0.011855,2.707e-06,3.8966e-13
1.0581e-06,0.0055284,0.0073474,5.1142e-06,1.9087e-13
6.2528e-06,0,6.2194e-05,0.0023944,0.0037212
0.0019895,6.017e-07,0,8.3525e-10,0
2.1171e-09,4.5561e-08,2.4667e-06,0.0049915,0.0011435
0.00031298,0.0023869,0.009528,6.6085e-06,2.1259e-08
0.0019887,2.0297e-07,3.5355e-06,1.4863e-06,4.014e-08
1.0866e-08,8.9428e-08,9.3107e-07,0.0054573,0.00067403
0.0019875,4.5447e-08,1.1444e-05,1.0316e-06,9.5264e-07
0.0008844,2.5853e-11,3.9994e-11,1.5025e-08,0.003434
0.0019896,3.9631e-07,0,7.1842e-08,0
0.00030738,0.0013293,0.0040385,0.0027985,1.1274e-05
0.0019896,0,0,1.8112e-07,1.8677e-11
0.001636,0.0006887,0.00023147,0.00059611,1.0324e-06
0.0019895,1.2733e-09,0,5.7825e-07,0
0,2.2078e-06,2.3057e-05,3.2322e-05,0.0061388
0.0019895,1.7892e-08,4.5767e-09,1.5931e-09,3.8181e-07
0.0019824,9.7328e-09,1.3549e-08,1.1815e-08,2.2618e-05
0.0019839,6.2545e-07,3.0361e-06,7.0326e-06,9.3445e-06
0,0.003128,0.0032931,0.0029805,2.5983e-05
3.1522e-06,0.0044847,0.004642,0.0016734,1.7452e-06
7.0929e-07,3.0211e-05,0.00019568,0.0023868,0.0036751
0.0019892,1.0068e-08,0,1.5048e-06,0
0.0019895,1.2178e-09,1.5614e-09,1.04e-09,4.3234e-07
0.0013674,0,0,0.0018895,2.6451e-05
3.5899e-07,0.00039135,0.00011456,0.0058321,2.0023e-05
2.9876e-08,3.0355e-09,7.7821e-09,1.3934e-05,0.0061678
0.00012098,0,0.014475,2.6603e-05,3.198e-07
0.001249,0.00035087,0.002545,0.00096667,0.00010404
0.00015694,0.0061346,0.00052991,1.7223e-05,0.0018699
0.0017471,2.4295e-06,0,6.8919e-05,0.00068278
9.7825e-06,6.647e-07,1.1158e-05,0.00018827,0.0059567
0,0.00091773,0.0014981,0.0049995,5.3864e-07
0.0019574,0.00016872,3.0389e-06,4.2556e-08,0
0.0007034,2.214e-06,5.6553e-07,7.882e-06,0.003987
0,8.4314e-05,0.013363,0.00079013,1.1484e-07
0.0019891,1.5598e-07,1.139e-06,1.2543e-06,0
1.4629e-06,0.0038316,0.0044913,0.0021187,4.249e-07
0.0012161,2.2032e-08,7.8043e-07,7.9711e-07,0.0024023
0.00079958,0.0062859,3.3451e-05,0,8.7164e-08
7.6572e-05,0.0023331,0.0079242,0.0014,1.1411e-07
0.0012479,0.0039322,0,0,0
4.9115e-05,0.0031846,0.0038043,0.0026199,1.0989e-07
0.0019889,0,0,5.2716e-08,2.1493e-06
0.0018896,2.0107e-07,6.7347e-05,6.4645e-05,0.00021852
0,4.0758e-08,6.523e-08,0,0.0061819
0.00040194,1.3333e-10,0,0,0.0049331
0.0012565,9.9273e-09,3.4959e-05,0.00073403,0.001523
0.001832,1.9109e-06,5.4734e-06,0.00047919,3.017e-06
0,0.0026358,0.011457,5.0027e-05,1.2605e-05
1.3576e-05,7.492e-05,0.0032031,0.004711,6.2744e-05
0.0011516,4.4861e-10,3.9245e-09,5.0431e-08,0.0026037
0.0015277,1.0642e-05,2.3198e-07,0.001236,0.00018166
0.0019873,6.9895e-06,7.648e-06,0,0
6.7229e-07,3.0547e-12,6.8651e-11,1.2188e-09,0.0061798
0.0019266,8.203e-08,6.8646e-07,2.8531e-07,0.00019529
7.5209e-06,1.0452e-05,9.4516e-05,0.0060575,1.535e-06
5.7691e-06,5.9553e-06,3.2004e-05,0.0020774,0.0040512
1.2224e-05,0.010461,2.5003e-05,2.67e-06,0
0.0019896,1.6917e-08,1.7269e-08,7.0549e-08,2.249e-08
0.0019895,1.0029e-07,9.7896e-09,3.2071e-07,7.3148e-09
0.0015546,0.00027639,0.0001416,0.0010402,8.3279e-05
0.00027628,0,0,0.0052744,6.1873e-07
6.4612e-06,0.0050047,0.0078248,0.00010377,0
0.0018575,9.6798e-06,9.2884e-06,0.00027326,0.00012537
0.0019896,1.0602e-08,0,2.151e-09,0
0.0017843,9.3297e-07,1.8211e-05,3.5468e-06,0.00062661
0.0019896,5.9862e-08,0,2.6145e-07,0
3.308e-05,0.0015374,8.9914e-05,0.0050835,1.1922e-05
4.0247e-07,1.0049e-08,2.7836e-09,2.1053e-05,0.0061594
0.0019852,0,0,2.9969e-11,1.3865e-05
0.001989,0,0,2.0297e-06,1.652e-09
0.00073963,2.3812e-06,0,0.0038471,0
2.7431e-08,1.8812e-05,5.7227e-05,0.0060904,1.6048e-06
0.0019896,0,0,3.017e-08,1.4537e-11
0.0019884,4.0634e-08,2.7869e-08,1.9406e-06,1.8748e-06
0.001984,2.454e-09,1.1451e-10,9.8459e-08,1.7335e-05
0.00037852,0,0,0.0014527,0.0035398
0.0007279,0,0,0.0038813,3.3512e-06
0.00045891,0.0079518,3.0509e-05,2.5331e-05,5.784e-05
0.0012033,0.0031037,0.0014872,3.0281e-05,1.8678e-09
0.0012875,8.5082e-07,4.6613e-08,0.00015919,0.0020206
0.0016712,0.000164,8.7222e-05,0.0008506,4.6535e-08
0,0,0,0,0
8.1877e-05,5.679e-05,0,0.0058405,0
0.0017458,6.2205e-05,0,0.00071449,0
8.6331e-09,1.1752e-10,2.8131e-09,1.4187e-05,0.0061676
2.4392e-09,4.2629e-05,0.014827,0.00023476,4.7277e-07
0.0019774,1.0154e-07,9.7306e-07,1.0959e-07,3.7433e-05
0.0019896,0,0,1.2798e-09,7.8721e-08
0.0019864,6.951e-08,2.3964e-07,3.2469e-07,9.7811e-06
2.0793e-05,3.2387e-08,1.3649e-07,2.7334e-05,0.0060897
6.4887e-06,0.010468,6.5852e-05,1.0288e-08,2.0806e-12
0.0016129,0,0,0.0011598,3.1977e-10
6.0155e-05,1.6847e-06,3.51e-05,0.0033568,0.0025923
2.092e-07,1.4317e-06,0.00027519,0.0020605,0.0039911
0.001983,3.0322e-07,4.611e-06,7.1105e-06,1.1507e-05
0.0017968,0,0,0.00059349,1.9334e-07
0.0019888,6.623e-07,8.5168e-08,2.2477e-06,4.9485e-09
0.0019897,0,0,0,0
0.00051364,1.2882e-08,0,1.0282e-05,0.0045756
0.0019897,0,0,0,0
2.8554e-05,0.0086454,0.0018092,0.00030097,1.962e-07
0,0,0,0,0
1.8105e-07,1.6639e-06,4.8462e-06,0.0052911,0.00083872
0.00012762,0.0098453,3.2964e-05,1.8106e-06,1.5239e-07
2.893e-06,0.00032174,0.0077645,0.0020428,0.00082295
0.0019895,0,1.1402e-08,0,4.9123e-07
1.5659e-05,3.6799e-10,3.3874e-09,2.8908e-06,0.0061303
7.237e-05,4.0817e-06,3.4199e-05,0.0058813,5.6021e-06
0,0.00067741,0.013461,2.355e-05,0.00038729
1.31e-08,1.3357e-05,0.00020411,0.0060366,4.2903e-07
0.0019896,0,0,5.0924e-10,2.3594e-08
0.00022479,0.00055579,0.012254,0.00026323,4.0348e-08
8.9381e-05,0.0027615,0.010385,0.00013844,1.4461e-08
0.0019896,0,0,2.723e-10,3.1626e-09
0.0011172,0.0039263,0.00077381,9.8963e-05,7.4887e-07
0.0013481,6.2385e-06,0.00032648,0.00032213,0.0015342
0.0019896,9.8602e-09,7.5758e-11,2.1668e-08,6.0871e-09
0.00051477,0.0048749,0.0043029,7.3053e-06,1.6523e-07
0.0018477,0.00040777,9.4501e-05,0.00014351,1.9591e-05
0.0018975,2.7728e-07,2.8816e-08,7.4618e-06,0.00027857
0.0019896,0,0,6.4265e-08,5.5502e-12
4.2001e-05,7.5919e-05,0.00078134,0.0056423,7.7779e-07
3.1053e-06,0.00013296,8.9816e-05,0.005992,1.1363e-05
0,0,0,5.2932e-05,0.0061285
4.6745e-05,0,0,2.412e-05,0.0060123
0.0016675,0,0,0.00099175,8.845e-09
0.0019438,1.5029e-06,2.6627e-07,0.00013895,1.2121e-06
0,0.00035891,1.6305e-05,0.004041,0.0018869
0.0019755,5.5346e-06,1.1531e-05,3.5638e-05,1.0142e-08
2.0659e-05,6.9269e-07,1.3503e-06,0.00014647,0.005969
0.00030448,1.1653e-11,6.5339e-11,1.4396e-11,0.0052359
1.2531e-05,1.7419e-05,7.7808e-06,0.0060371,3.7026e-05
0.00065169,0.0012533,0,0.0033914,0
0.0019766,0,0,4.9186e-07,4.0149e-05
0.0019896,0,0,1.9557e-08,9.2175e-09
1.3799e-06,2.4504e-13,3.2136e-11,0,0.0061776
0.0019526,3.9067e-05,0.00023078,0,0
1.5516e-06,5.9977e-11,9.0487e-09,4.6994e-06,0.0061723
5.7232e-05,0.00031349,0.00050686,0.0040908,0.0014896
2.1841e-05,2.4071e-05,0.00076655,0.0057408,3.3817e-07
0,0,0,0,0
0.0019728,8.6641e-05,2.0129e-06,6.6398e-07,1.1004e-09
4.0033e-07,1.823e-05,0.00071984,0.0058281,9.2062e-07
0.0019891,1.3925e-09,0,1.804e-06,0
6.1016e-07,0.00052527,0.003799,0.0042821,3.4015e-05
0.0015424,0.001255,0.0002267,0.00055857,4.3601e-09
0.0019797,0,0,8.4631e-08,3.098e-05
0.00054668,3.9304e-05,0,6.0495e-05,0.0043993
0.0019858,0,0,1.1699e-08,1.182e-05
3.0425e-07,0.0080141,0.003623,3.7207e-05,6.6257e-09
0.001948,0.00020885,9.3567e-06,3.1196e-06,2.3006e-07
0.0014843,2.819e-08,3.9201e-05,2.5211e-05,0.0015289
0.0019858,6.1979e-06,3.4039e-06,6.9187e-06,1.3128e-08
0.0019865,4.8548e-08,6.0972e-08,1.2894e-08,9.5932e-06
0.0018458,1.0412e-05,0,1.9768e-06,0.00043887
5.3149e-07,0.0026356,0.0085212,0.0012221,2.8893e-07
2.3404e-05,4.6643e-06,0.00059157,0.0058154,1.4784e-06
0.0019893,0,2.4e-06,1.2677e-09,2.5155e-09
0.0013981,0.00223,0.0010049,0.0001274,1.1396e-06
0.00022451,8.9916e-06,0,0.0054292,0
0.0019803,5.3358e-08,0,2.8763e-05,0
3.4188e-06,0,1.9169e-10,4.8043e-09,0.0061713
0.00010192,0.00037373,6.5947e-05,0.0049534,0.00062097
0.0019896,4.2879e-11,0,2.1466e-08,0
0,0,0,0,0
1.3322e-06,0.004621,0.0086583,1.2686e-05,5.8612e-13
0.00094943,0.0053339,0.00018641,3.1138e-05,3.7602e-09
0.00039608,0.0082347,0.00012383,7.4837e-05,1.9795e-10
3.1115e-05,0.010262,0.00015182,3.1543e-06,6.9361e-06
0,0,0,0,0
2.5553e-05,1.3574e-05,6.596e-05,0.0022712,0.0037762
0.0011886,0.0042001,4.6755e-05,8.3753e-06,9.5263e-11
0.00015287,0.0095309,0.00027649,1.0492e-05,4.7071e-10
9.8941e-06,1.1518e-07,1.0879e-05,0.00041965,0.0057233
0.0019896,2.3931e-12,0,4.1043e-09,0
0.0015699,0.002183,5.9443e-05,8.9195e-07,3.7518e-09
1.8997e-05,6.4536e-09,1.5968e-07,3.3593e-07,0.0061225
0.0012398,0.0022153,0.0012621,0.00047102,5.2156e-05
0.0019714,1.3086e-10,8.5721e-10,1.2525e-07,5.6706e-05
7.8038e-08,3.884e-05,0.011036,0.0017371,7.0024e-09
3.2206e-06,0.00015234,0.015236,0,0
0.0019896,4.5282e-09,0,7.6243e-08,0
0.0019064,0.00022024,0.00028615,1.4404e-05,7.1298e-07
0.0019896,0,0,9.6597e-10,3.9155e-09
0.0019891,3.6017e-07,0,1.3749e-06,0
5.1443e-06,4.8098e-06,5.8501e-05,0.0060126,7.1863e-05
0.0019502,1.7308e-09,3.5213e-11,4.9566e-06,0.00011764
3.8677e-06,0.0011082,4.1223e-05,0.005452,1.7931e-06
1.5894e-06,2.2439e-06,2.4292e-06,2.4924e-06,0.0061722
0.00044778,0,0.0029991,0.002632,0.0009371
0.0013861,0.00047083,0,0.0015847,0
0.00023363,1.3112e-07,0,4.1558e-05,0.005414
7.9109e-08,1.2333e-05,1.0136e-05,0.00611,4.2612e-06
0.0011024,4.5532e-05,0.0064813,9.6565e-05,4.4999e-05
0.00040616,8.2259e-07,0,0.0048747,0
0.0019832,1.8716e-08,1.4689e-09,6.7312e-06,1.3211e-05
1.8722e-06,2.7567e-05,2.6332e-05,0.0060931,2.7178e-07
0.0019646,2.4655e-07,0,7.6973e-05,0
0.0019886,5.3486e-06,6.2402e-09,0,5.8274e-12
9.168e-06,1.2094e-05,3.7655e-05,0.0060371,3.8738e-05
1.5063e-08,1.5122e-10,6.8271e-10,4.4686e-07,0.0061814
0.0010115,2.6972e-07,9.7073e-08,1.8138e-05,0.0030207
0.0019128,4.6908e-06,0,0.000234,0
0.0019743,4.6006e-10,1.3827e-09,1.1844e-08,4.7766e-05
0.0013235,0.00080255,0.00032975,0.001448,6.5058e-06
0.00056198,6.9268e-06,6.5109e-06,0.0019864,0.0024245
0.0019859,1.9975e-07,1.9186e-05,3.5764e-06,1.4822e-07
0.0019803,2.2688e-10,2.3786e-10,3.304e-08,2.9132e-05
0.00012805,0.0069509,0.0021735,0.00069907,0.00013695
0.0018646,7.1685e-08,0,0.00038508,0
9.0671e-06,0.00074447,0.009231,0.0020105,3.1613e-06
0.0019666,0,0,6.3958e-05,6.9748e-06
0.0012703,0.0035699,0.0003577,9.2248e-08,8.3284e-10
1.7713e-06,6.5983e-05,1.5339e-05,0.0060661,9.7655e-06
0.0019852,1.5595e-07,0,0,1.3829e-05
0.0019896,0,0,5.347e-08,7.5456e-11
0.0019896,1.0309e-11,3.0594e-10,7.9166e-12,2.8059e-08
0.0019891,6.4106e-07,1.7371e-07,1.286e-06,4.8732e-08
0.0019852,2.1439e-05,1.876e-07,1.0428e-06,1.2025e-09
0.0017439,0.00097049,0.00044036,1.5338e-05,3.5483e-06
0.0019853,1.4545e-05,2.3883e-07,4.8643e-06,4.2705e-10
0.0019897,4.5998e-14,0,2.9285e-13,0
0,4.0283e-05,0,0.0061022,0
2.6537e-06,9.1496e-11,3.4925e-08,1.89e-05,0.0061546
0.0019885,6.9424e-08,4.5726e-08,2.7903e-10,3.3975e-06
4.0008e-05,1.4962e-05,0,0.0059514,4.2775e-05
0.0016827,0,0,9.76e-06,0.00094375
0.0019896,4.057e-09,6.5308e-09,4.9119e-09,2.9117e-07
0.0016388,2.4657e-05,9.4571e-06,0.00071321,0.00035199
0.0019555,7.8952e-05,3.5139e-05,3.4685e-05,1.0922e-05
0.00077142,7.9347e-10,7.5846e-09,1.294e-05,0.003772
0.0019897,0,0,0,0
0.0019839,2.8608e-05,1.5473e-06,6.1886e-07,6.5824e-09
0,6.3737e-05,0.00048197,0.0046268,0.0012828
0.0019825,7.4315e-13,0,5.8069e-10,2.2319e-05
0.00086933,2.1192e-05,5.557e-05,0.0034149,1.395e-08
0.00062591,0.00097241,0.0010292,0.0022229,0.001013
0.0019896,1.2325e-09,3.5126e-09,0,0
0.0013953,0.0029393,0.00031004,1.0572e-07,3.0463e-09
0.0019895,1.1533e-11,0,5.2771e-07,0
0.0019818,1.3652e-05,1.5401e-05,9.214e-06,8.9502e-07
1.3279e-06,0.002534,9.9163e-05,0.0045937,1.7081e-05
0.0014622,0.0001206,4.6109e-06,7.5313e-05,0.0014903
0.00027452,1.0469e-08,1.0781e-09,0,0.005329
0.0018508,0.00018223,0.0004384,8.7386e-05,6.1365e-05
0.0013821,3.0142e-05,1.8656e-06,0.00051269,0.0013518
0.0019897,0,0,0,0
0.0019887,3.3473e-06,0,1.1129e-06,0
1.7741e-07,2.545e-09,0,7.1944e-09,0.0061814
0.0019684,0,0,6.5207e-05,6.9648e-08
3.5792e-11,2.4895e-12,2.5386e-11,1.823e-07,0.0061817
3.4301e-08,1.011e-06,8.8512e-07,0.0060892,3.5721e-05
3.1006e-07,2.7122e-08,5.5738e-07,1.2605e-05,0.006168
8.4357e-07,6.5053e-05,0.015281,4.0018e-05,3.3308e-09
7.4911e-07,2.5235e-06,5.5306e-07,0.00070562,0.0054658
5.1751e-06,0.010391,0.00018655,1.4741e-06,1.8522e-11
0.00013541,1.6338e-05,1.2856e-06,0.0054374,0.0002637
1.502e-06,1.262e-06,0.0001684,0.0060515,2.1341e-06
8.5714e-07,0.00046803,0.00029182,0.0057338,1.8846e-06
4.4757e-09,1.8058e-14,1.2479e-13,1.0742e-09,0.0061819
9.1629e-07,0.0073771,0.0022297,0.00095619,2.8349e-07
0.0019496,0,0,0.00012331,7.0984e-09
0.0019877,4.8176e-08,0,5.8973e-06,0
0.0019897,0,0,0,0
2.8465e-07,2.3995e-10,0,0.0061247,0
0.0019896,5.2024e-10,0,1.4328e-07,0
2.8644e-05,2.5762e-08,2.855e-06,0.001557,0.0045204
0.0019092,0,0,0.0002475,7.7331e-08
0.00055724,0.00076185,0.0012527,0.0022934,0.0011894
0.0018606,0,0,0.00012504,0.00027462
1.9645e-05,2.0655e-06,3.9838e-05,0.0013286,0.004763
0.0019897,2.7315e-12,0,2.2065e-11,0
0,0,0,0.0061256,0
0.0019886,2.7847e-11,1.2132e-11,6.2108e-10,3.2965e-06
0.0017979,3.8963e-08,4.1987e-05,0.00057247,1.359e-06
0.0019885,1.1938e-07,0,3.4409e-06,0
0,2.1977e-05,0,0.0061128,0
0.00015663,0.00056244,0.0048589,0.00075622,0.0026626
0.0019896,4.7382e-10,0,6.6324e-09,0
0,0,0,0,0
5.027e-05,0.00073161,0.0013981,0.0049924,4.6753e-07
3.7073e-05,1.5096e-05,6.2208e-05,0.0058362,0.00014316
2.1124e-07,1.0775e-05,0.00029841,0.0059911,9.6618e-06
6.0702e-06,2.359e-05,8.0925e-06,0.0060889,1.115e-06
8.7846e-06,0.0096896,0.001189,9.5718e-07,3.3214e-09
0.00093014,0.0017304,0.00037144,0.002093,1.7251e-05
0.0019475,3.9964e-06,1.0472e-06,0.00011816,8.9959e-06
0.0019887,3.4328e-06,2.3201e-06,1.6239e-07,0
0.0019895,4.2313e-07,0,2.56e-07,0
0.0019896,6.2291e-09,0,5.5439e-10,0
0.0019875,5.4887e-07,9.102e-07,5.5459e-06,2.599e-07
7.9778e-06,0.0091157,0.0020258,5.6529e-06,2.9951e-11
7.6481e-05,3.4178e-05,0.005092,0.0038387,1.7437e-05
5.7593e-07,0.0040708,0.0080857,0.00056107,2.9068e-10
0.0019897,0,0,0,0
0.0018917,0.00051535,3.9579e-06,7.408e-07,5.6403e-10
0.0019896,6.7639e-08,0,1.8044e-07,0
3.9949e-07,0.010517,4.1859e-05,6.4755e-09,0
0.0012704,0.0024803,0.0019492,2.7662e-06,0
0.0012837,0.00089354,0.00036944,0.0014858,2.2762e-05
0.00042587,4.5022e-05,1.83e-05,0.0047811,0
0.00012918,3.1891e-07,0.00062128,0.00058275,0.0049442
6.267e-05,3.1123e-08,5.4847e-07,5.9374e-05,0.005927
