2.3987e-06,4.4036e-10,4.0438e-10,2.3087e-06,0.0037941
0.0022359,4.8443e-06,1.625e-05,0.00021796,4.5775e-07
0.00010997,4.2281e-05,4.6125e-06,0.00012707,0.0035369
3.6947e-10,5.4665e-11,1.9492e-11,1.2494e-05,0.0037936
0.0012852,7.9197e-08,6.7296e-06,4.3713e-07,0.0016722
0.00012021,1.198e-10,1.6644e-05,5.3653e-06,0.0035954
0.0022964,6.5838e-07,4.1784e-06,6.2456e-08,1.6032e-11
0.001824,0.001333,0.00016857,3.1891e-07,5.2369e-07
0.00064053,2.0394e-07,4.4862e-06,0.0044827,0.00077692
0.0019801,0.00091789,1.2454e-05,3.5508e-06,6.8586e-09
0.0022767,4.0551e-07,6.732e-08,1.8899e-06,3.2545e-05
9.0701e-09,9.2165e-10,3.9033e-08,4.7535e-07,0.0037989
0.00054931,5.3826e-06,5.2303e-05,6.7043e-07,0.0028793
2.5652e-05,0.0028421,0.013025,0.00037637,4.6444e-06
0.0020939,1.0827e-05,0.0012012,2.4198e-06,0.00014654
0.0022889,5.1664e-08,8.8278e-05,3.8244e-09,1.8575e-10
0.0010872,7.0448e-09,8.0972e-08,4.7948e-06,0.0019988
0.00010217,1.4028e-05,3.9881e-06,0.00060998,0.0033546
4.9079e-08,6.2198e-07,1.6381e-07,0.0014649,0.0031575
0,0.0001894,0.0012715,0.0078555,6.0726e-05
7.0598e-07,5.9261e-07,4.6858e-05,0.0015525,0.003111
0.00064867,0.0011695,4.8707e-06,0.00032064,0.0019218
0.0021035,0.00053779,9.8976e-05,2.9455e-08,4.779e-12
0.0013831,4.2542e-09,2.859e-06,8.594e-06,0.0015073
0.0016867,0.00055854,0.00044527,0.00032674,0.0004821
2.9342e-05,0.0030987,0.00033247,0.0044381,4.7718e-08
0.0022665,6.9938e-05,4.0666e-06,7.2568e-09,1.0171e-05
0.00019277,2.5122e-05,0.022845,3.5833e-06,6.7949e-08
0.0022969,2.9437e-08,3.3486e-09,3.3885e-07,0
1.8823e-05,2.0651e-06,7.5148e-09,1.8485e-07,0.0037667
1.1279e-05,1.2613e-13,4.2857e-11,1.9819e-08,0.0037804
1.3959e-05,6.8183e-06,5.1566e-05,0.008567,1.4802e-05
0.0022917,2.9619e-08,7.2336e-08,9.6175e-07,8.2622e-06
0.0022449,5.4917e-08,1.2579e-06,3.2974e-05,7.15e-05
3.9982e-05,0.0062078,0.00081426,0.00011517,3.786e-05
0.0019631,6.2387e-05,9.4634e-08,0.00088466,0.00012965
9.2515e-09,1.5379e-12,1.014e-09,4.4508e-08,0.0037991
0.0022921,1.1999e-05,2.3559e-06,1.8805e-06,5.9001e-08
1.0178e-08,4.0437e-09,1.1016e-08,1.2232e-06,0.0037985
1.7103e-05,8.8971e-07,0.024775,7.2482e-06,1.0037e-05
0.0020237,0.00075106,6.0801e-07,2.7332e-06,2.4743e-05
0.0022965,1.4092e-06,2.5601e-08,2.2463e-09,3.6999e-11
6.4688e-05,0.0022278,2.3723e-06,0.0055002,2.0801e-05
0.00085504,1.446e-05,1.1711e-05,0.00011031,0.0023266
0.00011817,3.2804e-08,0.00026641,0.00010063,0.0035192
0.00096272,3.5925e-06,0.0039248,0.0026027,0.00047045
0.0022031,2.7127e-06,3.9839e-05,4.5081e-05,0.00012796
0.0022836,1.7086e-06,1.7498e-06,4.7455e-05,6.5126e-08
0.0022765,1.2976e-07,4.4491e-08,1.0161e-06,3.3364e-05
1.4084e-09,7.4422e-08,6.0235e-10,0.00042756,0.0036119
0.0020622,1.9605e-05,0.00048593,7.6892e-05,0.00026979
0.00066949,5.7199e-07,2.2475e-06,5.6397e-06,0.0026886
0.0022848,2.7495e-05,7.8364e-06,6.3919e-06,6.2709e-07
0.0022962,2.3242e-07,7.9217e-06,5.9895e-09,2.1291e-08
0.0010859,0.00037082,0.00046639,0.0038541,3.5175e-05
9.2988e-05,0.0056243,0.0021135,0.00030688,2.2957e-07
2.0582e-05,0.00017959,0.0065927,0.0013632,0.0020668
0.0022899,1.6016e-05,6.8149e-07,5.506e-06,7.5418e-08
0.002297,7.8399e-11,2.6696e-10,1.9918e-11,0
8.1287e-07,0.0002616,0.0032848,0.0001408,0.0030896
0.002288,1.9962e-06,2.8003e-05,8.7881e-07,9.1657e-06
0.00036822,4.6132e-05,8.5501e-06,0.0026324,0.0020105
0.00034066,0.0056709,2.2626e-06,8.0299e-07,1.8274e-05
0.0020574,0.00049009,0.00059827,5.2785e-05,4.4268e-06
0.0013161,0.0007461,2.56e-05,0.0022026,0.00023121
0.0022523,0.00013034,7.9578e-09,8.4756e-09,3.4327e-10
1.297e-09,4.5919e-07,8.831e-08,0.0048449,0.0016783
8.4063e-05,0.0064107,0.00015582,2.3692e-07,4.801e-08
0.0022861,2.5367e-05,1.5574e-05,2.3574e-06,2.072e-07
0.00013191,0.003494,0.0054031,0.001049,0.0003206
0.00010339,0.0063925,4.2438e-06,3.0639e-06,1.0714e-07
6.0002e-06,4.1744e-10,2.0445e-09,0.00030411,0.0036561
5.5251e-10,0.00025299,1.3e-05,0.0081066,0.00010559
9.4896e-06,5.4739e-05,0.024738,1.9336e-06,7.5016e-09
0.0022258,0.00019137,5.9368e-05,4.266e-07,6.1623e-09
0.00097291,0.0038604,9.1367e-07,1.8869e-07,1.989e-08
0.0018937,0.0010593,0.00033554,3.2218e-05,1.1178e-06
0.00023911,1.8158e-06,7.4378e-07,0.00012779,0.0033465
0.00042503,0.0017379,4.9447e-05,1.3249e-06,0.0021023
0.0018402,2.2793e-05,0.00010669,0.0012321,0.00018715
7.65e-05,0.0024422,2.2506e-07,0.0013685,0.0016883
0.0016143,0.0016764,0.0011548,7.2969e-06,3.5397e-09
0.0021535,0.00033758,5.0822e-07,9.7501e-05,3.1634e-06
1.2247e-06,0.0066941,1.0165e-07,8.8344e-10,8.9151e-10
0.00072625,0.0018408,1.3195e-07,0.0024781,0.00046915
0.0015591,4.6193e-07,2.3935e-06,3.6233e-06,0.0012182
0.0022969,3.2727e-07,3.3577e-09,2.8785e-10,3.7762e-12
1.0182e-05,0.0066589,7.8987e-06,9.0013e-06,2.7223e-08
2.0195e-05,0.00082174,9.7778e-07,0.0069027,0.00027829
7.1489e-05,0.00015764,9.8935e-07,0.0043985,0.0016662
3.4625e-05,1.2133e-05,4.2933e-07,2.9142e-05,0.0037221
0.0013746,0.0018157,4.5966e-05,0.00091777,8.7039e-05
4.9202e-05,0.0064625,0.00024721,6.0323e-06,1.1875e-05
0.0022969,6.9243e-09,3.2511e-07,5.8638e-09,5.2071e-08
3.0499e-07,0.0063531,9.3128e-05,0.00040053,5.5091e-06
0.00040251,1.0004e-05,6.405e-06,0.0041659,0.0013034
0.0022966,5.9543e-07,2.0465e-06,1.6373e-08,2.4182e-09
0.00081157,0.00043028,0.00069965,0.0045828,0.00010088
0.00060455,7.6391e-06,5.3888e-05,0.00086064,0.00241
3.6223e-05,0.00065489,8.9161e-06,0.0075746,5.1161e-05
1.2038e-07,0.00014652,1.9748e-07,0.0073427,0.00050208
0.0022439,5.2296e-08,6.01e-09,4.2824e-06,8.5853e-05
0.0014545,0.0010216,6.4871e-05,2.0589e-07,0.00080397
0.0012284,0.0029477,0.00061583,3.3139e-06,6.3093e-07
0.0022325,4.2864e-07,1.7732e-05,2.6955e-05,9.1951e-05
0.00044537,2.4176e-06,0.00016701,0.0044544,0.0010862
0.00085385,0.0015472,0.001317,0.0011179,0.00082024
0.00066676,0.00033564,2.2312e-06,0.00062164,0.0022335
2.4745e-08,0.00014904,7.4178e-06,0.00076354,0.0033792
8.6155e-05,1.0554e-05,0.00030129,0.00045315,0.0034066
0.00036969,0.0017531,1.9956e-05,0.0049903,6.1049e-06
3.1844e-09,3.2369e-07,3.1111e-08,0.00015816,0.0037297
0.0022958,2.1737e-06,7.1064e-09,1.5458e-09,6.7186e-07
0.00052242,0.0020687,2.3431e-05,0.0024871,0.00066949
3.1342e-05,0.00044347,3.1787e-05,0.00021042,0.0033988
3.259e-07,0.0048476,0.0059601,3.68e-05,0.00012893
9.4857e-06,0.0021844,0.016775,1.1555e-09,5.0323e-07
0.002297,2.5024e-08,5.0502e-08,6.3539e-09,1.057e-08
1.9103e-08,0.00019907,0.00025224,0.00040501,0.0034706
0.00021663,0.0035751,3.2747e-05,0.0032032,6.0119e-06
0.0022026,2.5448e-08,7.0433e-06,0.00014496,9.1601e-05
4.0761e-08,0.0026411,0.0071545,0.0027774,3.835e-07
0.00227,1.4569e-08,9.92e-09,7.5984e-07,4.4337e-05
5.5799e-07,0.0063307,4.1368e-05,0.00016513,0.00012869
6.3818e-06,0.0066786,1.5216e-06,1.1315e-07,0
0.00044122,8.4773e-07,1.737e-07,5.3811e-06,0.0030665
0.0012497,9.5938e-05,0.00021415,0.00044226,0.0014518
0.0022748,4.5216e-09,9.717e-08,1.0554e-08,3.6706e-05
5.8898e-05,0.0065226,1.8524e-06,1.1473e-06,1.1241e-06
0.0022968,1.3214e-07,9.5056e-09,6.0398e-10,2.0128e-07
0.0022965,1.0771e-07,1.614e-07,2.1354e-07,6.4449e-07
5.0953e-06,5.8123e-05,7.7113e-06,0.0085551,1.2213e-05
0.0013529,5.3952e-07,0.00035169,6.3401e-05,0.0014801
0.00030049,1.4312e-07,6.6833e-07,1.2265e-06,0.0033014
0.0022649,4.2637e-09,1.8025e-06,7.5318e-08,5.2765e-05
4.0559e-09,2.8565e-09,1.8458e-08,5.9947e-08,0.003799
0.0012797,0.0028937,0.00018135,6.0647e-07,1.3305e-05
0.00090836,1.2466e-06,0.0002888,4.0602e-05,0.0022344
6.0055e-05,0.0063568,1.8457e-05,0.00020529,1.3837e-06
0.00013515,0.0051951,1.019e-05,3.9968e-05,0.00060971
0.0021933,0.00020219,0.00018709,5.1667e-05,5.836e-06
1.6598e-06,2.0187e-06,9.914e-06,5.4457e-07,0.0037935
0.0012206,9.0283e-07,8.2825e-08,0.00029465,0.0016509
0.0018715,0.0011859,2.7334e-05,6.1057e-05,1.6356e-07
2.0985e-06,5.407e-07,6.0515e-05,0.00087534,0.003403
0.00057299,5.101e-08,1.5277e-05,0.00046057,0.0026475
0.0017716,0.001138,0.0013805,5.1728e-08,1.4177e-05
0.00012925,0.00077634,0.0010623,0.0064516,0.00016017
0.0022563,4.3957e-08,1.4467e-05,1.8643e-07,6.497e-05
0.0010467,3.9016e-09,3.6282e-09,5.5632e-05,0.0020436
0.0001889,2.2846e-05,7.2498e-09,0.0071625,0.00033889
0.0010882,0.00011623,0.0049899,0.0026606,1.2203e-05
1.7522e-05,1.7532e-09,1.0984e-08,1.5531e-05,0.0037633
0.0010065,1.2325e-06,1.5768e-05,2.2262e-05,0.0021215
0.0020623,0.00026033,0.00069548,0.00017244,5.9575e-05
0.0022925,6.074e-07,4.6919e-06,1.2196e-05,9.849e-07
6.033e-05,1.216e-06,4.2338e-05,2.4094e-05,0.0036816
3.3128e-07,2.4518e-08,8.1491e-09,0.00030704,0.0036641
0.0020396,2.7028e-05,5.0007e-06,9.5268e-05,0.00036793
1.2905e-07,3.7983e-08,1.4805e-12,2.3811e-05,0.0037884
0.0020541,1.3363e-06,6.7716e-05,0.00051419,0.00016561
1.5859e-08,6.2971e-06,7.7019e-08,0.0082388,0.00018958
3.0984e-07,0.00033886,0.00058137,0.0028633,0.002265
0.00012573,3.6986e-09,2.8289e-09,3.2716e-07,0.003591
0.0021406,7.5307e-08,6.68e-07,1.4123e-05,0.00025235
0.0018051,0.00077166,9.548e-06,0.00084003,6.7076e-06
0.0011561,0.00026099,0.005826,0.00010871,0.00080782
2.8898e-05,1.1446e-06,0.017986,0.00056847,0.00077427
0.00096368,3.2036e-05,0.013774,1.304e-06,9.7712e-05
0.00037256,0.005611,4.2802e-07,8.0488e-08,1.1596e-07
0.00052107,0.0005933,3.7633e-05,0.00020064,0.0025072
0.0022948,3.6738e-08,2.2914e-08,3.6427e-06,2.015e-06
8.9891e-06,2.1003e-09,2.6812e-08,0.001803,0.0029951
9.4419e-06,0.0028631,0.0017551,0.0042477,3.4161e-05
4.7531e-05,0.0043718,1.539e-05,0.0027834,2.0172e-05
0.00048413,0.00045171,0.018053,1.0165e-05,2.4132e-08
0.00020808,0.0060821,3.0557e-06,7.2298e-06,1.4203e-06
0.00022501,0.00021988,0.001161,3.272e-06,0.0031247
2.2791e-06,9.1595e-07,1.3695e-06,0.0084535,9.4744e-05
2.3163e-05,0.00011219,8.882e-05,0.0083546,2.712e-05
0.0013402,0.0023953,5.9111e-06,0.00013936,0.00016192
0.0022449,5.4917e-08,1.2579e-06,3.2974e-05,7.15e-05
3.5491e-07,0.0064352,8.7554e-05,0.00030792,2.7063e-07
1.2157e-06,1.1338e-07,8.2006e-07,4.4117e-07,0.0037967
0.0020678,0.00066608,1.3605e-06,5.4913e-07,8.3505e-07
0.0022959,3.9519e-11,7.9477e-09,1.9433e-09,1.7377e-06
1.7217e-08,0.00010279,0.0088916,0.0050801,0.00016894
3.4488e-05,0.00043544,0.00019312,0.00033892,0.0033174
1.8905e-07,0.0021466,3.5694e-06,0.0040384,0.00081317
0.0011266,0.0033617,0.00010009,2.2939e-05,3.6962e-06
0.0014343,0.00053036,2.2981e-06,0.0015679,0.00043949
0.0021553,4.0629e-05,0.00014652,0.00017005,0.00011466
0.002297,1.0654e-10,3.2912e-11,2.9857e-12,7.6861e-11
0.00019649,0.0040278,4.2046e-06,0.0021861,0.00023199
0.0021312,8.245e-08,7.5852e-10,4.0788e-07,0.00027398
0.0022926,6.8788e-07,1.6976e-06,1.2914e-05,8.8355e-07
1.6671e-07,1.1669e-10,2.9508e-09,0.00015142,0.0037325
3.5693e-05,0.0065923,1.4667e-06,7.2404e-07,1.8908e-07
0.0022963,4.2622e-07,5.4394e-06,9.8328e-08,0
0.0020388,2.68e-06,4.575e-05,3.2976e-05,0.00040411
0.00030011,0.0038092,0.0018552,0.0016843,0.00012351
2.8195e-06,0.0015515,5.36e-07,8.446e-06,0.0029106
0.00026486,1.0715e-05,0.0014219,0.00060172,0.002876
0.00010359,0.0016713,0.0074895,0.003525,1.2155e-06
0.0022968,1.3863e-08,1.4491e-07,1.4031e-09,3.0946e-07
0.00054919,4.0404e-10,3.0629e-06,4.154e-08,0.0028903
0.0017941,5.512e-05,0.00062494,0.0015863,1.1493e-05
0.0018491,3.0922e-07,2.3318e-05,0.00014729,0.00067266
0.00053958,1.3028e-06,2.826e-06,4.0145e-06,0.0029037
0.0011879,0.003165,0.00025663,3.2611e-07,2.1992e-08
0.0022509,1.7615e-05,8.1983e-08,0.0001413,4.4512e-06
1.4543e-08,8.5955e-07,5.9469e-08,6.517e-05,0.00377
0.00024747,0.00084422,0.0025388,0.0057707,2.7348e-07
4.6787e-05,0.0021015,3.0874e-05,0.0052286,0.00023658
0.0022226,1.5129e-05,5.6851e-05,0.00017059,3.1159e-05
0.0022945,6.8524e-07,1.0077e-07,4.1698e-06,1.8326e-06
0.0009797,0.0037482,5.0333e-06,1.7688e-06,5.1089e-05
1.7306e-06,2.6425e-08,4.0061e-09,6.0434e-06,0.0037936
0.002296,1.4825e-06,3.6757e-08,1.6305e-06,4.9398e-08
0.00051855,3.8648e-05,0.001156,0.00025319,0.0026334
0.0011245,1.055e-10,9.6884e-09,7.343e-10,0.0019393
0.00039217,4.8286e-06,1.1677e-07,4.7625e-06,0.0031456
0.00016305,0.0039599,0.002383,0.0012316,0.00038286
0.0022969,1.4933e-09,2.0367e-07,8.3737e-10,1.7364e-07
0.0012912,0.00098999,0.0071673,9.6096e-07,1.4707e-05
2.863e-07,5.6034e-09,7.065e-10,5.142e-08,0.0037986
0.0017976,0.00014432,1.1946e-05,0.00099201,0.0003081
0.00015557,0.00023999,0.001333,3.044e-07,0.0032034
0.0022968,3.6641e-10,5.3294e-08,1.82e-08,2.4786e-07
2.0096e-06,7.3363e-06,7.582e-08,0.0081894,0.00020731
0.0011995,7.5e-05,7.9827e-06,5.402e-05,0.0017479
1.572e-05,1.0818e-07,2.1422e-08,0.0004372,0.0035817
0.0022969,7.172e-09,3.9498e-07,4.8156e-10,1.3207e-11
0.00040133,0.0055228,5.8363e-06,4.0312e-06,8.9522e-09
0.00051706,0.0023961,4.0872e-08,6.2598e-05,0.0015574
1.3094e-08,9.4316e-11,2.7565e-12,0.0002546,0.0036876
0.0013577,0.0015256,0.0034709,0.0001815,8.2433e-05
0.0017939,6.0466e-05,0.0051382,2.1201e-05,9.2314e-06
0.0015863,0.00036475,0.00027825,0.0020716,1.9639e-05
2.3034e-10,0.0010799,0.00021641,0.0072057,1.4578e-08
6.6891e-05,3.0688e-08,4.4406e-07,1.1057e-05,0.0036835
0.0022743,1.2148e-05,0.00018156,2.8082e-06,1.8853e-06
0.00093026,0.003982,1.0877e-05,1.1034e-07,1.0677e-07
0.00082708,6.856e-06,1.7033e-05,0.0052124,0.00014336
7.6837e-06,0.0011432,1.8911e-05,0.0028033,0.0019081
0.0022968,3.5524e-07,7.0761e-07,3.9257e-10,0
2.3336e-05,0.001144,0.0034128,0.0059175,4.1305e-06
0.0022767,4.235e-11,1.4019e-08,6.7007e-08,3.3451e-05
5.9667e-11,4.7979e-12,1.7545e-12,4.772e-09,0.0037991
0.00032764,5.9653e-10,4.5761e-07,7.5323e-06,0.0032538
1.8842e-11,8.9924e-09,9.0669e-08,4.1204e-05,0.003781
0.0022953,8.3218e-09,3.2463e-06,1.9075e-08,2.239e-06
0.0022744,2.1921e-11,1.7652e-09,3.1812e-08,3.7418e-05
0.0018133,0.0012775,5.0713e-05,4.8288e-05,4.6585e-05
0.0022908,4.0149e-06,5.2036e-05,3.552e-08,8.3507e-08
3.5654e-05,0.0045479,1.3276e-05,6.0992e-05,0.0011317
0.00011992,0.0063459,1.8055e-06,2.1655e-09,9.4178e-07
0.0022959,6.9939e-10,2.4058e-06,1.6976e-06,7.5562e-07
5.7495e-06,0.0042827,0.0089514,6.5317e-06,3.2725e-08
0.0022295,1.3043e-07,3.7608e-09,3.7769e-05,9.4961e-05
0.00103,8.05e-06,1.1142e-06,0.0010337,0.0016383
2.4537e-07,0.00055998,3.9741e-06,0.0031406,0.0021059
0.00072495,6.5282e-05,0.00021711,0.0016777,0.0017958
0.0022962,9.0486e-07,9.8997e-08,5.429e-10,7.4312e-07
2.5097e-09,5.526e-09,1.1609e-09,1.1953e-05,0.0037938
0.0022965,1.3543e-06,2.0199e-08,1.4823e-10,9.5896e-11
0.002297,4.082e-09,3.7024e-11,6.4973e-12,1.0681e-09
2.9937e-07,9.4198e-09,8.7976e-09,0.00020749,0.0037078
6.2585e-09,8.7291e-06,0.00018188,0.0019288,0.0029224
0.0021751,9.3543e-06,2.901e-05,0.00013259,0.00013382
0.0020364,0.00032437,2.9507e-05,0.0005541,0
0.0018074,0.0014274,3.7199e-07,2.8203e-07,6.1844e-10
0.0016924,0.0017428,9.7502e-06,2.1901e-05,3.1836e-07
0.0022006,0.00028075,1.0952e-06,4.5349e-08,2.1771e-09
0.0022969,5.2407e-08,9.0386e-08,3.7386e-08,4.2448e-09
3.07e-07,0.0064998,9.3121e-05,4.9923e-05,7.5776e-05
0.002297,5.9804e-11,5.1917e-11,4.9763e-11,3.5641e-10
3.5995e-05,3.2045e-06,3.1328e-09,2.124e-05,0.0037284
6.6816e-06,0.0064919,2.9182e-07,0.00013307,4.7397e-05
0.0021151,0.0005277,9.0529e-06,1.0417e-07,5.4202e-08
8.2012e-08,0.0064526,0.00018731,0.00025154,4.1889e-07
0.00079055,2.8077e-08,7.7577e-08,7.0941e-08,0.0024915
0.0012784,2.4732e-05,0.00021021,0.00017541,0.001562
6.0708e-06,9.698e-07,7.635e-11,2.0006e-06,0.0037876
0.0021822,0.00032882,1.7384e-05,5.9395e-07,4.1592e-07
0.00019714,6.3172e-05,0.00021027,0.0041947,0.0015694
5.3276e-08,0.00016456,6.1495e-07,0.0038704,0.0020116
0.0022111,0.00025,4.3366e-07,8.6183e-09,1.0339e-07
0.002296,2.5452e-06,5.5605e-07,1.8681e-07,6.2221e-10
0.0019841,5.5754e-07,2.4294e-07,8.2035e-05,0.00048121
0.0022964,1.5824e-06,2.8534e-07,4.5391e-08,1.2185e-09
0.00122,0.002832,0.0011524,1.7279e-07,1.9297e-09
1.0559e-06,2.5167e-05,1.7604e-06,0.0018943,0.0029537
8.401e-05,0.0012379,0.00034737,0.0010863,0.0024298
0.0019221,2.6499e-05,0.0038742,2.6906e-05,5.6962e-06
5.8134e-07,2.1032e-08,4.9787e-05,3.5169e-06,0.003789
0.0022865,3.4439e-08,1.3863e-05,3.0626e-05,1.8283e-06
6.687e-07,1.4978e-06,2.7864e-05,0.0027606,0.0025847
2.1992e-05,0.0031304,0.011079,0.0003367,0.00015961
1.8503e-06,1.9412e-07,3.6435e-10,1.6254e-07,0.0037958
0.002297,3.6604e-12,7.6334e-08,5.9859e-13,5.0534e-09
0.0017481,7.9646e-11,1.1991e-08,3.6689e-07,0.00090769
1.7746e-09,0.0066866,2.955e-05,4.1801e-06,3.4908e-09
2.2244e-06,7.3981e-05,0.021731,0.0007339,0.00013688
0.00087702,0.0040885,8.1776e-06,5.7421e-05,3.087e-06
0.00011945,0.0039754,0.00015312,9.6795e-05,0.001281
7.5422e-05,0.001041,1.808e-06,0.002187,0.0021264
4.7565e-06,0.00011705,0.00063879,0.0076453,0.00028182
0.0018178,0.00090339,1.1306e-05,0.00053555,4.3962e-05
0.0015357,0.00017022,0.0042331,2.4968e-06,0.00051955
2.3494e-07,0.006693,1.4916e-05,4.4105e-09,2.7298e-09
1.9688e-08,0.00099012,6.2642e-05,0.0073291,2.0203e-05
2.9038e-06,8.56e-06,7.6162e-05,0.0079353,0.00030482
0.0022969,6.5143e-09,5.0007e-09,5.5788e-08,1.079e-07
3.9651e-10,2.5045e-05,9.9499e-07,0.008603,1.9443e-05
0.0022949,1.2079e-06,5.4035e-06,4.5253e-06,3.1343e-08
1.2166e-08,5.0387e-05,0.00022512,0.0063608,0.0009524
0.0022961,2.0836e-06,1.4986e-06,9.9052e-10,0
0.00081661,2.4479e-05,0.0008128,0.0012862,0.0017484
0.0021384,4.5708e-10,9.2408e-08,1.4115e-06,0.00026171
0.002033,0.00024278,0.00076705,2.3574e-06,0.0001816
0.0011751,9.2107e-06,9.1071e-05,0.0024315,0.0007723
0.0022268,0.00011099,0.00032842,7.7319e-06,0
0.00036481,0.00037505,0.011392,0.0026888,7.8558e-05
0.0022442,0.00015021,3.6161e-06,5.133e-08,1.4823e-06
0.0022844,3.3627e-05,1.0999e-06,1.258e-07,1.4776e-06
0.00081953,0.0018207,0.0092966,3.8343e-07,9.2296e-07
0.0016389,4.0025e-09,2.0749e-11,9.8637e-07,0.0010881
0.00031955,2.3293e-07,8.784e-06,0.00012612,0.0032139
0.0021627,2.9319e-07,5.1392e-08,4.607e-05,0.0002018
0.0022724,8.608e-08,5.4294e-07,3.7781e-05,2.3993e-05
1.4386e-05,8.0088e-05,7.5204e-06,0.0078034,0.00031341
3.6316e-05,2.3575e-06,2.8963e-06,4.7468e-05,0.0037165
0.0010348,3.9699e-09,8.6907e-09,1.5866e-09,0.0020876
0,1.3657e-08,1.7054e-05,0.0011356,0.0032995
0.0022093,1.124e-07,5.3603e-06,2.149e-06,0.0001432
0.0022937,1.086e-06,3.1733e-05,3.069e-09,2.6213e-10
3.791e-07,0.00099314,8.4474e-05,0.0068823,0.00021011
0.00011554,1.8128e-10,4.3815e-07,0.00066431,0.0033172
3.8116e-06,0.0062968,0.0014489,1.4237e-06,7.4376e-07
0.00025618,3.0461e-07,0.0025563,3.5286e-05,0.0029721
1.9961e-08,9.4405e-07,2.8693e-05,5.3711e-05,0.0037707
0.00035054,8.0167e-05,0.0033288,0.0060595,1.6971e-05
0.00225,1.6649e-06,0.00010055,6.0189e-05,3.5173e-05
2.054e-05,0.00026725,1.7021e-06,0.0082513,1.9075e-06
1.0072e-05,0.0033288,9.6602e-06,0.0032635,0.00046446
0.002297,2.2255e-10,2.0203e-08,2.0277e-11,1.4755e-10
0.0022264,3.9544e-05,1.5963e-06,0.00019458,8.8424e-06
0.0011494,0.0033456,3.577e-07,3.4104e-07,3.8797e-08
5.9903e-08,0.0066944,2.1939e-06,3.3301e-06,2.5548e-09
1.3103e-06,4.5114e-07,2.0059e-07,0.0015605,0.0031136
0.0022953,5.4683e-09,3.8516e-07,2.9448e-07,2.6052e-06
0.00040603,0.0055055,9.7095e-06,3.0723e-06,1.8547e-06
9.1081e-11,6.7429e-06,5.0153e-07,4.0348e-05,0.0037775
1.7617e-07,6.7305e-09,3.7694e-08,6.1726e-06,0.0037961
0.0020256,0.00069587,2.851e-07,6.4792e-06,5.1288e-05
8.6092e-07,3.1716e-08,2.2424e-08,0.0031679,0.0024111
0.0021544,2.0499e-06,8.6029e-05,2.8928e-06,0.00022044
0.002289,1.6506e-05,2.0756e-06,3.7373e-07,3.393e-06
2.004e-07,0.00020892,0.0010229,0.0056153,0.0010675
0.0018575,0.0011796,6.9182e-05,4.3212e-05,2.8315e-05
0.0022962,7.1695e-08,1.9926e-07,7.3154e-09,1.252e-06
0.00039601,0.0055026,4.0305e-08,5.2338e-05,1.7776e-08
4.02e-07,0.0066691,5.3261e-05,1.7129e-05,8.2624e-09
6.8757e-08,9.6362e-08,8.3682e-07,2.6083e-05,0.0037874
0.00045272,8.2408e-10,0.00032111,0.00018332,0.0029214
4.3498e-05,0.00054086,0.0001607,0.0015402,0.0027219
8.6235e-07,1.8464e-10,5.6131e-09,5.4193e-07,0.0037974
1.6566e-08,0.0056651,3.2161e-05,0.0012693,2.524e-05
0.0016533,0.00072641,1.8667e-06,0.00046917,0.0004469
0.00026663,0.00073388,1.4141e-06,5.0302e-06,0.0029394
0.0022884,2.4045e-05,4.6892e-09,3.8592e-07,3.3842e-07
2.274e-05,1.5196e-05,5.7349e-09,0.0001579,0.0036837
0.002297,3.0722e-08,8.4737e-11,4.8513e-12,9.5513e-13
0.0015342,4.0223e-07,3.785e-05,3.9548e-05,0.0012383
3.1121e-07,0.00507,0.005223,0.00018807,4.8358e-05
2.0144e-06,0.0065313,1.016e-05,0.00020373,3.6025e-07
1.1816e-06,1.2983e-06,8.6339e-09,0.0086141,2.624e-05
0.0022061,0.00018731,4.0732e-07,9.7078e-05,1.5561e-06
2.6501e-06,1.5551e-06,1.6465e-08,2.9448e-05,0.0037809
0.0021378,0.00022282,1.158e-07,0.00011986,8.4349e-05
0.0014603,1.3491e-07,1.2476e-08,1.1776e-08,0.0013837
0.0016019,0.0018569,5.8249e-05,0.00019992,0
0.0022902,1.6647e-05,8.0692e-07,2.9763e-06,3.7697e-07
0.0022697,7.5524e-09,9.5606e-07,1.7998e-05,3.7125e-05
1.1268e-06,2.7149e-09,1.1446e-08,3.2072e-07,0.0037971
1.6124e-08,2.5842e-08,1.1737e-06,7.2823e-05,0.003767
3.6544e-07,6.382e-06,5.9743e-05,0.0049989,0.0015979
1.7701e-05,0.0038163,8.4317e-06,0.002872,0.00034685
1.1076e-06,1.1498e-09,6.4867e-06,2.1003e-05,0.0037871
0.0018392,1.6808e-05,7.6557e-06,1.9158e-05,0.00073806
0.00093526,4.059e-06,1.972e-06,2.7104e-05,0.0022378
2.7433e-07,0.0066722,9.1987e-05,1.2813e-07,5.735e-12
4.4731e-07,0.0042809,0.000309,0.0017434,0.00056023
3.4214e-06,0.0065721,0.00012772,1.9548e-06,4.5375e-05
3.1336e-06,6.0295e-07,2.9491e-06,0.0011768,0.0032781
0.0022969,1.1043e-07,5.015e-07,2.8192e-09,2.8826e-10
0.0022905,1.8267e-05,1.246e-06,1.3198e-07,1.6053e-07
8.475e-05,1.0231e-08,6.6222e-07,3.0617e-05,0.0036454
0.0022888,8.0455e-08,2.8283e-07,1.0635e-05,8.7932e-06
0.00012351,1.5054e-06,5.5048e-07,2.5589e-05,0.0035827
3.6294e-05,0.00035196,0.00089151,0.0015169,0.0027403
0.00035411,0.002042,0.00062452,0.0039099,0.00024914
0.0022001,4.2317e-07,0.00078657,1.6587e-05,3.3419e-05
0.0022951,1.9113e-06,2.4701e-06,3.9693e-06,3.4146e-09
2.2923e-10,3.246e-08,1.003e-12,5.0755e-05,0.0037769
2.171e-05,0.00013865,0.012281,0.0020535,0.00092346
1.0467e-05,1.498e-10,2.0807e-08,5.0489e-06,0.0037796
6.7046e-06,2.009e-06,1.4092e-05,0.0085858,2.6971e-05
0.0014022,0.0025221,1.8044e-07,1.1905e-07,4.924e-05
6.3848e-07,2.6836e-07,8.8816e-06,2.3139e-07,0.0037964
0.0022738,3.4112e-06,3.7835e-06,1.3998e-06,3.5177e-05
0.0020847,0.00021276,1.6207e-05,1.5264e-05,0.00022136
0.0022873,0,7.4069e-06,3.3965e-05,3.0024e-08
0.0017279,6.6901e-07,2.1892e-06,1.0099e-05,0.00093608
0.0011345,2.4244e-06,0.00010923,0.00047449,0.0016972
3.3803e-06,0.00088996,0.00019605,0.00023697,0.0031552
5.8428e-07,8.4941e-07,7.5904e-07,4.9275e-05,0.003776
0.0020195,0.00080695,8.3939e-06,1.5813e-08,1.4353e-09
0.0012785,0.0019976,0.00024748,0.00098924,8.0916e-05
8.3727e-05,0.0034682,4.572e-07,5.5348e-06,0.0016909
3.35e-07,3.7459e-07,2.7915e-07,0.001043,0.0033418
1.0181e-05,0.0057924,0.0032638,3.5214e-06,1.5724e-07
0.00020372,0.00054288,0.020784,1.2384e-06,1.8406e-06
0.0022968,8.3673e-09,7.5285e-07,2.9609e-09,1.7213e-07
0.0022967,2.2941e-07,5.4391e-09,7.4438e-07,3.0825e-08
0.00099762,0.00041781,0.0082444,0.00071089,0.00035073
0.0021097,2.2642e-09,5.7853e-05,4.9074e-05,0.00027955
3.3056e-07,0.0066707,3.3367e-05,2.2109e-05,5.0575e-08
0.0019923,0.00014044,7.3506e-06,6.4114e-05,0.00039516
0.00029917,0.0028728,6.538e-07,0.001987,0.00080502
0.0022804,4.8215e-06,1.3356e-06,1.2988e-07,2.4422e-05
0.0011688,6.6954e-05,4.2191e-07,0.0036014,0.00025169
5.7203e-08,2.767e-09,1.2501e-11,6.0256e-06,0.0037964
0,0.0053499,2.1899e-07,0.0015645,7.9765e-05
0.0022824,2.176e-08,0.00015738,4.255e-07,1.1119e-07
0.002296,2.8366e-06,5.3107e-08,4.6667e-11,3.217e-10
0.0022848,3.5081e-05,8.785e-08,2.8624e-09,2.4691e-07
0.0022708,2.756e-05,9.459e-05,2e-05,4.6585e-06
0.0021262,2.8123e-05,9.3715e-06,1.291e-05,0.00025951
7.945e-08,0.0038842,0.00031526,0.0031757,0.00015805
0.0022958,6.7566e-07,1.1124e-06,3.1233e-06,2.7293e-09
2.3648e-06,0.006684,2.4887e-05,1.0518e-09,6.1379e-08
0.0022861,6.3695e-09,9.3696e-06,3.3409e-08,1.6633e-05
0.0022777,2.4891e-05,0.00011449,8.1967e-07,8.236e-09
0.0021452,0.00018323,1.587e-05,2.0325e-05,0.00013577
0.0013126,7.7354e-10,0.010717,1.3192e-08,2.8747e-06
0.0021982,1.0791e-07,5.9691e-05,7.759e-06,0.00015081
0.0011943,7.7611e-05,5.9145e-09,1.4003e-05,0.0017736
0.0021192,7.9057e-05,1.0086e-05,5.7318e-07,0.00024747
0.00054756,0.0047961,0.0011353,9.6892e-07,3.9314e-07
2.5122e-07,6.6857e-10,3.3906e-08,9.8882e-06,0.0037943
1.732e-07,5.9553e-07,5.9383e-09,0.0033073,0.0023509
0.00090612,0.0040271,4.9648e-06,3.4923e-05,1.0155e-07
0.0022945,1.3244e-07,5.6346e-06,4.8826e-08,3.1647e-06
0.0022112,1.0002e-06,2.1434e-06,2.3072e-05,0.0001309
0.0015058,1.1714e-05,8.7246e-06,1.4561e-05,0.0012942
1.5892e-06,0.00035281,4.587e-08,0.0081449,3.1559e-05
0.00047094,0.0051969,0.00046994,6.399e-07,8.1307e-07
0.0022411,2.1165e-05,1.1333e-05,2.2062e-06,7.7696e-05
6.6181e-06,2.1582e-08,8.1573e-06,3.2319e-05,0.0037727
1.2644e-06,0.00017504,9.5852e-05,0.0080754,0.00014882
4.0745e-08,3.959e-06,4.9681e-06,0.0086281,1.9765e-05
8.7245e-06,0.0066594,4.7665e-05,1.1643e-07,1.2011e-08
0.0021496,3.1796e-06,0.00031064,2.6582e-05,0.0001832
0.0022967,8.5323e-07,1.4378e-08,4.2213e-08,9.0508e-09
0.0021927,0.00015531,5.4391e-05,0.00016498,3.8688e-06
1.0453e-05,0.0064665,1.1271e-05,0.00025411,8.9968e-07
0.0022969,1.0174e-07,3.8657e-09,2.5214e-10,1.9831e-08
0.00121,0.0029509,7.5337e-06,3.3241e-05,0.0001082
6.5616e-06,0.0027114,0.00021694,0.0050591,3.1712e-06
2.3188e-06,4.2124e-11,1.2217e-12,3.0189e-07,0.0037951
0.00015089,1.5011e-05,0.00038452,0.00019961,0.0033953
0.0022176,7.1609e-05,0.00025668,4.8747e-05,3.0386e-05
2.1272e-06,1.3119e-09,1.774e-09,8.2016e-06,0.003792
0.0022969,1.1712e-12,2.0696e-08,1.1443e-10,9.9076e-08
0.00096325,0.00022582,0.00041741,0.00029795,0.0018841
1.7492e-07,4.222e-09,2.2972e-09,2.9483e-05,0.0037859
4.0118e-05,8.7588e-11,5.5655e-09,1.3063e-06,0.0037322
0.0022756,1.8478e-05,0.00016412,1.4939e-07,0
0.0022207,0.00021652,5.0752e-06,5.688e-06,1.2593e-07
6.7308e-07,0.0014,4.5136e-07,0.0019291,0.0021595
0.00023332,7.1131e-05,1.2072e-05,0.0074683,0.00010234
1.3784e-05,4.9597e-06,6.059e-08,0.0062369,0.0010437
0.00050293,1.2834e-06,2.8362e-07,7.6885e-08,0.0029665
0.002207,5.6352e-05,3.6786e-08,5.2194e-06,0.00011457
0.0014734,0.0023425,0.00016985,2.2632e-06,6.6722e-06
0.002297,4.8117e-12,1.426e-13,2.2165e-12,4.7174e-09
1.9097e-06,5.8855e-08,2.5141e-07,9.2156e-06,0.0037918
0.00229,2.7715e-07,1.2119e-07,2.0568e-05,2.3138e-06
0.0018976,0.00026791,0.0033533,2.7805e-07,0
0.0022954,5.5266e-07,1.4068e-07,2.1768e-08,2.3424e-06
0.0010522,4.7235e-05,7.6197e-06,0.0029686,0.00073156
2.3023e-05,6.9589e-08,8.7824e-09,0.00063035,0.0034851
6.8224e-05,0.0012869,0.00059964,0.0062231,0.00014169
0.0013412,1.951e-07,5.243e-08,2.6888e-05,0.0015689
0.0010455,0.0034393,0.00078403,1.012e-07,1.7646e-07
2.0085e-05,0.0022188,0.016382,6.3638e-06,2.0259e-05
1.6661e-06,0.0062057,1.3815e-05,4.4792e-05,0.00025463
0.00082846,0.0031441,0.0016828,0.00064539,0.0001078
3.3737e-07,0.0004077,1.3826e-05,9.4882e-07,0.0035648
3.0154e-08,7.2023e-06,3.9668e-07,0.007403,0.00055479
0.0022969,1.0999e-08,2.7868e-08,1.1338e-09,2.1184e-07
2.0951e-05,0.005838,0.00273,4.1267e-06,3.7196e-05
0.0022489,3.0731e-05,1.937e-05,9.8457e-07,5.8661e-05
0.0012527,2.7749e-08,1.9564e-06,1.2621e-05,0.0017214
0.0022969,7.5208e-09,6.1272e-07,5.033e-09,4.347e-08
2.9432e-05,2.5031e-10,5.1778e-09,5.0703e-07,0.0037502
1.1975e-06,0.0062208,0.0017542,2.5393e-06,1.3857e-06
4.032e-08,4.8983e-10,5.2447e-11,8.0622e-05,0.0037637
0.00053713,0.00096683,5.1038e-05,0.00037021,0.0021925
0.0021002,0.00053769,7.482e-06,1.6817e-09,1.9318e-05
3.3712e-05,0.0065976,5.5815e-07,3.1174e-07,8.2043e-07
0.0022101,0.00024845,1.8489e-05,8.8617e-09,2.4039e-10
0.0022897,1.0861e-05,3.1023e-05,1.8904e-06,3.0795e-07
0.00052664,0.0006404,0.00041665,0.0010583,0.0020384
0.0022819,1.5719e-06,0.00015752,1.3012e-07,1.4044e-07
0.0022969,8.7669e-10,1.2599e-09,1.204e-10,9.1745e-08
1.9664e-08,0.00066871,0.00053032,0.0034339,0.0018364
0.00014741,0.0011289,1.5658e-05,0.0066439,4.7169e-06
2.3726e-08,1.1048e-05,3.3648e-06,0.005286,0.0014787
0.0016231,3.24e-06,0.0042336,0.0006739,0.00017582
2.2732e-06,0.0028025,0.0012219,0.0021686,0.0010713
0.00047445,5.3011e-06,3.0749e-05,0.0033751,0.0015295
1.8422e-05,7.0011e-08,3.2298e-08,7.2178e-05,0.003737
3.3345e-08,9.5701e-05,4.2933e-05,0.0054128,0.0013692
1.6769e-09,1.0047e-07,3.5554e-09,1.461e-05,0.0037926
0.0022942,9.1989e-08,3.0205e-05,5.5647e-08,1.9173e-08
0.0012535,0.0030307,3.2664e-05,2.707e-06,7.1309e-07
7.5718e-07,0.0036537,5e-06,0.0017948,0.00093907
2.7836e-05,3.9836e-08,2.9694e-08,5.3819e-07,0.0037528
4.4327e-08,1.0526e-05,1.4071e-06,0.0086349,1.3578e-05
0.0020474,2.0072e-05,0.0012461,3.622e-05,0.00019658
8.2245e-07,4.6426e-07,3.1853e-08,0.0001703,0.0037229
0.00014171,0.0056852,0.00080539,0.00049593,7.3534e-07
4.9143e-05,0.0065498,1.7065e-05,5.526e-08,4.6512e-10
0.0016224,0.0019286,1.2631e-06,4.9335e-05,3.8463e-09
8.3116e-07,5.2687e-08,3.8495e-09,3.0854e-05,0.0037842
0.0003259,0.00040284,0.0037284,0.0052835,0.00015375
0,6.2774e-05,0.00015962,0.0084992,1.9411e-05
0.0012221,0.00095929,0.0080856,1.6593e-05,2.4986e-07
1.4174e-07,1.6789e-05,5.1993e-07,0.0021065,0.0028673
0.0022806,9.7034e-07,4.4494e-06,3.4753e-05,1.0683e-05
0.0021545,0.00039447,3.0659e-08,7.0584e-09,1.1884e-05
0.002275,2.1735e-06,1.4382e-07,5.1231e-07,3.4907e-05
0.00073484,0.00019179,0.011585,0.0014795,7.0552e-05
0.00055985,0.0045286,0.0020072,1.087e-08,4.4415e-09
2.0294e-06,4.9364e-08,4.5548e-08,5.649e-05,0.003771
0.00031574,0.00014935,1.0365e-05,0.0030723,0.0018459
0.0017792,0.0014514,1.6816e-05,3.8581e-05,1.3629e-05
6.1643e-07,0.0063879,0.0011474,8.0281e-07,3.491e-07
0.002024,0.00025785,0.0014015,1.9984e-05,8.3996e-05
3.8517e-09,0.00015075,0.00089517,0.0080946,3.5045e-05
3.4463e-05,5.7915e-07,3.4652e-05,0.003256,0.0023115
3.7721e-06,6.1243e-05,0.02478,6.0316e-07,8.0643e-09
4.9203e-06,1.3722e-05,1.056e-07,0.0057526,0.0012654
0.00011777,6.4884e-07,1.5914e-05,6.2793e-05,0.003574
0.0011354,0.0033556,4.2235e-05,1.7099e-05,3.9351e-06
0.0016111,4.6537e-06,6.9979e-06,0.00016729,0.0010574
6.2853e-06,0.0065119,0.00018421,0.00013332,8.7211e-06
0.0015724,1.1307e-07,4.4568e-06,7.6354e-05,0.0011643
0.0022567,5.1597e-05,9.6431e-06,7.9728e-05,9.6648e-07
0.0011349,0.00094095,0.0079735,0.00040918,4.2065e-08
5.0222e-14,2.5345e-10,1.6416e-10,0.0020225,0.0029139
0.0022848,3.4277e-05,4.0469e-08,2.856e-08,6.8649e-07
0.00043379,0.00062336,1.845e-06,3.4993e-06,0.0027262
2.8371e-05,0.004684,0.0023325,0.0015852,4.7793e-05
0.0021555,0.00028704,0.00042987,2.9126e-07,5.806e-06
0.0013791,4.2735e-05,5.5337e-05,0.00023358,0.0013832
1.7415e-05,0.0066304,5.505e-05,2.334e-06,2.3636e-08
0.00016835,5.5813e-05,9.4032e-07,4.3575e-05,0.0034698
0.0012433,7.9411e-06,2.3486e-06,0.00065899,0.0014494
0.00010775,0.00065103,0.0028673,0.0064145,9.3472e-06
3.1527e-06,1.645e-09,2.5263e-06,5.0911e-06,0.0037913
0.00013818,0.0029431,0.00086176,0.0033135,0.00032023
3.8917e-08,2.7313e-07,3.8617e-09,0.0057982,0.0012612
3.0867e-06,0.0060096,0.0024972,1.4803e-05,5.2338e-10
0.0022949,1.0395e-06,7.0077e-08,6.3711e-06,2.864e-10
2.4511e-05,8.5536e-07,1.2579e-06,6.0721e-07,0.0037576
5.4897e-05,0.0063959,1.0938e-05,7.9829e-05,4.3804e-05
0.00059886,0.0008826,3.7783e-05,0.0049808,0.00012227
0.0011569,0.0032934,0.00010417,2.1133e-07,1.6358e-06
0.0021572,0.00039718,1.0911e-05,8.5526e-06,4.6393e-07
0.002297,3.0972e-10,2.1372e-10,4.9203e-09,1.0399e-08
7.9132e-05,8.3365e-05,0.0034285,0.00034619,0.0029495
9.1286e-05,0.00034349,1.754e-05,0.0015846,0.0027571
0.0022068,2.1621e-06,4.4806e-05,1.6439e-05,0.00013394
0.0015866,0.0001909,0.0060164,0.00021529,6.0049e-05
4.1248e-06,6.8476e-06,9.2601e-10,1.3095e-05,0.0037826
0.0011573,1.1479e-05,1.2051e-08,0.00010961,0.0018305
0.0021356,0.00044099,6.8707e-05,1.0655e-05,1.6325e-06
0.00026299,0.00013614,0.015079,0.002013,0.00011924
0.00010259,0.0057222,8.0919e-05,0.00084818,1.2939e-07
0.00186,9.2653e-05,0.00046127,0.0012624,4.7688e-05
0.00013253,4.8485e-05,0.00020009,4.7913e-06,0.0035199
0.00064116,0.0041105,0.00268,1.6642e-07,5.9321e-07
0.000384,0.0028409,3.9723e-06,0.0008557,0.0011775
1.7193e-05,0.0003732,0.0002274,0.00050471,0.0033036
0.00066285,3.146e-06,7.5287e-07,0.00048999,0.0024864
1.3876e-05,0.0063824,0.00020629,8.7215e-05,8.6432e-05
0.0022388,1.915e-05,0.00017901,1.6044e-06,5.7595e-05
0.0022883,2.0893e-05,1.6441e-05,6.2876e-08,1.1416e-08
0.0022907,1.6555e-05,6.5174e-06,5.3549e-08,4.0365e-08
5.0475e-07,0.0012579,6.5129e-07,0.0019411,0.0022351
0.00027584,3.6524e-11,5.4019e-09,6.2679e-07,0.0033426
0.0001931,0.00088888,4.1123e-05,0.00014889,0.0029041
8.1648e-10,1.8888e-09,9.5431e-09,7.8451e-06,0.0037956
0.0013936,0.0021001,2.2898e-06,5.46e-05,0.0002787
2.3747e-07,4.0155e-05,1.5931e-05,0.000202,0.0036851
0.00018502,0.0048091,0.0050308,3.7832e-07,2.1878e-06
0.0019137,0.001084,0.00011111,4.7964e-06,7.1151e-08
0.0022551,2.9862e-05,0.00033622,2.2892e-07,1.3051e-06
0.0021482,5.2716e-08,5.7889e-09,2.0545e-07,0.00024601
0.0022665,5.791e-05,0.00011402,7.4581e-07,3.1308e-09
0.0022778,3.2103e-05,5.0873e-05,1.1526e-05,7.2297e-07
6.4104e-09,5.7998e-06,6.8255e-05,0.0078808,0.00033624
0.0022808,2.9098e-05,3.5645e-05,1.101e-05,8.8816e-09
1.2321e-05,4.4428e-05,0.015332,0.0023147,0.00041536
0.002075,0.00025233,2.7647e-05,4.6536e-06,0.00021774
0.0011664,0.0015147,8.8368e-06,0.0021979,4.7487e-05
0.0012497,4.9136e-06,1.1985e-06,0.00085094,0.0013568
4.4751e-07,4.177e-08,3.3563e-09,2.2344e-05,0.0037885
2.5178e-07,0.00085367,3.3735e-05,0.00026003,0.0031955
0.0022938,4.4827e-06,5.2201e-06,4.1963e-06,1.2187e-07
6.7981e-08,2.0202e-05,2.5588e-05,0.0079053,0.0003237
1.7502e-07,0.0063773,9.5969e-05,5.5457e-06,0.00016449
1.761e-07,6.5148e-08,2.4861e-06,1.5763e-05,0.0037915
0.00025758,0.0026964,0.0022316,1.1459e-05,0.0015002
0.002295,1.6428e-06,3.0567e-07,8.2365e-08,2.3097e-06
0.00087405,1.0581e-08,4.3075e-06,2.5485e-05,0.0023416
1.0088e-06,0.0020252,0.00012863,0.00017197,0.0025539
0.002296,5.3754e-08,7.4689e-07,6.1602e-09,1.4165e-06
0.0022179,3.4061e-05,2.44e-05,8.6977e-05,6.9791e-05
0.0019977,0.00087144,6.9582e-07,8.964e-07,2.182e-07
6.6773e-07,8.8308e-05,7.3297e-07,0.0084446,5.183e-05
1.5931e-05,3.5004e-09,1.1239e-08,7.6998e-07,0.0037724
0.0018349,8.8372e-07,2.4986e-06,0.00037448,0.00059948
0.002297,5.9077e-10,3.3988e-11,3.6436e-12,7.0609e-09
0.00046895,0.0011882,0.0056906,0.00049811,0.0012685
0.0022891,1.7947e-07,2.8575e-06,1.1158e-05,7.5593e-06
2.0327e-05,0.0066349,3.1972e-06,2.2789e-07,1.4182e-06
0.001808,9.4048e-06,9.331e-06,0.0006365,0.00052336
0.00089727,0.00051512,0.0001567,0.0045232,1.942e-05
0.0021141,3.8774e-05,2.5027e-07,5.6418e-08,0.00028045
0.00036248,0.0015967,0.00040526,0.0049349,7.2546e-05
4.6643e-06,7.5129e-06,1.4585e-07,3.6354e-06,0.0037855
8.6705e-05,0.00013507,4.2183e-07,5.2142e-07,0.0035788
7.0476e-07,9.5023e-09,1.4007e-07,0.0030801,0.0024498
2.8088e-07,0.00017497,0.015375,0.0022878,0.00036642
0.0022953,2.7428e-06,6.8101e-07,2.5074e-06,4.822e-09
7.499e-05,3.1683e-06,0.0018096,0.00054304,0.0031612
0.002297,2.8363e-11,1.2665e-08,4.177e-10,4.0414e-09
0.00013658,7.8622e-09,1.4333e-06,0.0019618,0.0027144
1.1064e-05,4.9291e-06,8.9505e-08,3.0016e-06,0.0037767
0.0022845,2.2913e-06,3.0197e-07,3.9504e-06,1.7592e-05
6.602e-05,1.3601e-07,1.2899e-06,0.00085226,0.0033166
0.0022962,1.6037e-07,6.2685e-10,3.8253e-08,1.266e-06
4.4988e-08,3.8973e-10,4.8891e-07,2.7727e-07,0.0037988
0.0022689,1.1455e-06,6.9935e-09,1.3036e-08,4.5801e-05
0.0022705,1.8737e-07,3.8539e-06,1.5753e-06,4.2463e-05
0.00050093,1.153e-05,2.9633e-06,3.4167e-06,0.0029621
1.9929e-05,2.0334e-07,7.1712e-05,0.00078258,0.0034126
1.3413e-07,0.0047866,0.0071444,8.201e-07,3.1825e-08
1.2191e-06,6.3664e-08,1.262e-07,2.3324e-06,0.003796
5.2609e-06,7.9398e-09,0.024337,0.00020284,1.104e-05
0.0020849,0.00034188,3.1588e-07,5.2043e-06,0.00015456
0.0022736,9.8561e-07,3.6485e-06,1.7013e-06,3.6816e-05
0.0022963,4.2866e-07,4.6924e-06,3.2068e-07,0
0.0019888,0.00024203,3.4495e-05,0.00081983,8.3853e-06
0.0022895,8.1165e-06,1.9097e-08,7.6367e-08,7.6908e-06
0.0011372,0.0033788,1.0703e-05,8.1871e-09,3.8524e-08
4.5078e-05,0.0059609,7.9822e-05,7.5798e-05,0.0002981
1.9341e-08,9.3538e-13,1.0377e-11,1.5847e-08,0.003799
0.0022969,2.7787e-08,1.3191e-06,7.557e-11,2.4643e-09
4.1665e-08,0.0027993,0.00052509,0.0037381,0.00049546
0.0016662,1.8582e-06,7.5627e-07,1.5385e-08,0.001042
0.0021407,0.00045351,2.7881e-06,3.1628e-08,8.485e-07
0.0022868,1.7818e-05,9.4056e-06,1.1854e-05,1.1273e-07
2.734e-05,7.3195e-06,6.926e-05,0.0030072,0.002423
0.002297,9.0296e-14,2.8363e-10,1.6017e-12,4.9042e-08
0.002297,7.4036e-09,3.2215e-07,1.0382e-09,7.1544e-09
0.0022835,7.7629e-06,3.1768e-07,3.4009e-05,3.0364e-06
3.4369e-06,1.2558e-06,0.0001435,0.0029319,0.0024877
0.0022949,3.7789e-09,5.3673e-06,9.7831e-07,2.2711e-06
5.3629e-08,7.6903e-07,8.6071e-10,5.7485e-05,0.0037734
2.8007e-07,1.3261e-05,7.7639e-07,0.0016283,0.0030783
3.1693e-05,4.9418e-05,2.491e-06,0.008471,1.075e-05
2.4161e-05,2.8475e-10,3.3961e-10,6.1083e-07,0.0037589
0.0022647,9.3774e-05,1.0386e-06,2.3692e-07,1.0735e-08
0.00041013,1.8126e-05,0.014508,0.00093528,0.00050109
0.0022959,2.9221e-08,6.2439e-06,3.0064e-07,7.7358e-07
0.0022892,3.1284e-09,5.2165e-12,1.8419e-11,1.2811e-05
0.0022922,1.9172e-07,4.4626e-05,1.9587e-07,8.8969e-07
1.8856e-08,9.3947e-09,3.3949e-09,0.0070861,0.00069765
0.0011631,3.0627e-06,2.607e-06,5.0786e-05,0.001851
0.0022933,2.6332e-08,3.956e-05,2.1383e-08,6.0211e-08
3.4228e-06,0.00022747,8.3603e-05,7.0963e-05,0.0036207
1.219e-07,1.9481e-07,4.2913e-08,0.00010437,0.0037531
4.7028e-05,0.0054433,0.0026454,0.00022822,0.00013269
9.6593e-07,0.0066884,2.4166e-05,5.1268e-08,9.6519e-11
0.00010173,5.9693e-07,2.1115e-06,0.0043042,0.0017463
0.0021589,0.00029418,1.1583e-05,9.3264e-05,1.8871e-05
0.0014928,0.0017437,0.0012729,0.00012976,9.1155e-05
0.0022745,4.7693e-05,9.7825e-06,1.9315e-05,2.4073e-07
0.002297,1.3127e-09,2.2358e-08,1.5917e-09,2.6646e-09
9.5924e-05,0.0063796,3.5565e-05,1.4749e-06,1.5718e-05
0.002296,2.5403e-07,9.8238e-06,7.8701e-11,3.4291e-09
0.00044866,6.9821e-08,0.00050674,5.6057e-05,0.0029556
0.0015818,0.0017952,0.00041692,2.3162e-05,9.1334e-05
0.0022772,3.2444e-05,9.2318e-05,7.1129e-07,0
0.0021031,6.816e-05,0.0017,5.504e-05,1.8236e-07
0.0022165,0.00023036,7.3648e-06,2.872e-06,8.0096e-08
0.0011217,1.4929e-05,0.0001493,0.0015361,0.0012404
7.2964e-08,5.5627e-07,1.4193e-08,7.9274e-05,0.003764
2.2344e-05,2.4921e-09,2.958e-07,1.5887e-05,0.0037551
0.0017594,6.8111e-05,3.7263e-05,1.6217e-05,0.00083771
0.0020846,3.1291e-05,0.00041194,0.00051458,4.5922e-05
0.0002291,0.0060151,5.1263e-06,1.706e-05,1.403e-08
0.0020634,0.0006774,1.3383e-05,2.2255e-08,5.5583e-08
0.0021823,7.6165e-06,4.8064e-07,4.5227e-05,0.00016551
7.8077e-06,2.481e-07,4.8029e-06,6.114e-05,0.0037585
0.0022959,2.3763e-08,7.8462e-06,3.3189e-08,5.481e-07
0.00066867,0.00038733,0.0012531,0.005217,8.5507e-08
0.0008842,0.00085392,4.8444e-07,7.6692e-05,0.0018187
2.3728e-05,1.64e-08,2.5056e-09,2.3971e-05,0.0037493
5.1697e-05,4.4987e-05,1.0456e-05,0.0083517,3.1199e-05
0.0022966,4.2247e-07,1.6695e-06,2.5404e-08,8.3354e-08
0.0020568,1.6586e-06,3.5736e-09,6.2909e-05,0.0003687
0.0022965,2.2214e-08,4.8424e-06,7.5464e-10,5.114e-08
0.0021167,5.2646e-09,3.1078e-08,1.2007e-05,0.00029295
0.00043871,0.0053547,0.00018601,1.2859e-05,2.3456e-06
0.00015154,3.6857e-05,4.8752e-07,0.00070987,0.0032168
2.6984e-05,0.0001714,3.8918e-07,1.2815e-06,0.0036566
1.645e-06,0.0058838,0.0004812,4.1316e-05,0.0003679
0.0021891,4.3754e-06,1.4351e-07,4.0578e-05,0.00015823
0.0022358,0.00016433,3.5271e-05,4.5999e-06,6.5156e-07
9.9485e-08,9.8144e-09,8.3741e-08,7.0697e-06,0.0037958
0.00036519,0.0055788,0.00015764,1.5493e-05,1.2897e-09
0.00018223,0.0049595,3.3576e-05,0.0015028,2.1732e-05
0.0003813,0.0055789,2.4361e-05,2.0718e-07,1.6118e-07
0.001164,0.00095869,0.0082497,0.00018042,1.0188e-07
0.00041829,4.8779e-07,6.0424e-06,0.00045743,0.0029059
3.7632e-08,1.099e-06,2.555e-05,0.0049988,0.0016067
0.0022911,1.3397e-05,1.2694e-05,5.9007e-07,2.1618e-09
3.5843e-06,2.4669e-11,7.5477e-10,6.6719e-08,0.0037931
2.1265e-05,2.4702e-08,5.4244e-08,1.5826e-06,0.0037632
7.7137e-05,6.269e-05,0.0033896,0.0019126,0.0022848
0.0018047,0.00010541,0.0047201,8.6427e-05,8.8942e-07
0.0022933,1.2639e-07,3.549e-06,1.9164e-09,5.5457e-06
0.0022967,1.8054e-07,1.3375e-07,3.7342e-09,3.4181e-07
4.4968e-07,1.318e-05,8.7367e-06,0.0015974,0.0030904
1.0497e-05,0.00031228,0.016198,0.0023683,0.00011169
0.0022936,3.7475e-06,1.4703e-05,7.0432e-08,1.2286e-06
0.00098904,1.3002e-06,7.5352e-07,4.1836e-06,0.0021606
0.0001867,9.9173e-05,0.022552,2.3352e-05,3.8319e-06
1.4666e-06,5.6265e-08,0.00014556,0.0033582,0.0023048
4.6671e-07,0.0066906,1.6604e-05,3.6795e-07,5.6382e-07
0.0022806,4.7586e-09,1.788e-05,1.1953e-07,2.4417e-05
0.0014841,0.0023192,6.079e-05,6.8271e-07,1.9484e-05
0.0022969,2.0218e-09,4.4796e-07,1.3923e-08,2.9085e-08
0.0012457,5.3766e-05,0.0067804,0.00083943,0.00031265
3.857e-10,2.4456e-05,0.018371,0.00034079,0.00085013
0.0022966,2.3916e-08,4.1052e-06,1.3879e-08,2.1222e-08
0.0021546,1.1204e-09,5.6857e-09,2.1922e-06,0.00023455
5.0558e-06,1.9754e-06,2.2364e-08,0.00014357,0.0037268
3.8611e-08,2.0536e-11,5.7826e-09,0.000347,0.0036471
7.0311e-08,3.7865e-08,3.8006e-08,0.00024153,0.0036932
3.3668e-06,0.0001335,0.0026449,0.0041598,0.0014961
0.0016565,3.3953e-06,3.5491e-08,1.7885e-05,0.0010495
0.0022544,4.5867e-05,4.2788e-05,8.4801e-05,7.7768e-07
4.2554e-05,0.00010278,0.018105,0.00043279,0.00073539
5.6953e-08,0.00020296,9.4277e-05,0.0040205,0.0019099
7.94e-05,2.8465e-05,0.000434,0.0079377,0.00011171
0.0013416,4.5016e-06,0.00016667,0.0023651,0.00051717
0.0019625,0.00015511,0.0029191,4.6758e-05,2.065e-06
3.8084e-05,4.1774e-05,5.4073e-06,0.0084564,1.0451e-05
0.00036398,5.0087e-05,1.1093e-06,0.0070849,6.7664e-05
6.91e-05,1.6681e-05,3.8752e-07,1.2214e-06,0.0036747
1.2734e-06,0.0058346,4.2351e-05,0.001099,5.5351e-08
7.2619e-07,5.6322e-06,2.3761e-05,0.0033293,0.002334
0.0004099,0.0054572,0.00016611,8.1729e-07,1.1735e-07
2.98e-05,8.1458e-08,1.2312e-08,6.3663e-05,0.0037219
0.00051707,4.2049e-05,0.0014546,0.0059819,8.1345e-05
0.002297,1.7718e-11,1.9343e-09,6.3587e-12,6.3331e-10
2.3291e-06,9.5475e-07,2.2847e-06,0.0012202,0.0032603
2.4412e-06,6.759e-06,2.2728e-07,2.4885e-06,0.0037901
0.0022941,7.5362e-08,1.2968e-07,6.5639e-09,4.7727e-06
0.0022878,2.393e-09,9.0054e-09,5.0985e-11,1.5125e-05
0.0022887,1.4694e-06,6.2185e-07,5.7864e-06,1.017e-05
0.00040668,4.2055e-05,7.9183e-06,0.00033816,0.0029534
0.00072739,0.0045674,3.4434e-05,1.6243e-07,2.3181e-08
0.0021655,6.334e-05,2.0839e-05,0.00040638,5.2345e-07
7.7249e-05,1.1889e-05,3.5196e-05,0.0062798,0.00091075
0.0002766,1.7964e-08,1.08e-07,3.1023e-05,0.003328
0.00084789,0.00032413,0.00031868,0.0022706,0.0011708
0.00017345,3.8005e-07,4.1694e-08,0.00010878,0.0034644
0.0011489,0.00058642,0.0028551,0.0023804,9.1469e-05
0.00029217,3.9327e-05,1.8938e-05,0.00016715,0.0032175
0.00071441,0.0038613,0.00040293,4.8546e-06,0.00036404
0.0022643,9.1301e-05,1.4716e-05,3.5679e-09,3.7429e-08
0.0022796,5.063e-05,1.5056e-08,3.9573e-09,1.2147e-08
0.00089516,0.0022507,0.00034567,0.00013466,0.00093055
0.0022948,4.135e-08,6.4844e-06,9.5755e-08,2.608e-06
3.3041e-11,1.3681e-07,4.441e-08,0.0010035,0.0033598
0.0021142,2.0094e-06,6.3325e-07,9.2426e-05,0.00026061
0.0022741,1.9493e-07,7.8011e-06,8.8617e-08,3.657e-05
0.00034548,0.00016595,2.5072e-06,3.3265e-05,0.0031186
6.442e-06,0.00060453,0.018585,0.00015428,0.00055968
0.0021754,0.00033453,7.2636e-05,7.1249e-07,2.8905e-08
9.0424e-05,0.00029784,8.4931e-08,0.0068172,0.00049688
0.002259,4.7886e-05,5.9803e-05,5.4662e-05,2.6886e-06
0.00042778,0.0054397,3.8402e-05,4.7257e-07,6.278e-09
0.00029103,0.00016745,0.0033401,0.0062039,9.7723e-07
0.0010293,7.5821e-07,3.5459e-05,0.00031667,0.0019522
1.4279e-05,2.2605e-05,3.7039e-08,0.00045201,0.0035648
1.7954e-06,1.7569e-06,2.0146e-05,1.5896e-07,0.003792
0.0010547,4.6978e-05,0.012243,0.00032662,2.8371e-05
0.0017579,0.0013719,0.00012477,6.773e-08,9.442e-05
0.0022959,3.0555e-06,1.9117e-08,2.9947e-10,5.3689e-11
0.00086659,1.353e-05,0.0036404,0.0019134,0.00096863
0.0022963,5.4159e-09,4.4054e-06,9.8855e-07,7.5383e-10
2.5826e-06,2.0016e-05,3.4748e-06,0.0084934,6.5617e-05
0.00026713,0.00039443,0.020659,1.5955e-06,1.518e-08
3.4112e-06,8.1783e-11,5.5134e-08,4.1841e-05,0.0037751
9.5081e-10,5.7306e-13,1.7263e-11,6.7967e-07,0.0037988
1.2836e-06,3.4698e-05,0.024905,1.3173e-06,8.9107e-10
0.00088212,0.0040222,0.00038507,3.8718e-07,7.6065e-08
2.1897e-06,4.3225e-06,2.1928e-08,0.0057282,0.0012859
0.0022383,1.6605e-06,0.00062395,3.4185e-07,1.3302e-06
0.0022946,6.7673e-06,7.1336e-07,2.3579e-09,1.0818e-08
0.0022955,2.3779e-08,9.9308e-10,1.995e-07,2.4079e-06
1.3367e-08,7.4952e-05,9.7839e-07,0.00020034,0.0036687
0.0012335,0.00014073,0.00012597,0.0027737,0.00044606
0.0019983,2.4599e-07,2.2173e-07,4.0777e-05,0.00047604
0.0022966,1.3037e-09,4.7333e-07,2.5369e-08,5.5245e-07
0.0022954,4.039e-10,8.5758e-06,1.3523e-10,1.2514e-06
0.0016489,0.0015143,0.00025162,0.00039534,1.8153e-06
0.0021449,3.4144e-07,7.2431e-08,1.8866e-07,0.00025133
7.8773e-05,1.1575e-06,2.5657e-08,0.0010083,0.0032268
0.00077141,0.0035476,0.0002615,0.0010753,6.643e-07
1.7283e-05,6.9508e-07,1.1872e-05,0.00052562,0.0035383
0.0010636,0.0034367,1.2896e-05,4.09e-05,7.0681e-05
4.6134e-07,8.5692e-05,0.024526,6.4637e-05,2.1564e-06
2.6033e-08,1.4462e-09,2.1786e-08,3.74e-07,0.0037989
1.941e-05,0.006641,3.4199e-07,1.2021e-10,1.0905e-08
6.3434e-07,0.0049854,0.0060608,0.00011626,2.2387e-07
0.0010182,1.5805e-07,2.4434e-05,3.0817e-05,0.0020978
1.1323e-10,1.3965e-06,3.9856e-08,0.0075477,0.00049489
0.0022966,2.7957e-12,2.7742e-08,4.8016e-10,7.1961e-07
1.5218e-06,0.0019662,3.846e-05,0.0060369,3.3289e-05
0.0021539,1.0773e-07,2.6989e-06,5.5978e-08,0.00023615
0.00012871,2.4559e-09,1.341e-06,8.3039e-05,0.0035497
0.00032575,0.0012501,2.5634e-05,0.0057911,1.2783e-05
0.0022597,0.00010108,9.3902e-07,7.0582e-06,1.1629e-06
0.00083088,4.3195e-07,1.2335e-07,3.215e-06,0.0024232
0.0022961,2.2912e-06,7.2575e-07,7.1656e-09,1.0313e-07
0.0021407,0.00035497,0.0003679,1.1369e-07,1.2488e-06
0.0017141,0.0014897,7.4334e-05,0.00023349,5.6164e-06
0.00011494,0.006354,1.0281e-05,2.6884e-07,3.1681e-06
2.9046e-06,0.0066335,0.0001521,9.5918e-07,8.1155e-06
0.0022895,5.5875e-07,8.7721e-07,3.9762e-06,1.0256e-05
1.0477e-07,2.3586e-08,1.3286e-06,1.5784e-05,0.0037918
3.8751e-10,2.8089e-10,1.5206e-13,1.3072e-05,0.0037934
0.0021811,2.7069e-06,4.1756e-06,8.1119e-06,0.00018595
0.0022643,1.1112e-05,1.3679e-05,4.296e-05,2.6908e-05
0.0018026,0.0014127,0.00010766,9.3437e-09,1.7628e-09
0.0022711,7.5459e-05,1.1238e-09,1.8013e-07,6.1278e-11
0.0010887,0.0035225,8.9507e-07,1.6933e-08,2.6382e-07
0.0020639,0.00064176,0.00010728,1.1128e-05,3.5307e-07
0.0022543,4.8405e-06,3.3093e-06,6.8498e-05,3.7296e-05
0.0022838,1.9758e-07,8.5105e-09,6.3969e-06,1.894e-05
3.2462e-06,0.0047802,0.0071354,5.15e-07,6.0999e-09
3.655e-06,0.00010524,8.5013e-06,0.0079359,0.00025876
9.6363e-08,1.7412e-07,1.7021e-06,0.00015829,0.0037293
0.0022637,1.5947e-07,1.3872e-07,3.6594e-07,5.4766e-05
0.00044966,0.0039593,9.5062e-06,9.6699e-06,0.0008039
0.0022903,4.8707e-06,4.0547e-05,3.0124e-08,2.0641e-06
0.0022937,9.6538e-06,2.5998e-09,1.7624e-11,1.7148e-09
0.0021209,2.3065e-07,1.0604e-05,8.027e-08,0.0002894
0.0016751,0.0017794,1.3806e-05,3.8638e-05,2.369e-07
0.0022965,1.2875e-07,4.4226e-06,6.089e-08,5.6262e-09
0.0022839,1.1338e-09,8.8255e-08,1.7043e-05,1.415e-05
0.00066105,0.0045433,0.00011012,0.00020075,2.4144e-05
0.0022968,4.7988e-07,3.4271e-08,2.6115e-09,6.3849e-08
0.0012386,7.9067e-06,0.00052641,0.002523,0.00056196
8.7143e-05,0.0059483,5.6993e-05,6.6733e-05,0.00024307
0.0022654,1.5898e-06,0.00025037,2.676e-05,1.6431e-06
5.3104e-07,0.0046506,0.0012643,0.0022113,7.3023e-07
1.4995e-06,2.3352e-08,4.9859e-10,1.5487e-05,0.0037898
0.0010562,0.0036175,2.4833e-07,5.9209e-07,1.3462e-08
1.4873e-05,0.0056715,0.0036009,7.1406e-06,8.3046e-06
3.776e-06,4.6197e-06,3.1895e-07,0.0075317,0.00049375
0.00010691,0.0045791,0.006644,2.3069e-06,1.6347e-05
0.0022965,1.439e-06,1.9568e-07,8.4981e-08,2.8844e-09
3.7779e-05,7.3761e-05,0.0061875,0.0032355,0.0013404
0.0022884,3.9408e-07,9.1423e-05,2.7197e-07,5.612e-09
0.0022878,8.3056e-07,9.4496e-05,1.1169e-07,3.241e-07
0.0022888,2.8693e-07,1.6397e-05,1.0477e-05,6.335e-06
0.002297,4.3031e-08,1.6414e-08,2.5255e-08,2.4619e-10
1.9672e-05,0.00233,0.0014643,0.0029229,0.00094364
3.1542e-10,1.1397e-09,2.3222e-10,1.5192e-06,0.0037984
0.0022178,0.00022805,1.0829e-06,5.0754e-08,1.3542e-06
0.00021955,0.0034741,0.0096501,2.0347e-06,1.0712e-06
0.00026904,2.317e-10,1.5112e-09,3.7121e-06,0.0033525
3.5978e-06,0.0065269,1.0101e-05,0.00010869,4.1837e-05
0.00026097,3.6666e-05,0.00017266,0.0068971,0.00030183
0.001513,0.0021659,7.4158e-06,4.3963e-05,4.7834e-05
0.0022741,3.9924e-07,4.3068e-06,1.434e-06,3.6382e-05
8.3766e-08,1.1281e-06,1.0515e-11,1.1807e-06,0.0037978
8.8423e-07,2.0912e-07,1.237e-05,9.7438e-05,0.003753
3.5974e-06,0.0066618,9.4683e-05,9.216e-09,5.1752e-08
4.3756e-09,1.6741e-11,1.0849e-11,1.6731e-05,0.0037918
0.0022715,7.4103e-05,8.1312e-08,4.0671e-08,1.5391e-08
3.4196e-06,0.0057896,0.0025366,5.5616e-06,0.00012232
0.00010021,2.7354e-05,4.958e-06,0.0081924,3.15e-05
0.0022863,1.3349e-05,5.1493e-06,2.0999e-05,1.4336e-07
0.0021218,2.4236e-07,4.1269e-08,2.6149e-05,0.00027823
0.0021169,3.3227e-05,0.00090385,3.2977e-06,0.00014049
0.0022763,1.8097e-05,0.00015321,6.4227e-07,5.1105e-07
0.0018321,0.00057918,1.0386e-05,0.0010019,3.1855e-07
8.4989e-05,4.2783e-06,2.6247e-06,0.0083526,0
0.0022969,1.0339e-12,3.8007e-11,5.393e-10,7.1608e-08
0.0022969,3.3559e-11,1.7467e-07,1.6298e-09,3.6813e-08
0.0022901,5.9537e-10,2.0254e-08,1.0041e-09,1.137e-05
0.0022853,2.6227e-08,5.1954e-09,8.1268e-08,1.9212e-05
0.0022827,2.9269e-06,0.00014352,1.2933e-07,1.2276e-07
0.0022949,5.5922e-09,6.8068e-08,4.8447e-06,1.3554e-06
0.0022531,9.7052e-07,1.6866e-06,4.2307e-07,7.1516e-05
0.00071124,1.6755e-06,3.0085e-06,0.00020971,0.0025295
0.0022708,4.9571e-05,9.7839e-08,1.5356e-05,8.4943e-06
9.8278e-06,7.7536e-09,1.2131e-05,1.0688e-05,0.0037763
0.0020099,0.00082139,1.3785e-05,1.5401e-05,1.8469e-09
0.002185,6.3946e-05,2.0923e-06,0.0003364,1.4268e-06
0.00094212,8.2636e-06,9.3571e-05,0.0044281,0.00028392
0.0021183,7.5645e-07,0.0013975,6.3973e-07,8.2864e-05
1.8549e-07,0.0012986,0.019872,9.5257e-05,6.9692e-06
0.00031595,0.0029129,0.0043418,0.0018894,0.00013891
0.0022923,5.0404e-08,4.2797e-05,1.1819e-09,1.16e-06
0.00023246,0.00077569,3.0722e-05,0.0020643,0.0020665
0.00013347,1.264e-05,4.5302e-05,4.4778e-05,0.0035447
0.00066394,0.0047417,4.3769e-05,8.7433e-07,4.3111e-06
0.00010975,0.0063762,5.3773e-06,5.7827e-08,4.8914e-11
4.9219e-05,7.8479e-05,2.5086e-07,0.004602,0.001659
4.4242e-05,1.1328e-05,0.00010122,0.0078713,0.00025908
0.0021918,2.9512e-05,3.0965e-06,8.1462e-06,0.00015314
1.6069e-07,3.7109e-09,1.6099e-11,0.00036161,0.0036405
0.0020732,1.2219e-08,3.6757e-08,1.6877e-06,0.00036933
0.00013972,5.5256e-05,0.0055461,0.00069715,0.0023905
0.0022612,1.3819e-07,1.1011e-09,3.5564e-05,4.3521e-05
1.3817e-05,0.0045406,6.4114e-05,0.0017686,0.00041692
4.7049e-06,1.3207e-10,3.0955e-09,3.4792e-06,0.0037898
0.00062188,3.1827e-06,0.00034487,0.0014933,0.0020628
1.7341e-06,0.001091,8.3939e-05,9.0908e-05,0.0031249
6.0513e-06,0.0066068,0.00027111,4.2891e-07,2.6472e-07
0.00013591,0.00049225,0.00033054,0.0047185,0.0011798
0.00033415,0.005695,1.2077e-05,1.3285e-06,1.3636e-05
1.3515e-06,0.0044135,0.00050533,0.0027392,1.7938e-05
0.0018623,0.0010183,0.00082849,3.2897e-05,1.3566e-06
6.2396e-11,6.2051e-07,1.818e-08,0.0051493,0.001545
0.0022969,8.8219e-08,4.404e-09,8.2678e-08,0
4.1715e-06,0.0066831,8.7056e-06,6.3243e-08,3.3448e-08
0.0022903,1.5803e-05,5.8933e-06,2.7057e-06,0
1.4601e-06,2.6689e-10,4.5127e-07,3.3297e-06,0.0037951
0.00023524,5.0599e-08,3.152e-05,1.8843e-06,0.0034044
0.0013146,0.0022911,0.0013004,0.00027646,7.0547e-06
0.00012849,3.3978e-08,1.9183e-06,8.7323e-06,0.0035824
2.4227e-06,2.229e-06,9.8168e-06,0.0067599,0.00083373
2.088e-07,3.7116e-06,1.3768e-05,0.0086625,3.2032e-06
7.3766e-07,0.0066402,5.1352e-06,1.415e-05,2.44e-05
0.0022965,4.7002e-11,1.2925e-06,8.825e-10,6.1918e-07
0.0022942,7.5316e-06,1.2561e-07,3.6748e-08,3.7407e-07
0.0022931,3.7427e-08,1.1782e-05,4.7656e-07,4.35e-06
5.9587e-05,9.4349e-05,0.007706,0.0055053,6.8917e-05
0.0010764,1.2424e-07,2.9265e-05,9.3443e-06,0.0020102
5.4942e-07,3.9691e-08,1.7e-05,8.0536e-07,0.0037952
0.00074781,5.7834e-06,6.9538e-05,0.0055089,0.00013731
0.0022793,2.4655e-06,7.8601e-06,1.7024e-05,1.9232e-05
1.0899e-05,2.1725e-05,3.611e-05,0.0042979,0.0018822
0.00079033,0.0043902,1.1452e-05,1.36e-10,3.5766e-10
0.0019387,4.4484e-06,5.7207e-06,0.00017566,0.00051237
3.2297e-07,0.0062645,5.7627e-05,0.00053999,1.3029e-07
1.0349e-05,0.0066299,0.00013666,8.0885e-07,2.3451e-07
1.3808e-07,2.2576e-05,3.6367e-07,0.0055045,0.0013768
2.8373e-07,4.7757e-05,0.00033476,0.0042732,0.0018505
8.311e-07,1.3712e-07,4.1639e-09,6.838e-06,0.0037946
0.00049627,0.005138,0.00039045,1.8924e-06,3.8823e-06
0.0016391,0.0019039,4.5145e-05,2.9399e-06,1.5617e-08
0.00030667,0.00029341,2.4612e-06,7.4858e-05,0.0030923
0.0022897,6.0217e-07,1.2871e-06,8.866e-06,7.6552e-06
0.0004691,0.00078122,0.016951,8.0344e-08,9.4917e-06
0.0010574,5.4985e-06,4.0875e-05,0.00043906,0.0018488
0.00083896,0.0042424,1.1551e-06,1.1287e-05,2.49e-08
0.0010866,2.5704e-06,0.0066454,0.00053975,0.00075654
3.0094e-07,0.00013878,2.725e-05,0.0080534,0.00019099
0.0022882,2.5574e-05,1.2944e-07,9.3897e-10,7.1417e-13
0.00018469,0.0058992,0.0009724,5.3947e-08,1.8278e-10
0.00015421,1.1718e-07,1.158e-08,2.8002e-05,0.0035317
2.6956e-06,0.0046207,0.00021481,9.635e-05,0.0010989
8.7836e-08,9.4202e-06,1.4137e-06,0.0037332,0.0021594
0.0022958,5.149e-07,2.8945e-06,2.8554e-07,1.0915e-06
0.0021863,2.7219e-06,4.8442e-07,4.1691e-05,0.00016325
0.0022921,9.3289e-06,7.3594e-06,3.6044e-06,1.0123e-07
0.0019042,2.558e-06,1.9469e-06,5.4795e-07,0.00064768
