1.7318e-08,6.6669e-09,9.5874e-07,6.083e-07,0.0040168
0.0019723,6.5791e-05,0.00051233,0.00015615,2.3679e-06
0.0021148,1.3109e-05,6.8029e-05,1.1171e-05,5.1277e-07
0.0002146,3.5106e-05,0.0067708,2.5996e-05,0.00055026
0.0017172,0.00015953,0.0016129,4.1321e-06,1.3155e-06
0.001227,7.5352e-07,0.00030815,6.01e-05,0.0015513
0.0020263,4.7258e-05,0.00037679,5.8617e-05,8.4153e-08
0.00010074,0.00073042,0.0078185,9.8314e-06,3.6857e-05
0.002059,1.2661e-07,6.6831e-05,0.00014174,6.8825e-05
0.0018051,0.00082711,0.00068383,7.2852e-06,8.0783e-07
0,8.2342e-05,0.00011912,0.00012259,0.0038934
7.1042e-06,6.517e-06,1.0327e-06,4.5268e-05,0.0039866
0.0010288,0.0042534,0.00076749,0.000416,8.5313e-08
6.9765e-05,0.0045944,0.0032944,0.0012903,0.00025845
0.00043617,0.00038621,1.1121e-06,0.0012621,0.0026441
0.0020968,3.2989e-05,1.3192e-05,0.00010118,2.2516e-05
0.001993,2.4051e-05,7.1212e-07,5.8552e-06,0.00025752
0.00014484,1.2328e-06,6.0782e-06,4.8022e-05,0.0037263
9.3951e-05,2.5843e-07,1.78e-05,0.0066261,0.0016968
0.0021328,4.3519e-08,4.4069e-07,1.5966e-05,3.0458e-07
0.0017125,0.00014269,0.00028834,0.0017173,5.9506e-05
0,2.3272e-06,2.3363e-05,4.4161e-06,0.0040047
1.6608e-05,0.0098796,0.00047317,0.00015389,3.7401e-08
0.00036903,2.8068e-07,0.0013908,0.00010167,0.0026656
2.5878e-05,0.00017179,4.7233e-05,0.011016,0.00033179
0.0013884,2.7216e-05,0.0030369,9.5303e-05,6.2925e-07
0.00024634,7.365e-06,7.8365e-06,5.7944e-05,0.0035291
0.0005179,0.00044326,0.0063718,3.6755e-05,1.7078e-06
0.0021152,1.3961e-07,2.1017e-06,5.6571e-07,3.7695e-05
0.0012122,3.1653e-06,0.00055975,3.2696e-05,0.0014742
5.9741e-06,8.2432e-09,2.5084e-07,6.0228e-07,0.0040059
0.0020181,5.9733e-05,0.00016651,0.00038026,1.5679e-06
0.0015735,1.095e-05,0.00012299,7.5352e-06,0.00099601
0.0019353,2.2163e-06,6.5527e-05,5.6753e-05,0.00032873
0.00021585,0.0076988,0.00056149,0.0011129,9.8489e-05
0.0001791,1.815e-05,1.8204e-07,1.3629e-05,0.0036693
1.2771e-07,4.7026e-11,6.4919e-10,4.6671e-06,0.0040157
0.0020618,0.00025625,9.39e-05,1.7349e-06,1.7188e-08
0.00071634,0.0051518,0.0015375,9.8956e-05,5.4641e-06
0.00066959,0.00010822,0.0047575,3.6123e-05,0.00056814
0,0.0092308,0.00037093,0.0010147,4.4291e-05
0.0020549,0.0003117,4.5603e-05,9.6916e-06,1.1182e-05
0,0.00098632,0.00052117,0.0058561,0.0015239
0.0021309,9.8602e-09,4.8644e-07,5.4941e-07,9.013e-06
2.6116e-06,0.00022874,0.0025242,0.0085185,4.6412e-05
0.00092068,3.009e-06,9.4269e-05,0.00016032,0.0021905
0.0014876,0.000211,0.00017497,0.0018571,0.00046252
0.002081,9.6839e-07,0.00021172,2.1656e-06,7.0576e-06
0.0021212,1.0009e-08,5.3596e-08,5.9251e-08,2.7523e-05
0.00075231,7.3829e-06,3.2078e-06,3.0238e-05,0.0025884
0.0011884,6.6667e-05,5.6232e-05,0.0021511,0.0010384
0.0021001,1.5714e-08,1.0941e-06,1.2395e-07,6.6665e-05
0.0020931,1.0489e-05,8.0367e-05,5.3825e-06,3.8671e-05
0.0020784,0.00019807,7.2046e-05,3.3343e-06,6.0015e-08
0.00019866,0.0018082,0.002835,0.0051456,2.9856e-05
1.1305e-06,0.0046755,0.0038857,0.0015714,6.8309e-07
1.1409e-07,5.6356e-07,2.0865e-07,5.239e-05,0.0040001
0.0020533,0.00039267,1.1649e-05,6.2487e-06,0
0.0020309,3.7123e-07,5.6721e-06,5.3325e-07,0.00019454
3.6412e-06,1.0533e-06,2.9428e-07,4.3218e-06,0.0040087
0.0021296,1.2955e-08,7.6855e-06,1.4003e-06,7.9183e-06
0.0017635,2.9335e-05,0.00025422,3.2199e-05,0.00056471
2.9362e-05,0.0068061,0.0030187,7.4589e-05,1.6502e-05
0.0021303,2.3636e-05,2.1565e-06,1.6793e-06,2.4802e-08
0.0012368,0.0020327,0.0002476,0.0014779,0.00033724
0.00089797,0.0004597,0.0046145,0.00024041,4.4565e-06
0.0018629,3.0294e-07,2.0835e-08,8.0291e-05,0.00048742
0.00056898,0.0029438,0.0011678,0.0011998,0.00092619
0.0021272,3.2474e-05,5.799e-06,4.0115e-06,1.9197e-07
0.0020974,9.6613e-05,6.6524e-06,1.011e-05,2.9719e-05
0.0018427,0.00033011,0.00094837,2.4254e-07,7.9583e-07
4.8081e-05,6.9115e-07,2.209e-05,0.0045335,0.0024555
4.4332e-08,0.00031174,1.2642e-06,0.011713,0.00012379
0.0016408,0.001008,0.0011557,8.8648e-05,3.4519e-06
1.0295e-05,0.00026132,0.0086553,3.3963e-05,5.3184e-08
0.00087219,0.001704,0.0037603,0.00013614,1.3152e-06
0.00029418,0.0090926,5.604e-05,3.3605e-05,7.3533e-07
0.00065598,0.00012727,0.0017823,4.5264e-05,0.0019203
0.0020663,6.1846e-07,2.4583e-05,0.00036895,6.012e-07
0.0021346,3.7521e-08,4.1917e-06,3.93e-07,3.25e-07
0.00023557,0.0055287,0.0032522,4.9941e-05,1.3153e-05
0.00039554,0.004084,0.0017344,8.1544e-05,0.00092854
0.0017593,0.00015329,0.0014451,2.3567e-06,5.8813e-07
0.0018417,0.0009806,0.00026824,4.5397e-05,4.8438e-05
0.00010246,4.1072e-05,0.0001735,5.5676e-05,0.0037134
0.00040625,5.7313e-08,9.9081e-05,7.6498e-06,0.0032063
0.0021337,7.164e-08,8.0229e-06,6.1687e-07,1.7552e-07
0.0020646,0.00012794,0.00018482,7.0842e-06,4.9634e-07
0.0020473,0.00027925,0.00013113,1.6322e-06,1.7827e-06
0.0021262,4.2767e-06,5.6137e-06,3.5128e-06,1.296e-05
0.0021322,2.9393e-07,6.6152e-08,4.1617e-06,5.3635e-06
0.0021262,4.5438e-07,1.0224e-07,5.3372e-05,6.451e-07
0.00020293,0.00067339,0.00072086,0.0094424,1.4398e-05
0.00038154,5.4272e-06,2.5111e-06,8.1433e-06,0.003294
1.1938e-06,5.6565e-05,2.2758e-06,0.0017134,0.0034406
1.0879e-05,2.1019e-05,4.1627e-05,0.011864,0.00014624
0.0020509,0.00037205,2.0778e-05,2.9143e-05,8.9985e-07
0.00049733,1.3231e-06,0.00061056,0.0024118,0.0020298
0.00064577,8.9575e-06,0.0053167,0.00011111,0.00037494
7.7503e-05,0.0046382,0.0035736,0.0011636,0.00014278
0.0014384,2.4513e-05,0.00047791,4.675e-05,0.0010729
0.0020827,7.9191e-06,1.5859e-06,0.00013081,5.4049e-05
4.0442e-05,1.2857e-06,1.6868e-06,5.4136e-07,0.00394
0.00213,1.0441e-05,1.5625e-05,5.7884e-08,3.6874e-11
0.001993,4.6177e-05,0.00055592,3.6022e-06,3.0091e-07
0.00054891,0.00018987,0.0022187,0.0014229,0.001458
0.00010285,0.00215,0.00015796,0.0091184,3.3691e-06
0.00010717,0.00017534,0.00016302,0.0046856,0.0021662
1.9024e-07,1.4837e-07,7.9741e-08,5.6276e-06,0.0040152
0.0018626,1.1672e-05,0.00069683,0.00056518,1.435e-05
0.0013508,0,0.003161,0.00015926,5.1968e-06
2.5126e-05,0.00049482,0.0011295,0.00038,0.0031537
0.0017776,0.00017208,0.0013403,1.9418e-07,6.7902e-06
0.00077656,0.00096655,0.0048449,4.8897e-05,1.1197e-08
0.00018029,2.8699e-06,8.7495e-06,7.9495e-06,0.0036708
7.1945e-06,0.00012818,0.00011616,0.0020321,0.0032484
0.00024497,0.0093676,3.2562e-05,2.8296e-05,1.9293e-06
0.0021357,8.7923e-08,3.0802e-07,2.6018e-07,1.2268e-07
0.00010318,6.5353e-06,4.4306e-06,0.00041644,0.0036847
0.0021336,3.2014e-06,4.8205e-06,2.6202e-06,5.2523e-08
0.0015392,4.5647e-06,0.00052434,9.376e-05,0.00085471
4.6105e-08,2.4639e-05,0.0087161,0.00028554,1.5495e-07
0.0021003,5.9192e-06,9.368e-05,3.1515e-06,2.1461e-05
0.00019855,6.2833e-05,1.0911e-06,5.6239e-05,0.0036017
0.00020731,0.0095218,1.575e-05,9.6128e-05,3.1782e-07
0.0019059,8.798e-05,0.00086163,2.6711e-05,3.591e-06
0.0019335,1.4171e-05,0.00017831,0.00019461,0.0002324
0.0007687,0.0027889,0.00014981,4.289e-07,0.0014529
0.00038544,4.6789e-05,2.5101e-05,0.0039512,0.0019899
0.00029045,1.5911e-08,1.0274e-09,7.9524e-07,0.0034709
0.0016447,1.3512e-06,0.00049699,0.0020549,3.7755e-05
0.0020344,5.5361e-05,0.0003774,1.4898e-06,1.8187e-08
1.4735e-05,6.5282e-07,2.671e-05,0.0088901,0.0011118
0.0021312,9.9558e-08,2.4611e-06,1.5795e-06,7.0417e-06
0.0021174,1.3659e-05,2.8861e-05,2.5383e-05,8.4725e-06
0.0020734,2.4028e-06,5.1897e-07,1.6508e-06,0.00011581
0.0013006,0.00011677,0.00013718,0.00011594,0.001428
0.0016795,7.9043e-08,3.8624e-08,4.5902e-06,0.00085695
0.0020145,1.0338e-05,0.00019735,0.00013774,9.135e-05
0.0013773,2.3343e-05,1.2065e-06,8.3663e-07,0.0014172
0.0021348,1.1039e-06,4.2073e-07,3.6241e-06,1.8227e-07
2.5991e-07,3.5e-06,2.4508e-06,3.4888e-05,0.0040033
1.611e-05,2.1511e-06,0.00081042,0.00076009,0.0033772
0.0016501,0.0018707,0.00025811,0.00028617,2.9397e-07
5.9857e-06,8.4765e-07,0.0089162,1.6181e-07,3.969e-08
0.0018067,5.4399e-06,0.0012789,0.00010893,7.4323e-06
1.0232e-05,0.0076509,0.0001305,8.1169e-05,0.0010295
0,2.4088e-05,0.0067263,0.00043234,0.0008471
0.0021174,1.9463e-07,2.2926e-06,7.8879e-05,8.2341e-06
4.827e-06,2.2296e-11,4.701e-09,6.5764e-06,0.0040063
8.4007e-06,1.3937e-05,0.002828,0.00048811,0.0025685
0.000949,0.00045923,0.0045531,3.3956e-05,2.7841e-06
0.00028184,1.0776e-08,3.627e-06,4.9762e-05,0.0034697
0.0021272,6.8537e-07,1.6847e-05,3.6645e-07,8.3103e-06
0.0020295,1.6799e-06,1.2578e-05,0.00060008,4.2304e-07
0.0015299,0.0001831,0.0001031,1.2113e-05,0.0010205
8.4708e-06,9.6649e-06,1.712e-05,0.0017537,0.0034249
0.000728,4.4543e-06,6.6051e-06,0.00010535,0.0026095
0.0020104,0.0004526,0.00014394,2.0248e-06,4.1672e-08
0.00047491,3.6168e-06,2.5457e-05,0.00041656,0.0029771
6.557e-05,4.5971e-05,0.0077406,0.0011687,2.2442e-05
0.0020432,1.2349e-06,4.0595e-05,5.951e-05,0.00013645
0.0011142,1.2773e-08,0.004277,1.0718e-08,6.0079e-08
0.0015057,4.5764e-06,8.9501e-07,0.00019834,0.0011193
0.00091813,6.2197e-08,5.6357e-06,8.525e-06,0.0022852
0.0011245,0.0013508,0.0030065,5.4147e-05,2.4959e-05
0.00098454,0.0033012,0.0010967,0.00085662,0.00015243
0.0013938,5.7112e-05,0.0030544,2.4103e-06,1.186e-06
0.0020847,6.0444e-05,2.3913e-06,0.00022435,7.1217e-08
0.00056306,0.0065283,0.00044866,4.1732e-05,0.00028259
0.00030288,0.00018545,5.1394e-06,9.1361e-05,0.0033461
2.6944e-06,1.8913e-06,2.4687e-06,0.00016612,0.003957
1.1641e-06,1.4003e-07,4.1149e-05,0.0017119,0.0034449
0.0019401,0.0008917,6.1332e-05,1.3734e-05,2.9774e-08
0.0021337,1.0716e-06,6.0385e-06,2.1182e-06,2.8401e-07
0.00094713,0.0033105,0.00010494,0.0017585,0.00037408
0.0015546,0.001683,0.0010199,1.0596e-06,3.792e-07
1.5191e-05,3.1225e-07,1.6989e-08,2.8507e-08,0.0039888
0.00057906,0.00013023,0.00014007,0.0056473,0.00099592
8.2314e-05,0.0050176,0.0032025,0.00028032,0.00044214
0.00038845,0.00013953,0.0053119,0.00043619,0.00070714
0.0019353,2.2163e-06,6.5527e-05,5.6753e-05,0.00032873
7.1445e-07,7.1531e-06,8.6932e-05,0.012312,5.813e-06
2.7663e-09,1.3087e-09,1.583e-08,1.2144e-06,0.0040171
0.0021292,3.3692e-06,1.9319e-07,3.7768e-06,1.0007e-05
0.002084,3.1116e-09,4.0477e-08,2.0938e-05,9.0832e-05
2.0301e-05,0.0010033,6.4875e-05,0.0073122,0.0012149
4.8631e-07,0.0001602,0.0060518,0.0011284,0.00087353
0.0014139,3.5542e-05,0.0006437,0.0011455,0.00068616
0.0019179,0.0010575,9.1797e-06,1.6395e-05,2.0284e-06
0.00055411,0.0051723,0.0022449,1.9707e-05,1.0636e-05
0.00086115,0.0057733,0.00038608,0.0001374,3.7543e-06
0.0021335,3.9945e-07,1.4344e-08,5.8306e-06,2.3421e-06
0.0002951,5.2468e-07,1.9643e-08,5.6293e-06,0.0034604
0.0021265,2.0894e-07,1.5479e-05,2.5191e-07,1.0522e-05
0.0012364,0.0004018,0.0030905,0.0004656,1.882e-06
0.00021262,3.9591e-05,0.0040902,0.0053893,2.7802e-05
0.0012848,8.8692e-05,7.2955e-06,0.00010662,0.0015297
0.001727,0.00023692,0.0013892,7.3538e-05,3.1849e-05
0.0021291,3.0446e-05,7.6504e-07,2.4683e-06,4.0815e-08
0.0008005,0.0056005,0.00059785,0.00040104,2.8421e-06
5.1177e-05,0.00079923,0.00013937,0.010942,3.035e-05
0.00057647,1.2823e-05,1.8653e-06,8.9947e-05,0.0028985
0.0015398,0.00031141,0.0022141,2.715e-05,3.5548e-07
0.0021329,2.1652e-08,6.2235e-07,2.3538e-06,4.493e-06
0.0021315,2.0759e-07,8.3591e-06,1.9285e-06,3.6801e-06
0.0020093,5.1708e-06,0.00043291,9.7611e-05,1.011e-05
0.0020921,5.6782e-09,2.002e-06,3.1786e-05,7.1189e-05
2.8633e-06,9.1705e-07,1.2161e-07,1.6976e-05,0.0040062
0.0021097,0.00011987,7.3087e-06,2.4075e-06,1.4991e-10
0.002115,4.9825e-06,1.3373e-07,4.3146e-06,3.5949e-05
1.2758e-05,2.4551e-09,1.0222e-07,8.3024e-05,0.0039667
0.0020519,3.928e-05,2.624e-06,1.3122e-06,0.0001415
0.00087342,0.00087164,6.0952e-05,0.0059509,0.00010043
1.0637e-05,0.00027729,0.0080467,9.3373e-05,0.00024766
0.0020678,7.8308e-06,7.8617e-07,4.6763e-07,0.00012456
3.196e-05,0.0089763,0.00056951,0.00031302,0.00021708
0.0021211,2.5258e-08,4.6707e-08,9.6086e-07,2.733e-05
0.0019448,0.00028868,0.00045552,0.00012513,5.5331e-06
5.3222e-06,0.0066328,7.937e-05,0.0035748,0.00031933
0.0021167,1.0306e-08,2.1267e-05,9.5771e-08,2.6349e-05
0.0013994,0.001365,0.0018892,3.0562e-05,1.2099e-05
4.1011e-05,0.00031362,0.00023562,0.0012098,0.0033263
0.0019751,8.7667e-05,8.9181e-05,0.00012833,0.00018782
0.00030171,0.00017001,2.0478e-06,0.00031769,0.0032826
0.00038211,3.4748e-08,5.3521e-09,5.6974e-10,0.0032987
0.0021208,3.3059e-06,1.46e-06,5.9351e-05,7.3691e-06
4.7493e-05,2.7793e-05,1.9143e-06,0.0013656,0.0034766
0.0021291,1.5677e-06,1.4489e-05,1.0758e-05,2.1488e-06
0.00062707,7.1965e-07,1.8505e-05,0.0034767,0.0017087
0.00079235,0.0040663,2.4363e-05,0.0028484,6.5218e-05
0.0018497,4.455e-05,3.7087e-05,0.00035834,0.00038933
0.0021345,1.0294e-06,4.0644e-06,7.2135e-07,1.1378e-07
0.001878,0.00024849,0.00086572,4.129e-06,1.0418e-06
0.0011878,0.0035289,0.00090895,9.236e-05,1.495e-05
3.4187e-05,0.00020715,3.3187e-06,0.010482,0.00049486
0.002121,1.6272e-05,1.1674e-05,5.082e-05,1.4506e-07
0.00069171,0.0017523,0.0045689,9.8448e-06,8.0679e-10
0.0021246,2.7422e-06,1.3108e-05,4.3892e-05,1.0873e-07
6.663e-08,1.124e-06,0.0064071,0.0035152,5.2776e-06
0.00062367,5.8597e-09,4.0226e-07,3.455e-07,0.0028441
0.0020911,6.2555e-05,3.0703e-05,0.00011497,9.7538e-06
0.0017411,0.00082543,0.00094746,1.6924e-05,2.7411e-07
0.0019407,1.9696e-06,0.00061169,0.00027254,3.6025e-06
0.00034455,2.6005e-07,9.8849e-07,3.8716e-06,0.0033676
0.0021352,2.7929e-06,7.6019e-08,1.4919e-07,1.0169e-07
1.3004e-06,0.0067449,0.0018866,0.001922,5.4959e-06
0.00014833,3.9847e-08,5.2579e-06,1.148e-06,0.0037357
3.5955e-05,2.1912e-09,1.8686e-08,1.0562e-06,0.0039495
0.00098141,4.9444e-09,6.9665e-06,1.3169e-05,0.0021641
6.5327e-08,4.2659e-06,0.00027164,9.0278e-05,0.0038646
0.0020924,1.677e-06,2.1315e-06,1.0365e-05,7.6783e-05
0.00080594,1.2532e-07,4.5801e-06,1.8981e-07,0.0024993
0.0020665,0.00030535,1.0302e-05,4.8519e-06,9.1913e-06
0.0020096,0.00028927,0.00012287,0.0001767,1.6325e-05
0.001959,4.8517e-05,1.2258e-06,1.3665e-05,0.00030942
0.001553,0.0016703,0.00019655,0.00017601,0.00032163
0.0020292,7.7066e-08,4.751e-05,1.3207e-05,0.00017498
1.173e-05,0.010365,2.7219e-05,0.00015943,2.4947e-05
0.00036192,1.8788e-07,2.3086e-05,6.928e-05,0.0033039
0.0021163,6.611e-05,1.3416e-05,3.9474e-06,4.5382e-06
0.00020293,0.00056959,0.0035795,0.00088629,0.0015272
0.00045874,0.0044716,0.0015071,0.0008716,0.00051103
2.7563e-05,8.9447e-09,6.808e-08,7.3924e-07,0.0039653
0.00058316,1.7957e-06,1.5846e-08,4.0017e-05,0.002907
0.0012164,0.0042211,0.0001112,0.00025267,6.8924e-06
0,0.0029593,0.00064434,0.0046821,0.0011033
0.0017254,7.5378e-07,8.1949e-07,0.00011306,0.00073504
0.00013836,4.0331e-05,0.008329,1.497e-07,0
0.0021332,6.4136e-10,7.202e-08,4.8056e-07,4.8483e-06
0.0021286,8.1929e-07,1.0335e-06,3.4332e-05,1.7471e-06
0.0018077,5.7025e-05,0.0013107,1.85e-05,9.1501e-07
0.0019275,0.00062198,0.00031817,3.6781e-05,2.737e-06
0.0021269,9.3674e-06,9.3348e-07,3.853e-05,5.4794e-07
0.0021128,9.1955e-05,1.6758e-05,3.3663e-06,6.5038e-08
7.1252e-08,7.4261e-05,1.6659e-06,0.00017232,0.003933
0,2.6256e-05,0.0088728,5.5389e-05,3.4136e-06
0.0021343,6.5514e-08,2.5364e-09,4.6408e-08,2.8663e-06
4.7609e-05,2.4114e-06,6.3557e-07,0.0022686,0.0031955
1.2923e-05,0.010163,0.00028481,0.00010622,2.1746e-07
0.0005868,0.00026262,7.7324e-05,0.0032755,0.0017241
0.0020221,6.0082e-06,1.8926e-06,0.00040358,8.0707e-05
0.00019004,3.6745e-06,1.955e-06,0.011316,1.0058e-05
0.0010755,2.9237e-05,0.00082137,0.00046968,0.001463
0.0020472,5.0648e-05,9.8715e-05,6.8001e-06,0.00010115
7.6202e-07,4.7462e-05,2.3404e-05,0.011654,0.00023098
0.0010838,0.005241,4.2998e-06,4.0554e-06,1.7853e-09
0.0021316,2.1185e-05,7.6155e-08,2.6351e-09,3.7562e-10
0.0021277,7.3689e-06,7.866e-06,2.6188e-05,5.4072e-07
0.0011165,7.7702e-06,0.0024611,0.00031607,0.00070678
0.0021347,8.6638e-08,1.1095e-06,5.5745e-07,1.4571e-06
0,0.010339,0.00026448,4.8957e-06,2.4247e-08
1.482e-07,3.5605e-08,9.1071e-10,9.2761e-07,0.0040169
2.6051e-05,9.7452e-06,2.3439e-05,0.012138,4.1742e-05
0,0.00010535,4.9834e-06,0.012095,7.6716e-05
1.248e-06,3.3145e-08,3.9992e-06,8.7394e-07,0.004013
0.00027005,8.2255e-07,2.6217e-06,5.7205e-07,0.0035078
0.0014083,0.0028259,0.00034243,0.00046168,6.877e-07
0.0020639,2.0664e-05,0.0002826,1.0203e-06,2.0496e-07
0.00012791,1.3557e-08,2.8893e-09,1.6012e-07,0.0037768
0.0021356,7.7736e-08,6.5398e-07,7.9819e-10,1.9598e-07
0.0019579,2.78e-09,5.1689e-06,1.441e-06,0.0003319
0.00011595,0.0095894,9.793e-05,0.00019279,7.8597e-05
0.00028187,4.5962e-05,0.00041374,0.0063283,0.0012442
0.0003382,0.0010098,0.0024655,0.0047255,0.00036979
0.0017037,9.0032e-05,0.0010196,4.4442e-07,0.00032064
0.0020761,2.2412e-05,2.6356e-05,3.7e-06,9.095e-05
0.0017311,0.0005434,0.0012245,1.231e-05,2.4106e-06
0.0021229,1.0271e-05,3.838e-05,8.3989e-06,4.746e-07
0.0011034,0.0039414,0.00098224,3.4254e-05,4.076e-06
0.00039236,0.0078502,3.3846e-05,1.3101e-05,0.00030097
1.3911e-05,0.00080783,0.0081977,1.1636e-05,4.7243e-08
1.7835e-05,0.00032785,0.0085868,7.8861e-06,7.3632e-10
0.0021338,1.3795e-07,1.5916e-06,4.6275e-07,3.0158e-06
0.00012495,0.0034379,0.0053641,0.00022914,2.761e-06
0,0.00059319,0.0053716,0.0042506,1.0429e-05
8.2385e-05,0.0075843,0.002215,1.0799e-05,5.0504e-06
0.001638,0.00096311,0.0010672,0.00028749,1.2877e-06
0.001307,8.2883e-05,0.00097273,0.00037234,0.00097078
0.0021133,5.7024e-09,5.2775e-07,0.00012062,3.3007e-06
0.00047303,0.0026284,0.0036476,0.0015396,1.9594e-06
0.0021231,1.1713e-05,2.9454e-05,1.6559e-05,1.0476e-06
0.0021234,1.4982e-06,4.9953e-05,7.0404e-07,2.7612e-07
0.00019638,0.0028746,4.7689e-05,0.0052135,0.00086258
0.0016881,2.8717e-06,1.3986e-06,0.0002221,0.000769
0.001839,0.00094045,0.00021677,0.00032745,9.7032e-07
4.7931e-06,0.0013532,0.0077856,1.1991e-06,1.4827e-07
0,2.4579e-09,5.7957e-09,1.6477e-06,0.0040169
0.00044972,0.00046472,0.0020364,0.0002599,0.0019977
0.0021246,9.4276e-06,3.4958e-05,2.955e-06,9.3652e-07
0.00062857,0,0.0011456,0.0071385,1.9439e-05
0.0021195,3.0332e-05,1.7914e-05,2.9137e-05,1.9515e-06
8.605e-05,1.7729e-08,4.0546e-07,5.4757e-06,0.0038537
0.0019278,8.1428e-10,4.2374e-09,1.3741e-10,0.00039133
0.0012239,4.9354e-06,1.0839e-05,0.0052697,9.9708e-06
0.0019948,4.4641e-05,0.00049025,2.9093e-06,2.7347e-05
0.00053082,3.8433e-05,4.1759e-05,0.008197,0.00034352
2.6285e-06,9.0741e-05,6.1786e-06,0.0018847,0.003368
8.2398e-07,3.5382e-09,7.5807e-06,0.00020167,0.0039475
0.0018898,0.00035774,9.3113e-06,1.0897e-06,0.00032352
0.00042278,2.8564e-07,0.00025111,0.00015628,0.0030589
3.3923e-06,2.6671e-05,9.5586e-05,0.00062909,0.0037553
1.2532e-06,0.0016012,0.0039928,0.0049099,3.5028e-05
5.654e-05,2.1249e-05,6.4713e-05,3.3739e-06,0.0038729
0.0019682,7.4136e-06,0.00069426,1.5772e-06,1.1601e-07
0.0020168,0.00039419,1.3373e-05,0.00020709,2.586e-06
0.0021306,1.6477e-06,7.9521e-06,9.1352e-07,5.3157e-06
0.0021349,7.773e-07,2.249e-06,9.214e-07,1.1593e-07
0.0019815,0.00028666,0.00040571,6.8737e-08,1.8043e-09
0.00054769,0.0058664,0.0005457,0.00094672,0.00022569
0.0020974,6.8411e-05,1.6676e-05,3.9502e-05,2.6295e-05
0.0021146,4.4397e-07,1.9621e-06,1.6153e-05,3.3672e-05
1.5456e-05,0.00060916,0.008362,6.0203e-06,4.4927e-09
9.5944e-09,8.7915e-08,4.7024e-09,1.6318e-06,0.0040169
0.00029852,7.0833e-07,8.2668e-05,2.174e-05,0.0034115
3.0741e-05,0,0.0079244,0.00086429,0.00012081
6.8996e-06,5.3269e-10,5.943e-06,0.00021811,0.0039315
0.00032295,2.9873e-07,0.00047342,0.0094148,0.00016243
0.0020883,2.2278e-05,3.3681e-05,2.2197e-06,6.5134e-05
0.00017739,0.0016806,0.0065963,0.00024204,8.7563e-06
0.0014532,0.00087115,0.00083178,0.0015716,7.5383e-05
0,1.6777e-05,0.00011821,0.00034662,0.0038463
0.0021179,8.5712e-05,3.2787e-06,1.1073e-08,2.6389e-08
7.7724e-05,7.4899e-05,0.0085343,2.7353e-05,1.1129e-08
1.5424e-05,0.00041233,0.0051574,0.00027057,0.0014287
2.828e-06,6.2722e-11,2.9689e-06,2.0352e-07,0.0040107
0.0021301,2.0096e-06,1.3298e-05,4.8066e-06,2.4551e-06
0.00059806,3.8015e-08,5.7961e-07,9.6131e-07,0.0028919
3.6541e-06,2.833e-05,6.0285e-05,0.00052266,0.0038044
0.00067595,9.4069e-06,1.097e-05,3.288e-06,0.0027365
0,0.0014413,0.0057647,6.6826e-06,0.00088211
0.0021246,2.1025e-05,2.8464e-05,1.0589e-06,1.2275e-07
0.000222,0.00053162,0.0045018,0.00085922,0.0011
0.0016808,5.5582e-05,0.0013281,0.00054862,6.146e-05
0.0021318,2.2606e-08,2.6015e-06,1.4803e-05,1.718e-06
0,0.00085782,3.1565e-05,0.011248,5.4325e-05
0.0020734,3.7835e-06,0.00015849,0.00013908,4.3859e-08
1.0028e-05,8.8794e-06,0.00084266,0.010729,0.00015826
0.0011144,4.7115e-05,0.0033657,0.0012065,2.6267e-06
2.6364e-06,4.5138e-07,4.817e-07,0.00174,0.0034512
0.0016806,1.3836e-05,2.4182e-06,4.148e-08,0.00085005
0.0020971,7.0428e-07,1.4236e-05,2.2429e-07,6.6115e-05
0.0018966,1.3918e-05,0.00089215,0.00013339,9.9044e-07
0.0021253,7.3517e-07,1.205e-06,3.1396e-05,8.9653e-06
0.002015,9.0318e-08,1.7125e-05,1.0337e-05,0.00021626
2.2442e-05,7.2186e-07,1.3672e-06,8.4247e-05,0.0039472
5.7173e-08,3.0991e-09,8.2313e-09,8.756e-06,0.0040145
0.00051712,0.0029019,0.0023139,0.0023185,0.00016402
0.00033081,0.0060524,3.6315e-07,0.0028572,0.00019268
3.103e-06,1.9939e-06,0.00041556,0.00015967,0.0037727
0.00080733,0.00017038,6.8857e-05,8.2372e-06,0.0024011
0.0019727,0.0005208,0.00020145,1.2692e-06,1.9633e-05
5.1377e-05,0.010333,5.063e-05,9.4142e-06,1.3232e-08
2.1453e-07,9.9433e-08,3.8008e-07,8.8228e-05,0.0039884
1.2897e-06,0.00023599,2.6507e-06,1.1021e-05,0.0039213
1.1931e-05,3.7256e-06,2.8438e-05,1.6916e-05,0.0039754
0.0019412,0.00011962,0.00070713,8.8577e-06,4.0625e-07
0.00095243,0.0049394,5.2747e-05,0,0.00034042
8.7053e-07,8.9345e-09,2.4622e-07,4.9232e-05,0.0039998
0.0020474,4.3497e-05,0.0002616,8.7026e-05,4.49e-06
0.002098,2.2487e-09,7.5789e-08,1.1606e-06,7.0842e-05
8.8866e-05,0.00016072,0.00087575,7.4511e-05,0.0033723
0.0021034,2.5844e-06,4.005e-07,4.9491e-06,5.8286e-05
3.551e-06,8.7314e-06,0.00025522,5.3054e-05,0.0038757
4.6476e-05,0.0059739,0.0037098,3.5594e-05,4.457e-08
1.6628e-05,6.7932e-07,0.00014225,2.8557e-05,0.0039128
3.3817e-08,2.3257e-06,2.5473e-06,0.0088681,0.0011568
6.9266e-07,2.15e-10,2.3575e-08,0.00085883,0.0037393
7.2468e-07,0.00069117,0.0042538,0.0047237,0.00032183
0.00013104,0.0057207,0.003593,1.7468e-08,4.1641e-07
0.001177,0.00059996,2.8602e-05,1.49e-06,0.0015641
0.0020004,4.6121e-06,3.6593e-08,2.2287e-06,0.00025233
0.00033795,3.16e-06,2.8684e-06,5.6947e-06,0.0033775
0.0021316,3.1638e-06,6.7324e-07,7.7075e-07,6.2649e-06
5.7254e-05,1.3179e-05,2.9217e-07,0.011026,0.00035044
0.0020855,1.5381e-06,1.541e-05,7.7246e-05,6.238e-05
3.3855e-07,0.001726,0.00048523,0.0094839,9.118e-05
0.0015529,0.00042501,0.0019979,6.2289e-05,1.8725e-05
2.2962e-07,0.00018855,0.0087406,5.3111e-05,1.9116e-06
0,2.9259e-06,0.0046834,0.00014126,0.0018667
0,1.1238e-08,1.4789e-08,2.1532e-06,0.0040168
0.00010158,0.00017568,0.00027312,0.00021922,0.0035668
0.00063071,0.0014282,1.7922e-05,8.4051e-05,0.0022576
0.00021451,0.0032353,7.0035e-05,7.5781e-05,0.0023386
0.0014742,7.5393e-05,5.8486e-05,0.0011604,0.00081583
0.0020036,0.00023129,0.00035852,4.8936e-07,2.587e-07
1.0089e-05,0.00087654,0.0047813,0.004151,0.00018194
0.00011788,2.6922e-07,3.7924e-09,0.0062656,0.001776
0,0.007264,0.002713,9.8703e-05,2.8679e-05
0.0021319,8.4482e-06,3.7994e-06,5.9289e-06,6.3587e-07
0.00045692,1.2183e-05,0.0013801,0.0075547,9.8158e-05
0.0013706,1.0223e-06,9.4274e-06,1.6673e-05,0.0014294
0,0.0016259,0.0062324,0.0014852,0.00012579
8.197e-05,3.7325e-07,1.1682e-06,1.5011e-06,0.0038621
0.0010231,0.0049442,0.00042283,6.31e-06,3.7338e-05
0.0014866,7.358e-05,0.0012309,0.001967,6.5024e-06
0.0021338,6.4211e-07,7.7135e-07,2.0528e-06,2.5306e-06
0.0018645,8.0591e-06,5.604e-06,1.9099e-05,0.00049864
0.0019743,0.00011882,1.6134e-05,0.00070683,2.3965e-05
0.0018148,2.3933e-06,7.5843e-06,4.1207e-05,0.00058624
6.1401e-06,4.0894e-05,2.8663e-05,6.3271e-05,0.0039572
0.0021187,3.5505e-05,1.5622e-06,8.5863e-06,1.5453e-05
0.00034707,0.0033206,6.9358e-05,2.5293e-05,0.0020736
0.0017834,6.0851e-08,1.2382e-05,0.00036144,0.00054082
0.00078577,0.0011597,0.0045089,9.6089e-05,4.561e-05
0.0010061,0.00081183,0.0036067,0.00059588,6.6194e-06
0.0021297,5.392e-08,2.2515e-05,1.5745e-07,1.4776e-06
0.0015338,1.3551e-05,3.2913e-06,0.0032069,9.2077e-05
0.001524,0.00084908,0.0014705,7.8414e-06,0.00016756
0.0004383,0.00093484,9.697e-06,0.0018522,0.0022393
0.00025878,3.4251e-05,2.5421e-06,0.00022745,0.0034433
3.0412e-05,8.6137e-09,3.5329e-05,0.00030396,0.0038464
6.6034e-05,9.8312e-06,0.0086571,2.7577e-07,4.3105e-08
0.0021253,3.4508e-05,6.5472e-06,1.0244e-05,5.7175e-07
0.0015911,5.0134e-06,0.0022752,1.4057e-07,5.7904e-07
0.002119,1.8892e-06,7.776e-06,1.9363e-06,2.6783e-05
0.00095887,7.4175e-07,5.5166e-06,3.571e-05,0.0021996
0.00088391,0.0056041,0.00053529,3.6234e-06,7.9418e-07
0.0015159,0.0014184,0.0013835,3.0525e-05,2.984e-08
0.00155,4.9285e-07,0.0010502,0.00059893,0.0004369
4.7384e-05,6.4588e-07,1.0755e-07,0,0.003928
0.0016722,8.071e-06,0.001933,1.8824e-06,4.0462e-09
1.4103e-05,0.0087004,0.0014993,0.00011724,3.0673e-08
0.001969,0.00041547,1.0744e-05,0.00028085,6.1846e-05
0.0010508,0.00013006,0.00087432,0.0044631,0.00016047
0.0021228,3.3555e-05,2.3969e-05,3.603e-06,0
0.0020326,0.0002793,0.00018704,1.3109e-05,7.6466e-07
0.0019381,0,0.00078791,5.3083e-05,9.3584e-07
0.0021256,8.3112e-07,1.5629e-08,3.1054e-07,1.881e-05
0.0021314,3.6015e-06,1.4927e-05,9.894e-07,1.4135e-08
0,0.0012192,0.0031019,0.0061502,0.00018179
1.7724e-05,7.7453e-09,6.387e-06,1.5048e-06,0.0039808
3.1037e-05,0.00027192,0.00026413,0.01099,0.00019535
6.4987e-05,4.9043e-05,0.00018302,0.011682,2.8826e-05
7.0159e-05,5.4664e-08,1.4627e-05,4.229e-05,0.0038653
0.0020783,4.8054e-07,5.0832e-06,0.00025967,2.2062e-05
0,2.3532e-05,7.5913e-05,0.00066383,0.0037605
0.0021301,7.542e-06,4.5872e-07,4.2296e-06,6.3847e-06
1.4334e-06,6.3171e-11,1.0649e-09,1.7627e-05,0.0040091
0.0021253,2.0019e-05,1.2554e-05,6.1046e-07,6.4101e-06
1.1598e-05,3.5261e-06,0.0088862,9.5275e-07,1.6721e-06
8.8352e-06,8.9539e-05,0.008457,0.0004407,2.5554e-05
0.0021261,5.7791e-06,2.6735e-05,1.2936e-05,2.8422e-08
0.002117,1.8812e-07,1.5537e-06,2.9025e-05,2.5333e-05
0,4.6139e-08,1.1496e-05,9.7421e-05,0.0039809
0.001944,1.1791e-07,1.5607e-06,4.4934e-07,0.00036004
0,0.0037014,0.0057077,0.00017294,2.2196e-06
0.002094,5.3832e-09,7.8609e-07,7.7329e-09,7.8397e-05
0.00036927,1.0886e-07,9.284e-09,1.1738e-06,0.0033225
9.1831e-05,3.0315e-07,3.4985e-07,1.3498e-05,0.0038401
0.0021301,1.0974e-05,1.4166e-05,1.7822e-07,2.8885e-07
0.0005043,2.1301e-05,0.00050424,3.9064e-05,0.0028217
0.0021097,3.4868e-08,1.2245e-05,8.4286e-06,4.1038e-05
7.4673e-05,8.304e-09,1.457e-06,0.00031572,0.0037746
1.4922e-05,1.5737e-08,2.513e-09,1.5943e-08,0.0039894
4.8318e-05,1.0937e-05,0.0068044,1.5988e-05,0.00086029
3.3598e-05,0.010354,7.0597e-05,5.1724e-05,3.1565e-06
1.4948e-07,0.00064626,0.0074069,0.0013004,2.6696e-05
3.9005e-06,0.0090813,0.0010554,0.00032776,7.2433e-06
3.1623e-05,0.010373,5.7187e-05,6.7267e-05,4.7322e-07
4.0048e-06,1.6875e-06,3.4388e-08,1.9511e-08,0.0040093
0.0020939,2.5182e-05,0.00014153,8.0062e-06,3.2583e-06
0.0017858,2.6029e-06,1.2433e-05,4.8059e-05,0.00063641
9.7059e-05,0.0002887,3.6648e-05,0.0071438,0.0014069
0.0015132,3.8302e-05,0.0025697,4.0686e-06,8.67e-07
1.8171e-05,2.0671e-05,0.0023722,0.0042496,0.0015399
0.0021186,1.4653e-06,6.4033e-05,5.2477e-06,1.524e-06
5.7456e-07,5.6597e-08,1.0499e-06,1.6697e-05,0.0040105
0.00011756,0.0083045,0.00066308,0.00028648,0.00027582
3.3146e-06,7.2216e-11,6.576e-09,4.7196e-05,0.003996
0.0014219,3.7671e-07,1.1665e-07,2.3805e-07,0.0013426
0.0018092,9.3033e-05,0.001285,7.9679e-07,1.7545e-06
0.0007407,4.1708e-05,3.5742e-06,9.7131e-05,0.0025756
0.0013841,0.002949,0.00053922,0.00018508,4.9061e-07
0.0021281,2.1129e-05,1.1512e-05,3.6753e-06,3.1086e-07
0.0013462,1.6476e-05,3.2364e-06,1.5867e-05,0.0014725
1.0975e-05,0.00023197,1.8873e-05,0.011956,4.6947e-05
0.0021358,1.4129e-11,1.8333e-09,3.3369e-10,1.8622e-08
0.00011154,0.0097032,4.9831e-05,0.0001056,9.3727e-05
1.5688e-05,0.0026697,0.00035011,0.00028727,0.0027318
0.00081999,8.4221e-06,0.0036755,1.3051e-05,0.0008164
0,8.5144e-09,0.0024794,7.7045e-06,0.002901
1.2035e-05,1.9307e-05,0.00039038,0.00030955,0.0037124
0.0020656,1.5865e-06,8.6955e-06,0.00011479,9.0623e-05
0.0021317,1.0269e-07,1.6548e-05,1.1201e-07,3.4508e-07
0.00021225,0.0095268,5.8003e-05,3.2645e-06,9.4107e-08
6.8243e-07,5.6231e-09,1.2672e-09,3.4572e-07,0.0040161
0.0020928,7.226e-06,0.00015712,1.3646e-05,3.2033e-06
0.00017008,0.00029863,0.0079779,2.1798e-06,2.6834e-08
3.17e-06,0.0083045,0.00025293,0.00025956,0.00068392
3.1785e-06,1.2676e-06,1.2422e-05,0.0027813,0.0031089
0.0020432,0.0003069,0.0001257,6.2998e-06,6.8938e-08
0.00069004,4.2928e-05,0.0044393,0.0010839,0.00035951
0.0016104,0.0002479,0.0018839,0.00015031,1.2247e-07
0.00088269,1.9978e-05,0.00016293,0.0065133,0.00017691
0,0.0049114,2.389e-05,0.0066688,5.7942e-06
0.0020076,6.402e-06,0.00052811,5.0592e-06,2.7303e-09
1.3021e-06,0.00064999,0.0023621,0.00030258,0.0026112
0.0013182,0.0023874,2.0487e-05,0.0011614,0.00025447
0.0012738,0.0012385,0.0022982,0.00037501,1.3019e-06
0.001096,4.7143e-05,6.2912e-06,5.406e-05,0.0019179
0.00078497,1.3643e-05,0.005638,6.5403e-07,2.5981e-06
0.00052242,0.0014509,0.0041835,0.0015379,0.00011263
0.001362,3.3105e-06,2.0209e-06,1.3331e-05,0.0014491
0.001646,1.1152e-05,7.4467e-06,0.00020386,0.00084806
0.00011313,2.3308e-05,0.00020927,0.011286,6.3761e-05
3.099e-05,0.010037,0.00033922,6.8473e-05,1.2116e-06
2.4163e-05,9.099e-06,0.0053015,0.00020441,0.0015209
0.0012744,5.2403e-07,1.6271e-06,0.0022859,0.00088268
0.0015007,0.00097416,0.0018204,2.9638e-05,1.481e-07
0.00030166,0.0028421,0.0052689,2.5147e-05,3.4687e-06
1.0575e-05,0.0044026,1.8652e-06,0.00068972,0.0021149
0.00037221,0.0012369,0.0062777,9.5066e-05,6.2266e-08
0.0020654,0.00030253,1.3546e-05,3.7978e-05,1.2576e-07
2.3295e-06,1.5624e-05,5.7156e-06,0.00055751,0.0038249
0.0017205,0.00090913,6.6609e-05,0.0012105,1.8554e-05
0.0018225,3.0509e-07,2.5405e-05,0.00014612,0.00053079
0.0019114,0.0010326,5.9745e-05,1.461e-05,1.4634e-06
0.0019719,1.0928e-05,3.2222e-05,1.8868e-05,0.00028368
4.2325e-05,0.0045891,0.00139,0.0043182,0.00019161
0.0020948,7.276e-06,0.00013381,1.7997e-05,8.5534e-06
0.0021313,3.3644e-06,1.1314e-05,4.4438e-06,7.6376e-07
0.00025527,0,0.0078428,3.9274e-05,1.1064e-06
8.1266e-06,0.00078868,8.5084e-05,0.0084132,0.00095473
0.0020822,9.6081e-07,6.8892e-07,2.3384e-09,0.00010029
0.0016446,0.00010959,0.0019349,1.6135e-06,1.2898e-05
0.00011768,0.00082879,0.007752,1.1326e-06,6.0035e-07
0.0018923,0.0010145,0.00016608,3.354e-06,9.3655e-09
0.0021322,1.6538e-06,3.2336e-06,3.6707e-07,4.5915e-06
1.7876e-05,0.0054478,0.0042558,4.6667e-05,3.3004e-06
2.7081e-06,5.0686e-06,0.0002829,0.00020452,0.0038174
0.0021276,1.6547e-09,9.9477e-07,4.544e-05,4.9202e-07
0.00087016,0.00010746,0.0045947,0.00080896,1.5193e-05
2.8076e-07,0.00064676,0.0017113,0.0075488,0.000571
0.0021319,6.1486e-06,9.6197e-06,1.3376e-06,4.5019e-07
0.0020545,0.00022022,5.4662e-05,7.3504e-05,2.1799e-05
0.0019291,0.0001272,0.0007588,2.2827e-07,1.7193e-08
0.0021312,6.6286e-07,5.0478e-06,8.2355e-06,3.5507e-06
7.593e-09,2.4497e-10,1.2927e-11,1.7804e-07,0.0040174
0.0014426,0.00029828,3.1835e-05,2.1426e-05,0.0011704
0.0021256,9.8087e-06,3.097e-07,4.5441e-05,8.0553e-07
0,0.00027943,0.00028044,0.00099591,0.0034651
0.0021297,6.931e-07,2.8914e-06,3.0813e-05,3.2653e-08
0.0021121,3.4558e-09,4.1761e-10,2.8551e-09,4.467e-05
1.08e-05,2.7606e-05,0.0015886,0.0036288,0.0021033
4.8879e-06,0.0006942,0.0012566,0.0037666,0.0019679
0.0020798,2.309e-05,5.4997e-06,8.3166e-05,6.7454e-05
1.2569e-09,1.0338e-05,2.2605e-06,5.8593e-05,0.0039937
4.0385e-06,4.3235e-07,5.8195e-05,0.00072163,0.003751
0.00063272,3.4238e-06,2.9228e-05,0.00010958,0.0027776
0,0.0057181,0.00096009,0.0038258,0.00019754
0.00094642,6.9701e-06,5.9157e-05,0.0067478,3.2991e-05
0.00085621,0.0062679,7.1187e-05,3.8162e-05,4.6842e-08
0.001797,4.5965e-06,0.0012719,5.5848e-07,6.3987e-05
8.1716e-08,8.7484e-08,3.3311e-10,2.0822e-07,0.0040172
0.0001014,0.0076453,0.00010312,0.0025244,8.4857e-05
1.0903e-06,1.6861e-06,0.0010065,0.0093266,0.00055623
9.4784e-08,1.1098e-07,1.8503e-06,4.9026e-06,0.0040148
0.0020391,4.6683e-05,9.2985e-05,1.8931e-06,0.00012206
0.00051088,0.0031702,4.6093e-05,0.0016855,0.0012975
0.00042804,0.0061839,0.0005768,0.0003157,0.00052049
2.5798e-06,0.0050293,0.004029,0.000951,1.985e-07
0.0021297,8.8771e-08,2.5564e-05,3.2442e-07,1.7987e-09
0.0001535,0.001862,0.0055381,0.00090001,0.00024865
1.0407e-05,1.2505e-06,4.3731e-05,0.00015793,0.0039269
0.00064253,4.746e-06,1.8323e-06,1.5499e-06,0.0028058
3.2592e-05,2.0435e-07,2.8082e-06,0.00010387,0.0039213
0.0020845,0.00010256,6.7622e-05,6.2206e-05,7.4823e-06
0,0.0003654,2.1967e-05,7.3851e-05,0.0038461
6.748e-07,4.5935e-05,0.00022012,0.00040643,0.003769
0.0010132,0.0039157,0.0013082,0.00014802,2.6553e-07
0.001771,0.00022695,3.9398e-05,0.00020793,0.00051609
7.8288e-05,1.8476e-06,6.3333e-05,2.6389e-05,0.0038326
0.0019922,0.00025672,0.00038485,1.524e-06,1.3899e-07
3.4922e-07,0.0013432,3.6286e-05,0.010839,3.3825e-07
1.491e-05,0.00026321,2.3622e-05,0.0117,0.00010829
0.0015605,0.00032266,0.0018741,0.0003304,1.2094e-05
1.6848e-07,7.3786e-05,6.4668e-06,0.0025165,0.0031753
0.00017767,0.0073237,5.9976e-05,0.0022106,0.00018316
0,0.010502,0.00011782,6.847e-06,3.6664e-06
0.0021253,8.5933e-08,4.9142e-06,3.0783e-06,1.6533e-05
0.00027664,1.7583e-07,1.1754e-07,5.2854e-06,0.0034953
1.6368e-07,7.4262e-08,1.3712e-09,2.8395e-06,0.0040162
0.0017393,0.0012006,0.00046434,0.00017014,2.9912e-05
0.0020962,1.7186e-05,3.3163e-07,0.00020779,9.733e-07
0.0014907,0.0015161,0.00017592,0.001745,5.1455e-07
3.4171e-07,4.947e-07,6.3465e-08,2.8008e-05,0.0040076
0,0.0079408,0.0021527,4.8982e-06,5.5547e-05
0.0017428,0.00014486,4.2643e-05,0.0003141,0.00056422
1.5599e-05,4.0335e-09,3.796e-10,4.1857e-08,0.0039881
1.6442e-07,4.1943e-07,9.9253e-08,7.4899e-07,0.0040167
0.0020525,5.5985e-06,4.5748e-06,0.00015875,0.00010146
0.00098476,0.0012566,0.0035687,2.3683e-05,8.0545e-05
0.0015559,0.0023435,2.2288e-05,9.9389e-06,0.00019424
0.00043871,1.7739e-05,0.00032958,0.0070538,0.00076377
0.0020398,4.6335e-08,1.0016e-07,4.4945e-06,0.00017908
0.00070291,1.1966e-06,0.00096087,0.0024117,0.0014858
0.0012075,5.9693e-07,0.00018707,2.1817e-07,0.0016619
0.00021563,0.00019495,0.0071388,0.0010238,1.1104e-06
0.0011692,0.00052153,0.00074723,7.8709e-06,0.0012835
1.5243e-05,0.0061507,0.003644,0.00010213,3.0704e-07
0.002133,4.3501e-07,7.6347e-06,1.3704e-06,1.2517e-06
0.00056487,4.0586e-05,0.00049648,0.0084204,2.3839e-06
0.0014023,8.389e-06,9.2494e-05,2.8146e-05,0.001326
4.0139e-06,0.00036404,0.0083271,0.00040286,1.7003e-06
0.000128,3.1427e-06,1.611e-05,3.1542e-05,0.0037581
0.0020666,1.7002e-05,0.00027553,1.7763e-07,0
0.001081,1.7613e-06,1.9542e-05,0.0012257,0.0015797
4.5575e-05,0.0066651,0.0009496,0.0025489,0.00017119
0.0014075,2.9152e-06,4.8009e-06,0.00323,0.00032549
1.665e-06,5.649e-06,2.2981e-06,0.0013448,0.0035777
0.0021146,4.4397e-07,1.9621e-06,1.6153e-05,3.3672e-05
0.00014402,0.00041021,0.0017197,0.0051622,0.0011553
2.6776e-09,2.4057e-11,1.1918e-12,2.2746e-08,0.0040175
0.00093474,1.2298e-05,1.8193e-06,0.0059315,0.00034184
7.9023e-06,1.3211e-05,0.00070718,0.0069021,0.0014551
0.0021327,2.5993e-07,1.1641e-05,9.0401e-08,5.6418e-07
0.00020237,1.224e-05,1.2414e-05,3.0859e-05,0.0036167
0.0017014,0.00024698,0.00024339,4.046e-05,0.00060175
0.00074715,0.00012144,1.4943e-06,0.0078802,2.5544e-05
2.1608e-06,4.5129e-08,1.8922e-08,1.2359e-07,0.0040133
7.3967e-08,1.7422e-06,9.8658e-06,0.0010122,0.003686
7.3954e-08,0.010514,4.2743e-05,7.5941e-05,1.0483e-05
0.0014574,1.251e-06,8.6229e-06,0.00053661,0.0010989
0.0020539,2.8864e-06,0.00021921,8.1449e-05,2.8328e-05
0.001887,0.00015254,0.00010566,7.615e-06,0.00036058
0.0020911,0.00012693,4.7064e-05,1.9131e-05,8.9628e-06
0.0021311,3.595e-07,2.066e-06,4.8791e-06,6.2937e-06
0.0020211,5.7723e-05,0.00040556,5.5315e-06,1.0044e-05
0,0.0014723,0.00040079,0.00028106,0.0031918
0.0020833,0.00011815,1.4138e-05,9.6746e-06,4.4778e-05
0.00017712,0.00089266,0.0055568,0.0018477,0.00025574
1.8296e-06,9.299e-10,1.1563e-08,3.2576e-08,0.004014
0.00050243,6.5138e-06,2.6426e-06,0.00017296,0.003013
2.9509e-05,0.00028659,0.0085372,2.4595e-05,1.0478e-05
0.0021323,3.3067e-07,4.1573e-08,3.8831e-08,6.5209e-06
0.0020934,5.4292e-06,1.0516e-06,3.5394e-08,7.7403e-05
0.0021037,7.1385e-06,3.3294e-05,0.00012515,2.4967e-06
0,6.3505e-05,0.0085682,8.8487e-05,0.00011556
0.0021346,2.0457e-09,3.3984e-08,6.3368e-09,2.4058e-06
0.0021191,1.5964e-07,1.38e-06,1.4816e-08,3.0754e-05
0.001318,8.87e-05,0.0032542,0.00012216,3.4873e-06
0.0021331,8.6258e-06,4.4398e-06,6.2728e-08,4.8177e-09
0.002132,3.2974e-06,5.2338e-06,5.8443e-06,1.6815e-06
0.0019592,5.0356e-06,0.00018462,5.0466e-07,0.00024726
0.00075446,0.0055566,0.00033148,0.0009459,5.003e-05
0.0015744,0.00036753,0.00028292,0.0024403,3.8548e-06
0.00080491,3.5741e-07,5.7124e-05,1.8113e-05,0.0024718
0.0019989,0.00056568,9.7772e-05,4.324e-07,2.9306e-07
2.8328e-05,6.1147e-06,0.00032444,5.3345e-05,0.0037989
4.0626e-05,0.0015574,0.0072867,8.4162e-05,5.3169e-05
0.0021249,5.1613e-11,2.1582e-08,7.3682e-08,2.0619e-05
0.0017039,8.2123e-05,0.00018558,0.0016638,0.00016185
0.00078239,9.8091e-06,0.0050184,6.5911e-06,0.00028538
0.0021262,2.0265e-07,1.3733e-08,2.9088e-06,1.709e-05
0.0020111,4.0447e-05,0.0003741,0.00015735,6.4005e-07
6.3331e-08,2.4645e-06,4.4416e-08,2.0699e-05,0.0040097
0.00028228,4.157e-05,1.2362e-06,0.00028157,0.0033795
0.0020425,0.000377,7.1777e-05,3.7976e-06,7.0159e-09
2.4921e-05,0.0089601,0.0013202,1.4351e-08,3.0101e-08
0.0021315,2.3103e-07,1.695e-05,5.8787e-07,3.8389e-07
0.0020799,7.177e-06,2.2382e-07,0.00029152,8.4461e-06
0.00026334,1.081e-05,7.794e-06,5.1026e-06,0.0035129
0.001203,0.00066898,0.0033429,1.0875e-06,2.3923e-07
0.0013417,2.8898e-05,0.002841,5.3878e-05,0.00018906
8.0399e-06,0.000135,2.0018e-06,1.482e-05,0.0039458
3.1294e-06,0.0087813,1.156e-05,0.0021334,8.6773e-06
6.0115e-06,2.9696e-06,0.00090636,0.00039694,0.0034699
0.0017579,0.00026063,1.4126e-06,0.00035876,0.00049648
0.00017712,8.1819e-07,0.0081759,1.9005e-05,4.6581e-06
0.0021328,8.1879e-06,3.9648e-06,1.9815e-06,1.8652e-07
0.0017857,0.0016539,7.535e-05,3.6788e-06,1.8722e-07
0.00086018,0.00055892,0.0047206,1.129e-05,6.432e-05
5.7219e-05,2.2998e-05,1.0749e-05,0.00024165,0.0038184
0.00083659,9.1675e-06,0.0037606,0.0020492,9.0337e-05
0,8.7243e-05,5.8671e-05,0.0009206,0.0036615
1.382e-05,0.0073303,0.0024959,0.00030687,8.1441e-06
0.0018026,0.0012053,0.00037693,8.1387e-06,5.1985e-07
5.8518e-05,0.0077073,0.00098326,0.001722,5.3634e-06
1.4312e-05,0.00036915,0.00077449,0.0025923,0.0026678
1.6639e-06,1.8143e-07,2.5806e-07,0.00051821,0.0038471
0.0011366,1.4687e-05,3.1438e-05,0.00081614,0.0015968
2.1028e-05,2.7538e-06,0.0065227,0.0028117,0.00014008
0.0013888,0.00026783,0.0011144,0.00012901,0.00076188
0.00012049,5.0281e-08,3.3613e-07,9.9784e-07,0.0037903
0.00063293,0.00019648,0.0050273,0.0012942,7.7075e-05
0.0020555,0.00024696,5.9085e-05,9.0926e-05,2.2112e-06
0.0015801,3.5369e-05,0.00027474,0.00050777,0.00074493
0.001041,0.0040909,0.0011487,2.1328e-06,6.2499e-07
0.0021236,4.9324e-08,2.5135e-05,2.0061e-07,1.1726e-05
0.0020602,0.00036955,3.8066e-06,3.3095e-06,2.2406e-07
0.001411,5.161e-07,1.3697e-07,0.0035487,0.00021917
8.0786e-06,2.4987e-09,4.0726e-08,4.4076e-07,0.0040021
0,0.0041388,0.0019005,0.00028801,0.0015107
0.0021336,1.5532e-09,1.1232e-07,5.4313e-08,4.0874e-06
0.0011766,0.0017122,0.0002401,0.00068615,0.0008299
0.0010644,3.9181e-05,0.003045,2.7486e-05,0.00062375
0.0021104,3.0691e-06,2.4657e-06,6.3636e-05,2.5033e-05
0.00044431,0.0074998,0.00078953,1.3444e-07,6.6037e-09
0.0017335,0.00011479,1.5447e-05,0.00018003,0.00064854
1.0487e-06,0.0013509,0.0067697,0.0014418,1.1818e-07
0.0020823,2.3017e-10,9.4152e-08,9.5251e-07,0.00010045
0.00044643,0.00012792,4.7744e-06,0.0068565,0.00091726
0.0020217,2.8592e-05,0.00023691,5.4648e-05,7.994e-05
0.0001224,3.4652e-07,0.00025076,5.8515e-05,0.0036556
0.001095,4.8024e-07,0.00044951,2.9287e-05,0.0017463
0.00023088,9.2229e-05,6.8425e-06,0.00038386,0.0034216
0.0021294,1.2705e-06,2.5388e-05,2.7971e-07,1.9678e-07
0,0.010552,5.8264e-05,6.3137e-07,1.3716e-05
0.001637,3.2716e-05,5.9881e-05,0.00014185,0.00085328
0.00050364,3.6664e-05,0.00098966,0.00015661,0.0025612
0.00027538,0.0081987,0.00020089,0.00055704,0.00013928
0.0019611,0.00033249,0.0002085,1.0139e-05,0.00010647
0.00050704,6.8234e-08,3.7736e-07,7.6597e-06,0.0030611
0.0016121,0.0017448,6.1658e-05,0.00033657,0.00019135
8.5546e-06,1.4263e-08,5.6728e-06,0.00026894,0.0039121
2.3319e-05,0.001739,9.7324e-06,0.0030576,0.0023281
0.0021355,1.2999e-06,3.1049e-08,7.6055e-07,1.2375e-09
0.0016205,0.00013406,3.7425e-06,6.3579e-05,0.00089661
0.0021068,7.6549e-05,9.0058e-06,2.5142e-05,1.3606e-05
0.0016824,4.7554e-06,0.0018877,9.3282e-06,7.1234e-08
2.0679e-05,0.00025649,1.9541e-05,0.00012702,0.0038322
0.0021327,3.3967e-06,2.8759e-06,8.5405e-06,5.7384e-07
0.00022676,3.1851e-06,7.7699e-05,1.4264e-05,0.0035502
0.0021346,5.5854e-07,4.7989e-08,6.3894e-06,0
5.2726e-08,2.7014e-10,8.4628e-09,2.9382e-05,0.0040079
2.2571e-07,9.8074e-06,0.00015969,0.0063545,0.0018933
0.00071003,8.115e-05,0.0032853,0.0025089,0.00036658
0.0015043,3.0275e-07,3.0633e-07,6.7804e-07,0.0011874
0.0019223,6.8149e-05,0.00072616,9.9821e-05,1.7615e-05
0.00010533,0.0035929,2.4133e-05,0.004822,0.00089986
1.6753e-05,5.4302e-06,3.8501e-06,7.8217e-06,0.0039797
0.0021078,1.5959e-05,1.9493e-06,0.00014117,4.3008e-07
0.00029856,0.0014342,0.0058023,0.00078462,5.5565e-05
0.0010622,0.00044666,0.0015917,0.00088702,0.00085016
0,5.7506e-05,0.0032239,0.007605,9.5944e-05
0.00074899,1.8076e-06,0.0014112,0.0059619,5.2187e-05
0.00011698,0.00032332,0.0006019,0.0082022,0.00076122
0.0001138,0.00032651,0.0081917,4.812e-08,2.1166e-10
0.00074012,1.2546e-07,1.9728e-05,0.0012426,0.0022159
0.001092,0.0010327,0.00052716,0.001794,0.00075905
0.00010789,6.2094e-05,1.6042e-06,0.00045265,0.0036445
2.0785e-06,1.606e-05,4.504e-06,0.010697,0.00055738
0.0013543,6.4727e-05,0.00017551,1.2079e-06,0.0013665
6.5756e-06,1.4071e-06,9.7052e-06,0.0012808,0.0035873
3.2668e-06,4.7885e-05,0.00091332,2.7727e-07,0.0035829
0.0021276,2.3709e-07,8.8053e-08,1.4343e-06,1.4877e-05
0.0015563,7.1938e-07,0.0017668,4.0048e-06,0.00029469
0.0021313,9.5533e-08,7.2455e-07,3.2158e-07,8.0263e-06
9.5062e-06,2.9665e-06,1.9827e-06,0.0043242,0.0026037
6.879e-05,0.0058596,0.0035168,0.0003038,1.4064e-06
0.0019264,1.7095e-06,0.00050951,0.00041865,2.9523e-05
0.0020944,1.2669e-05,0.00015989,4.2117e-06,2.0032e-09
0.0010194,3.0948e-07,3.0218e-06,0.00011225,0.0020623
0.0021353,3.7762e-09,1.8903e-07,9.6217e-08,8.4321e-07
0.00090026,5.7745e-05,0.0049915,0.00017505,3.3868e-06
0.0019075,0.0003418,0.00038104,0.00038985,3.8135e-06
1.1764e-05,1.8634e-06,0.0079943,0.00036478,0.00028541
2.9597e-05,1.4978e-05,8.9684e-07,3.2378e-06,0.0039547
3.5682e-07,4.8305e-05,7.1559e-06,0.011833,0.000181
0.0018823,0.0011274,3.8526e-05,4.5158e-06,3.3242e-05
0.0017933,7.7839e-05,2.2762e-05,0.0017013,5.6378e-05
0.00047399,0.0007522,0.0014604,0.0065214,8.4137e-05
0.00036705,1.121e-06,0.0032956,0.00014798,0.0017983
0.00073508,0.00015473,0.0055117,2.7717e-05,9.1272e-05
0.0021354,1.7319e-07,4.8493e-07,4.6355e-07,3.3043e-07
0.002078,5.5301e-06,2.4045e-07,1.2949e-07,0.00010665
9.8624e-05,2.3173e-06,0.007073,0.0017995,7.3345e-05
0.0018167,0.00055698,0.00086727,1.6565e-06,2.8132e-07
0.0019891,3.1496e-06,0.00020761,0.00044687,3.7579e-05
0.002088,5.4576e-06,9.6353e-05,1.2122e-05,4.0844e-05
0.0019997,0.00026042,0.00034883,5.3439e-07,1.0479e-06
0.0014126,1.7461e-06,0.002981,2.6834e-05,1.179e-05
0.002109,2.1156e-06,2.8074e-06,8.9105e-05,1.9764e-05
0.0021315,4.7511e-06,6.3538e-06,1.1677e-06,3.231e-06
2.0093e-10,2.2467e-08,8.0653e-11,2.6684e-07,0.0040174
0.00038825,0.00046101,0.00022503,0.0048215,0.0014581
0.0007629,0.00018265,0.0055256,1.1642e-06,3.0746e-05
0.0021083,4.4405e-05,7.7938e-05,4.8058e-08,1.1037e-08
0.0021213,2.2388e-08,5.7391e-06,3.0721e-05,1.4825e-05
0.0020386,3.9811e-07,0.00029298,7.4398e-05,2.7246e-05
0.0016128,0.0001361,0.0020659,1.1743e-05,6.0084e-07
0.00073202,0.0020783,0.0039827,2.6784e-05,5.9219e-05
0.0015253,5.0221e-06,1.538e-05,0.00052408,0.00097067
0.0017813,2.0896e-08,3.2527e-07,1.0521e-05,0.00066337
5.1337e-05,0.0039498,0.0051576,0.00034625,3.2703e-06
0.00040715,0.00010978,7.1042e-05,0.0042318,0.0018142
0.0017188,3.3329e-06,7.0827e-06,0.0016076,0.00026178
0.0010887,0.0042579,1.1175e-05,0.0010917,7.7792e-06
0.0021273,8.0857e-06,3.2227e-06,2.4041e-05,3.8852e-06
0.0021296,5.657e-06,2.0348e-05,1.0022e-06,8.7529e-08
9.1479e-06,2.7111e-07,4.2435e-07,6.8135e-05,0.003978
6.4723e-06,4.0438e-05,0.0053609,0.0037995,0.00035678
0.00084612,3.5878e-07,9.2801e-05,0.000298,0.0022881
0.0020787,1.1953e-07,2.865e-06,0.00024015,2.882e-05
0.0021308,5.6986e-06,5.3201e-06,6.2423e-07,4.7794e-06
0.0020039,0.0001304,0.00041764,2.8797e-05,2.0607e-06
0.00065533,3.6064e-09,8.8421e-10,1.4902e-08,0.0027848
2.6053e-05,7.0931e-07,6.6081e-07,8.0057e-06,0.0039653
0.00059761,0.0074084,4.7205e-05,0.00010016,4.7367e-05
0.00029457,3.2102e-05,0.00013556,0.00062562,0.0031887
2.7103e-05,0.0015043,0.0070298,0.00053514,6.8674e-05
1.3463e-06,0.0058767,0.0033551,0.0009003,2.2028e-06
0.00010866,1.5184e-07,1.7162e-08,2.4568e-07,0.0038129
0.00026036,0.0092099,7.1928e-05,4.4272e-07,2.3701e-05
1.1847e-06,0.0045395,0.0049875,0.00019552,3.3157e-07
0.0021316,2.8965e-08,1.8068e-08,9.2501e-06,4.9763e-06
9.3711e-05,0.0041884,0.00022511,0.0052666,0.00046364
0.0019931,4.3559e-06,1.0296e-05,0.00010552,0.00022819
2.7657e-06,0.0068835,0.0029949,0.00021339,3.2763e-06
7.1279e-06,5.797e-05,0.00018581,0.0117,0.00012728
0.0013123,3.2623e-10,4.4604e-06,3.862e-06,0.0015457
0.0021075,1.7e-08,0.00011676,1.5045e-06,4.4207e-07
0,0.0073514,0.0024807,5.8063e-05,0.0001132
0.0018351,9.8908e-07,0.00025354,3.7585e-07,0.00045132
0.0017887,0.00054118,8.4838e-05,0.00031797,0.00030838
0.00013727,0.0011448,1.6581e-06,0.00099844,0.0030052
0.0019297,4.3373e-05,5.4912e-06,0.0010987,1.4864e-05
0.0019164,0.00027879,4.9266e-05,5.7769e-06,0.00028362
2.4791e-05,0.0017596,9.9129e-05,0.00046413,0.0031134
0.0010326,0.00015162,5.3487e-05,0.0041477,0.00065702
5.4836e-05,1.9533e-05,5.9756e-05,0.0001344,0.0038368
0.00023678,3.0939e-06,4.0918e-07,2.2653e-05,0.0035634
0.0013581,0.0018672,3.8593e-05,9.9994e-05,0.00070955
0.0020973,2.4294e-05,5.7701e-06,7.8894e-05,3.5309e-05
0.0020375,0.00010813,0.00031671,6.2114e-06,3.0842e-08
0.0021256,4.1795e-05,6.1761e-06,2.2206e-08,7.4672e-07
0.0019616,6.943e-05,3.3319e-05,0.00088652,7.8403e-07
0.00025506,3.0974e-05,0.0058784,1.9526e-05,0.00087873
0.0020118,3.8287e-05,1.2039e-05,0.0005848,2.4943e-05
0.0012335,0.00015335,2.7667e-05,0.00017698,0.00157
1.3245e-05,0.0045474,0.00069534,0.0058852,6.9004e-05
0.00016817,6.4412e-06,0.0082325,1.894e-07,2.3675e-08
2.7146e-06,1.7823e-06,6.9327e-08,0.00036466,0.0038941
0.001957,1.1974e-08,6.7685e-09,5.9252e-07,0.00033619
0.00031607,0.0089976,6.4848e-05,6.7673e-06,8.8471e-08
0.00088617,0.0022101,0.002743,5.2861e-05,0.00026811
0.0021305,4.179e-06,4.6718e-08,2.5643e-06,7.7288e-06
0.0021335,1.3572e-07,1.0857e-07,5.1134e-06,2.6286e-06
0,0.00049848,0.0078163,0.00094224,1.4189e-05
0.0021358,1.0798e-08,1.2156e-07,4.9449e-08,6.0523e-10
0.00093273,1.8658e-05,5.8069e-05,0.0069017,5.1848e-06
0.00074315,0.003802,0.0010201,0.0022511,2.5312e-06
0.0021295,1.4965e-06,4.0691e-07,9.7266e-06,8.0355e-06
0.0014056,5.7775e-05,1.9538e-06,0.00070441,0.0011239
6.4485e-05,1.1195e-05,4.0178e-08,3.3822e-05,0.003881
0.00037618,0.00068261,0.005176,0.0019836,8.7756e-05
0.0011924,0.0035384,2.1911e-05,0.00024743,0.00035127
1.3342e-07,4.3665e-07,9.0609e-07,1.5362e-06,0.0040161
0.0017159,0.00025552,0.0014173,5.4588e-05,3.9271e-05
2.2248e-07,0.00039507,1.2762e-05,0.0087069,0.0010558
0.0021032,2.8339e-06,0.00013401,3.1425e-07,4.3769e-08
4.3482e-07,0.010005,0.00031435,0.00032094,7.1072e-07
3.8351e-07,0.00018214,0.008681,0.00014712,5.1369e-07
0.00089459,0.0021611,6.0643e-05,0.0005571,0.0013133
0.0017882,7.107e-05,0.00089862,0.00056945,3.9848e-05
0.0017854,0.00014136,8.5573e-06,0.0018664,3.8042e-07
7.6144e-05,0.00029079,4.421e-06,0.011349,0.00010452
0.0021342,1.2109e-08,6.5161e-06,3.4871e-07,7.1161e-09
0.00021112,5.9095e-06,1.0276e-06,1.4133e-05,0.0036131
8.4989e-07,4.4468e-08,1.5627e-05,1.5228e-06,0.0040083
0.0011525,1.4343e-07,1.698e-07,8.5666e-07,0.0018493
0,0.0095195,7.5155e-05,0.00025361,0.00031369
0.00023177,7.0585e-10,2.8632e-09,2.7625e-07,0.0035814
0.00097082,0.0024317,0.00081933,0.00098343,0.00058969
3.2505e-05,8.8171e-05,0.00056188,0.002534,0.0028539
0.0017033,0.0018728,9.0897e-07,2.5098e-05,9.9194e-05
0.00028271,2.3787e-05,0.0002388,0.0015142,0.0028814
0.0011493,0.0048108,2.3082e-05,1.2485e-06,3.1474e-05
1.7015e-06,9.4064e-08,5.3123e-06,0.00024683,0.0039323
2.3322e-06,0.010376,0.00021062,1.3284e-05,3.103e-06
1.0233e-08,7.1975e-10,1.1823e-07,0.00058026,0.0038304
0.0013944,0.0015866,0.0017594,1.8883e-05,4.111e-08
2.7438e-05,1.4951e-05,1.1248e-06,0.00010051,0.0039273
0.002043,0.00037668,8.7337e-06,8.8619e-05,1.0114e-07
0.0021034,1.9415e-05,9.517e-05,2.5827e-05,2.5708e-06
0.0014929,0.00012022,0.00019776,0.0030393,9.557e-05
0.0015922,0.00022964,0.0018304,0,0.00011378
0.00043246,0.0077336,0.00040551,0.00033028,2.8246e-07
0.0011988,0,0.0038173,7.0306e-06,4.5245e-05
4.5112e-06,0,0.0010321,0.0099381,0.00034183
0.0021356,1.5184e-08,1.3093e-08,1.0881e-06,5.7917e-08
0.0020847,1.2883e-05,1.9364e-05,0.00024738,2.8912e-06
0.0020932,5.6725e-10,7.2468e-10,5.0731e-09,8.0321e-05
0.0021254,4.2052e-07,3.2483e-06,2.7675e-07,1.804e-05
0.0019904,0.00054786,9.2793e-05,6.696e-05,3.8143e-06
0.0020202,2.3698e-07,7.0708e-05,0.00014721,0.00013831
0.0021351,3.3555e-09,3.841e-09,3.4496e-10,1.4297e-06
0.00034805,5.0111e-05,4.5052e-06,0.00011574,0.0033046
0.0020267,1.2152e-05,0.00043835,3.3832e-06,2.6284e-06
1.0742e-06,1.0619e-07,0.00073989,0.0027306,0.0028028
0.0020973,0.00017629,8.2612e-06,4.3543e-06,1.0213e-06
0.0021299,0,1.6984e-05,7.9003e-06,1.0373e-06
0.0016029,5.8896e-05,0.00042661,0.00050363,0.0006263
0.0019957,1.1062e-08,4.0038e-06,3.0877e-06,0.00026083
1.0652e-05,0.00047614,0.00030799,0.001195,0.0032944
7.9452e-10,0.00023599,0.0086251,0.00016534,1.8795e-07
0,0.00017621,0.0012101,0.0080258,0.00082032
0.0019469,1.2753e-05,0.00014592,0.00086132,7.3457e-06
0.00095811,7.9336e-06,8.2443e-07,1.119e-05,0.0022083
0.000754,0.0061102,0.00061699,5.42e-05,1.378e-06
0.0013156,0.0030454,0.00056374,0.00040663,1.0529e-05
3.4628e-06,0.0028674,0.0039544,0.0034679,3.5629e-05
4.7373e-06,1.7043e-05,0.00091819,0.010112,0.00032994
0.00030897,8.2604e-06,2.8024e-05,2.4695e-06,0.0034198
1.2403e-07,3.7318e-11,2.6305e-09,1.2639e-05,0.0040132
0.0021197,2.5229e-08,3.1405e-07,6.8426e-07,3.0009e-05
1.6952e-05,0.00024026,0.00021138,4.8268e-05,0.0037845
4.912e-05,2.1956e-09,2.1887e-08,3.2445e-07,0.003925
0.00036904,0.0040948,0.0028551,0.00088698,0.00021117
1.0486e-06,1.4927e-10,1.2684e-09,7.0272e-08,0.0040155
0.00056263,2.4128e-06,1.5451e-05,0.0051239,0.0012997
2.1564e-05,0.00039926,0.00023007,7.1403e-05,0.0037
0.00022572,0.0067442,0.0023385,2.9906e-07,6.009e-08
6.4863e-06,6.5316e-05,2.2585e-06,0.0011352,0.0036137
0.0019412,0.00031875,0.00046769,8.7306e-07,3.5602e-05
0,0.0097552,2.8991e-05,0.00074068,8.857e-05
0.001609,0.0016824,0.00010105,0.00018099,0.00025302
0.00038407,0.0002228,0.0007597,0.00087348,0.0025882
0.0010507,3.5668e-07,2.1879e-07,1.9784e-06,0.0020402
2.1907e-06,0.00028689,4.7854e-06,0.0013834,0.0034571
0.0015157,7.3557e-07,9.5673e-05,0.0034442,1.3058e-05
2.2805e-06,2.1265e-05,0.00012457,0.000182,0.0038905
8.3304e-05,4.403e-08,1.3449e-06,2.995e-05,0.0038505
1.0148e-05,0.010028,3.6537e-05,0.00057476,1.6729e-05
0.00027792,1.0295e-06,8.6496e-08,1.8185e-06,0.0034937
0.0016168,0.00050455,0.0017183,3.8005e-05,1.8828e-06
0.0020355,0.00030199,3.0384e-05,0.00018994,1.3723e-07
0.00017412,0.0067373,0.0016992,0.0010263,5.6182e-05
0.0020261,1.7788e-07,9.739e-05,2.8051e-06,0.0001617
0.002099,5.0228e-05,5.0868e-05,8.4948e-06,2.4784e-05
0.0018859,4.3289e-06,1.6693e-06,0.00091461,0.00017304
0.00084609,0.0001051,4.0948e-05,0.005922,0.00045909
0.00076364,7.8937e-07,2.8367e-05,9.2682e-06,0.0025651
0.002094,3.091e-05,2.8595e-05,0.00011114,1.8446e-05
0.0013705,0.0024085,0.0010607,0.00014426,8.6689e-06
8.1711e-07,9.4209e-05,0.0076389,0.0016879,4.3828e-06
2.7155e-06,0.00014914,0.0060782,0.00012762,0.0011842
6.2946e-05,0.010029,2.0792e-05,0.00033756,5.7778e-07
0.0021231,3.5634e-08,1.5603e-06,8.6848e-06,2.0427e-05
0.0016529,0.00092435,0.00012752,0.0007725,0.00025372
0.00014493,0.007442,0.00011008,0.00018204,0.00083153
0.00055405,0.0072603,0.00048376,6.3217e-05,9.2177e-07
2.8458e-05,0.0035138,0.0029235,0.0037775,0.00010835
0.00050776,2.8971e-06,9.9854e-05,4.0174e-05,0.0030035
0.00017179,0.0012167,2.4305e-05,0.0029162,0.0022848
0.0014378,0.0025156,0.00077532,3.7146e-05,4.4415e-06
0.0020177,1.5623e-07,4.7248e-07,3.4262e-06,0.00022079
0.00014575,0.00077904,0.0071078,0.00079371,4.9132e-07
0.00082579,0.00033654,0.00091425,0.00033422,0.0018189
0.002133,1.5191e-09,4.6901e-07,1.3053e-07,5.1855e-06
0.00068656,0.0064091,0.00035787,0.00019552,8.6427e-05
0.002056,2.937e-09,3.6886e-06,5.3089e-06,0.00014691
4.2822e-06,2.554e-05,0.0089024,5.6085e-07,1.1447e-09
0.00072077,0.0061204,0.00078121,7.3492e-06,1.3566e-06
0.001395,0.00059591,7.3443e-05,0.00042295,0.00099952
5.9361e-05,1.0455e-06,8.8554e-08,0.00025098,0.0038245
0.00012341,7.0469e-06,0.0065977,5.8384e-05,0.00079967
0.0013593,9.0539e-05,0.00114,3.5355e-05,0.00090295
0.0021357,4.7117e-07,1.6679e-07,8.3783e-08,2.9133e-08
0.0013925,0.0014022,0.0017264,0.00010186,6.126e-05
0,0.00039942,0.0085522,7.6329e-05,3.0597e-08
0.0017133,2.2701e-06,0.00032187,0.00036632,0.00053123
