2.0158e-08,2.9971e-10,8.6998e-09,4.3492e-05,0.0074179
0.00084377,8.2433e-06,6.8169e-05,0.0022779,0.00042017
2.8218e-08,4.1063e-05,0.0096936,0.0016882,9.1384e-06
0.0012579,0.005528,0.00053295,2.917e-05,1.3499e-08
0.0019679,2.8837e-06,4.8921e-05,5.219e-06,1.0984e-05
0.0019711,2.4844e-11,5.9166e-12,1.1561e-08,3.2164e-05
5.5222e-05,5.3839e-06,2.0016e-05,0.0043106,7.1979e-08
0.00014813,0.0094314,0.0058503,1.0873e-06,2.1895e-11
0.0013848,4.7886e-09,6.3517e-08,8.6821e-05,0.0021042
0.0019156,0.00038025,4.4532e-05,3.1768e-05,2.2895e-07
0.0019764,1.0826e-05,1.1303e-05,1.0409e-06,7.1631e-08
0.0013018,0.00057772,0,0.0013702,2.212e-07
0.0019796,0,0,0,0
1.2848e-06,0.012018,0.0045635,2.0303e-05,1.0655e-10
0,6.2828e-07,0,0.0043974,7.4288e-05
0.0019618,2.0384e-09,0,3.6941e-05,5.0741e-06
0.0019152,9.6444e-08,3.932e-07,2.582e-05,0.00019998
0.00025814,2.288e-05,5.1039e-05,0.0032718,0.00096177
1.4802e-08,1.1428e-09,2.3515e-08,0.0022122,0.0037602
0.0019796,4.9883e-10,6.5866e-11,7.4278e-11,3.4992e-09
0.0016236,1.7082e-08,5.4866e-06,0.00077201,4.2401e-05
3.5382e-10,4.1635e-10,1.2142e-09,5.3628e-05,0.0074009
2.3154e-07,0.012267,0.0039402,0.00013357,3.0533e-07
0.00030144,7.4989e-07,4.3064e-06,0.00037027,0.0057237
0.0018656,0.00019671,0.00038227,9.6478e-05,6.213e-08
6.7069e-06,0.0014561,0.013679,0.00018459,1.2627e-10
0.00077616,6.4895e-08,7.7003e-08,2.1095e-05,0.0045184
6.8451e-06,0.0014995,0.0052321,0.0025582,2.2057e-07
0.00051731,0.00034296,0.011298,0,2.1918e-06
0,2.4813e-05,0.014471,0.000327,3.6991e-05
0.00017194,4.4413e-12,1.0641e-11,5.6181e-08,0.0068406
0.0019791,0,0,1.5028e-07,1.5406e-06
0.00026403,1.7852e-05,0.00037412,0.0035583,0.00030458
0.0019794,0,1.4476e-10,1.4272e-08,7.1126e-07
1.6955e-06,9.4281e-06,6.2661e-07,0.001799,0.0044462
1.3831e-05,1.7432e-11,4.1947e-08,1.6884e-05,0.0074105
0.00090081,2.4574e-08,5.4549e-08,0.00020074,0.0037438
0.0019741,1.5969e-06,1.7781e-06,3.2902e-06,1.3781e-05
0.00012087,0.00033193,0.014158,8.2997e-05,5.3414e-06
0.0019778,1.6744e-06,1.1648e-06,3.1811e-06,2.6025e-08
0.0019434,4.9614e-05,3.7171e-05,5.7168e-05,8.8052e-07
0,0,0,0,0
0.0019786,5.8961e-06,8.8431e-07,4.7554e-07,2.193e-09
0.001268,9.8535e-07,2.0167e-06,0.0013277,0.00045223
3.9521e-07,4.7769e-10,2.7978e-07,0.001051,0.005717
2.783e-05,7.1701e-05,0.0005964,0.0041242,0.00011442
0.0019796,1.6478e-10,0,1.7647e-08,7.8477e-09
0.0019678,9.6889e-05,3.4395e-06,1.9025e-07,1.2919e-11
0.0019446,3.2725e-07,2.1511e-06,3.5809e-05,7.073e-05
3.4904e-07,2.067e-05,3.6978e-05,0.0038027,0.0010495
0.0019794,1.4471e-08,4.6294e-09,3.1341e-07,5.1595e-09
0.0019766,1.0402e-08,2.5746e-07,1.395e-06,8.6992e-06
0.001896,0.00020419,0.00026511,5.9497e-05,7.695e-08
0.0018186,7.5815e-05,0.00068785,0.00014517,3.6204e-06
0,0.0074498,0.00078472,0.002279,1.4973e-06
0.0017653,4.7728e-05,1.6939e-06,0.00046535,4.0969e-06
1.2395e-07,4.9428e-06,1.7543e-05,0.0044337,2.3034e-06
0.0019719,3.3326e-07,3.7577e-07,1.5406e-05,2.8317e-06
0.0019768,2.5191e-07,3.291e-07,5.6859e-06,6.524e-07
0.0014901,0.0036836,0.00040699,2.4042e-05,2.4738e-10
0.0019796,2.4699e-11,7.9263e-11,0,0
0.0018176,0.00089535,0.0003517,3.0858e-05,7.073e-08
0.0017064,0.0022493,9.6211e-05,0,9.8683e-11
0.0019781,0,4.5192e-06,2.144e-06,0
0.0019771,2.9447e-06,2.0046e-06,1.8968e-06,4.0672e-06
0.00022043,0.014953,0.0001875,4.5192e-09,4.286e-12
0,0,0,0.0040847,0.00060186
0.00113,9.7626e-05,0.00016484,0.0018288,9.1569e-06
0,0,0,0,0
0.0019426,3.0346e-05,2.8648e-06,7.4279e-05,2.6088e-09
2.4734e-05,0.0042615,0.011602,1.3994e-07,4.6873e-11
0.0013092,0,6.0727e-08,0.00092541,0.00097606
0.0019752,1.1703e-07,2.4076e-07,6.5744e-06,5.1462e-06
0,0.00030325,0.00053264,0.0041887,3.9573e-05
0.0019794,4.117e-08,0,3.4332e-07,0
0.00072505,0.010682,0.00011667,0,6.2543e-12
2.0119e-05,0.015842,0.00069931,7.3105e-05,3.095e-07
0.00044914,3.4887e-06,0.00019154,0.0016598,0.0028994
0.00012904,0.0063369,0.0088597,0,2.747e-09
0.0019443,0,0,6.2257e-05,2.8399e-05
5.7557e-05,0.01393,0.0023514,1.9931e-05,1.4534e-06
3.6498e-06,0.00011553,0.0094992,0.0017203,1.1418e-06
0.0018862,0.00062428,0.00013083,9.8965e-06,0
0.00012938,0.01185,9.8848e-05,0.0010351,3.7435e-06
1.1097e-05,2.6807e-06,4.3638e-07,0.00077852,0.0061349
0.0019796,0,0,0,0
0.0019792,0,2.1618e-09,0,1.5451e-06
0.00065837,0.00024059,0.0017512,0.0024006,1.1152e-05
0.00058006,0.0040581,0.002999,0.0012362,4.6166e-07
0.001865,0.00090875,7.2166e-05,8.1496e-08,5.1089e-09
7.9214e-05,1.3546e-05,0.00013746,0.0020777,0.0036159
0.0019795,0,0,2.2888e-07,7.7924e-08
0.0017413,9.726e-09,3.9861e-10,4.5282e-08,0.00090171
0.0016458,9.862e-07,3.0677e-05,0.00043254,0.00051845
2.6628e-08,0.015781,0.0004503,0.0002046,8.788e-11
0.00048402,0.00017087,0.0013372,0.0026433,0.00048946
0.0019478,3.1839e-05,0.00013795,0,4.066e-05
2.9264e-06,5.0065e-05,0.00011542,0.0043893,5.5541e-08
0.0019794,4.2428e-09,0,3.4035e-08,4.7526e-07
4.2841e-07,0.0017448,0.011472,0.0007466,2.3255e-07
0.00013406,0.010596,0.0047768,3.2206e-05,3.3228e-07
2.9546e-06,7.9601e-08,8.689e-06,0.0033543,0.0018184
1.8906e-05,6.0382e-07,7.3605e-05,0.0037603,0.0010422
0.0019796,0,0,2.5365e-08,1.1843e-10
0.0019796,0,0,0,0
0.0019781,1.4935e-06,0,2.9375e-06,6.6491e-10
0.0017567,1.9142e-08,6.7873e-08,2.9212e-06,0.00083858
3.5118e-10,2.562e-12,1.1917e-10,5.6494e-06,0.0074818
8.8466e-11,5.5058e-12,5.8037e-10,0.00027522,0.0070271
0.0019794,5.1946e-07,1.9924e-07,2.5151e-07,2.2308e-08
0.0019788,2.4994e-06,7.0613e-07,3.4153e-07,8.7311e-07
1.8808e-06,0.00010154,0.0014735,0.0038746,0.00020283
0.0018572,0.00065941,0.00024459,2.4518e-05,1.5491e-05
0.0019734,3.988e-06,4.0568e-06,7.9802e-06,6.1334e-06
1.1493e-08,1.4195e-09,7.6654e-09,0.0018203,0.0044211
0.00077655,3.0478e-05,1.8482e-05,0.0026682,3.0191e-05
0.00063782,0.0064936,0.0046639,2.4229e-06,2.4377e-11
5.3435e-06,4.1417e-05,0.00054014,0.0042656,1.0818e-06
0.00015275,1.1058e-06,9.7787e-05,0.0040701,1.4891e-06
0.0019639,0.00012889,3.8489e-06,5.8986e-07,2.262e-09
0.0015943,1.199e-06,0.00020811,0.00050785,0.00050186
7.5155e-05,0.0049114,0.0014894,0.0025726,1.2866e-06
0.0019795,7.9928e-09,1.9512e-10,1.5268e-08,1.2775e-07
0,9.2065e-05,0.0007613,0.0042023,5.6783e-07
1.4938e-05,0.015163,0.0011113,0.00014546,5.0408e-09
0.0001649,3.3612e-10,0,2.8627e-05,0.006819
0,0,0,0,0
0.0014263,3.9536e-05,0,0.0012298,2.0467e-06
0.0018344,1.0137e-05,9.0044e-06,0.00031961,1.6896e-06
0.0019642,0,1.0694e-10,2.7343e-07,5.7798e-05
0.0019776,7.9537e-06,3.097e-06,1.2724e-06,1.8208e-07
4.0974e-07,5.2783e-08,3.2931e-06,0.0043937,7.7586e-05
5.9508e-05,3.7109e-08,3.556e-08,0.0040698,0.00040182
3.9777e-06,2.2591e-06,2.782e-05,0.00017098,0.0071736
0,0,0,0,0
0,0,0,0,0
0.0015136,0.00014376,0.0031334,0.00012302,4.4823e-07
4.3701e-06,2.6087e-10,3.5216e-08,0.0005317,0.006578
0.00041486,1.7852e-06,1.7104e-07,0.0017912,0.0028993
0.00033749,0.011262,0.0026609,1.5658e-07,5.4323e-12
0.0019796,0,0,8.1887e-09,4.9929e-09
0.00013601,0.0089859,0.0034844,0.00081235,2.1205e-08
7.3401e-06,1.0561e-07,8.5836e-08,7.3791e-05,0.007339
0.00023556,0.0034938,0.00075665,0.002788,2.5191e-06
0.0017524,0.0018209,9.9869e-05,7.2188e-06,3.5925e-10
0.0016761,1.1493e-07,3.9365e-06,0.00065779,3.7203e-05
5.0149e-05,0.0095711,0.0050882,0.00039941,5.2628e-07
0.0018451,0.0006449,0.00018918,8.0395e-05,1.7927e-08
1.4715e-08,1.548e-10,7.902e-09,0.00010155,0.00732
9.5656e-08,0,8.5926e-08,0.0026922,0.0029501
0.0019338,0,1.199e-05,8.4178e-05,2.5559e-05
3.5756e-05,0.00035757,0.0080009,0.0018115,0.00033301
4.3063e-08,1.2571e-09,3.0849e-07,0.0004822,0.0066777
0.0019351,8.0353e-11,0,2.2151e-07,0.00016805
1.68e-06,8.3671e-10,1.1227e-08,0.0043303,0.00018127
0.0019752,2.1827e-05,9.7215e-06,1.3324e-06,1.7764e-07
0.0019725,9.7031e-10,6.8895e-10,8.4292e-07,2.5241e-05
0.00016535,2.2966e-07,8.0658e-07,3.115e-05,0.0068126
0.0018392,0.0011933,1.4369e-05,3.4e-08,4.6635e-08
0.00095017,0.0028632,2.8196e-05,0.00021684,0.0022588
0.0019795,1.3834e-07,7.2934e-08,1.6828e-07,0
0,2.9333e-09,7.4852e-08,0,0.0074913
2.8677e-05,0.014779,0.0018608,3.037e-06,3.9097e-09
0.0014639,1.6037e-07,4.6431e-07,5.2436e-06,0.0019425
0.0019788,4.8686e-09,5.8099e-09,1.1365e-06,1.1065e-06
0.0010923,1.9343e-05,2.5503e-05,0.0011138,0.0014586
0.0019784,5.7766e-08,1.2052e-06,2.304e-06,2.2365e-08
0.0018364,6.0203e-07,0.00018435,0.00025404,2.5179e-05
0.001854,9.0035e-07,2.0489e-06,0.00023509,7.7524e-05
0.00039063,0.0010538,0.0011364,0.0029253,7.4961e-05
0.0019471,1.7461e-09,9.7905e-08,9.9634e-07,0.00012118
3.8009e-05,7.5055e-11,4.53e-09,3.4672e-08,0.0073474
4.8065e-07,1.4443e-08,1.4351e-07,0.0022184,0.0037477
0.0019743,3.8922e-06,9.4009e-06,8.2436e-06,6.4745e-08
0.00023971,4.9581e-05,0.00089295,0.0035536,0.00014357
0.0019794,5.4448e-07,0,1.8668e-07,2.6854e-12
0.001077,0.0057244,0.0018478,1.2642e-05,0
8.1301e-05,3.733e-08,3.3813e-06,0.0042461,2.0354e-05
0.00033156,1.1466e-07,0,0.0036976,0
1.5647e-07,1.3528e-06,0.01516,0.00015991,1.7563e-07
0.0016193,0.0023246,0.00067995,1.1029e-05,1.1911e-08
0.0019794,0,4.1766e-10,2.5654e-08,4.7027e-07
6.4333e-06,0.0036845,0.0026336,0.0027179,1.0265e-05
7.3941e-05,3.1177e-06,6.3801e-07,0.0035689,0.0011904
0.0019769,1.8142e-05,3.8001e-06,2.1302e-07,2.9645e-08
0.0013786,0,1.6878e-07,0.00031551,0.0017421
9.078e-05,8.1685e-06,1.0782e-05,0.0042281,7.8291e-06
9.3778e-05,0.010982,0.0023573,0.00070546,3.2331e-08
1.6046e-07,0.013851,0.0025374,0.00011758,2.1184e-07
0,0,0,0,0
0.0019791,7.0362e-07,2.9786e-06,1.2129e-07,0
0.0019535,4.3853e-05,4.9119e-06,1.1018e-05,5.8485e-05
0.0010824,1.1296e-12,8.6371e-12,1.7069e-08,0.003395
0.00091169,9.5016e-09,3.9791e-06,0.00058267,0.0030565
2.4682e-05,6.6475e-09,1.2124e-08,2.621e-06,0.0073935
0.0019796,1.4754e-09,0,3.3155e-08,2.2665e-09
0.0017389,0.0003532,0.001183,8.4519e-06,0.00017785
2.2633e-06,0.00092541,6.8518e-05,0.0033539,0.0013868
0.0017132,3.0414e-05,7.4754e-05,0.00036055,0.00035096
0.0019579,0,0,4.5176e-05,5.7227e-06
0.0012401,0.00014881,0.00016692,0.0015476,4.3227e-05
0.0019796,0,0,0,0
0,1.0544e-06,0,0.0044378,5.887e-06
0.0019795,6.629e-08,0,1.0638e-08,3.0721e-07
1.7379e-05,6.2335e-07,0.00062254,0.0041562,0.00011879
4.8441e-06,1.341e-08,2.4916e-06,0.001132,0.0055625
0.0019779,6.3632e-07,3.3962e-07,2.4758e-06,1.5494e-06
0.0019795,1.1998e-10,6.9564e-12,4.0554e-09,3.3972e-07
0.001977,3.2114e-08,0,4.7723e-06,1.6877e-06
0.0016587,3.5164e-05,5.9247e-05,0.00069248,2.6988e-06
0.0019794,2.6794e-07,5.0625e-08,2.9007e-08,3.3396e-07
0.001591,1.3805e-05,1.7384e-06,0.00058202,0.00048195
0.0018489,0.00012376,0.00086192,1.7176e-05,5.5618e-07
0.001161,0.0054211,9.8014e-05,0.00038953,1.289e-05
1.8687e-08,1.6459e-05,0.00024008,0.0036506,0.0012125
0.0019177,1.7753e-07,7.9329e-07,2.1452e-05,0.00019746
0.00025222,0.0044951,7.7071e-05,0.0007503,0.0032602
1.7949e-09,3.2656e-08,1.0602e-08,0.00033564,0.0069252
0.0019796,5.6612e-12,6.0251e-12,3.2404e-10,6.5043e-08
1.962e-05,2.5267e-08,3.1076e-07,0.0030695,0.0022398
6.1208e-05,1.3615e-07,1.1856e-05,2.8155e-05,0.0072065
0,0.00082222,0.014927,1.1922e-05,8.3564e-07
8.133e-05,6.1761e-06,0.00016278,0.002924,0.0021716
9.6221e-10,1.0544e-09,1.9017e-08,0.0032799,0.0019593
0.0017931,6.4584e-08,1.3864e-07,0.00041744,1.3394e-06
3.2479e-07,2.0684e-09,2.7523e-06,0.00022419,0.0071107
0.0019758,7.8108e-06,3.5823e-06,4.3596e-06,1.6531e-06
0.00042931,2.4249e-05,0.00046943,0.003178,0.00027231
0.00052744,6.8281e-12,3.1248e-10,8.367e-09,0.0054953
6.7069e-06,2.9031e-07,4.3002e-06,0.0043725,8.8987e-05
0,0.010143,0.0053588,0.00025514,5.3706e-05
0.001625,1.3643e-06,2.2585e-05,0.00012489,0.0011197
8.954e-05,0.00016077,0.013754,0.00031452,1.0226e-06
0.0003343,0.00067492,0.012399,1.4556e-05,7.5264e-09
0.00013858,0.015643,0.00017259,7.9666e-06,3.3721e-07
0.00062529,2.816e-09,9.8886e-08,1.2471e-06,0.0051229
0.0019796,0,1.0534e-09,5.0415e-08,1.0773e-08
7.1079e-06,1.3298e-07,1.2093e-06,0.0043272,0.00016541
0.0019745,0,7.4572e-07,1.1153e-05,4.2467e-08
3.4521e-06,3.5588e-05,0.00012872,0.0043881,1.9848e-07
0.0019782,7.6637e-07,4.5148e-06,9.9246e-07,8.9083e-07
0.0019796,1.0983e-08,0,2.9988e-08,1.0274e-10
0.0019466,0.00018756,7.7404e-05,3.2471e-06,2.9027e-08
0.001611,1.8332e-07,2.4624e-06,0.00076815,9.8033e-05
2.1245e-09,6.7311e-11,1.9616e-09,0.00026862,0.0070382
0.001898,0.00054014,0.00012333,6.9474e-06,8.5872e-07
0.00051407,0.00030623,0,0.0032078,1.0918e-06
1.7324e-05,1.2288e-08,3.1065e-05,0.0043939,0
0.00017553,4.5195e-08,5.7218e-06,0.00020476,0.006479
7.9073e-07,1.4632e-10,3.6257e-09,0.00089232,0.0059833
0.00011869,0.0025592,0.00086047,0.0032585,1.224e-05
0.00043552,9.733e-07,3.8891e-06,0.0030236,0.00074118
9.3396e-05,4.1786e-07,4.7409e-05,0.00097979,0.0054626
0.0019793,2.1377e-06,2.7898e-08,5.7762e-08,1.663e-07
0.0019793,2.3079e-09,6.8856e-10,5.2422e-07,3.1043e-08
0.0005965,3.9506e-07,3.0783e-06,0.0030042,0.00016543
0.0018516,8.9798e-07,1.3305e-06,7.827e-05,0.00035141
0.0019794,0,2.4809e-07,2.8945e-07,3.4538e-08
0.00088487,0.0089937,0.00033155,2.0418e-05,5.649e-12
1.8727e-06,0,9.6461e-08,0.0038302,0.001024
0,0,0,0,0
4.9855e-06,0.001793,5.9432e-05,0.0039358,1.8282e-05
0.0019718,2.2735e-06,2.3964e-06,1.5773e-05,8.5615e-07
2.4444e-06,1.4933e-06,2.9171e-06,0.00076662,0.006187
0.00040642,3.1487e-07,5.3781e-05,0.001288,0.0037552
0.0016586,8.7862e-10,5.0159e-08,3.2409e-07,0.0012142
2.3183e-08,4.2448e-08,6.2324e-06,0.00083707,0.0060764
0.0019307,5.2364e-06,1.2027e-05,9.7114e-05,1.3304e-05
9.1896e-08,2.1858e-08,1.3037e-05,0.004416,3.6607e-05
0.0019796,0,0,1.7392e-08,7.409e-10
3.3643e-05,0.00018513,0.0027909,0.0035161,2.3094e-05
0.0016102,0.0017623,3.4044e-05,0.00034614,2.3874e-05
0.00021816,0.0056684,0.0086327,3.8256e-05,1.804e-09
0.001863,0.00015054,0.00041966,0.00010194,3.4322e-06
0.0019795,0,1.8587e-08,6.0941e-08,1.6439e-09
4.4527e-07,8.2695e-08,4.4126e-06,0.0039124,0.00088864
2.0004e-07,4.0514e-08,0.00013809,0.0011353,0.00551
0.0019788,2.8349e-07,0,1.7366e-06,0
2.4408e-07,1.4307e-06,1.061e-07,0.00087785,0.0060091
0.0017838,0.0016842,0,6.1172e-07,7.3273e-10
0.00047306,9.0331e-05,0.0040589,0.0022102,5.2768e-07
2.0074e-05,1.9249e-09,1.1032e-08,1.1534e-05,0.0073959
1.9043e-09,7.0878e-08,2.4893e-07,0.0044329,1.4476e-05
0.0019788,6.828e-06,1.7557e-07,0,0
0.0014102,0.0016765,0.0029672,3.128e-06,9.553e-09
0.00016656,1.1483e-06,2.4788e-07,0.0040543,2.2311e-05
0.00084022,2.5102e-08,5.0675e-07,0.0025562,0
0.0019671,7.743e-05,2.3254e-05,1.2195e-06,1.9729e-08
2.1731e-07,1.4666e-09,2.9523e-07,0.0044046,6.1439e-05
0.001803,3.9378e-05,7.8231e-05,0.00034657,2.8992e-05
0.0019453,0,0,0,0.00012987
0.00011987,0.0082804,0.00068395,0.0018149,1.3838e-05
1.6351e-05,4.5077e-07,3.9513e-06,0.0041043,0.0005049
0.00095729,0.00053667,0.00015774,0.0017482,0.00060926
0.001523,6.6995e-07,2.9885e-05,0.00033421,0.0011495
7.1968e-06,1.9283e-05,0.00012449,0.0012321,0.0053183
0.00030909,8.6856e-05,0.0031653,0.0028218,1.671e-05
0.00033597,7.3768e-09,1.3326e-07,0.0010662,0.0044215
0.0019586,2.2536e-05,3.2937e-06,4.0013e-05,4.3656e-07
0.0013798,0.00022746,4.4458e-05,0.00079682,0.00080481
0.00084871,2.1294e-07,1.6403e-05,7.9963e-06,0.0042582
0.0019796,0,0,0,0
5.9404e-07,2.3484e-05,0,0.004433,1.8296e-06
6.1876e-08,1.9722e-05,8.8934e-05,0.004405,1.0403e-05
0.00034816,0.00013396,0.012774,1.854e-05,9.2195e-09
5.4783e-05,0.0069384,0.0084865,0.00011535,9.0212e-09
0.0019449,2.1647e-05,7.8683e-06,6.985e-05,0
0.0019751,2.53e-05,7.6187e-06,1.2102e-06,1.2266e-09
0.00098072,1.4841e-07,3.5669e-06,0.00091307,0.0022382
0.001772,1.2467e-06,1.9731e-05,2.4896e-06,0.00077139
0.00060918,0.011087,0.00033936,9.1626e-05,3.5415e-09
2.8497e-06,0.00011039,0.0017142,0.0038529,0.00011726
5.2777e-05,9.9426e-05,0.0034191,0.0033045,4.5942e-05
0.0019795,0,2.5042e-10,2.0982e-08,2.8279e-07
2.8268e-09,7.2979e-06,1.9472e-05,0.0044337,7.1618e-07
0.00159,2.368e-05,5.1146e-05,0.00080013,9.0112e-05
5.6137e-06,7.5563e-07,3.1141e-07,0.004405,3.997e-05
0.0019796,0,6.6905e-10,2.5875e-10,7.5038e-11
0.0019412,2.4347e-07,5.4673e-07,7.5516e-05,1.7512e-05
0.0019723,0,3.6644e-09,3.1038e-06,2.2481e-05
2.2459e-06,0.0076829,0.00099599,0.0021517,4.677e-06
0.0019791,0,0,0,1.8566e-06
0.0017418,0.00040866,0.0014359,2.1687e-05,3.5837e-10
0.0019589,2.7038e-09,1.0203e-07,3.4365e-05,2.0051e-05
0.0019794,7.7576e-10,0,3.6859e-07,1.0759e-07
0.0017715,0.00073519,0.00071301,7.3962e-05,4.9671e-08
0.0018625,0.00098021,2.6292e-05,0,2.1198e-10
0.0001025,0.00047947,0.00038732,0.0031813,0.0013427
0.0019796,5.5793e-10,3.3194e-10,5.9962e-08,0
0.0019796,2.0815e-08,0,4.2017e-10,2.4522e-11
0.0019796,0,3.8364e-08,2.7491e-08,1.0459e-09
0.0019782,1.8366e-07,7.1067e-06,1.0498e-06,1.2682e-07
0.00010545,1.6024e-10,0,0.00052727,0.006203
0.00064771,0,0,0.00029401,0.0045443
0.00159,0,0,1.2801e-05,0.0014525
0.0019796,1.371e-08,0,1.329e-08,3.3077e-10
0.001925,1.5895e-07,0,0.0001217,1.1078e-06
9.7408e-07,9.7708e-05,0.00034095,0.004316,2.8612e-06
0.00015631,0,1.6443e-08,0.00033302,0.0063381
2.6628e-06,0.0016258,0.011725,0.00070132,2.6933e-10
0.0010773,0,0.00014471,0.0017359,0.00041755
2.5045e-05,1.3671e-06,1.9866e-06,0.0016139,0.0046729
6.0409e-06,1.4042e-05,0,0.0044224,3.383e-06
0.001443,1.8272e-05,0.00016438,0.00069582,0.00077049
0.0019795,0,0,1.2499e-07,1.2222e-07
0.0015961,5.2514e-05,3.9177e-05,0.0004681,0.0006199
0.0019281,1.6947e-07,3.8813e-05,7.0351e-07,0.00017515
0.0019796,4.8472e-10,3.4245e-08,8.0396e-10,1.7162e-08
0,0.00059086,0.015004,5.0447e-05,6.9422e-07
1.1018e-05,0.0046568,0.0019164,0.0026628,2.5119e-07
0.00086753,2.3698e-08,9.9272e-05,0.0024516,2.6094e-05
0.0019794,0,4.301e-09,3.4772e-07,1.2752e-09
5.8251e-05,0.0015912,0.011022,0.00064384,0.00023651
5.9022e-08,0.0015304,0.0019771,0.0034846,2.3935e-09
7.8111e-06,2.3431e-10,0,3.1199e-06,0.0074565
3.6647e-05,0.016734,0,1.3911e-06,3.223e-08
1.5219e-05,0,7.6137e-07,0.0043973,1.6695e-05
1.4854e-06,2.223e-09,1.4795e-08,0.0044085,5.0223e-05
0.0019762,2.495e-05,1.2755e-06,7.498e-07,1.0629e-07
0.00013967,3.6627e-05,0.008097,0.0018318,8.5109e-07
0.00189,1.1924e-07,4.2235e-07,8.4706e-06,0.00032451
2.5332e-05,3.0864e-08,3.3124e-06,0.00010249,0.007221
0.0018931,0.0005309,0.00013543,1.6358e-05,1.8728e-06
0.0004177,0.0088384,0.0039473,8.8e-05,6.5505e-08
1.2677e-06,1.1972e-05,0.0010562,0.0041174,3.3644e-05
0.0019708,0,7.1172e-07,1.8132e-05,2.1281e-06
0.0019137,0.00048698,6.7199e-05,2.0144e-06,0
0.0019778,3.0529e-09,9.9761e-09,6.7726e-09,6.6315e-06
0.0014044,0.00014595,0.0044354,0,0
0.0019612,0.00014289,1.5909e-06,7.6905e-08,5.9406e-06
1.0363e-06,4.7204e-05,0.014933,6.2222e-05,0.00024988
0.001972,5.9507e-05,4.8856e-06,1.7889e-07,0
6.3161e-05,1.5156e-08,2.5305e-09,2.1258e-06,0.0072487
0.00091144,0.0021776,0.0062012,7.7221e-05,2.0203e-06
0.0019796,0,0,1.1393e-10,1.4445e-10
0.0019696,7.4817e-05,0,2.9309e-06,1.882e-09
1.7421e-06,0.0013393,0.01256,0.00054225,9.3038e-08
0.00019129,0,4.7889e-06,0.0036527,0.00060443
0.0019684,7.0879e-05,1.4994e-05,2.1802e-06,2.8309e-07
3.689e-08,4.1296e-16,4.1961e-14,7.694e-09,0.0074912
0.0019729,1.231e-05,1.1262e-05,8.2503e-07,1.3122e-05
0.0019792,2.6709e-06,7.7323e-07,2.3025e-09,1.2354e-08
0.0018766,5.6753e-06,2.5218e-06,0.00022877,9.0397e-09
0.0018779,1.7731e-09,5.3968e-08,7.3455e-06,0.00037249
0.001926,2.1466e-07,8.8154e-07,0.00010015,3.3183e-05
0.0019754,4.4034e-06,0,7.9182e-06,3.6384e-07
6.1092e-05,1.4523e-05,0,0.0042784,3.7633e-05
0.001967,3.0432e-06,1.3364e-05,2.3575e-05,0
4.5578e-05,0.0014628,0.00055649,0.0038003,1.5034e-06
0.00089793,1.3958e-09,2.5978e-10,2.2066e-06,0.0040896
0.0019613,0.00013138,4.2153e-06,5.6645e-06,5.1501e-08
6.8988e-06,1.1128e-05,0.00023155,0.004021,0.00056806
1.0268e-05,0.0014923,0.0079698,0.0017794,1.3318e-08
3.7454e-09,2.675e-07,8.3489e-07,0.0044356,9.5355e-06
0,3.3109e-07,3.0813e-05,0.0044058,4.5487e-05
4.4802e-05,2.3282e-07,1.8773e-06,0.0042284,0.00018895
1.8602e-07,1.2264e-08,1.7846e-06,0.00376,0.0011481
0.0012821,8.3574e-05,0.00019791,0.00016767,0.0022258
0.0014918,0,4.1412e-09,0.00015781,0.0015796
0.0019768,2.3572e-05,0,3.896e-11,9.2372e-15
0.00044119,0.0003035,0.005819,0.0017292,5.2211e-07
8.8253e-05,0.01612,0,4.5485e-05,1.0493e-11
0.00104,0.00095585,0.0046414,0.0005197,4.8866e-05
1.8316e-07,7.3506e-06,5.7913e-05,0.0044217,1.9447e-06
0.0018906,0.00075674,0,2.5264e-06,2.9724e-10
0.00017319,0.015197,0.00031482,6.3457e-06,1.186e-08
4.934e-07,4.5816e-07,1.2245e-06,0.0044077,5.4457e-05
8.1546e-05,0,3.9812e-09,0.0016339,0.0044269
6.4062e-07,7.405e-07,2.6858e-06,0.0033153,0.0018956
1.4469e-05,0.0033668,0.011236,0.00034036,3.2197e-05
4.4548e-05,0.00034312,0.014603,0.00012868,8.3115e-08
0.0019696,6.9525e-06,2.5072e-05,1.3487e-05,1.3476e-07
0.0014241,0.00052637,0.0020485,0.00048978,6.9225e-05
2.6115e-06,3.0172e-06,0.00027324,0.0043513,1.099e-05
0.0015093,1.3736e-09,0,5.4615e-05,0.0016877
0.0019796,0,0,1.9587e-08,8.674e-09
4.9628e-06,0.016367,6.9128e-05,0.00014364,8.0972e-06
0.0019793,4.0557e-07,3.7502e-09,0,1.0487e-06
8.9765e-06,0.013159,0.0025701,0.00026866,8.2279e-08
0.0014896,0.002038,0.0016611,9.9469e-05,2.7366e-10
2.8307e-05,6.289e-08,2.9033e-09,0.004378,0
0.00029063,3.4392e-08,2.2476e-07,0.0034873,0.0005095
0.00046643,2.7849e-05,4.7212e-06,0.0033861,5.8286e-07
0.00046607,0.010415,0.0012468,0.00033161,1.634e-09
0.0019744,0,0,1.553e-07,1.9342e-05
0.0015604,2.1809e-05,0.00042694,0.0002008,0.0010347
0.0003361,0.001603,0.00011313,0.0032372,1.4194e-06
0.0019795,3.2682e-13,0,1.1264e-08,9.9043e-08
0.00036646,0.00026347,0.0023417,0.0028248,0.0001092
0.00045716,0.00050958,0.0063492,0.00076252,0.0012275
8.9598e-05,0.00016482,0.00026335,0.0041226,1.0498e-06
0.0019197,6.6787e-08,4.5512e-07,7.0716e-05,0.00010702
0.0019795,0,3.056e-10,4.6942e-09,1.0434e-07
0.001086,0.00055094,0.00038309,0.00055169,0.0020266
0.00041012,0.00048313,0.00025426,0.0031941,0.00021866
0.0019795,0,2.4986e-09,6.2399e-08,7.6193e-09
0.0019763,2.3832e-05,3.8694e-06,1.9151e-08,9.1138e-09
0.0011263,8.1958e-05,0.00060352,0.0015893,0.00022516
0.0019795,4.0466e-09,0,6.467e-08,5.2399e-09
0.0019244,1.8622e-06,7.7666e-06,0.00010633,2.4854e-05
9.966e-09,5.8223e-09,2.7716e-06,0.0041546,0.00048267
0,4.506e-07,5.986e-05,0.0040686,0.00060031
1.5841e-07,0.010873,0.0054598,6.7902e-05,6.5639e-10
0.0018722,0,1.9139e-07,0.00022164,3.2614e-05
3.0666e-05,0.0022064,0.011428,0.00057108,3.5472e-08
0.0019796,0,7.895e-10,1.7422e-12,4.0274e-12
0.00019877,1.0156e-07,1.8688e-06,1.5491e-05,0.0067121
0.0019794,5.5057e-10,5.7997e-10,2.8049e-07,7.8955e-08
6.8298e-05,3.0309e-05,1.473e-05,0.00026787,0.0067607
0.0019793,0,9.2163e-07,2.9646e-07,1.4932e-07
0.0018864,0.00026855,9.5141e-05,0.00011229,2.1301e-08
1.0743e-06,6.6986e-09,5.4769e-08,0.0044331,1.0278e-05
1.2927e-05,0.014001,0.0012278,0.00041922,6.8354e-07
0.0014855,0.0038623,0.00032338,1.1353e-05,2.1206e-08
0.0019796,1.4129e-11,7.5203e-09,0,0
0.0019746,3.9894e-09,1.1271e-08,2.5825e-07,1.8314e-05
0.0018552,1.4729e-06,2.0257e-05,0.00018668,0.00014534
0.00037164,1.9246e-05,8.2471e-06,0.00032742,0.0055203
0.0017946,0.0013081,0.00024117,6.2012e-06,2.9801e-07
9.4424e-05,5.257e-05,0.00057594,0.0040491,7.2674e-06
0,0,0,0,0
7.4246e-05,9.4343e-05,0.014905,4.1275e-05,5.5494e-07
3.1818e-08,2.0939e-06,3.5594e-05,0.0044281,4.6732e-06
0.00041313,1.7802e-06,6.353e-05,0.003001,0.00083529
0.0019793,4.6999e-08,3.3556e-09,5.2303e-07,3.7527e-08
0.00053196,3.6734e-05,1.333e-05,0.0031765,9.8179e-05
0.001792,2.0082e-08,0,7.6619e-07,0.00070867
2.732e-08,0.00047841,0.015259,8.1479e-06,4.4067e-10
2.2314e-07,1.318e-09,2.0684e-07,0.003616,0.0013915
0.0019796,1.1804e-07,1.506e-10,1.5033e-10,6.4552e-10
0.0019768,0,1.7788e-06,5.5975e-06,2.8001e-07
1.5548e-05,1.2703e-06,9.0969e-06,0.00021956,0.0070573
0.0013954,0,0,0.00090447,0.00068523
0.0019795,8.5057e-11,0,4.0998e-08,3.4105e-07
1.3372e-08,1.152e-11,3.526e-10,0.00032937,0.0069357
0.0016564,4.4486e-11,1.1702e-09,6.9715e-06,0.0012112
0.0019769,2.5629e-08,0,2.1997e-06,6.2608e-06
0.0013593,3.5605e-08,1.2691e-05,0.0012808,0.00018109
2.1766e-07,0,4.0345e-10,0.0028196,0.0027348
0.0019091,1.1168e-06,1.9023e-08,2.1215e-06,0.00026279
7.0026e-08,6.4244e-06,3.9212e-06,0.0025603,0.003168
3.6253e-06,4.6865e-05,0.00030935,0.0043331,1.3497e-06
0.0019645,8.3726e-05,4.2786e-05,0,0
1.8123e-06,4.0328e-07,8.06e-07,0.00012261,0.0072771
0.0018371,0,1.2051e-05,0.00027205,7.4629e-05
0.0019497,1.3096e-05,0.00017037,1.5422e-05,3.1534e-07
3.6623e-06,0.009245,0.0071738,2.3415e-08,2.1697e-15
0.001697,0,1.1328e-05,0.00063084,0
0.0019425,6.2525e-10,0,4.374e-05,6.6455e-05
0.0015336,0.00018266,1.2932e-05,0.00094545,6.6732e-06
0.0002412,0.011566,0.0031381,2.3018e-06,9.8735e-10
0.0017424,0,8.212e-10,2.1026e-06,0.00089406
6.1253e-06,4.9485e-07,3.8747e-05,0.004412,8.0201e-06
0.0019753,0,5.5987e-08,8.5772e-06,1.8577e-06
7.7148e-07,2.7701e-09,6.7689e-06,0.0044206,2.9166e-05
0.0019796,0,0,0,0
0.001979,4.6168e-06,4.0072e-08,5.091e-08,3.2568e-10
1.8931e-07,0.0053735,0.0017085,0.0025593,9.8651e-08
0.00020069,0.015278,3.5364e-05,2.0822e-06,5.9478e-07
1.7445e-05,0.00013693,0.00020417,0.0038056,0.00084933
1.0847e-06,6.1099e-05,0.0012669,0.0040628,4.6114e-06
0.0019736,4.7589e-07,1.0622e-06,1.2253e-05,1.1425e-06
0.00091938,1.812e-09,1.8449e-08,4.7075e-06,0.0040041
0.0019603,1.6101e-05,0.00010467,9.4271e-06,8.014e-09
0.0019796,0,0,0,0
3.1397e-06,7.7562e-11,6.7278e-09,8.2018e-06,0.0074656
0.0018614,2.1863e-05,2.9918e-05,0.00016491,0.00014529
0.0019753,5.8355e-06,7.0083e-06,2.324e-06,6.2376e-06
8.0664e-05,0.00097134,0.013787,0.00011441,1.8005e-09
0.0019783,0,2.2885e-09,7.9514e-07,3.5022e-06
0.00019259,1.0361e-07,7.4367e-07,0.0037534,0.00043145
0.0019615,6.0587e-06,0.00012824,2.2283e-06,7.9789e-07
0.0001941,0.00042832,0.00092541,0.0036288,7.4442e-06
0.00090468,8.6017e-05,0.00063978,0.002174,5.8586e-05
0,0,0,0,0
0.0010765,2.5115e-07,1.0765e-05,0.0018188,0.0003445
0.0011914,3.8718e-05,2.0638e-05,0.00077406,0.0016501
0.0019753,5.691e-10,1.0853e-10,2.1714e-07,1.5865e-05
0.0011732,0.0020897,0.0043143,4.6721e-05,2.6325e-10
0.00014092,0.015738,6.4046e-05,8.7747e-06,1.8249e-08
0.0019774,1.6938e-05,3.6663e-07,4.429e-07,2.0169e-09
6.1221e-05,2.5252e-05,3.2863e-05,0.0042695,3.1894e-05
1.4453e-10,2.3139e-10,3.7247e-07,0.0038558,0.0009879
0.0019793,0,0,5.1023e-09,8.5483e-07
0.001232,0.00011586,1.7027e-05,0.00067779,0.0016269
0.00031315,6.2705e-05,8.9606e-06,0.0036983,3.6701e-05
2.2879e-06,1.0216e-07,4.9467e-07,0.004136,0.00050645
0.00080525,4.6784e-05,0.0017044,0.0020206,0.00020365
0.0016663,0.0026504,9.507e-06,9.5683e-06,8.7525e-07
1.0607e-05,0.0080749,0.0039325,0.0011232,0.00013707
4.7452e-07,1.6897e-05,6.8732e-06,0.003753,0.0011489
0.00014557,7.5233e-07,0.00011568,0.0040817,6.4717e-07
0.0019795,3.7959e-08,0,1.9807e-07,2.3712e-08
0.0010619,0.00014523,0.001009,0.00090464,0.0014028
0.00197,2.6508e-06,7.3642e-05,0,8.1958e-09
4.5695e-05,0,5.1574e-07,3.172e-05,0.0072647
0.0019098,0.0003755,8.9965e-05,3.2316e-05,1.773e-06
7.3561e-09,6.678e-07,0.0005415,0.0033015,0.0016647
0.0019409,0.00025382,0,2.0654e-05,1.0714e-10
0.0019072,2.64e-08,1.2696e-07,0.00012481,6.3456e-05
0.0019595,7.228e-07,1.0312e-06,4.4452e-05,2.9477e-08
2.705e-06,0.016646,0.00035533,1.1376e-07,6.2996e-11
0.0019785,7.7256e-06,4.3593e-07,1.7226e-07,2.1706e-10
0.0016392,1.0056e-06,1.2158e-06,0.00015145,0.0010316
0.0019753,2.4149e-12,3.1807e-10,6.6602e-10,1.6281e-05
0.0019792,1.3926e-08,6.5686e-09,7.1292e-07,6.1756e-08
0.0019793,9.4349e-07,1.6211e-08,3.0057e-07,6.1905e-09
0.0019568,0,6.8672e-07,5.0912e-05,0
0.001979,1.0798e-07,7.648e-08,2.699e-07,1.6392e-06
0.0019715,6.6997e-05,9.9785e-07,4.1694e-07,5.3876e-09
0.0018848,5.9342e-05,0.00059189,2.9146e-05,1.3711e-06
8.7934e-05,0.0001172,0,0.0042096,6.9981e-06
0,1.1805e-06,2.7353e-05,0.0043268,0.00018006
1.0006e-07,5.4823e-10,4.5584e-08,0.00040769,0.0068033
8.578e-07,8.2554e-09,4.4423e-06,0.0044377,1.2355e-06
0.0013441,1.5103e-05,0.0013411,0.00019913,0.0014236
0.00050837,3.1715e-09,3.9036e-10,1.0493e-05,0.0055498
0.0019371,0.00019795,9.292e-05,1.7563e-05,3.7019e-08
0.0018793,1.1262e-07,2.0075e-07,2.4065e-05,0.00033879
0.00034114,0.0011785,0.00088129,0.0030651,9.3305e-05
0.0019751,3.7223e-05,1.399e-06,3.636e-09,0
0.0019017,9.3797e-07,1.1008e-05,0.0001514,3.387e-05
0.0015248,0.0031669,0.00069004,8.3257e-07,6.1582e-09
3.0934e-06,5.6813e-07,6.0896e-05,0.0030727,0.0022678
1.8099e-05,8.9616e-05,0.0002702,0.0041607,0.0002372
0.0015705,2.0284e-07,5.4625e-06,4.4941e-07,0.0015445
7.6243e-05,0.0024373,0.012768,3.0421e-05,4.3101e-10
0.00092792,0.0090483,1.0517e-05,2.1988e-07,2.777e-10
0.0019502,2.4794e-08,2.6018e-07,4.0623e-07,0.00011051
3.4722e-06,0.00026938,0.011256,0.0011851,5.8055e-08
8.5075e-07,0.00021031,0.010558,0.0014007,4.6302e-06
2.8497e-05,1.087e-08,1.9692e-05,0.0040134,0.00060496
0.0019795,6.3979e-08,1.036e-08,1.5548e-07,3.6284e-08
0.0019796,6.6229e-10,2.8097e-08,4.2337e-09,3.5886e-08
0.0016227,8.0531e-07,2.3958e-06,3.5561e-05,0.0012891
0.0019786,3.7635e-07,7.5595e-06,0,0
0.0019293,0.00010059,0.00028117,7.2784e-06,2.6078e-08
0.0014131,1.8909e-06,2.8418e-06,0.0011693,0.00016924
0,3.5867e-09,4.253e-07,0.0040505,0.00065947
7.8031e-05,0.00047361,0.00063321,0.0038859,0.00013227
0.0019732,2.4191e-05,1.2298e-05,4.0349e-06,1.0088e-06
0.0015116,0.0023637,0.0011319,0.00011361,1.8764e-06
3.418e-07,2.8996e-09,5.133e-07,0.0044287,2.014e-05
0.0019796,0,0,0,0
0.0019103,3.2464e-08,2.8274e-09,1.2621e-05,0.00024085
0.0015811,0.00053633,0,0.00074935,8.4306e-06
0.0019795,2.0363e-07,0,1.1022e-08,4.5866e-12
2.7301e-07,0.0012914,0.014211,9.1767e-05,6.9751e-09
4.6743e-07,0.00042373,0.0070584,0.002331,1.0169e-05
0.0012082,0.0052539,0.0011764,3.0129e-05,4.1089e-07
0.0019771,1.9319e-11,0,1.424e-07,9.1152e-06
0.0019755,1.3867e-07,1.4813e-07,8.4894e-06,1.0353e-06
0.00029651,0.0076235,0.0013309,0.0013846,5.1593e-05
0.001315,1.8178e-06,0.00063929,0.0012866,3.9587e-05
0.00019253,0.00035324,2.4764e-05,0.0039102,7.2374e-07
0.0019629,0.00013228,5.5558e-06,1.3668e-06,1.1181e-10
1.2857e-07,2.7204e-05,0.003733,0.0033796,8.1333e-07
1.4661e-09,5.1255e-05,0.00019422,0.0043731,5.5353e-07
0.00078133,0.0011471,0.0082185,6.9001e-05,8.9941e-08
1.684e-05,6.0376e-07,8.0069e-06,0.0043912,1.7107e-05
0.00079526,0.0010922,0.00010347,0.0007071,0.0027602
0.0015997,0,0.0030031,4.2318e-06,1.7349e-10
1.4108e-05,0.00029165,0.007863,0.0013726,0.00125
1.2369e-06,0.014775,0.0020902,8.5948e-07,2.5744e-09
0.0019796,0,1.9613e-10,9.1731e-10,5.251e-09
8.3472e-07,4.2679e-10,1.057e-08,9.4531e-05,0.0073287
5.2602e-08,3.2604e-11,2.7627e-10,1.0536e-05,0.0074734
0.0019054,6.3797e-06,0,0.00014643,3.1012e-05
0,6.77e-05,0.00061477,0.0040906,0.00026941
4.5665e-08,1.306e-05,0.00061916,0.004263,4.7718e-07
0.0019772,1.9508e-05,0,2.4529e-07,4.7083e-09
0.0019795,7.9436e-07,0,2.0033e-08,2.3379e-11
4.8193e-06,5.1012e-10,8.1176e-10,2.7607e-06,0.0074684
0.001978,4.9018e-06,1.0452e-06,1.6527e-06,6.1742e-07
0.0001679,1.0123e-06,3.1135e-05,6.7487e-06,0.0068293
0.0013785,1.9688e-07,4.0581e-06,0.0012478,0.00016797
0.0013834,8.0978e-05,7.486e-05,0.0012827,2.1485e-05
7.5344e-08,7.6299e-09,9.661e-08,0.004398,7.316e-05
0.0017093,4.548e-06,6.4591e-07,8.6074e-05,0.00087522
0.00057168,0.0117,0.00038861,2.1829e-06,8.3933e-08
0.0011654,4.0571e-07,7.6131e-06,0.0015366,0.00048575
0.00014559,6.9674e-06,0.00034151,0.0036854,0.00055869
1.0644e-06,1.5893e-05,6.8589e-06,0.0044328,5.3912e-07
0.0012004,2.0322e-06,0,0.0017399,1.3345e-05
0.001944,3.1425e-07,0.00027346,1.3205e-06,1.8686e-06
2.7914e-05,0.00077229,0.00015299,0.0041319,4.5558e-06
0,9.0443e-09,0,0.0018902,0.0043033
0.0001641,0.0054654,0.0093071,2.197e-05,7.4432e-10
5.2361e-08,9.2556e-10,4.2272e-10,4.3066e-06,0.0074839
0.00016056,1.2317e-10,0,0.0035899,0.00082892
6.2638e-09,1.4835e-05,0.00029575,0.0043528,2.4132e-06
1.0951e-05,1.5143e-11,3.3527e-10,1.5592e-06,0.0074473
4.0851e-06,3.5845e-05,0.0074422,0.0023024,3.2435e-05
1.3099e-05,0.01543,0.0013517,1.2063e-05,2.262e-08
1.0819e-07,8.5711e-08,1.2769e-06,0.0044112,5.0265e-05
0.0019753,0,0,3.4725e-06,1.047e-05
0.0019653,0,3.1759e-07,8.9974e-06,3.8546e-05
0.0014386,1.6776e-05,4.868e-05,0.00041577,0.0013155
0.0019784,3.2355e-06,1.0557e-06,1.5234e-06,9.3664e-09
0.00046369,4.0159e-05,0.010341,0.00047072,0
0.0019502,0,0.00023279,2.5247e-07,2.133e-08
0.0019705,7.2522e-05,6.3536e-07,1.2604e-06,0
0.0019796,0,6.4054e-09,4.8083e-09,3.9209e-12
2.4138e-06,2.56e-10,1.3289e-10,0,0.0074822
0.00039273,0.0023109,0.00081189,0.0027066,3.8363e-05
5.2835e-05,4.2573e-08,2.7733e-07,6.5689e-05,0.0071804
2.6943e-09,0.002153,0.0097938,0.0011152,2.1977e-07
0.0019581,0,0,1.0105e-05,6.4063e-05
1.878e-06,0.00025245,0.0088204,0.0018808,2.6279e-07
0.001944,0.00016186,6.6851e-06,3.496e-05,1.4102e-06
5.3381e-06,3.2898e-08,3.5653e-05,0.0043787,6.8882e-05
0.001977,0,1.7198e-07,5.7666e-06,1.1215e-07
0.0015672,2.2076e-06,0,0.00016064,0.0012885
3.1139e-06,6.2051e-09,0,0.0034561,0.0016503
0.0014037,8.1054e-07,3.2077e-05,0.00022914,0.0017772
0.0019573,6.3926e-06,0,4.838e-05,0
2.1856e-05,1.906e-06,0.00022986,0.0036902,0.0010743
0.0019315,1.0383e-05,3.4704e-05,1.1186e-05,0.00014197
0.0019269,0.00010447,0.00023096,1.8542e-05,1.2121e-05
0.0019796,7.0281e-14,0,8.8508e-11,6.5561e-09
4.7304e-10,2.6415e-11,9.6671e-10,0.00034729,0.0069056
2.4883e-06,3.6578e-11,8.9381e-12,6.4376e-05,0.0073733
0.00030069,1.1313e-05,1.1838e-05,0.0037525,1.3735e-05
0.0019725,1.7529e-09,4.7214e-08,1.2061e-06,2.4846e-05
0.0019738,6.1188e-06,1.8404e-06,1.0825e-05,6.1576e-10
0.0019766,2.0792e-05,4.122e-06,0,0
0.0019796,0,6.0602e-08,1.7722e-08,3.3227e-08
7.4e-05,0.00011234,0.00018556,0.0041937,2.4758e-07
0.0019796,7.4682e-08,9.3506e-11,1.786e-08,6.894e-10
0.0006409,0.003817,0.0065817,0.00014979,2.0922e-06
0.00078928,1.0102e-07,7.8758e-08,0.00021006,0.0041501
4.8506e-05,3.2821e-09,1.5644e-10,9.6426e-06,0.0072915
5.0275e-05,2.236e-10,1.0708e-09,1.9833e-05,0.0072676
0.0019692,7.18e-08,0,2.3152e-05,2.7507e-07
0.0018703,0,0,0.00024516,4.1455e-10
0.0015863,1.0238e-06,0.0001173,0.00038089,0.00078942
0.0018165,0,2.5575e-08,1.5958e-05,0.00059028
0.0019794,2.8131e-08,6.1103e-10,3.5423e-07,3.0937e-09
2.2607e-08,1.9949e-07,4.6214e-07,8.1211e-05,0.007354
0.00033027,5.7802e-11,5.4817e-10,1.9027e-06,0.0062383
0.0019775,7.5079e-07,5.1508e-06,2.4775e-06,1.0215e-06
0.0019788,1.489e-06,6.0288e-07,9.9187e-07,4.0916e-07
1.1617e-06,2.5748e-10,1.9121e-09,0.00054123,0.0065741
0,0,0,0,0
0.00048778,0.0081808,0.0043012,2.1112e-06,3.4897e-08
0.00057094,1.5723e-06,1.957e-06,0.00080923,0.0039642
0.0019796,0,0,0,0
0,0,0,0,0
0.00187,5.9123e-05,0.00028904,0.00013131,2.9697e-05
1.2301e-06,6.2737e-10,2.7544e-08,4.4744e-05,0.0074112
0.0014299,2.7797e-06,3.9235e-05,0.00097984,0.00040745
0.0015124,4.6838e-07,1.0882e-07,3.4715e-05,0.0017091
0.0019666,4.7893e-08,0,2.888e-05,5.3765e-07
0.0016205,0,0,0.00042317,0.00064508
0.0019779,2.0196e-06,9.3892e-07,8.3335e-07,3.7923e-06
0.0019737,0,3.2652e-07,1.3021e-05,2.2434e-07
0.00039318,3.0051e-08,4.5147e-09,0.00038089,0.005361
0.00014186,9.905e-09,8.9592e-07,0.0016141,0.0042317
9.6412e-06,0.00045743,0.014953,7.8369e-05,1.096e-08
1.5324e-06,0.009789,0.0066785,2.9894e-06,1.5342e-13
2.3199e-07,1.7399e-06,5.7516e-05,0.0036753,0.0012634
0.0019795,7.7091e-07,0,1.3204e-10,4.8943e-13
3.7099e-10,2.3133e-10,3.7759e-08,0.00080696,0.0061303
0.0017847,5.499e-05,0.0013401,4.2886e-05,2.6056e-06
0.0019727,2.8999e-08,4.3906e-06,1.1677e-05,4.3333e-06
0,4.4458e-09,8.8407e-08,0.0021547,0.0038571
0.0019745,8.7094e-10,4.782e-07,9.5556e-07,1.7375e-05
0.0013866,1.4009e-10,0,1.5198e-06,0.0022416
0.0019795,4.1736e-07,0,4.6998e-10,1.5499e-11
0.00016682,0.00094213,0.0045404,0.0025386,2.0387e-06
0.0019793,4.2481e-07,0,4.5458e-07,0
0.0016611,5.5738e-05,9.1361e-05,0.00067255,2.8826e-06
0.0019762,2.2895e-06,0,6.8453e-06,7.7825e-08
0.0013979,4.3865e-05,4.8652e-05,0.00051722,0.0012863
0.0019794,5.3474e-07,7.3236e-08,5.1825e-08,3.2979e-07
0.0019744,6.372e-08,9.2561e-08,2.7999e-06,1.4899e-05
0.0019065,7.1886e-09,8.0743e-08,2.4047e-06,0.0002726
0.0019616,8.2034e-05,4.3107e-05,6.6943e-06,5.4644e-09
3.7329e-07,0.013173,0.0034355,4.0113e-05,4.6029e-10
1.9003e-08,6.9199e-09,2.7861e-07,9.5418e-05,0.0073302
0.0019319,5.3083e-08,0,9.707e-05,1.6838e-05
0.0019794,6.4319e-09,1.5293e-09,1.7896e-07,2.6421e-07
0.00043826,0,6.02e-05,0.0016197,0.0030724
5.4527e-06,0.0019127,0.013874,0,2.2707e-05
1.9382e-08,9.3575e-10,2.8596e-09,5.6846e-05,0.0073954
0.00050186,1.8229e-05,0.004628,0.0020024,2.5864e-06
0.00098209,3.4156e-06,0.00010581,0.00053105,0.0028272
0.0015787,0.0015647,0.00099905,6.3465e-06,0.00034334
0.0019184,5.4875e-07,3.6879e-08,0,0.00023139
1.0855e-06,4.7417e-09,1.3204e-08,8.5915e-05,0.0073423
1.1313e-07,0.00015789,0.00050671,0.0042566,9.222e-07
0.0019763,3.6955e-07,6.2249e-08,7.0922e-07,1.1029e-05
0.0012997,7.1537e-06,2.7428e-07,0.00091372,0.0010286
0,2.2544e-06,5.2984e-05,0.0044099,2.7226e-05
0.0019789,8.3791e-07,4.5271e-06,0,0
1.3926e-06,0.0011073,0.0036018,0.0031327,6.4828e-07
0.0010915,1.433e-07,6.598e-06,0.0004473,0.002603
0.0017863,2.9895e-06,0.0013411,0,9.1501e-05
3.8543e-05,0.0087279,0.0065751,0.00022549,4.2735e-09
0.0019659,0.00011801,0,0,0
4.1036e-05,0.0033249,0.011278,0.0002989,4.3733e-09
0.0019782,0,1.4551e-07,1.8347e-06,2.149e-06
0.00075202,0.00010083,0.0039578,0.0016104,1.1197e-07
0.00085375,2.0209e-08,3.7069e-08,7.1749e-05,0.0041394
0.00053564,1.8594e-10,9.6027e-11,2.0822e-08,0.0054643
8.2758e-06,2.2263e-09,4.5831e-06,0.0043685,8.9793e-05
0.0017663,1.1945e-07,5.93e-07,0.00045607,3.7625e-05
0.001971,5.0795e-06,6.2973e-05,3.4083e-08,1.1559e-08
3.4694e-05,0.00034048,0.0062379,0.0024642,8.3337e-05
0.0016214,3.2219e-09,3.4176e-08,8.6685e-06,0.0013409
0.0019666,4.1216e-06,2.7885e-08,2.2355e-05,9.7525e-06
0.0019738,4.3178e-05,6.4171e-06,0,0
0.00038756,1.6196e-05,2.7983e-05,4.4793e-05,0.0059287
0.0019176,5.8185e-07,5.3257e-06,6.7955e-05,0.00011718
1.3859e-05,1.1583e-07,4.786e-06,0.0043716,6.3307e-05
8.3576e-07,5.8838e-08,5.1483e-07,0.00032505,0.0069397
2.1886e-05,0.016831,3.0293e-05,8.402e-07,7.5372e-10
0.0019794,8.7086e-08,3.5572e-08,6.3236e-08,4.5223e-07
0.0019795,1.6141e-07,7.3264e-09,8.852e-08,1.9335e-09
0.00093177,2.4103e-05,2.9332e-05,0.001875,0.00077828
0.0011229,0,0,0.0019212,1.4565e-06
5.2501e-05,0.0034154,0.0075893,0.0012911,2.9319e-07
0.0013819,6.8325e-07,1.6892e-06,0.00041674,0.0015577
0.0019794,8.7805e-08,0,2.1544e-07,9.9058e-08
0.0017278,1.6064e-05,8.9187e-06,9.5299e-05,0.00078081
0.0019625,8.0576e-09,0,1.7164e-05,3.5626e-05
0,5.5287e-07,4.0981e-06,0.0043378,0.00017284
3.4363e-06,1.8077e-07,8.8664e-08,5.9486e-05,0.0073779
0.0019646,2.4031e-08,2.5941e-07,3.2439e-06,5.1137e-05
0.0019792,0,1.7263e-08,8.1958e-07,1.1144e-07
0.0014744,5.0026e-08,0,0.0011068,4.5012e-05
4.2631e-08,7.613e-06,4.4637e-05,0.0044239,5.0443e-06
0.0019796,0,0,6.8316e-10,2.4387e-10
0,1.8233e-06,2.4275e-06,0.00048886,0.0066648
0.0019789,4.4005e-06,5.3731e-08,2.615e-07,2.2372e-08
0.0014064,0,5.4069e-07,0.00081451,0.00079509
0.0017012,0,4.5504e-07,0.00060239,3.7403e-05
0.00044688,6.2276e-05,4.1942e-06,6.952e-05,0.0056536
0.00022181,0.014307,0.00076879,9.7762e-07,7.8802e-12
0.0006154,1.0437e-05,1.9068e-07,0.0026675,0.0006587
0.0017847,9.2479e-06,7.8837e-06,0.00043101,2.884e-06
0,0,0,0,0
0.00038284,2.5686e-06,0,0.0035737,1.3842e-05
0.0018094,8.1598e-07,0,0.00027309,0.00018321
1.3773e-08,1.4419e-09,2.7015e-08,0.0013183,0.0052677
4.8926e-07,5.45e-05,0.002693,0.003444,0.0003742
0.001958,8.8223e-07,6.3861e-06,2.9837e-05,2.7983e-05
0.001973,0,5.2346e-05,4.5603e-08,4.747e-08
0.0019636,4.1747e-07,1.328e-06,3.2186e-05,5.3366e-06
4.9853e-06,1.4393e-09,7.8178e-09,1.0978e-05,0.0074539
4.9292e-05,0.0154,0.0011349,9.8042e-08,3.0289e-13
0.0014118,0,0.0042442,7.5522e-05,2.2309e-11
1.0642e-06,7.9022e-08,1.2204e-06,0.00012097,0.0072826
5.1541e-09,2.7781e-07,2.8844e-05,0.004401,5.4478e-05
0.0018098,6.5981e-06,0.00018056,0.00032158,1.1258e-05
0.0016099,0,0,0.00081466,2.492e-05
0.001979,1.6428e-08,9.9464e-09,1.2535e-06,1.681e-07
0.0017989,0,0.001436,0,0
0.00064558,9.9415e-08,7.7996e-07,0.0029057,0.00014701
0.0019796,0,0,0,0
9.2858e-05,0.0041541,0.010806,9.9919e-05,4.9523e-09
0,0,0,0,0
5.519e-08,3.8883e-09,6.4208e-07,0.001461,0.0050267
6.1675e-05,0.016508,1.4695e-05,8.8911e-08,4.074e-09
1.0589e-06,5.2937e-07,0.0004923,0.0040883,0.00035708
0.0019667,7.2715e-09,2.2816e-08,2.8537e-05,6.3981e-07
0.00074649,2.4342e-05,1.809e-05,0.0025712,0.00031043
3.1069e-05,2.1056e-06,1.7982e-05,0.0035957,0.0012997
0.0017889,0,0.00012564,1.8391e-06,0.00065864
1.7842e-08,1.6059e-06,2.6262e-05,0.0044269,1.148e-05
0.0019796,0,1.2222e-07,7.1603e-09,1.0582e-10
0.00014784,0.00066658,0.013877,1.7628e-05,7.5354e-09
0.00024166,3.1961e-05,0.0066598,0.0020097,1.2678e-06
0.0019796,0,0,2.8693e-09,6.0427e-09
0.0018895,3.3486e-05,5.1644e-05,0.00012208,9.5525e-05
0.00011189,2.3427e-06,0.0001268,0.0040688,0.00014389
0.0019795,1.5646e-12,9.6065e-11,0,1.92e-07
0.0011038,0.0054586,0.0019211,7.2238e-07,3.211e-07
0.0016583,0.0026388,7.0674e-05,1.3171e-05,9.4484e-07
0.0017796,8.0509e-06,3.0689e-07,0.00029207,0.00026035
0.0019787,0,2.1223e-06,1.4117e-06,0
1.3611e-05,6.8955e-06,7.1057e-05,0.0043875,2.784e-06
3.5759e-06,0.00015922,0.00018131,0.0043353,9.4129e-06
0.001973,0,0,8.0499e-07,2.3434e-05
5.8357e-05,0,0,4.5739e-05,0.0071933
0.0018886,0,7.3508e-05,0.00018279,9.9524e-07
0.0019057,9.0629e-09,1.8661e-08,0.00015675,1.5356e-05
3.9245e-08,6.9119e-07,8.1127e-07,0.00067145,0.006358
0.0019636,2.3632e-08,1.7484e-07,3.5014e-05,1.4585e-06
0,7.7172e-07,7.1243e-06,0.00093015,0.0059188
0.0019196,2.7865e-09,4.4793e-07,7.853e-09,0.00022672
2.7061e-05,5.4438e-08,1.955e-08,0.0036711,0.0011971
0.0016676,0.0013018,0,0.00036095,1.5794e-08
0.0019638,0,3.7639e-08,1.4763e-05,3.462e-05
0.0019746,0,1.1477e-08,1.0851e-05,5.7235e-07
9.7464e-07,0,1.1148e-09,0,0.0074876
0.0019782,1.0444e-06,1.0027e-05,0,0
3.0758e-06,6.5587e-10,1.1705e-07,0.0011908,0.0054712
5.5703e-06,2.1398e-06,8.6339e-06,0.00077504,0.006158
1.5858e-05,3.8596e-07,2.8637e-05,0.0043897,1.3656e-05
0,0,0,0,0
0.0019606,0.00015982,3.1598e-06,1.6295e-08,3.2397e-11
8.9536e-06,0.00077736,0.0078611,0.0019977,2.5887e-06
0.0019725,2.3366e-09,0,1.5447e-05,6.9416e-07
6.1219e-07,0.00075952,0.0030453,0.0033694,2.2144e-05
0,0.011719,0.0018491,0.00086737,1.9895e-07
0.0019696,0,0,1.205e-07,3.7595e-05
1.0909e-05,6.5562e-09,0,8.278e-06,0.0074361
0.0019761,0,3.6472e-10,5.302e-07,1.2116e-05
4.0557e-07,0.013932,0.0027288,4.1947e-05,7.6941e-10
0.0019753,1.0813e-05,3.9422e-07,3.5763e-06,5.382e-06
0.0010352,1.4745e-07,0.00015135,0.0017756,0.0005071
0.0019777,0,1.357e-05,4.7369e-07,0
0.0019599,0.00015639,1.1341e-05,1.8915e-07,7.0473e-09
0.0011005,8.1091e-05,0.0033973,0.00099201,0
3.4179e-06,2.9819e-05,0.015386,0,0.00013758
2.5086e-05,4.5353e-08,8.5575e-05,0.0043155,7.6998e-05
0.0019794,5.1582e-07,1.1784e-06,2.5804e-09,1.3458e-10
0.0014144,0.0041273,0.00067084,3.7195e-06,1.8533e-08
0.0010514,4.2327e-05,0,0.0020693,3.9458e-06
0.001835,1.6388e-10,0,9.3323e-07,0.00054545
2.5888e-06,9.5937e-10,0,3.047e-07,0.007481
3.6028e-05,7.2221e-07,3.8443e-07,0.00055225,0.006423
0.001979,1.0797e-08,0,1.1263e-06,1.737e-07
0,0,0,0,0
7.4867e-07,0.0092471,0.0071887,1.7973e-06,3.1402e-14
0.0017609,0.0017039,8.5888e-05,2.2541e-05,1.4965e-08
0.00081117,0.0097454,0.00026415,9.0373e-06,2.3144e-09
0.00017709,0.0021282,0.0032639,0.0025639,7.4953e-06
0,0,0,0,0
2.9535e-06,2.1895e-08,3.1025e-07,0.00015591,0.007217
0.0019553,7.1682e-05,2.0617e-06,3.5256e-05,1.3398e-08
0.00031679,0.012543,0.0016416,6.8671e-07,1.1957e-10
4.468e-07,5.2136e-08,3.8529e-06,0.0043691,0.00011872
0.0019781,1.6367e-11,0,3.2038e-07,5.1794e-06
0.0017814,0.0016127,8.6273e-05,3.8175e-07,0
0.0018692,0.00031823,0.00021941,5.9939e-05,7.2236e-05
0.0014846,9.6253e-06,5.0201e-05,0.00035529,0.0012458
0.0016068,2.8522e-10,1.3023e-09,6.5666e-06,0.0013996
4.1898e-08,0.00014728,0.014686,0.00025607,4.2461e-11
5.1302e-05,1.4037e-05,0.010385,0.0013904,9.4865e-09
0.0019796,3.1994e-10,0,3.5052e-08,2.7526e-08
0.0015525,0.0032844,0.00034526,5.4009e-06,1.2905e-07
0.0019796,3.3064e-14,0,2.3662e-09,0
0.0019796,1.9569e-07,0,0,0
3.0181e-06,1.7039e-07,3.8248e-06,0.0041302,0.00051186
0.0014884,3.4276e-11,6.9784e-12,2.5505e-06,0.0018543
1.9059e-06,0.00032351,1.4878e-05,0.0043463,4.3293e-06
4.4028e-06,5.7173e-06,0.00015163,0.0035525,0.0014081
0.00018424,0.0092453,0.00020022,0.0014147,0.00025167
0.0015816,5.9904e-06,0,0.00089026,1.9781e-06
0.0014797,8.855e-06,5.335e-05,1.4202e-05,0.0018383
4.1793e-06,0,0.00060681,0.0042609,0
0.0015132,1.4295e-06,0.00073459,5.6124e-05,0.0013196
0.001839,2.2337e-05,0,0.00030942,1.9878e-07
0.0015188,1.6478e-08,6.1069e-09,8.113e-05,0.0016068
1.2642e-06,6.1468e-07,4.1776e-06,0.0043947,7.2e-05
0.001925,3.6208e-09,0,2.3295e-05,0.00016732
0.0019796,1.3585e-08,8.1469e-11,8.6492e-09,8.1581e-10
7.4908e-06,2.8354e-08,8.1326e-05,0.0043556,7.7928e-05
9.645e-09,2.7376e-09,1.0274e-08,0.00018624,0.0071772
0.00044259,1.1094e-06,4.6736e-07,0.0027156,0.0012355
0.0019533,4.5015e-08,0,5.8683e-05,5.9858e-07
0.0019727,3.1341e-09,8.0287e-09,1.1803e-06,2.4049e-05
0.0015894,8.5037e-06,1.2823e-05,0.00077664,0.00015678
0.0008325,0.00011081,5.6614e-05,0.0024096,0.00020113
0.0019763,3.3265e-07,2.4886e-05,1.9821e-07,0
0.001969,2.494e-09,7.4017e-09,1.1927e-05,1.9955e-05
0.00078672,0.0032995,0.00032218,0.0016387,0.0001476
0.00067239,6.5251e-08,0,0.0028744,9.8762e-05
6.2647e-06,0.0021816,0.009992,0.0010364,2.5423e-06
0.0013798,0,1.0076e-05,0.0013415,2.5361e-06
0.0019689,6.0178e-05,2.9013e-05,1.7973e-07,0
4.6543e-06,7.7947e-06,5.0944e-07,0.0044091,3.343e-05
0.0019772,7.4735e-11,4.3551e-09,1.8966e-09,8.8048e-06
0.0019796,0,6.2847e-10,2.0305e-08,4.4506e-09
0.0019796,2.085e-10,2.0807e-09,7.8916e-10,1.3822e-08
0.0019794,9.3777e-07,8.455e-08,1.1248e-07,2.0966e-09
0.0019792,3.7995e-07,3.2793e-08,7.8259e-07,2.0735e-08
0.0018738,0.00061123,0.00021917,8.9573e-06,1.2484e-05
0.0019775,5.6065e-06,5.1222e-07,3.0614e-06,1.0846e-10
0.0019796,3.7656e-13,0,3.8862e-11,1.3224e-08
0,2.7694e-06,0,0.0044409,0
9.846e-07,3.669e-11,1.1174e-08,6.1287e-05,0.0073842
0.001967,9.6597e-05,1.0645e-05,4.4312e-08,0
0.00011824,0,3.2748e-07,0.0034951,0.0011488
0.0016445,0,8.1981e-07,0.00041242,0.00057188
0.0019792,5.6857e-07,1.1918e-07,5.7788e-07,2.1184e-09
0.00049501,5.4175e-08,1.8788e-07,0.00012905,0.0054003
0.0018245,2.0139e-06,2.1143e-06,2.1752e-05,0.00054834
4.7755e-05,3.8834e-09,5.0112e-07,0.0005088,0.0064522
0.0019796,0,0,0,0
0.0019791,1.3386e-07,4.2588e-07,0,1.4149e-06
0.0016377,1.8913e-07,3.4098e-06,0.00047766,0.00048653
0.0019779,0,6.9476e-12,6.0706e-08,6.0744e-06
0.00099453,5.4298e-07,3.1019e-06,0.0022089,3.2592e-07
0.00086225,0.0017095,0.0011746,0.0010992,0.0010642
0.0019683,1.4652e-07,8.9353e-07,0,4.2155e-05
0.0019704,4.0251e-05,3.2206e-05,8.729e-07,1.1173e-07
0.0019147,8.5867e-11,0,4.2462e-05,0.00017408
0.0019748,1.7636e-05,1.3272e-05,2.2112e-06,1.6511e-07
2.2235e-07,0.00022768,2.9055e-05,0.0043646,1.5081e-05
0.0017215,0.0017663,4.0057e-05,3.9099e-05,0.0001159
8.3641e-06,8.8558e-12,1.0449e-11,9.5207e-05,0.0072991
0.00028231,0.00022173,0.0004846,0.0036098,6.3986e-06
6.4987e-05,6.629e-09,7.8331e-09,8.0704e-05,0.0071093
0.0019796,0,0,0,0
0.0019795,1.0279e-07,0,2.0317e-07,0
1.1831e-07,0,2.151e-08,0,0.0074909
0.0019308,0,0,0.00010926,2.5752e-07
1.3688e-10,4.1073e-11,4.2965e-10,0.00010417,0.0073156
3.7669e-08,3.0962e-08,3.421e-08,0.0041132,0.00055363
5.4827e-06,0.0001339,3.75e-05,0.0043258,9.7897e-05
9.2877e-06,8.7084e-05,0.015454,3.4155e-05,3.7307e-08
3.5325e-05,6.6516e-06,0.00063543,0.0012047,0.0050202
5.2195e-06,0.0036411,0.012329,2.0605e-07,4.2952e-13
0.00044301,0.00066118,1.0292e-05,0.0032653,1.2108e-05
0,4.9078e-08,1.6717e-05,0.0044041,5.5259e-05
8.179e-07,9.722e-06,2.3837e-05,0.0043774,8.9545e-05
5.9933e-08,3.7934e-14,2.1185e-12,5.7508e-07,0.0074901
3.2845e-06,0.00098167,0.00074529,0.0039517,2.7642e-05
0.0014576,0,2.3755e-05,0.0011645,1.5025e-09
0.00089346,1.3413e-07,0,0.00018445,0.0037991
0.0019796,0,0,0,0
2.6181e-06,2.9663e-09,0,0.0023286,0.0035539
0.0019758,6.4723e-09,0,8.109e-06,7.9316e-07
2.1996e-06,2.8077e-08,1.4128e-06,0.0042972,0.00023445
0.0019786,0,0,2.0975e-06,3.4659e-07
0.0013219,0.0014639,0.00027847,0.00034856,0.0011254
0.0013206,0,0.0015738,0.001033,1.7834e-06
8.8346e-06,1.9088e-07,5.6788e-06,0.00042238,0.0067427
0.0019796,1.5636e-11,0,0,3.0869e-10
0.0019655,8.5665e-09,0,3.1644e-05,7.7205e-09
0.0019789,1.0305e-10,1.8413e-11,9.9639e-08,2.4436e-06
0.0014689,1.9245e-09,4.7179e-05,0.0011312,1.9986e-06
0.0019785,6.0874e-06,0,7.2836e-07,4.3296e-11
0.0016871,8.5111e-10,0,2.4333e-07,0.0011064
2.9422e-06,0.0005524,0.0027895,0.0035002,5.3612e-06
0.0019796,5.0208e-11,0,2.8745e-09,2.7912e-08
0,0,0,0,0
3.8715e-05,4.2198e-05,0.00016131,0.0042965,2.8318e-06
0,4.67e-07,9.7057e-06,0.0041067,0.00056
2.3034e-06,3.4351e-07,2.8699e-06,0.0042594,0.00029707
3.9137e-06,1.7504e-07,2.7509e-07,0.0044083,4.114e-05
0.00050544,0.0041734,0.0038108,0.0010798,0.00010927
0.00051135,2.139e-05,1.6875e-05,0.0029528,0.00055842
0.0019748,6.349e-06,1.0123e-06,8.6939e-06,2.2364e-07
0.0019757,3.4968e-06,2.796e-06,5.6044e-06,2.4239e-06
0.0019794,1.4293e-09,0,2.7337e-07,2.0332e-07
0.0019791,1.9172e-06,0,5.3193e-07,6.6895e-11
0.0014656,0.00026953,0.00064852,0.00089525,7.8905e-06
0.00061282,0.0036502,0.0056993,0.00050662,6.6052e-08
9.124e-07,3.8299e-06,0.00040253,0.0043248,1.2426e-07
6.3625e-06,0.00090588,0.0049109,0.0028046,7.5697e-08
0.0019796,0,0,0,0
0.0017034,0.001163,0.0011155,1.7346e-06,0
0.0019664,0.0001059,0,1.8901e-06,5.4281e-09
4.0773e-05,0.016491,0.00019344,7.7444e-07,1.1597e-11
0.0018779,0.00032612,0.00048684,5.7452e-06,1.0968e-09
0.0016367,2.3671e-06,2.0096e-05,0.00060301,0.0002698
6.8173e-07,1.7659e-10,2.1315e-08,0,0.0074887
0.00081165,4.6982e-06,0.0044386,0.00046592,0.0015179
2.4687e-05,4.6101e-07,3.4359e-06,0,0.0073961
