2.165e-10,3.1595e-14,2.4332e-12,1.3915e-08,0.0045924
0.0010323,2.5155e-07,6.762e-06,0.0015617,0.0012029
1.6641e-06,8.1209e-06,0.0071766,0.0055713,6.2631e-05
0.0018522,2.284e-05,9.8802e-06,6.9433e-07,6.9047e-07
0.0018537,2.1768e-07,4.4259e-06,1.3014e-06,4.8805e-06
0.0017735,3.6523e-14,3.2311e-13,1.4332e-10,0.00020495
0.0014729,3.1582e-07,2.6711e-06,0.0017739,2.1792e-07
4.1505e-05,0.0097105,0.0071135,4.829e-07,1.6173e-12
0.0017561,3.5881e-08,2.1037e-07,9.0312e-05,0.00019957
0.0017759,0.00063644,2.3576e-05,9.9314e-08,3.2633e-10
0.0018424,0.00011245,0,3.208e-07,5.6296e-09
0.00178,0,0,2.0256e-05,0.00017806
0.0018563,0,4.6311e-08,0,0
9.534e-05,0.0074858,0.0088983,0.0002987,4.9535e-08
0,0,0,1.6126e-05,0.0045837
0.0018344,0,0,7.4851e-05,1.416e-05
0.0018078,5.2652e-07,1.5014e-06,8.7011e-05,7.299e-05
2.3665e-05,5.098e-10,5.1595e-09,2.0401e-06,0.0045327
3.8169e-10,3.2067e-15,2.7618e-11,6.7949e-07,0.004592
0.0018559,1.5946e-09,6.9414e-10,7.9812e-09,1.0917e-06
5.7506e-05,4.2434e-12,5.0011e-09,1.3816e-05,0.0044427
2.0607e-07,8.0394e-08,4.5656e-07,0.00038612,0.0043855
6.14e-07,0,0.021145,6.1815e-05,8.6128e-09
1.6611e-06,1.6787e-12,9.252e-12,3.8053e-09,0.0045882
0.0018385,0.00011418,4.3803e-05,0,9.1033e-09
1.8018e-05,0.00056776,0.018499,0.00072531,2.2367e-09
7.6753e-06,2.5238e-12,1.3441e-11,5.1157e-10,0.0045734
1.1808e-05,0.0049154,0.013891,0.0001359,3.2504e-09
0.0010134,0.00034271,0.0089306,0.00010377,6.5047e-07
0.0015265,1.4648e-07,3.7996e-07,1.4311e-07,0.00081581
6.4184e-05,5.1517e-16,1.651e-13,3.5089e-11,0.0044336
0.0018557,4.8216e-11,0,1.1791e-07,1.3893e-06
5.409e-05,7.9639e-10,1.3975e-07,2.7616e-06,0.004457
0.0018526,7.7311e-15,0,1.0129e-10,9.2972e-06
0.00023051,0.0069129,0.00031083,0.0024524,0.0005406
2.9627e-05,6.05e-10,5.7608e-07,0.00085474,0.0040623
6.3523e-05,4.2976e-12,7.7707e-11,1.6763e-07,0.0044351
0.0018482,9.1024e-08,2.2746e-07,2.3608e-06,1.8669e-05
2.3335e-05,0.00061947,0.019935,9.1251e-05,2.8698e-07
0.0018541,5.6895e-06,4.946e-06,5.0097e-06,3.052e-09
0.0018128,3.8304e-06,0.00037216,4.8256e-05,5.4251e-07
0.0018563,0,0,0,0
0.0018555,4.1982e-06,1.082e-06,8.2902e-07,1.7176e-09
0.0013156,2.4273e-09,6.1274e-08,1.1043e-05,0.0013318
3.6504e-05,3.5837e-09,1.2996e-08,0.0015078,0.0036966
0.00012117,3.1227e-05,0.0015006,0.006816,0.00031851
0.0018562,0,0,7.3439e-09,2.4004e-07
0.0018509,3.2719e-05,1.3967e-05,1.0058e-06,2.8445e-11
0.0010704,4.895e-11,1.6397e-09,1.4149e-07,0.0019443
1.7763e-06,1.8608e-07,7.5932e-07,1.6843e-05,0.0045787
0.0018562,1.7707e-12,5.5703e-12,9.5315e-10,3.2846e-07
0.0018349,2.2788e-12,3.4213e-10,0,5.2921e-05
0.001855,5.8582e-08,3.2054e-07,3.5602e-07,3.0222e-06
0.0018078,5.037e-05,0.00018657,0.00011651,2.2235e-06
0.0018547,7.3574e-06,1.3088e-06,2.6042e-06,7.0092e-09
0.0017185,7.0922e-06,3.1653e-05,0.00061639,2.7943e-06
1.2507e-06,3.0007e-09,4.2733e-07,0.00025316,0.0044539
0.001854,3.0813e-08,8.8944e-08,7.3879e-06,1.7673e-06
0.0018556,3.3333e-12,3.163e-11,1.6762e-09,1.7016e-06
0.0018544,9.5421e-06,8.2789e-06,0,1.1963e-08
0.0018563,0,6.9755e-14,0,0
0.0018503,1.9378e-07,4.4039e-07,9.2674e-08,1.4821e-05
0.0015354,0.0025692,5.4467e-05,5.4268e-08,4.9744e-11
0.0018562,6.1117e-08,1.7267e-07,0,2.5299e-07
0.0018505,2.9465e-06,6.5418e-06,1.3195e-05,5.1419e-06
0.00031153,0.01252,4.7295e-05,4.7655e-09,1.4945e-11
0,0.00096178,0,0.0028003,0.0028036
0.0013941,1.6249e-05,4.2072e-05,0.0020979,8.8602e-06
0,0,0,0,0
0.0018562,6.7679e-08,5.9151e-08,3.7194e-07,5.072e-08
0.00049176,0.0014198,0.013654,8.6788e-07,1.3421e-08
0.0015547,1.0989e-09,0,0.00099574,0.00021428
0.0018491,8.0919e-08,4.0047e-07,6.7382e-06,1.4106e-05
0.0018309,0,0.00012604,6.653e-05,2.3506e-07
0.0018562,0,0,2.1777e-07,1.1427e-07
0.0018494,5.5835e-05,2.3806e-07,1.2478e-11,4.1793e-12
6.6473e-05,0.012844,0.0006669,0.00069892,6.8823e-07
9.9331e-06,3.0545e-11,9.5034e-09,2.1146e-07,0.0045677
3.4e-05,0,0.020915,0,1.4707e-09
0.0018557,2.3788e-12,0,5.5765e-09,1.5059e-06
3.5353e-05,0.014273,0.00072929,4.0135e-06,4.0685e-07
1.25e-05,7.6931e-05,0.021003,0,1.0682e-05
0.0017711,0.00056042,0.00017852,3.0737e-06,9.2247e-09
2.2592e-06,0.015019,5.2679e-05,6.2061e-06,3.0745e-09
0.00061375,0.00026647,6.4452e-05,0.004264,0.00070113
0.0018563,0,0,0,0
0.0018563,8.342e-09,1.2774e-09,0,2.4932e-09
0.0009923,0.0018493,0.0060769,0.00049517,1.5856e-07
0.00089839,0.0062444,0.0015703,0.00024349,3.476e-07
0.0018553,5.6046e-06,2.8896e-06,1.6865e-08,1.567e-07
4.5278e-07,1.2062e-10,5.0743e-09,2.2413e-07,0.0045911
0.0018563,1.3757e-09,0,4.7994e-08,1.3303e-07
0.001817,5.1475e-07,7.0426e-09,1.8193e-08,9.7175e-05
0.0018541,0,4.3003e-08,1.0346e-05,0
0,0.014857,0.00010639,8.7422e-05,3.0284e-10
0.0011586,0.00044523,0.0019096,0.0019472,0.00013866
0.0018536,4.055e-08,6.749e-08,5.9248e-06,3.5727e-06
1.0487e-05,6.233e-05,0.00020007,0.0084316,1.1284e-07
0.0018562,5.5518e-12,7.1871e-12,8.4605e-11,2.1768e-07
8.8833e-06,0.0049013,0.0047617,0.003768,3.9058e-05
0.00018509,0.012563,0.0010807,0.00014289,8.4398e-07
3.5227e-06,5.521e-08,3.0505e-06,0.004112,0.0023863
0.00098608,1.0311e-08,3.6396e-06,4.1858e-05,0.0021298
0.0018462,8.2077e-05,0,2.9777e-07,1.2514e-10
0.0018563,0,0,3.0706e-11,0
0.0018559,0,0,8.5732e-10,1.0192e-06
0.0017986,1.3415e-10,0,3.1573e-07,0.00014269
1.0731e-07,1.642e-09,4.6198e-08,0.00012261,0.0045266
5.9155e-10,5.722e-14,3.7504e-12,2.2739e-08,0.0045923
0.0018563,2.1002e-07,1.7798e-08,5.7573e-08,1.3877e-08
0.0018558,9.6454e-07,7.1121e-08,3.109e-08,1.0325e-06
5.8766e-06,0.0013707,0.009428,0.0037809,0.00010859
0.0018036,0.00036165,0,3.6856e-05,5.9401e-07
0.0018549,1.8973e-06,4.5665e-06,2.8841e-06,3.66e-07
2.6819e-08,4.4789e-09,6.7054e-08,0.00016523,0.004504
0.0005926,8.8392e-05,8.3768e-05,0.00576,4.3628e-06
0.00091093,0.0054972,0.0030868,0,2.2655e-10
0.001414,5.9937e-08,5.4533e-06,0.00035283,0.00090458
7.3704e-05,2.996e-06,0.00036631,0.008105,4.039e-07
0.0018559,2.8398e-06,4.0956e-07,2.4651e-07,3.1323e-09
0.0017103,5.2528e-06,0.00048851,0.00036019,6.1978e-05
0.00019447,0.0050226,0.0034201,0.003406,2.5549e-05
0.0018563,1.2836e-11,2.0559e-12,7.9987e-13,7.7835e-09
2.4173e-05,3.2635e-05,0.0010776,0.0080306,3.6771e-07
0.00010926,0.011788,0.0013333,0.00083486,8.0824e-08
0.00066446,9.6884e-11,4.5022e-11,5.8245e-06,0.0029454
0,0,0,0,0
0.001744,0,0,0.00051531,2.7328e-06
0.0015963,0.00011171,3.4658e-05,0.0011244,1.2068e-06
0.0018553,2.8606e-14,6.7529e-13,4.0839e-11,2.4809e-06
0.0018529,1.771e-09,0,1.8925e-09,8.4555e-06
4.6033e-05,6.75e-06,4.0084e-05,0.0083429,1.0977e-05
0.00018462,8.3476e-14,2.6132e-10,3.6771e-06,0.0041337
4.9364e-08,4.5851e-12,5.4687e-10,2.3211e-08,0.0045922
0,0,0,0,0
0,0,0,0,0
0.0017765,0.00019023,0.00058108,2.4969e-05,1.0339e-06
1.6123e-05,4.9393e-10,2.8634e-07,0.001203,0.0039097
0.0017595,1.9485e-05,2.1129e-06,0.00016585,0.00014457
0.00014559,0.0092593,0.006557,1.7601e-07,1.8822e-12
0.0018563,1.1455e-09,0,6.9066e-09,2.5617e-09
0.00012511,0.011784,0.001999,0.00049528,1.9762e-08
1.6171e-06,8.4338e-08,3.111e-08,7.0778e-05,0.0045505
0.00043529,0.0062659,0.00040295,0.0028417,3.0824e-06
0.0018562,3.7444e-07,4.1603e-08,1.5508e-07,2.1437e-08
0.0010726,1.8385e-11,2.3896e-09,5.2839e-06,0.0019361
0.0010324,0.00047207,0.003222,0.002065,9.6837e-05
0.0018559,9.9325e-08,2.4153e-07,5.9668e-07,5.8224e-07
4.0914e-08,6.8495e-14,7.4012e-09,2.6934e-07,0.0045921
1.6083e-07,1.3758e-14,0,2.5713e-06,0.0045906
0.0018522,6.3242e-06,0,1.1816e-05,2.101e-06
6.2115e-05,1.8893e-05,0.00066084,0.00048422,0.0040318
0.0017777,2.2692e-10,4.7922e-07,0.00036385,0
0.00070789,9.3023e-15,0,1.1171e-09,0.0028411
2.6745e-05,1.6984e-09,9.8941e-06,0.0084441,1.3199e-05
0.0018543,3.3591e-06,7.4497e-06,3.7993e-06,3.101e-07
0.0014385,5.3419e-13,3.6191e-12,5.8894e-09,0.0010338
2.0009e-06,4.9027e-13,6.5333e-12,3.7317e-09,0.0045874
0.0018079,0.00039283,1.0577e-06,2.8878e-08,5.7011e-08
0.00043348,0.0058406,0.00013091,0.0011339,0.001108
0.0018558,3.0602e-10,6.4795e-10,3.1484e-08,1.3445e-06
0.00025112,2.9808e-10,1.018e-10,5.1879e-08,0.0039711
2.5883e-05,0,0.021006,6.5961e-07,2.1189e-10
0.000163,7.4014e-11,1.5564e-09,1.1673e-08,0.0041891
0.0018407,9.7774e-13,5.8912e-12,5.5694e-09,3.8625e-05
0.0012885,7.437e-05,8.0696e-05,0.00035472,0.0011753
0.001855,1.144e-08,4.7377e-07,5.4112e-06,1.9712e-07
0.0017378,2.0639e-07,3.1548e-05,0.00049809,2.0327e-05
0.001818,1.9906e-07,0.00016251,7.8453e-05,1.7891e-05
0.0003715,0.0061887,0.0042189,0.0016431,2.2186e-06
0.001536,8.8565e-14,6.2771e-11,2.1297e-09,0.00079257
1.9448e-06,4.5503e-15,1.8045e-12,8.1714e-11,0.0045875
1.3861e-07,4.0748e-11,1.2771e-09,0.00023816,0.0044648
0.0018312,5.3297e-05,3.6841e-05,6.9728e-05,7.2459e-07
0.00027564,1.0723e-05,0.00027124,0.0069555,0.00013305
0.0018563,0,0,2.9378e-07,5.2128e-12
0.00027595,0.011496,0.0018895,5.2877e-06,3.8096e-11
0.0017557,3.941e-10,1.4574e-06,4.7271e-05,0.00022336
0.0018422,0,0,0,3.4925e-05
6.361e-07,3.6869e-06,0.020982,0.0001223,1.5858e-06
0.0013265,0.0021009,0.0030099,4.2122e-05,5.6294e-09
0.0018536,1.5765e-14,0,1.3666e-10,6.6887e-06
3.674e-06,0.013073,0.0014171,0.00055307,2.5068e-06
4.8961e-06,4.7348e-11,1.0144e-10,1.2214e-06,0.0045796
0.0018452,8.8236e-05,2.5874e-06,1.3197e-08,1.723e-09
0.0012715,7.8307e-15,0,1.3137e-07,0.0014468
0.001727,2.2861e-06,8.7734e-06,0,0.0003173
0.00015764,0.0067119,0.001918,0.0032665,7.3611e-07
4.229e-07,0.014116,0.0012845,3.1853e-05,3.47e-07
0,0,0,0,0
0.0018559,1.0369e-07,4.4831e-06,0,0
0.0018254,0.00020855,2.2368e-05,8.4724e-06,3.762e-06
0.00096443,3.9016e-16,1.5323e-13,1.0667e-11,0.0022065
0.0018204,4.0874e-08,2.4382e-05,6.0322e-05,5.1348e-05
0.00020365,3.7957e-11,7.8182e-10,2.6061e-09,0.0040886
0.0018563,0,0,1.6443e-08,2.4186e-08
0.0014315,8.6038e-06,0.00014631,7.9192e-06,0.0010127
8.0017e-05,0.013366,0.00068741,0.0003127,1.0262e-05
0.0018284,0.00014931,8.4369e-05,7.5991e-06,1.5147e-06
0.00151,1.8756e-08,0,0.00141,0.00010358
0.00068399,0.00045354,0.00056028,0.004922,1.2026e-05
0.0018563,0,0,0,0
0.001855,0,0,7.659e-08,3.2067e-06
0.0018561,9.768e-11,1.9161e-09,2.4283e-09,6.6549e-07
6.1525e-06,1.3222e-11,1.7297e-05,2.126e-05,0.0045621
1.7027e-05,3.4574e-12,6.1987e-09,1.203e-06,0.0045496
0.0018539,4.268e-09,9.9906e-09,4.8019e-07,5.7228e-06
0.0018563,2.0717e-10,1.9097e-09,6.294e-09,4.4411e-08
0.0017657,0,0,2.3284e-08,0.00022427
0.0014062,4.1068e-06,0.0011811,0.0015983,3.8806e-06
0.0018562,1.1191e-07,8.2559e-08,5.1579e-08,1.3107e-07
0.00012583,2.4465e-08,1.3545e-09,1.5339e-07,0.004281
0.0017783,7.6428e-06,0.00077503,3.4846e-05,5.1571e-06
0.0005047,0.010282,9.2194e-05,0.00035651,3.3259e-06
9.418e-09,6.203e-07,2.7404e-05,0.0031328,0.0029127
0.0018287,1.0061e-08,1.4958e-07,1.0322e-05,6.2731e-05
0,0.014862,0,5.118e-05,4.0563e-05
1.4406e-07,4.2503e-10,1.2033e-09,1.1624e-06,0.0045914
0.0018563,3.4349e-12,8.0234e-12,6.7097e-11,2.6135e-10
2.6288e-05,1.2398e-08,1.6446e-07,0.0042135,0.0022764
2.0588e-05,2.7884e-11,1.9063e-08,4.0902e-08,0.0045414
3.4688e-05,0.0011003,0.019201,5.5754e-05,2.9134e-06
2.6865e-06,5.5889e-11,1.2418e-08,7.981e-07,0.0045853
4.9154e-06,1.6213e-06,3.6473e-05,0,0.0045718
0.001783,2.3294e-08,6.0066e-08,0.00033765,1.0871e-06
4.9575e-07,8.2141e-13,8.1878e-08,1.0102e-07,0.0045911
0.0018503,2.7744e-05,7.1785e-06,7.5851e-06,7.9283e-07
0.00034145,2.8424e-05,0.00027848,0.0054106,0.0007886
0.0017947,1.1199e-10,1.1018e-09,1.4907e-09,0.00015248
8.1985e-06,3.5614e-08,1.5128e-06,0.007405,0.00061594
0.0018277,3.8753e-07,1.0576e-06,1.5758e-07,7.0449e-05
0.00016753,2.5626e-11,1.0734e-09,9.6807e-08,0.0041779
0.0015845,0.00012377,0.0025307,0.0001655,9.0014e-07
0.0013531,0.0002382,0.0053414,3.9455e-05,5.2184e-08
1.459e-05,0.014912,7.2822e-05,1.874e-06,9.0734e-09
0.0003029,1.665e-10,2.5933e-08,8.9639e-07,0.0038425
0.0018563,9.0821e-11,0,5.5311e-08,4.6809e-09
0.00020626,1.5665e-07,6.6607e-06,0.0073209,0.00016972
0.0018538,6.8524e-08,0,1.1851e-05,1.3718e-08
6.6224e-06,2.6044e-06,0.0015727,0.0079261,2.0106e-06
0.0018353,3.2572e-09,1.5778e-07,4.8239e-08,5.2016e-05
0.0018563,0,0,1.6156e-10,1.8398e-08
0.0018495,3.4691e-05,2.1139e-05,3.2084e-06,1.8961e-08
0.0016481,1.1685e-08,1.6265e-07,0.00047238,0.00026275
8.4896e-08,6.6762e-09,2.4352e-07,0.00010254,0.0045373
0.0018491,2.6614e-05,1.6957e-05,3.9403e-06,4.1064e-06
0.00067724,0,0,0.0054468,7.2422e-06
7.187e-05,6.3444e-10,2.1641e-08,3.1516e-05,0.0043977
2.3228e-05,2.23e-12,5.6282e-09,1.4516e-06,0.0045341
3.3419e-05,2.8641e-12,6.1869e-10,3.2753e-06,0.0045079
0.00076398,2.3399e-05,4.7531e-05,6.1894e-05,0.0026519
0.0016723,4.1481e-09,9.0907e-08,6.8594e-06,0.00045161
0.0018512,2.9371e-09,1.0675e-06,2.3224e-05,0
0.0018548,1.2171e-05,4.1857e-08,0,4.8823e-09
0.0018556,2.885e-10,2.9887e-09,2.5429e-06,5.5204e-07
0.00107,3.0215e-06,1.5139e-05,0.0036048,1.5486e-05
0.0018321,5.4228e-06,2.1053e-05,7.5819e-05,1.318e-05
0.0018562,3.8152e-13,0,1.1375e-09,4.0972e-07
0.0014713,0.0028699,0.00016331,8.1921e-05,2.0828e-11
0.00016668,1.2092e-09,0,0.0032929,0.002421
0,0,0,0,0
3.3234e-06,0.014147,6.0778e-05,0.00048909,3.217e-06
0.0018521,1.0239e-06,7.3014e-07,1.7755e-05,5.2364e-07
2.1149e-08,2.5442e-11,2.3832e-10,6.6758e-09,0.0045923
1.1011e-07,1.2527e-12,6.9278e-10,2.7694e-07,0.0045919
0.001376,3.8822e-10,2.5448e-08,6.859e-07,0.0011879
0.0007384,0.00013111,0.00027192,0.0031616,0.00097819
0.001854,6.0553e-08,9.8606e-07,1.0393e-05,0
2.7117e-07,9.6938e-08,0.00016772,0.0085175,5.4088e-06
0.0018563,8.4522e-12,0,6.8283e-11,1.6621e-08
0.0007935,0.00069502,0.0027969,0.0032216,9.3838e-05
0.0015775,0.0021641,8.0692e-05,2.4981e-05,2.7846e-07
0,0.015076,0,5.2006e-06,4.3413e-10
0.0017392,0.0003764,0.00079504,7.0745e-06,2.78e-09
0.0018563,5.4006e-09,0,5.4817e-08,1.2285e-09
5.9711e-07,9.5437e-09,5.6296e-07,0.0051168,0.0018573
2.8827e-06,5.4839e-09,5.8901e-07,4.7047e-06,0.0045826
0.001856,0,0,0,8.2084e-07
0.00040912,0.0012522,5.3196e-05,0.00091701,0.0026977
0.0018559,0,0,2.0491e-06,5.3211e-09
0.00086592,4.1531e-05,0.011285,0,4.9378e-06
2.6691e-07,4.0169e-14,2.9162e-13,7.0546e-10,0.0045917
3.589e-07,3.7655e-10,1.3458e-06,0.0074922,0.00058882
0.0016378,0.00018542,1.2414e-06,0,0.00048388
0.00060582,0.0065043,0.0051641,8.7108e-07,7.3936e-10
0.00037899,1.0193e-06,2.3363e-07,0.0067846,3.0051e-05
0.0017795,1.0211e-06,0.00087994,0,0
0.0018194,0.00023407,9.01e-05,1.33e-06,1.4717e-09
4.0266e-05,9.4795e-08,6.7933e-06,0.0083944,6.9151e-06
0.0013596,5.0703e-09,9.3618e-08,8.5682e-07,0.0012284
0.0018561,3.66e-10,9.2254e-10,4.8562e-11,5.006e-07
0.00012698,0.013201,0.0011046,4.0427e-05,5.6637e-09
8.855e-06,2.5023e-08,3.4601e-07,0.004898,0.0019539
0.00077528,0.00018457,9.2053e-05,0.0029929,0.00099958
0.001394,4.5754e-07,8.8339e-06,0.00011502,0.0010803
3.05e-06,9.7436e-09,9.5758e-07,2.9956e-06,0.004583
0.00063122,0,1.5536e-06,1.0353e-05,0.0030249
0.0014434,8.8007e-08,9.9981e-07,0.00091821,0.00053079
0.0018533,2.1575e-05,4.111e-06,1.4146e-07,1.9336e-10
0.00078733,3.5472e-07,4.641e-07,2.8545e-06,0.0026429
0.0013388,1.0379e-06,0.00014343,2.0178e-05,0.0012384
0.0018563,0,0,4.761e-12,0
4.0121e-05,0.0074125,0,0.0041859,4.4369e-07
1.4087e-06,6.0798e-05,0.0003165,0.0084243,1.8162e-06
0.001407,0.0022165,0.0020102,5.2907e-06,7.5508e-07
0.00013333,0.0032804,0.014962,7.2497e-05,5.8213e-09
0.0018562,0,3.4185e-09,4.8703e-08,3.4299e-07
0.0018406,2.9149e-05,2.6585e-05,4.4924e-05,2.5674e-07
0.001123,5.8197e-08,6.1673e-07,0.00082688,0.0013723
0.0017417,2.6694e-06,0.00017045,7.5431e-06,0.00024203
0.00024651,0,0.018476,0,2.8948e-10
6.3231e-05,0.0001968,0.0024434,0.0070351,9.1164e-05
2.9253e-05,6.6847e-06,0.00027782,0.0079691,0.00020091
0.0018563,8.5241e-12,0,1.289e-08,5.1078e-08
5.139e-09,1.3491e-06,6.4906e-06,0.00859,1.7254e-06
0.0016862,1.7567e-05,6.6668e-06,0.00028613,0.00026121
4.6195e-06,2.556e-06,1.3554e-06,0.008566,3.8779e-06
0.0018563,1.0751e-09,0,1.977e-12,1.554e-13
0.0018518,6.0264e-08,8.4096e-08,1.0178e-05,5.8144e-06
0.001705,8.5349e-16,0,4.8356e-08,0.00037448
1.7222e-05,0.0050218,0.0037336,0.0041406,4.286e-06
0.0018538,1.3017e-10,0,6.1064e-06,2.9609e-06
0.0018472,4.045e-05,4.087e-05,2.9129e-06,1.364e-10
0,2.4598e-08,1.669e-06,0.0047967,0.0020296
0.0018563,0,0,2.5394e-07,1.2344e-08
0.0018416,3.7299e-05,3.716e-05,3.1794e-05,1.7065e-07
0.0017674,0.00069228,4.0773e-05,1.0071e-06,0
9.6723e-06,7.7971e-08,5.3773e-07,7.5344e-06,0.0045643
0.0018505,1.5809e-13,5.1632e-13,1.6789e-10,1.4402e-05
0.0018563,0,0,4.5606e-10,2.2447e-11
0.0018563,2.8936e-09,0,4.4878e-09,2.0846e-10
0.001856,4.4617e-08,3.5775e-08,1.4684e-06,1.0371e-07
0.00079488,0,0,3.0681e-07,0.0026258
0,0,1.1037e-06,9.2387e-07,0.0045916
3.6025e-05,4.4823e-13,0,8.4411e-08,0.0045032
0.0018563,0,0,2.667e-08,2.4112e-09
0.0018496,0,0,2.4119e-05,3.8273e-06
6.3098e-06,7.3689e-06,0.00010993,0.0083769,7.5799e-05
1.1136e-05,4.86e-14,1.9038e-11,0,0.0045648
3.0956e-06,0.0062428,0.012409,1.7666e-05,2.5641e-12
0.0014133,1.5439e-08,0,9.9479e-06,0.0010906
6.3622e-06,4.2407e-09,2.6259e-08,0.00014652,0.0044983
4.0885e-05,0,0,0.0083398,3.602e-05
0.00018086,0,4.7811e-09,7.0205e-08,0.0041449
0.0018563,1.7171e-08,0,8.9746e-08,7.9688e-09
0.0018391,8.1472e-06,1.3202e-05,7.0058e-05,0
0.00043802,1.4188e-11,2.6085e-08,1.0528e-09,0.0035087
0.0018563,6.2051e-10,2.7599e-09,9.2039e-11,3.4225e-09
8.6615e-05,0.0081131,0.008853,0,6.8282e-09
4.4271e-06,0.013612,0.00081408,0.00049049,8.0081e-10
5.7441e-05,1.5296e-11,1.9704e-07,0.00010543,0.0043939
0.0018563,2.5734e-12,0,2.4997e-09,1.1098e-07
7.56e-05,0.0029641,0.016208,1.7056e-05,2.1167e-07
0,0.0068537,0.0072197,0.0017778,8.7653e-09
3.0436e-07,5.4518e-16,0,1.0081e-09,0.0045916
0.0018517,0,0,2.0281e-05,6.7462e-07
0.00017141,1.497e-11,0,6.5885e-05,0.0041331
0.00056719,4.2546e-09,7.5464e-06,0.0002098,0.0030755
0.0018563,9.12e-09,4.829e-09,0,1.0556e-07
0.00032878,2.7359e-05,0.0040138,0.0054375,7.6398e-07
0.0014017,1.1909e-09,1.9747e-08,2.1306e-06,0.0011236
2.6367e-07,4.533e-14,4.7288e-11,2.6784e-09,0.0045917
0.0016362,0.0016817,0.00014914,1.0034e-06,5.3333e-08
0.00062034,0.0081806,0.0025476,3.386e-05,1.3154e-07
1.3938e-05,5.5098e-05,0.0020706,0.0072398,0.00022725
0.0018529,3.7579e-11,0,2.4626e-07,8.4126e-06
0.0018511,2.5215e-05,2.4959e-05,6.1608e-09,1.6402e-10
0.0017354,1.4708e-12,5.2596e-10,1.6152e-10,0.00029911
0,0.015086,0,0,0
0.0018526,0,0,0,9.2745e-06
4.5392e-07,5.4954e-07,0.001843,4.1533e-06,0.0041916
0.0018238,0.00025486,1.2748e-05,1.4449e-07,3.9801e-09
0.00017734,4.2388e-08,3.7074e-08,1.3525e-05,0.0041464
0.0012045,0.004716,0.00074679,1.8617e-05,6.0945e-06
0.0018563,1.0881e-11,0,2.2785e-12,1.7249e-08
0.0018525,0,0,1.7779e-05,3.8476e-09
4.0358e-06,0.00017639,0.020172,0.00033803,4.239e-08
0.0014575,9.6012e-06,0,0.0011608,0.00036367
0.0018521,3.1954e-05,9.4011e-07,1.8026e-07,5.6351e-07
5.1453e-07,8.7173e-18,2.0554e-15,6.4128e-11,0.0045911
0.0017659,0,3.8765e-08,2.6304e-09,0.00022379
0.0018556,6.5231e-10,8.7985e-10,5.5013e-11,1.8692e-06
0.0017994,8.6439e-07,8.8631e-07,0.0002627,1.3638e-08
0.0018364,2.076e-10,3.0329e-08,9.2423e-07,4.8932e-05
0.0014166,3.4411e-11,7.5521e-10,4.1128e-07,0.0010877
0.0018493,0,0,4.6201e-08,1.736e-05
5.5999e-05,0,0,1.6613e-05,0.004445
0.0016986,7.7917e-06,4.8082e-05,0.00060409,5.4803e-05
2.3819e-05,0.0011434,0.0014307,0.0072568,3.1264e-07
0.00032451,6.8952e-13,4.5647e-12,4.4901e-09,0.0037896
0.0018533,1.893e-05,3.4613e-06,1.7463e-06,1.2277e-08
2.4238e-06,3.4049e-10,1.5356e-08,5.4622e-06,0.0045834
3.0913e-05,0.00041419,0.0059186,0.0058291,8.6713e-08
1.5591e-08,1.8147e-07,6.8548e-07,0.0084508,7.7636e-05
1.2553e-07,0,9.7828e-08,1.3073e-05,0.004585
0.00032763,9.8139e-09,4.9824e-08,1.2362e-05,0.0037752
5.4876e-06,3.1063e-07,4.2132e-05,0.0084151,7.4188e-05
0.00125,1.2022e-05,2.7303e-05,7.94e-05,0.0014481
0.0014969,9.0004e-12,0,7.2085e-07,0.00088882
0.0018563,0,0,1.5224e-13,5.7181e-12
0.0015852,3.2646e-06,0.0004736,0.00052003,0.00028989
0.0017115,0,0,0.00067065,3.2829e-10
0.0012077,0.00024556,0.0029526,0.0014562,0.00011561
5.7365e-06,7.2154e-08,2.4777e-06,0.0011402,0.0039685
0.0018557,0,0,2.789e-06,1.622e-09
0.00055336,0.010022,0.00070071,3.9707e-05,9.5316e-08
1.0545e-06,3.4827e-08,2.9111e-07,0.0080171,0.00030688
0.00010841,9.1208e-15,0,2.1421e-06,0.004323
2.5834e-06,1.2746e-06,2.0285e-06,0.0041463,0.0023701
3.2299e-06,0.002916,0.016944,8.2498e-05,4.0505e-07
0.0016392,1.7489e-06,0.00046245,1.3253e-05,0.00042997
0.0018534,8.2801e-09,2.8306e-07,9.848e-08,7.0797e-06
0.00092426,5.59e-08,1.8327e-06,1.1171e-06,0.0023048
0.00017624,6.073e-06,0.0081599,0.0044704,7.4955e-06
0.0015396,0,0,0.00011408,0.00072253
0.0018562,8.8718e-14,0,1.4012e-10,2.291e-07
1.2297e-06,0.014938,0.00015142,1.7338e-05,8.2827e-08
0.0018554,5.863e-08,4.3172e-10,1.1749e-06,1.6752e-06
6.4276e-05,0.0093601,0.0046017,0.0011078,2.5168e-07
0.0018554,3.7555e-07,7.0569e-06,1.1046e-06,2.7289e-08
0,4.7267e-12,2.2009e-12,1.7546e-08,0.0045924
0.0006643,3.3328e-07,4.4361e-07,0.0044988,0.00054548
0.0017857,7.5359e-06,5.284e-06,0.00032082,3.7749e-08
0.0018532,1.0926e-05,4.5942e-06,4.4042e-06,1.0642e-06
0.00093968,0,0,2.211e-10,0.0022677
0.0017215,3.162e-05,0.0013086,5.9079e-05,1.0315e-05
0.0015528,0.00064495,0.00032549,0.00090443,1.1658e-06
0.0018475,0,0,4.1174e-10,2.1788e-05
0.0011999,5.775e-05,0.00015965,0.0010253,0.0010241
0.00084425,0.00034693,9.7409e-05,0.00019102,0.0022751
0.00026734,0.00026062,0.00024143,0.0071092,1.8334e-06
0.001271,4.5699e-11,1.7151e-08,1.6212e-07,0.001448
0.0018563,6.4212e-12,0,0,8.5773e-09
0.00108,5.8155e-06,1.8706e-06,3.0187e-06,0.0019168
0.00057761,6.9837e-05,0.0001098,0.0054561,0.00020383
0.0018563,1.9811e-11,0,2.2044e-09,8.5043e-10
0.0018547,1.2729e-05,7.2229e-07,4.3322e-09,3.5571e-09
0.0010495,0.00057057,0.0029431,0.0021608,3.3639e-05
0.0018563,0,0,6.0948e-08,3.8502e-08
0.0014246,2.381e-10,8.929e-09,3.0961e-07,0.0010679
1.5217e-07,1.8066e-07,6.3312e-05,0.0085437,1.4179e-05
0.0017578,1.9391e-08,6.8429e-07,0.00013628,0.00017084
1.7381e-08,0.012945,0.0029867,1.4764e-05,6.3662e-11
0.001855,1.1222e-12,0,2.3366e-07,3.1639e-06
0.00024117,0,0.017424,0.00044856,2.7766e-07
0.0018563,1.65e-10,0,4.2796e-13,1.069e-12
0.0015414,2.2212e-10,6.3971e-08,6.5506e-09,0.000779
0.0018545,7.8538e-14,9.5555e-13,9.0307e-10,4.6049e-06
0.0003343,0.00036229,0.00073965,0.002192,0.0023246
0.0018533,0,1.941e-09,1.9415e-09,7.5347e-06
0.0014895,0.0017309,0.00045755,0.00052793,2.6474e-08
1.0564e-05,1.9917e-11,6.1348e-10,0.0003844,0.0043609
0,0.013477,0.00052788,0.00070374,0
0.0015619,0.0019345,0.00063824,3.602e-06,3.9496e-09
3.1908e-05,0,8.7545e-11,0,0.0045134
0.0016172,8.809e-13,8.7304e-12,1.5179e-09,0.00059153
0.00058245,1.2848e-10,1.1962e-08,2.7218e-07,0.0031513
0.0018251,0.00010009,2.7204e-05,6.2852e-05,7.4497e-06
0.0017757,0.00044614,0.00028426,4.3582e-06,4.6833e-08
0.0013976,5.4298e-08,1.6249e-06,0.00012484,0.0010678
0,0,0,0,0
2.6233e-06,0.00026344,0.0041748,0.0066312,6.3338e-05
1.0862e-09,1.4418e-07,6.0772e-06,0.0085593,1.8578e-05
0,0.00075317,0.0014642,0.0038328,0.002
0.0018556,1.5949e-12,3.187e-10,5.4478e-09,1.9087e-06
0.00076752,4.7136e-07,1.1986e-05,0.0049689,3.6464e-05
0.0014267,5.2756e-10,0,6.971e-07,0.0010624
3.5922e-07,0.0013507,0.019305,3.5622e-05,2.8707e-09
5.1538e-07,0,2.2867e-09,6.832e-06,0.0045874
0.0018563,2.2105e-08,4.8862e-10,7.1412e-11,1.13e-11
0.001831,0.00020575,0,7.9865e-08,1.8251e-10
6.8204e-08,4.284e-12,1.2822e-11,2.4654e-09,0.0045922
0.0016315,3.5371e-08,0,0.00055846,0.00025778
0.0018562,0,0,1.9167e-08,3.7119e-07
6.9559e-09,4.0973e-14,1.8813e-12,7.0792e-07,0.004592
0.00097383,3.3412e-17,2.626e-12,1.9488e-09,0.0021832
0.0014844,0,0,2.0927e-09,0.00092022
7.0862e-05,5.522e-12,7.4793e-08,3.1348e-05,0.0044003
6.904e-05,3.5763e-11,0,8.9536e-05,0.0043737
0.0018526,1.3115e-09,4.6652e-10,2.8409e-10,9.2928e-06
2.0891e-05,0.0014761,0.00037208,0.0063241,0.00063277
1.6801e-06,0.00010187,0.00031432,0.0084036,1.7757e-07
0.0018537,9.853e-06,1.616e-05,0,0
5.6939e-05,7.3683e-09,1.4554e-08,1.6109e-07,0.0044514
0.0018558,3.0438e-07,0,1.7369e-07,1.0561e-06
0.0017956,0.00017557,0.00041448,1.2502e-05,7.8263e-07
7.1975e-06,0.013232,0.002535,3.5941e-09,2.155e-14
1.3624e-06,9.4813e-13,1.1214e-10,3.8822e-10,0.004589
0.0017811,0,0,0.00024757,5.3965e-05
0.0015148,0,6.3355e-09,1.6165e-06,0.00084402
0.0018531,1.5837e-05,1.3262e-05,8.1589e-08,2.0703e-07
0.0018304,4.893e-12,1.3798e-11,1.2107e-10,6.406e-05
6.9081e-05,1.1817e-09,5.4521e-07,0.00040213,0.0042065
0.0018113,8.108e-14,0,1.0012e-08,0.00011136
6.7388e-05,7.3391e-10,2.0406e-05,0.00093281,0.0039229
0.0018563,0,0,6.8427e-09,0
0.0018561,2.0188e-06,1.1663e-08,4.0341e-08,5.9712e-10
8.9268e-07,0.0090778,0.0062634,0.00089211,4.3468e-09
0.00021392,0.013311,4.6836e-05,1.3044e-06,7.0285e-08
1.7872e-05,2.2465e-05,0.00010338,0.0027948,0.003026
6.8232e-05,2.5774e-05,0.0046195,0.006014,0.00020722
0.0014125,1.1611e-05,8.143e-05,0.0019471,3.6764e-05
2.0458e-05,1.5383e-15,1.5327e-12,5.9275e-10,0.0045417
0.0018442,3.5455e-05,7.3045e-05,6.318e-06,2.8105e-08
0.0018563,0,0,0,0
0.00010642,9.1788e-08,2.6268e-08,0.00016649,0.0042401
0.0018332,0.00018086,3.3791e-07,3.7195e-06,7.9702e-08
0.0017106,1.1537e-08,4.1473e-08,2.8395e-08,0.00036054
0.00049462,0.0024824,0.011447,0.00027247,8.7178e-08
0.0018326,3.3485e-13,0,0,5.8723e-05
0.00061931,1.0654e-09,3.955e-08,2.3052e-05,0.0030479
0.0018462,5.0428e-06,0.00010863,0,1.2587e-08
0.00029633,0.002459,0,0.0058156,3.9932e-06
0.0010545,5.0268e-05,0.00032503,0.0034064,7.8471e-05
0,0,0,0,0
0.0011278,5.2958e-08,4.0623e-06,0.00273,0.00034307
0.0010174,4.9445e-06,4.5433e-06,0.00055585,0.0017761
0.0018555,0,3.3105e-13,1.6242e-11,2.1728e-06
0.00054269,0.00068558,0.014108,0,3.1983e-10
0.0014308,0.0032675,6.5399e-05,8.2094e-05,1.5745e-07
0.0018545,1.2852e-05,3.0085e-06,0,1.7673e-09
0.0018102,2.9384e-06,9.866e-06,0.00018608,1.1616e-05
2.7098e-10,1.1545e-09,1.9072e-06,0.0083335,0.00014013
0.0018442,1.139e-14,0,3.182e-11,2.997e-05
0.0018275,9.1957e-08,1.1589e-07,6.321e-08,7.1181e-05
0.00091194,7.325e-06,5.7059e-06,0.0038172,0.00029371
1.9503e-06,1.9594e-10,1.1769e-08,2.9189e-05,0.0045719
0.0017261,7.5933e-06,0.0013781,2.4093e-05,1.0013e-05
0.0011685,0.0055776,1.1085e-05,1.5847e-06,4.0612e-07
2.4938e-06,0.0099035,0.002861,0.0017254,3.2924e-05
3.3991e-05,0.0042998,0.00054174,0.0049245,0.00045183
4.091e-06,1.051e-07,2.9505e-05,0.0085627,1.6063e-06
0.0018543,0,0,1.2562e-09,5.1286e-06
0.0016235,0.00030425,0.00068833,0.00034576,0.00015039
0.0018553,5.9185e-07,1.068e-05,3.0075e-07,0
0.0018223,1.1329e-07,0,1.2916e-06,8.3562e-05
0.0015978,0.0021005,0,1.8797e-08,7.3509e-09
5.376e-09,4.919e-07,0.00029287,0.0028403,0.0030118
0.0018506,0,0,2.6452e-05,1.679e-10
0.0017802,7.8572e-09,3.1382e-08,0.00022951,6.5773e-05
0.001856,2.1241e-08,2.06e-07,1.6062e-06,8.04e-09
9.7528e-06,0.014799,0.00029081,9.6771e-07,1.1217e-09
0.0018562,1.3691e-06,1.9079e-08,1.097e-08,3.7399e-11
0.0017779,1.067e-05,9.2427e-06,0.00016,0.00010333
0.001649,0,3.1049e-13,9.1364e-13,0.00051281
0.0018563,4.922e-09,5.9834e-10,8.2004e-08,2.6693e-08
0.0018563,3.7873e-08,2.014e-09,2.4065e-07,2.1537e-08
0.0010225,0,2.88e-09,5.5028e-09,0.0020628
0.0018559,5.2681e-07,3.0215e-07,4.4683e-07,5.4542e-07
0.0017891,0.00054274,5.0558e-06,8.9063e-08,5.8791e-10
0.0015207,0.00080105,0.0026536,2.694e-05,1.6191e-09
0.0002627,0,0,6.4683e-05,0.0039079
0.00024798,5.0204e-05,0.0029065,0.0062279,1.013e-05
5.4399e-05,5.498e-07,5.4927e-06,0.0053877,0.0015783
8.6801e-06,3.6865e-08,6.2245e-06,0.0085436,5.5151e-06
0.0015707,5.0618e-08,1.4356e-05,1.1502e-05,0.00069728
1.2352e-05,5.1708e-15,2.74e-13,2.831e-09,0.0045618
0.0018369,8.4839e-05,3.5885e-05,2.6976e-05,5.3555e-08
0.00050179,6.4307e-12,4.5961e-11,4.4295e-08,0.003351
0.0008238,3.706e-05,0.00012501,0.0026269,0.0011128
0.0018563,1.0531e-08,1.5973e-09,5.1654e-11,3.3313e-08
0.0018283,4.4793e-09,1.4839e-07,9.5774e-06,6.4151e-05
0.00088355,0.0074912,0.0005837,4.5636e-07,5.3409e-09
1.4356e-06,8.1928e-08,3.5807e-05,0.0035523,0.0026834
0.00096583,5.2012e-06,0.00012227,6.8987e-05,0.0021382
0.00064553,5.7959e-09,8.363e-06,3.0873e-07,0.0029934
0.0002382,0.0016343,0.015784,0.00019356,1.6297e-09
0.0017296,0.0010285,2.1516e-06,6.4465e-08,4.4931e-10
0.00054634,4.7982e-12,1.3861e-10,8.2445e-10,0.0032408
1.6388e-05,0.00255,0.0066786,0.0043709,1.0327e-06
4.2336e-05,0.0063695,0.0053548,0.0020157,0.0003176
1.1489e-05,3.6346e-12,8.5488e-09,1.1536e-05,0.0045578
0.0018563,1.1908e-09,1.3797e-09,8.8836e-08,1.0628e-07
0.0018489,9.2959e-13,9.9683e-11,5.7947e-11,1.8351e-05
0.0014214,7.4548e-07,3.6777e-06,0.00014108,0.00099963
0.0018563,1.0997e-11,1.3623e-09,0,0
0.001848,1.6713e-05,5.5665e-05,6.3716e-06,1.7931e-08
0.0017902,5.8373e-07,5.2684e-06,0.00027831,1.3524e-05
4.6589e-10,1.106e-12,2.6104e-09,1.1018e-05,0.0045865
0.0017903,9.6168e-06,5.2587e-05,6.0751e-06,0.0001458
0.0018541,1.2374e-05,2.8305e-06,1.2673e-06,4.6056e-07
0.0017837,6.7184e-07,2.8654e-06,8.4163e-07,0.00017835
0,2.4599e-10,6.8014e-06,0.0085036,4.8213e-05
0.0018563,0,0,0,0
0.00077758,2.8465e-11,9.6008e-12,6.203e-09,0.0026687
0.0017334,0,0,0.00055005,1.0254e-05
0.0018563,0,0,3.7377e-11,9.9206e-10
1.7418e-06,0.00056362,0.018246,0.00090485,9.5852e-08
1.3737e-06,0.0055498,0.013342,4.3383e-05,5.2659e-07
0.0016731,0.00071413,0.0010193,2.9815e-05,2.8578e-07
0.0018561,0,0,6.7909e-08,4.838e-07
0.0018557,6.471e-08,3.7973e-08,1.9922e-06,4.9526e-07
0.00076416,0.0015172,0.00051176,0.0036536,0.00017798
0.0017772,2.0369e-07,0.00072459,6.9727e-05,2.3756e-06
0.0016995,5.4794e-07,2.8039e-07,0.00012716,0.00031986
0.0018477,6.6558e-05,2.0448e-06,1.4555e-06,2.4635e-11
3.2218e-08,2.8072e-05,0.0029273,0.0073983,5.3656e-07
3.3182e-08,0.00055551,0.0010555,0.0078479,3.2511e-06
0.0018326,1.8018e-06,5.9579e-06,1.0819e-07,5.6739e-05
2.1722e-05,7.2736e-07,6.1367e-06,0.0084501,2.2956e-05
0.0017493,5.6759e-07,6.664e-07,3.4767e-07,0.0002643
0.0017189,0.0011151,0,1.0493e-06,7.1612e-11
0.00024179,0.00036974,7.4131e-05,0.0028877,0.002323
2.5228e-07,0.013287,0.0025342,1.2481e-06,1.7705e-10
0.0018563,1.1848e-12,0,1.4292e-11,3.296e-08
1.2485e-05,4.4257e-12,9.2782e-10,1.2858e-07,0.0045614
4.2364e-09,1.8728e-14,3.6436e-13,1.5336e-08,0.0045923
0.001828,0,0,0.00012245,4.6494e-06
1.8642e-06,5.2643e-09,1.499e-07,3.6815e-06,0.0045857
1.5472e-07,2.3171e-05,0.00081115,0.0082504,2.6567e-06
0.0018563,0,0,1.0293e-07,1.8487e-08
0,0,0,8.4753e-05,0.0045471
7.0097e-07,2.8523e-14,5.2111e-13,2.8628e-10,0.0045906
0.0018559,2.1763e-06,1.4743e-06,2.1353e-07,1.6475e-08
1.8616e-05,1.2146e-08,6.0889e-07,8.243e-07,0.0045457
7.0442e-05,5.6377e-08,1.9362e-06,0.006629,0.0008764
0.001815,0.00014072,9.7531e-05,7.1781e-05,8.7568e-08
2.3932e-07,4.3897e-10,1.8336e-08,0.0058918,0.0014443
0.001748,2.0399e-05,3.4142e-06,0.00018405,0.0001628
0.00010971,0.014082,0.00015723,1.2883e-07,1.7628e-09
0.00050819,9.8115e-12,9.9368e-10,0,0.0033352
9.3621e-05,1.0019e-08,2.2818e-05,1.7606e-05,0.0043464
3.2733e-05,2.4815e-06,4.1483e-06,0.0051912,0.0017366
0.001378,0,0,0.0021929,1.1938e-05
0.0015619,8.9768e-07,0.0024321,6.2625e-05,0.00017047
3.0711e-05,7.9069e-05,0.0015508,0.0077793,2.3014e-06
3.9794e-06,0,0,8.0528e-08,0.0045825
0.0018395,1.4264e-05,0.0001661,1.193e-06,9.6692e-07
9.8225e-05,3.3499e-07,2.8698e-07,6.779e-05,0.004313
1.2954e-05,0,0,9.1636e-06,0.0045554
6.3306e-09,1.8409e-05,0.00094649,0.0082036,3.0979e-07
5.3489e-06,9.6316e-15,2.8512e-12,1.3123e-09,0.0045791
0,3.6264e-07,0.00010044,0.00043426,0.0043386
4.5039e-05,0.010362,0.0050483,0.00044367,1.4532e-06
1.8019e-07,2.1896e-08,3.7796e-07,0.0084308,8.8067e-05
0.0018377,1.1765e-12,0,2.4626e-09,4.6181e-05
0.001799,5.1685e-12,0,3.0548e-08,0.00014173
0.0012295,2.0586e-08,1.5925e-06,6.8602e-07,0.0015501
0.0018558,1.1748e-06,2.2673e-07,1.5479e-06,8.107e-09
0.00011414,5.3238e-10,5.5655e-06,3.2868e-06,0.004307
0.00070367,0.0093658,1.8028e-06,4.298e-10,3.437e-11
0,0.00030769,3.6079e-06,3.6737e-07,0.0044977
0.0018563,1.402e-09,0,6.1992e-10,2.3756e-13
0.0012828,6.3023e-07,1.2084e-06,0.0026552,0
0.0012028,7.2852e-05,0.00013634,0.0020868,0.0004504
6.246e-06,1.0491e-11,6.7721e-10,3.3752e-08,0.0045769
3.8859e-06,0.00016355,0.0037678,0.0013344,0.003008
0.0016117,2.2863e-13,0,5.2775e-08,0.00060516
2.0692e-05,4.0209e-05,0.0054286,0.0062798,4.0597e-06
0.0018535,1.5284e-05,2.2218e-06,3.4798e-06,4.4087e-08
5.5429e-06,1.7142e-10,1.1624e-06,0.00013271,0.0045075
0.0018559,2.2774e-12,0,4.3924e-09,1.1459e-06
0.00024928,0,0,1.7286e-05,0.0039664
6.7598e-07,1.0424e-12,1.3315e-09,2.2492e-06,0.0045895
0.0012143,9.2169e-07,0.00018324,0.0005365,0.001262
0.0015752,0,0,7.198e-07,0.00069519
0.00011199,1.9163e-05,6.9509e-06,0.0057611,0.0012304
0.0010994,0,1.2064e-08,1.3832e-08,0.0018726
0.0016083,0.00019363,0.0025156,0,1.2459e-05
0.0018562,0,0,1.5703e-13,3.8962e-07
1.3703e-08,3.5236e-13,3.9156e-10,5.1871e-07,0.004592
3.8175e-05,2.8066e-12,1.3481e-11,2.2479e-07,0.0044978
0.00017637,4.2632e-06,8.0244e-06,0.0077593,7.9413e-06
0.0017437,3.9382e-12,1.3945e-09,1.1746e-08,0.00027866
0.0018563,9.6351e-12,0,1.6483e-09,1.2975e-09
0.0018555,0,8.4745e-06,0,1.3138e-07
0.0018563,1.2076e-10,0,3.2045e-11,1.9767e-07
0.0016618,1.1865e-05,0.0001179,0.00081261,1.8216e-05
0.0018563,9.3695e-09,1.6904e-10,7.2721e-09,1.3198e-10
0.00052868,0.0055212,0.0070376,0.00016192,2.2617e-07
0.0018523,7.7193e-08,1.6001e-07,7.181e-06,6.0079e-06
2.1849e-05,1.8609e-09,9.6878e-11,3.0644e-06,0.0045367
5.6194e-06,9.6757e-14,2.5718e-12,3.1895e-08,0.0045784
0.0018338,0,0,1.1328e-07,5.5599e-05
0.0010847,0.0061728,0,5.5786e-05,1.3971e-09
0.0017598,6.838e-07,0.00013689,0.00017565,0.00011517
0.0018473,4.8539e-10,4.5246e-10,2.5086e-09,2.2298e-05
0.0018563,4.1369e-10,2.4756e-10,1.2488e-07,1.3315e-09
4.4151e-07,1.2151e-06,1.8748e-05,0.0016812,0.0036887
0.0012445,1.5564e-12,8.984e-11,3.3078e-09,0.0015137
0.0018563,1.2554e-09,4.6008e-08,6.1419e-10,1.4778e-07
0.0018558,4.0334e-08,9.8257e-08,6.1789e-07,1.039e-06
3.9906e-05,1.037e-09,6.6762e-08,0.00079829,0.0040672
0,0,0,0,0
0.0018555,9.0095e-07,0,1.0587e-07,1.647e-06
0.0009926,1.4708e-06,6.1024e-06,0.0016698,0.001243
0.0018563,0,0,0,0
0,0,0,0,0
0.0016322,0.0015036,2.5745e-05,0.00016914,8.6372e-07
9.5124e-06,1.5459e-11,7.1473e-10,6.8099e-08,0.0045688
0.00023532,4.3297e-11,6.0244e-09,5.3415e-07,0.0040099
0.0010307,0,2.6796e-10,3.725e-08,0.0020425
0.0018529,0,0,1.0765e-05,2.7186e-06
0.0015995,2.337e-06,0,0.0010437,7.7198e-05
0.0018474,1.4749e-07,2.832e-07,7.1382e-07,2.1529e-05
0.0018546,2.5253e-08,0,8.1777e-06,1.4587e-08
0.00035335,2.9799e-09,2.6191e-09,0.00025159,0.0035838
0.00012764,1.2226e-08,3.4469e-06,0.0041989,0.0020328
4.0534e-05,0.00092068,0.019084,0.00018382,1.4292e-08
3.8426e-06,0.0073519,0.01085,1.1454e-05,2.4449e-13
2.7421e-06,2.3728e-08,8.5148e-07,1.9199e-05,0.0045751
0.0018563,0,0,9.5796e-11,3.1303e-13
1.2088e-08,4.3021e-09,1.2435e-06,0.0047377,0.0020611
0.0017834,2.2832e-05,0.00059966,8.1966e-05,4.0565e-07
0.001856,1.713e-10,1.8895e-08,3.5949e-07,6.7328e-07
1.0714e-08,1.9341e-09,3.2268e-07,0.0051482,0.0018421
0.0018013,6.1597e-11,1.0763e-07,1.8118e-06,0.00013519
0.0011039,1.196e-13,0,4.9969e-09,0.0018614
0.0018563,0,0,3.1769e-09,4.4986e-11
0.00039961,0.0038936,0.010987,9.4049e-05,6.7937e-09
0.0018563,0,0,0,5.1916e-10
0.0016079,0.00046848,0.00038251,0.00072861,2.6551e-07
0.0018563,0,0,1.4007e-09,4.972e-09
0,3.2037e-09,0,2.0489e-06,0.0045913
0.0018383,5.4127e-11,1.6429e-11,1.73e-09,4.4583e-05
0.0015915,3.9611e-11,5.3752e-10,2.883e-08,0.00065523
0.0017591,1.5147e-09,2.5343e-08,3.1539e-06,0.00023883
0.0018536,8.8598e-06,7.8618e-06,4.3192e-06,4.602e-09
1.1325e-05,0.010627,0.0046996,0.00059191,1.627e-07
1.6691e-08,4.4492e-09,1.376e-07,9.9465e-05,0.0045392
0.0012771,0,0,2.9497e-07,0.0014329
0.0018499,2.0109e-13,1.7607e-12,2.5484e-09,1.5918e-05
0.0015425,3.1132e-06,0,0.00070965,0.00039647
4.3608e-05,0,0.0032184,0.0063494,0.00039888
2.6912e-06,4.0797e-09,3.8724e-08,1.011e-05,0.0045803
0.0015192,2.164e-05,0.00036646,0.0013836,9.192e-06
0.0007544,6.1729e-07,3.511e-05,0.00047611,0.002464
0.0011846,0.0049954,0.00024085,1.6796e-06,8.8232e-05
0.0018562,1.1783e-06,3.0665e-08,1.7576e-08,0
1.6477e-05,9.4577e-08,1.0834e-06,5.4626e-05,0.0045222
4.0523e-07,5.9325e-05,0.00018364,0.008485,9.9496e-07
0.0018562,2.4645e-07,0,0,1.6359e-07
0.00034411,5.6819e-08,1.0296e-08,2.4321e-06,0.0037398
4.7347e-05,0.0001182,0.0029846,0.0067393,0.00019576
0.0018563,7.1802e-10,7.3443e-09,0,0
9.42e-07,0.0045037,0.0070009,0.0032007,9.5232e-08
0.00057131,2.0578e-10,2.0435e-07,6.3493e-07,0.0031786
0.001763,1.6276e-05,0.0008019,9.3778e-05,2.9068e-06
0.00017878,0.0015139,0.01121,0.0023826,7.5738e-08
0.0018563,0,0,0,0
6.1123e-06,0.01466,0.00031628,8.6343e-05,1.0703e-10
0.0018456,3.5253e-12,0,1.3954e-08,2.6526e-05
0.0018112,7.0628e-07,0.0002991,5.9713e-05,1.5092e-05
0.0018561,5.3251e-08,1.5777e-07,4.5899e-08,5.8116e-07
5.0003e-05,3.798e-14,9.8421e-15,1.4116e-11,0.0044687
2.1642e-06,2.9836e-14,3.6305e-11,7.1809e-06,0.0045832
0.0017477,4.8496e-09,6.9508e-08,0.00032023,9.763e-05
0.0018442,3.2725e-05,9.3507e-05,2.3964e-09,7.3612e-10
0.00014564,0.00064032,0.018266,0.00018572,6.7586e-07
7.3191e-05,1.0388e-14,4.0788e-13,1.7705e-09,0.0044113
0.0018517,1.0824e-05,3.9624e-08,1.4157e-05,6.0389e-07
0.0018563,0,4.3741e-07,0,0
0.00086257,7.7892e-09,9.2754e-08,3.2031e-08,0.0024584
0.00077244,4.8599e-11,2.8727e-09,9.2392e-08,0.0026814
2.2993e-05,6.2891e-08,3.2108e-06,0.0082455,0.00012998
9.0744e-07,2.0107e-08,7.3927e-07,0.00056328,0.004289
9.2674e-06,0.014999,1.348e-05,1.2195e-06,8.878e-10
0.0018559,4.6484e-09,1.9931e-06,1.6285e-07,5.3103e-07
0.0018562,2.406e-07,2.6507e-08,4.0745e-07,8.5568e-10
0.0010537,6.7219e-06,5.7294e-05,0.0012642,0.0012959
0.00018091,1.5241e-08,0,0.0077008,3.0985e-05
0.00028224,0.0010199,0.0048833,0.0046815,3.0129e-05
0.001843,1.6413e-07,8.8538e-07,2.2808e-05,2.0543e-05
0.0018506,0,0,7.2288e-10,1.4265e-05
0.00038354,1.2075e-10,2.6257e-10,1.4357e-08,0.0036435
0.0009097,0,0,2.6431e-07,0.0023417
0.00031801,0.00043894,0.00016265,0.0062551,0.00029544
5.3285e-05,1.0061e-06,0,0.00031002,0.0042946
0.00065274,0,0,2.7068e-12,0.0029775
0.0018562,7.1427e-10,0,6.2568e-07,2.1296e-08
0.0014201,0,0,0.0018337,9.9594e-05
0,0.00055251,0.0013213,0.0077447,2.0753e-06
0.0018563,5.9419e-12,0,1.6899e-08,1.4684e-08
0.0018441,5.7018e-11,5.5695e-10,1.0118e-06,2.972e-05
0.0018563,9.5868e-09,3.6423e-09,6.4942e-10,3.9334e-10
0.0018508,3.42e-05,0,5.9132e-06,1.3749e-07
0.001811,1.3797e-09,0,0.00017342,1.9536e-05
0.0015419,0.00085422,4.6204e-05,7.6333e-05,0.00046703
0.001605,0.0018726,0.00023984,0,4.0492e-10
0.0013199,2.1055e-08,1.9033e-09,1.4715e-05,0.0013191
0.0017349,1.2572e-06,7.4092e-07,0.00055625,2.7172e-06
0,0,0,0,0
0.00061006,0,0,0.0056791,4.9312e-05
0.0016352,0,0,0.00038811,0.00033967
4.2599e-08,1.0622e-11,6.7545e-10,7.1231e-06,0.0045884
2.1317e-07,1.1088e-05,0.0026056,0.0033101,0.0022585
0.0014499,1.0077e-10,6.7831e-09,6.4198e-08,0.0010055
0.0018558,5.2661e-11,0,7.5897e-10,1.2029e-06
0.0017543,8.5068e-11,1.4283e-09,2.0924e-07,0.00025234
1.0008e-06,3.4004e-11,9.2109e-10,2.8007e-06,0.0045884
2.5387e-05,0.014827,7.3757e-05,2.9634e-08,1.6332e-12
0.0018291,0.00015595,0,3.7155e-05,7.3053e-12
0.00020574,4.1738e-06,7.8135e-05,0.00030834,0.0039006
8.6575e-09,1.5119e-10,9.372e-08,8.6499e-05,0.0045461
0,1.1806e-08,1.2218e-06,6.5858e-06,0.0045886
0.0014301,5.1571e-06,0,0.001959,6.3141e-06
0.0018558,2.4871e-09,1.9427e-09,2.1124e-06,1.5532e-07
0.0018563,0,0,0,0
5.2839e-05,7.0092e-12,2.4658e-10,2.2941e-06,0.0044604
0.0018563,0,0,0,0
1.9219e-05,0.013071,0.0025684,2.2837e-05,6.6368e-10
0,0,0,0,0
1.1097e-06,4.1257e-07,4.121e-07,0.003549,0.0026935
1.928e-05,0.014918,1.4522e-05,5.4962e-07,1.0129e-09
0.00011663,3.4033e-05,0.0088428,0.0011572,0.0017692
0.0018563,1.8705e-11,0,1.6534e-09,7.4513e-09
0.0018226,4.5234e-08,3.2572e-07,7.6929e-07,8.2861e-05
0.00064192,1.525e-05,4.9184e-05,0.0054195,9.3948e-05
0.0018152,5.801e-09,3.4297e-06,0,0.00010108
8.3194e-08,2.5005e-07,2.8707e-06,0.0085462,2.6002e-05
0.0018563,1.5453e-10,0,4.1787e-11,1.4232e-09
0.00074506,0.000674,0.011734,2.7261e-05,3.1176e-08
0.0015797,2.6765e-05,0.0013254,0.00072888,1.1082e-06
0.0018562,7.1332e-15,0,3.6104e-11,2.9904e-07
0.001739,0.0001739,0.00049191,0.00023002,8.3014e-06
6.9772e-05,3.3753e-09,1.1868e-06,3.7773e-05,0.0043993
0.0018563,1.1048e-12,3.1745e-10,1.0574e-07,0
0.00143,0.0027413,0.0010181,8.9041e-07,2.2239e-07
0.0017342,0.00095138,5.5224e-05,1.08e-06,3.3416e-08
0.0018127,6.3354e-09,1.788e-09,4.1504e-07,0.00010765
0.0018563,1.6291e-10,0,0,3.1631e-11
6.787e-05,5.2811e-07,1.6595e-05,0.0081912,4.4945e-05
3.1868e-05,0.0032665,0.0040099,0.0049679,8.8853e-07
0.0017598,5.368e-13,0,1.3404e-08,0.00023887
6.8765e-06,1.6354e-11,0,3.8799e-06,0.0045733
0.001843,7.3478e-05,0,1.9851e-05,2.14e-09
0.0018554,3.3216e-08,6.4657e-08,4.3771e-06,6.9395e-08
6.0483e-05,0.00015986,1.8543e-05,0.0042206,0.0021354
0.0018561,7.713e-09,4.2475e-08,0,5.0053e-07
0.00061609,8.1873e-05,0.00017568,0.0017149,0.0020893
0.0016861,5.9759e-11,7.884e-11,2.7727e-11,0.00042111
3.0916e-05,3.4957e-06,8.7199e-07,0.0077891,0.00035362
0.0018088,0,0,0.00021987,2.7681e-08
0.0017923,2.0749e-12,0,2.1526e-08,0.00015846
0.0018558,9.5752e-16,0,0,1.2849e-06
0,1.8854e-13,6.8235e-11,2.7915e-10,0.0045924
0.0018562,0,2.028e-06,0,0
1.3056e-06,4.7126e-13,1.0071e-09,1.0826e-06,0.0045886
2.4406e-06,9.564e-08,7.7794e-07,0.00030788,0.0044217
2.459e-05,3.1171e-08,1.2321e-05,0.0084299,2.556e-05
0,0,0,0,0
0.0018509,4.2955e-05,1.765e-06,1.5752e-08,5.2675e-11
4.0799e-06,0.00089237,0.017445,0.0010302,3.2094e-08
0.0018167,0,0,3.046e-07,9.7834e-05
6.3624e-06,0.00080596,0.016579,0.0014065,6.1756e-06
0,0.012782,0.0016379,0.00064929,1.2629e-06
0.00017115,3.0464e-16,0,4.9242e-09,0.0041689
9.661e-05,4.465e-07,5.1124e-07,1.3498e-05,0.0043459
0.0018556,3.7351e-13,0,6.7156e-10,1.836e-06
1.0771e-06,0.014536,0.00069831,2.6445e-05,7.1294e-09
0.001852,2.2217e-05,3.1158e-06,4.982e-06,6.9284e-07
0.00018293,6.4134e-11,4.0081e-07,1.2142e-05,0.0041332
0.0018556,4.8357e-06,1.5469e-06,0,5.2331e-10
0.0018562,2.6297e-08,1.5461e-08,9.7314e-10,3.6928e-07
0.0016882,7.9396e-08,1.2464e-05,1.6981e-06,0.00041226
2.1328e-05,8.289e-06,0.0032767,0.0037602,0.001822
3.506e-05,6.8678e-09,6.3823e-06,0.008329,5.487e-05
0,0.012313,0.0038339,1.6536e-05,8.6337e-06
0.00065639,0.0079144,0.002577,6.9639e-06,3.4599e-09
0.00093959,0,0,0.0042437,8.8167e-07
0.0013379,0,0,1.2189e-06,0.0012819
9.0669e-07,1.1482e-12,6.7627e-12,7.397e-10,0.0045901
3.2008e-05,1.8823e-06,1.2013e-06,0.0029103,0.0029577
0.0018563,0,0,2.3003e-10,1.7211e-07
0,0,0,0,0
6.5146e-06,0.007363,0.010792,1.5942e-05,3.3427e-13
0.0013375,0.0037404,0.00052395,5.9702e-05,1.746e-09
0.0010751,0.0041249,0.0031308,3.9616e-06,8.5428e-10
0.0010321,2.6362e-05,0.00037223,3.0397e-05,0.0019345
0,0,0,0,0
4.7649e-06,7.7348e-08,2.3765e-06,0.0005673,0.004277
0.0018517,1.172e-05,0,1.4698e-05,5.4327e-08
0.00067178,0.0087672,0.0011753,1.53e-05,4.7319e-10
1.9763e-07,5.6923e-12,4.4261e-09,1.2709e-05,0.0045851
0.0018561,0,0,4.4932e-11,5.0502e-07
0.001844,9.1114e-05,1.2957e-05,5.2191e-08,1.2889e-08
0.0018477,1.9275e-06,4.6669e-05,6.5233e-08,1.0585e-05
0.0015926,6.9825e-05,0.00052935,0.00056879,0.00021333
0.0017923,5.8808e-13,5.0439e-09,1.7463e-09,0.00015836
4.3313e-07,0.00012652,0.015181,0.0023969,1.8578e-09
0.0003076,2.9836e-05,0.017732,0,1.4711e-07
0.0018562,0,0,2.8762e-08,2.0107e-07
0,0.0083585,0.0031804,0.00068655,0.00099554
0.0018562,0,0,0,3.2057e-07
0.0018563,0,0,0,0
9.7129e-06,1.3396e-07,1.0672e-05,0.0077796,0.00041007
0.0018557,1.4275e-11,1.824e-11,4.7473e-08,1.5324e-06
0,0.013169,0.00036491,0.00094479,5.5866e-08
1.1934e-07,1.0326e-10,1.2087e-09,1.272e-07,0.004592
0.00043104,0.011128,0.00045582,7.2419e-05,1.4749e-06
0.0015869,0,0,0.0012346,6.9727e-06
0.0017611,6.2499e-06,5.3311e-05,4.3122e-05,0.00019912
2.478e-05,0.012155,0.0038545,0,3.6189e-09
0.0012907,8.9741e-08,0.00011191,4.8325e-05,0.0013493
0.0017546,0,0,0.00046801,1.7662e-06
0.001856,1.2175e-10,2.8723e-10,1.0787e-07,8.6266e-07
6.7374e-06,2.0365e-08,3.4555e-05,0.0080225,0.00028259
0.0016327,0,0,3.1648e-05,0.00053646
0.0018563,1.7811e-08,4.7486e-10,2.3043e-10,9.1972e-12
1.7484e-05,7.8134e-10,2.4361e-05,0.0052789,0.0017238
2.498e-09,1.4311e-12,4.4557e-11,1.3122e-07,0.0045923
0.0017923,3.5576e-09,1.8123e-08,6.7086e-07,0.00015808
0.0018358,0,0,9.2124e-05,1.5969e-06
0.001652,8.5686e-12,1.5631e-10,2.5838e-08,0.00050541
0.0013472,2.1736e-05,9.7813e-05,0.0022623,2.3401e-05
0.0015179,8.8157e-05,0.00010961,0.001276,0.00010516
0.0018558,1.1083e-07,5.62e-06,1.8106e-07,6.4368e-09
0.0018559,6.6492e-12,7.9758e-11,9.9513e-10,1.0956e-06
0.00033575,0.010238,0.00058432,0.00094187,1.5895e-05
0.0002641,0,0,6.0122e-06,0.0039358
0.00014642,0.00059528,0.0071126,0.0045479,8.6302e-05
0.0018357,5.6151e-08,0,5.0948e-05,2.3791e-05
0.0018531,1.9168e-05,8.9851e-06,5.4046e-07,4.6152e-08
6.1958e-06,0.00019729,5.9642e-06,0.0084093,2.3366e-05
0.0016212,0,3.5922e-08,1.6256e-06,0.00058085
0.0018563,6.34e-11,0,1.4712e-08,1.1287e-09
0.0018559,5.3936e-14,2.8263e-12,8.9617e-13,1.0585e-06
0.0018563,1.3701e-07,3.2661e-08,6.3685e-08,1.2413e-09
0.0018561,4.3652e-08,8.9279e-09,8.0068e-07,2.6564e-08
0.0018307,0.00017106,2.0225e-05,1.0874e-06,6.4413e-06
0.0018435,0.00010278,1.5e-06,4.6265e-07,4.1303e-11
0.0018563,0,0,6.8575e-14,4.1133e-08
0,0,0,1.4847e-06,0.0045916
8.7881e-07,1.83e-12,3.1738e-09,4.0378e-06,0.004588
0.001856,2.2613e-08,1.1247e-08,6.8297e-10,7.5918e-07
0.0014981,8.7605e-06,3.955e-05,0.0016175,1.1009e-05
0.00082893,1.2081e-12,0,9.8601e-07,0.0025412
0.0018563,0,2.9472e-09,1.6855e-09,4.809e-08
0.00084348,4.9124e-07,1.303e-06,0.00067541,0.0021445
0.0018529,1.0243e-06,3.6755e-06,4.9042e-06,4.8112e-06
7.3281e-05,6.2789e-13,7.0658e-10,0,0.0044111
0.0018563,0,3.5177e-07,0,0
0.0018562,1.6347e-08,6.5075e-09,2.5075e-07,2.9218e-07
0.0017456,2.0611e-08,1.3448e-06,0.00028032,0.00012387
0.0018555,0,0,7.6631e-12,2.0706e-06
0.00094982,4.1732e-07,1.1201e-05,0.0041931,9.2367e-08
0.00048594,0.0018674,0.0025371,0.0037076,0.00029423
0.0018555,0,1.3892e-07,0,1.9278e-06
0.0018539,1.6012e-05,4.3428e-06,1.0521e-07,3.0293e-08
0.001608,0,0,8.51e-08,0.00061426
0.0018543,5.8495e-06,5.857e-06,3.4893e-06,2.0135e-07
3.5391e-06,0.012747,0.00054809,0.0010942,5.6184e-07
0.0016849,0.00028835,1.613e-05,8.2256e-05,0.00028879
0.00076873,1.0425e-09,0,0.00060105,0.0023695
0.0012479,1.7221e-07,3.0514e-06,5.6266e-05,0.0014745
0.00011156,5.7419e-08,3.594e-08,0.00019902,0.00421
0,0,0,0,0
0.0018559,0,0,2.0972e-06,2.1422e-11
2.0367e-06,0,3.2313e-10,5.0994e-09,0.0045873
0.0018511,1.1181e-05,0,1.7041e-05,3.4003e-07
0,1.8227e-13,1.7646e-11,1.1891e-07,0.0045923
6.6844e-07,3.8914e-07,1.8465e-06,0.0084429,7.996e-05
4.6901e-06,2.3437e-07,2.9979e-07,1.4727e-05,0.0045728
1.6517e-05,0.00011901,0.020401,0.00022016,2.902e-07
9.9453e-06,5.0656e-06,0.0012972,0.0036334,0.0023456
1.2695e-05,0.0011701,0.019507,1.0876e-07,9.2362e-14
0.0017228,0.0007308,2.4922e-05,0.00019197,2.5841e-08
4.6753e-06,3.6111e-09,5.4972e-06,0.0083438,0.00012229
5.7824e-07,1.8066e-05,8.5624e-05,0.0085289,1.0762e-05
2.0508e-06,0,6.2616e-14,2.685e-10,0.0045873
8.1474e-06,0.0001675,0.00032697,0.0081749,8.3677e-05
0.0018555,1.3314e-09,0,3.874e-06,3.3668e-08
7.0929e-06,0,0,1.3455e-08,0.0045748
0.0018563,0,0,0,0
0.00014314,0,0,0.0071021,0.00044423
0.0018346,0,0,1.5742e-08,5.3816e-05
8.4932e-05,1.8839e-09,3.4718e-07,0.00023897,0.0042545
0.0018111,1.314e-10,0,0.00017383,1.8935e-05
0.00061458,0.0053722,9.326e-06,2.3732e-05,0.0014219
0.0018561,6.902e-08,0,6.0547e-07,1.9668e-07
4.2019e-05,9.752e-07,7.4578e-05,0.0016097,0.0036121
0.0018563,0,0,1.6506e-11,0
0.0018496,0,0,3.0441e-05,2.7415e-07
0.0018033,0,1.5215e-14,1.117e-10,0.00013125
0.001584,1.9487e-11,2.1878e-08,6.8411e-05,0.00063715
0.0018563,0,0,2.4653e-07,5.367e-10
0.00033268,0,0,9.6441e-09,0.0037693
3.2121e-05,1.8319e-06,4.9925e-05,0.00017279,0.0044093
0.0018563,0,0,3.9071e-09,6.3413e-09
0,0,0,0,0
0.00028385,0.00010281,0.0015392,0.0065976,2.5949e-06
9.8267e-05,2.5994e-08,2.8043e-06,0.0061744,0.0010502
1.672e-06,9.6156e-09,7.8287e-07,0.0075878,0.0005346
9.5435e-06,1.5074e-07,1.9068e-07,0.0084734,4.2115e-05
0.0004251,0.011459,0,4.8943e-05,2.6254e-05
0.0010884,8.1287e-06,1.409e-05,0.0021932,0.00072278
0.0018539,1.4018e-05,2.5676e-06,2.088e-06,3.6585e-09
0.0018249,2.2919e-08,8.46e-08,4.7958e-08,7.766e-05
0.0018555,0,0,1.2298e-07,1.9457e-06
0.0018563,0,0,5.0297e-10,1.3888e-08
0.001779,1.764e-08,2.7526e-09,1.5402e-06,0.00019041
0.0010273,0.002926,0.0039716,0.00056903,1.0865e-07
0.00014976,1.5031e-07,7.7282e-05,0.0057305,0.0011439
9.2135e-06,0.00032139,0.0022575,0.0074596,1.4699e-07
0.0018563,1.9885e-07,0,0,0
0.0018494,3.7049e-06,7.4642e-05,0,0
0.0018563,0,0,1.0401e-08,1.3522e-07
8.1044e-07,0.015077,3.4052e-06,5.3027e-10,1.1006e-12
0.0017548,0.00017039,0.00091087,5.4137e-06,6.4158e-09
0.0015603,9.9196e-07,1.2152e-05,0.00037846,0.00052718
4.0266e-06,4.8926e-10,5.6567e-11,3.3888e-06,0.0045806
0.00082063,3.0659e-06,0.0087273,0.0011254,7.8923e-05
0.00072383,2.2397e-08,8.9298e-07,3.2909e-05,0.0027839
