1.502e-09,0,3.048e-12,8.6193e-09,0.0046268
0.0013388,6.6622e-07,3.489e-05,0.0016435,0.00034476
3.2409e-07,9.566e-06,0.011688,0.0030503,1.44e-05
0.0019511,6.6475e-06,6.3492e-06,2.26e-07,7.229e-08
0.0019511,4.9562e-07,1.1052e-05,8.7048e-07,4.8246e-07
0.001832,0,1.3349e-13,3.8261e-10,0.00028589
0.0013133,1.2424e-06,6.266e-06,0.0022567,4.685e-08
0.00013465,0.010366,0.0051134,6.8602e-07,1.5481e-12
0.0017867,7.1912e-09,5.2283e-08,2.5906e-05,0.00037586
0.0018866,0.00049714,1.1092e-05,1.8284e-06,1.2438e-08
0.0019502,1.7335e-05,2.2749e-06,0,4.8601e-09
0.0019371,0,4.7554e-05,3.0612e-05,6.0273e-06
0.0019527,0,0,0,0
2.5632e-05,0.0076274,0.0099065,7.3309e-05,1.191e-09
0.0019511,0,1.7298e-10,9.9728e-08,3.6673e-06
0.0019482,5.2374e-09,1.4611e-05,9.6633e-06,7.9581e-07
0.0019331,7.199e-08,3.0258e-07,2.0252e-05,3.2574e-05
0.00015355,0,2.9112e-08,2.9512e-06,0.004261
7.0605e-11,0,5.8464e-12,1.2831e-08,0.0046268
0.0019527,1.1781e-10,2.8558e-11,1.1632e-10,2.1416e-09
0.0017703,3.7681e-10,2.2458e-08,5.0222e-06,0.00042873
5.287e-10,3.8295e-10,0,0.00024692,0.0044613
0,0.012722,0.0029621,9.9909e-05,1.7778e-07
8.1632e-06,0,1.7995e-10,1.0754e-07,0.0046074
0.0018899,0.00033809,0.00017229,1.0409e-05,2.8628e-09
0,0.0027424,0.017102,4.9277e-05,1.7898e-11
4.5033e-05,0,3.1858e-09,5.1339e-08,0.0045201
4.1314e-05,0.0052827,0.010787,0.00080459,2.6104e-08
0.0014435,0.00062523,0.0046243,0,1.0364e-07
0.0017596,0,4.3135e-07,1.2072e-07,0.00045726
1.7976e-06,0,8.4842e-15,1.6702e-10,0.0046226
0.0019525,0,0,1.4024e-07,2.9765e-07
0.00022715,0,1.1549e-06,7.4604e-06,0.0040833
0.0019517,0,0,1.0731e-11,2.1777e-06
0,0,0,0.0036497,0.0021796
6.2555e-07,1.3925e-09,4.3188e-08,0.0031955,0.0024827
0.00012045,0,2.726e-10,1.4451e-06,0.0043405
0.0019502,2.6758e-07,7.854e-07,1.9729e-06,4.3067e-06
0.0001507,0.00074233,0.017971,0.0001479,9.7602e-07
0.0019503,2.0312e-06,4.1359e-06,6.2022e-06,1.2675e-09
0.0016407,0.001462,0.0012493,1.7733e-05,3.9629e-06
0.0019527,0,0,0,0
0.0019525,1.1581e-06,2.0649e-07,1.4689e-07,5.7633e-10
0.00062806,0,2.607e-09,1.9574e-06,0.0031373
5.3622e-05,0,1.7216e-08,0.00094451,0.0038665
2.411e-05,8.749e-06,0.00054197,0.0065738,4.0274e-05
0.0019526,2.3116e-11,4.7683e-10,2.4526e-08,2.6389e-08
0.0018635,0.00063965,6.4164e-05,8.2616e-07,1.6969e-11
0.0016566,0,2.9555e-09,5.1185e-08,0.00070138
3.7396e-07,1.9225e-08,2.5071e-07,5.9358e-06,0.0046219
0.0019526,0,1.3758e-11,1.2673e-09,5.6405e-08
0.0019527,0,2.5306e-10,1.1561e-09,0
0.0019524,0,3.0906e-07,7.6727e-08,6.0139e-07
0.00068114,0.003604,0.0030581,0.0018408,2.2887e-07
0.0019518,3.8297e-06,1.0326e-06,9.8845e-07,9.0662e-10
0.0017049,0.0011948,9.8352e-05,0.00026885,1.8148e-05
5.5101e-06,0,5.1047e-06,0.00069461,0.0041469
0.0019499,4.0841e-07,3.801e-07,8.4909e-06,6.6565e-07
0.0019525,0,2.4166e-11,5.37e-10,3.6833e-07
0.0019525,0,1.1521e-06,9.5977e-08,4.8513e-09
0.0019527,0,0,0,0
0.0019504,0,1.8544e-06,2.0698e-07,4.7324e-06
0.0017926,0.0011616,0.0001011,1.71e-07,1.8602e-11
0.0019516,9.3267e-07,1.8461e-07,2.8209e-06,3.4911e-07
0.0019513,5.6775e-07,9.3243e-07,1.7915e-06,1.6996e-06
0.0018751,0,0.00083748,1.3801e-08,6.908e-12
0.0019526,0,0,8.8352e-08,1.3641e-07
0.0013553,5.9342e-05,0.00011724,0.0020418,2.4787e-06
0,0,0,0,0
0.0019526,0,1.1178e-08,2.167e-07,9.1416e-08
0.00030241,0.0011215,0.016256,2.9803e-07,3.1357e-10
0.00051882,0,0,0.0049652,6.8236e-05
0.0017413,5.1485e-06,1.9273e-06,0.00064694,6.4926e-05
0.0017371,7.2811e-05,0.00012409,0.00067453,8.8215e-06
0.0019518,3.7686e-09,2.6192e-08,1.6541e-06,9.1532e-07
0.0015116,0.0033399,8.4809e-05,8.7721e-11,1.5376e-14
2.823e-05,0.013795,0.00075437,0.00023037,2.296e-07
7.2494e-05,0,1.1038e-07,6.2368e-07,0.0044546
3.1486e-06,0.0078295,0.01009,0,1.1553e-10
0.0017446,0,0,1.077e-07,0.00049305
5.857e-05,0.013989,0.00064669,6.9612e-05,3.6871e-07
9.7808e-06,6.3586e-05,0.020533,0.00011805,1.4773e-06
0.001932,0.00010791,1.7648e-05,1.741e-05,2.1259e-07
0.00040163,0.0097042,0.0013503,0.00058992,1.0038e-06
5.2442e-05,5.2716e-06,1.4738e-06,0.0026469,0.0027258
0.0019527,0,0,0,0
0.0019451,8.9385e-07,1.3553e-08,3.1099e-08,1.7535e-05
0.00017566,0.001769,0.00019116,0.005398,5.4905e-06
0.0007133,0.0035266,0.00087706,0.0024736,1.8688e-06
0.0019512,8.392e-06,3.4667e-06,4.1175e-08,3.9814e-08
7.0175e-07,0,5.7379e-09,6.0548e-06,0.0046211
0.0019526,0,0,5.4321e-08,9.3929e-09
0.0016349,2.1231e-07,3.775e-08,1.56e-06,0.00075188
0.00038258,0,6.8959e-08,0,0.0037203
2.3008e-08,0.01491,0.00017135,1.0169e-05,1.0025e-11
0.0016888,0.00026408,0.00076198,0.0004189,9.6073e-05
0.0019285,1.3781e-06,2.5958e-05,7.5732e-05,3.1779e-07
9.35e-06,0.0001262,0.00051412,0.0066412,1.3025e-08
0.001952,0,1.2533e-12,3.0066e-11,1.6272e-06
9.1125e-07,0.0035835,0.0035863,0.0040788,1.8368e-06
0.00011313,0.01249,0.0012411,0.00036965,3.7296e-08
7.4969e-08,2.4437e-07,3.893e-06,0.0068326,4.4274e-05
2.6163e-05,0,5.2695e-08,2.9803e-06,0.0045628
0.0019527,0,0,1.1676e-08,2.2077e-11
0.0019228,0,0,0,7.0881e-05
0.0019526,0,1.0672e-09,2.9749e-08,6.7832e-08
0.0015711,3.5515e-09,1.9177e-07,6.6826e-07,0.00090363
3.5681e-10,3.5055e-12,2.6801e-11,1.2398e-05,0.0046185
7.6837e-13,0,1.0743e-14,1.6737e-08,0.0046268
0.0019526,7.2851e-07,4.9872e-08,1.9605e-08,1.0372e-09
0.0019524,2.167e-06,1.011e-07,1.5887e-08,1.9559e-08
1.3699e-05,0.001136,0.0078995,0.0034311,0.00021205
0.001947,2.3576e-05,0,8.8953e-06,2.6118e-07
0.00195,5.2196e-07,1.2035e-06,4.844e-06,2.5932e-06
1.2383e-08,7.9598e-12,8.0154e-09,0.00035334,0.0043899
0.00087633,3.4156e-05,2.3114e-05,0.0037708,6.3804e-06
0.0010731,0,0.0095018,0,1.9558e-11
0.0018454,0,7.8831e-05,4.3047e-05,0.000208
0.00026112,3.8207e-06,0.00024815,0.0058937,6.4268e-07
0.0019509,1.2498e-05,1.0197e-06,2.6401e-07,2.022e-09
0.0018889,1.3782e-06,0.00011869,0.00013372,3.496e-05
4.9005e-05,9.4431e-05,0.0054536,0.0048988,7.8623e-07
0.0019386,0,3.5059e-12,0,3.3398e-05
4.0111e-05,4.5839e-05,0.00043002,0.006596,6.1469e-07
3.5836e-05,0.013347,0.0012467,0.00024841,5.4475e-09
0.00059154,2.0936e-09,4.7348e-09,5.8412e-05,0.003186
0,0,0,0,0
0.0017876,6.8449e-06,0.00065812,0.00036471,8.1681e-08
0.0019234,2.0274e-05,8.5609e-06,9.0466e-05,5.3785e-07
0.0013413,0,1.4913e-12,1.5072e-07,0.0014485
0.0019518,0,0,3.0727e-09,2.1434e-06
1.9541e-05,7.5694e-07,3.8934e-06,0.0063258,0.00033785
2.4277e-05,0,3.7273e-10,1.7651e-07,0.0045692
1.7974e-07,0,2.2588e-08,3.1293e-07,0.0046262
0,0,0,0,0
0,0,0,0,0
0.0016581,0.00042131,0.002464,4.1589e-05,1.2454e-07
4.649e-06,4.09e-11,1.6056e-08,0.00027874,0.0044289
0.00061159,3.4221e-08,1.1369e-06,0.00047767,0.0028571
0.00018469,0.010902,0.0038236,1.4171e-07,1.5237e-12
0.0019527,0,0,7.1414e-09,7.43e-10
0.00013755,0.012344,0.0013575,0.00031239,0
8.5919e-06,1.3294e-08,5.8228e-08,5.0572e-05,0.0045726
0.00020165,0.011248,0.00052375,0.00086025,3.6094e-07
0.0019521,2.5578e-06,2.1295e-06,2.1064e-07,8.2094e-10
0.0017892,1.1475e-10,2.2592e-08,3.9594e-06,0.0003847
0.00025491,0.0013506,0.014699,0.00056824,2.91e-06
0.0019525,0,2.8554e-07,1.2766e-07,2.1228e-07
3.3875e-11,0,1.5637e-12,2.8778e-10,0.0046268
6.6216e-07,0,0,1.2378e-06,0.0046244
0.0019514,0,0,4.3363e-06,1.2942e-07
4.3824e-05,0.00028902,0.00029773,0.0028944,0.0024281
0,0,1.1879e-09,3.5476e-07,0.0046266
0.0012976,0,0,4.1691e-10,0.0015521
3.1557e-06,7.8495e-09,4.8312e-07,0.0044816,0.0016142
0.0019507,8.3321e-06,5.0258e-06,1.4942e-06,7.399e-08
0.0018673,0,2.3633e-12,3.6257e-09,0.00020224
1.6107e-05,8.4759e-11,2.8309e-09,7.0602e-08,0.0045886
0.0018524,0.00076855,5.8989e-06,9.3981e-09,7.3666e-10
0.0010104,0.0020229,7.4055e-05,0.0012558,0.00075267
0.0019526,4.3353e-10,5.3054e-10,2.3537e-08,1.2482e-07
1.1579e-07,2.0937e-14,0,1.1582e-07,0.0046265
1.7516e-06,0.013366,0.0023466,3.0269e-07,1.9228e-10
0.000428,0,3.2681e-09,6.5927e-08,0.0036127
0.0019487,0,7.7367e-12,1.4422e-09,9.4016e-06
0.00025594,5.0583e-05,0.00064832,0.0056121,9.961e-05
0.0019512,4.0298e-08,1.0434e-06,4.7199e-06,1.9567e-08
0.0010288,2.0704e-06,0.00019746,0.0031978,9.9017e-07
0.00035749,5.6812e-06,2.6119e-06,0.00014099,0.0036829
1.9516e-05,0.0048778,0.00068321,0.0043708,8.8526e-07
0.0013513,0,3.9245e-09,1.698e-07,0.0014249
3.1036e-06,4.0949e-12,1.8553e-10,1.7166e-08,0.0046195
7.9183e-07,6.4423e-10,2.7989e-08,0.0008122,0.0040804
0.001952,4.096e-06,1.2897e-06,2.1788e-07,5.2359e-09
0.00022794,2.2383e-05,0.0011222,0.0056684,3.2902e-05
0.0019526,3.6973e-08,1.0893e-06,4.7016e-09,1.0037e-12
0.00083673,0.0068093,0.002328,6.0943e-05,7.0052e-10
0.00028235,0,9.7528e-08,0.00027909,0.0037706
0.0019488,0,0,0,9.1421e-06
1.8131e-08,1.9435e-05,0.021029,1.289e-05,1.2231e-08
0.001852,0.0004995,0.00036837,6.3403e-06,3.5022e-09
0.001952,0,0,1.8078e-11,1.4808e-06
8.8008e-06,0.012432,0.0018692,0.00055703,1.7304e-06
3.607e-05,0,1.3732e-09,1.0756e-05,0.0045342
0.0017999,0.0011672,1.0838e-05,1.3007e-06,0
0.0003977,0,0,4.2224e-09,0.0036845
0.00033936,1.4236e-06,9.2026e-06,0.0056762,1.4269e-05
8.188e-05,0.010071,0.0032762,0.00092342,5.608e-08
1.1744e-07,0.014435,0.00085079,5.3842e-06,2.2114e-08
0,0,0,0,0
0.0019099,0.00012624,0.0002855,0,1.4226e-08
0.0019432,4.1485e-05,3.9685e-06,3.5118e-06,6.3917e-06
5.1417e-05,0,1.1364e-13,2.1525e-10,0.004505
0.00018713,1.7307e-06,1.4207e-05,0.0053894,0.00056603
8.7514e-07,0,3.1024e-12,5.8053e-10,0.0046248
0.0019526,3.7611e-09,3.5488e-09,1.6274e-07,2.6595e-09
0.0019118,2.1473e-06,3.6091e-05,2.5353e-06,8.6613e-05
4.1323e-06,0.00050446,0.00010315,0.0059502,0.00044962
0.0019075,0.00014513,5.0842e-05,2.2556e-05,3.6035e-05
0.0019447,0,0,2.7377e-05,4.3287e-07
0.0013516,0.00022327,0.00017354,0.0019481,1.1336e-05
0.0019527,0,0,0,0
0.0019525,0,3.7787e-10,1.1076e-07,3.6419e-07
0.0019464,1.2067e-08,5.2159e-07,1.5884e-07,1.4639e-05
4.6662e-06,0,9.2082e-06,1.8405e-06,0.0046125
5.431e-06,0,8.2873e-10,9.2325e-08,0.0046139
0.001952,1.0755e-08,4.2193e-08,4.4745e-07,1.1991e-06
0.0019524,1.3956e-08,3.1604e-09,1.3275e-08,7.0674e-07
0.0019466,0,1.3801e-10,3.3982e-08,1.4389e-05
0.0014617,0.0010706,0.0027148,0.00034487,7.6258e-06
0.0019525,6.7994e-07,3.4343e-07,1.8962e-07,3.9053e-08
0.00012085,0,1.3698e-09,4.4044e-07,0.0043402
0,0.00054194,0.018184,0.00050175,0.00013551
0.0008702,0.0080903,5.01e-05,9.8443e-05,1.4511e-06
4.1202e-09,4.8551e-06,0.00025819,0.0065869,0.00015204
0.0019254,2.1375e-07,1.4807e-06,1.7864e-05,5.2333e-05
0.00060354,0.0064675,1.5514e-05,0.00038091,0.00095024
6.2206e-10,1.6732e-12,7.5195e-12,1.9902e-07,0.0046267
0.0019526,9.2627e-10,7.4799e-11,6.836e-08,7.881e-08
5.111e-05,6.8346e-08,6.7535e-07,0.0056526,0.00071537
7.4171e-06,0,7.5839e-09,4.8418e-08,0.0046092
3.1363e-05,0.00056695,0.019846,3.7598e-05,2.5268e-07
1.4811e-05,0,1.6154e-07,7.1909e-08,0.0045917
4.3508e-09,1.048e-08,8.9912e-07,0.0059635,0.00062795
0.0017268,2.0763e-07,6.0583e-07,0.00079749,1.6485e-07
1.301e-08,0,5.4192e-10,4.4746e-08,0.0046268
0.0019516,5.1465e-06,1.7599e-06,7.9643e-07,1.0879e-07
1.8631e-05,0.00011029,0.00051944,0.0066052,5.9321e-06
0.00075803,1.3446e-09,2.6211e-09,2.2253e-07,0.0028305
6.7626e-05,4.9063e-08,2.3163e-06,0.0056615,0.00066988
0.0019255,0,2.0335e-06,1.2271e-07,6.3772e-05
0.00062229,4.9995e-10,4.3959e-08,2.9538e-07,0.0031521
0.0012084,0.00021803,0.0070224,0.00023297,7.6267e-08
0.00080885,0.00059945,0.011442,2.4632e-05,6.9397e-10
5.9205e-05,0.014511,0.00011717,1.4814e-06,2.9604e-08
0.00022734,1.003e-08,8.0483e-08,2.3892e-05,0.0040721
0.0019527,0,0,1.0649e-08,8.8458e-09
0.0001511,1.6475e-08,5.1297e-07,0.0052723,0.00073349
0.0019512,0,0,5.0573e-06,3.2268e-09
1.0208e-05,0.00026832,0.0026076,0.0058862,1.4361e-06
0.0019513,0,2.1044e-08,4.5372e-09,3.1442e-06
0.0019527,0,2.62e-11,2.3872e-10,1.2839e-09
0.0019383,6.5267e-05,5.6467e-05,2.402e-06,3.862e-09
0.0017023,4.8234e-08,1.9915e-06,0.00082009,4.2913e-05
0,6.5759e-13,2.5061e-10,1.9387e-05,0.0046138
0.001948,2.0596e-05,1.3605e-05,1.2918e-06,9.8941e-07
0.0005295,8.667e-05,0.00077873,0.0047339,5.6672e-07
2.4951e-05,5.365e-10,8.4775e-08,3.1857e-05,0.0045463
2.6461e-06,0,2.8637e-09,6.4014e-06,0.0046163
1.2607e-07,0,7.3433e-13,1.1706e-07,0.0046265
0.0013038,0,2.8809e-06,0.00012758,0.0014512
0.00037198,0,2.8433e-09,2.8196e-06,0.0037435
0.0019072,0,7.3596e-06,0.00015828,0
0.0019518,6.2478e-06,7.3629e-09,1.9687e-07,5.7695e-08
0.0019523,3.3876e-09,7.311e-10,1.0957e-06,1.8576e-07
0.0013625,1.0445e-06,7.3211e-06,0.0020255,3.8435e-05
0.0018974,1.2643e-06,2.4941e-06,0.00012338,4.7366e-05
0.0019526,0,0,1.9177e-10,5.8017e-08
0.0011124,0.0061739,0.00029472,4.308e-05,4.3816e-12
0.00063182,0,0,0.0037067,0.0006443
0,0,0,0,0
7.6441e-06,0.0012587,7.55e-05,0.0062717,0
0.0019503,1.9759e-06,2.5138e-06,6.2839e-06,1.1441e-07
1.1385e-07,0,4.2042e-09,1.0136e-07,0.0046265
3.9706e-05,8.9113e-10,3.7928e-08,9.5119e-07,0.0045321
0.0016331,8.6253e-08,1.0208e-06,4.2275e-05,0.00072864
1.2104e-07,4.8623e-06,1.7149e-06,0.0064071,0.00032858
0.0019297,5.9744e-09,6.4161e-08,3.1959e-07,5.4268e-05
2.5792e-08,1.4659e-06,0.00030832,0.0067971,1.0983e-06
0.0019527,0,0,7.8759e-11,5.8108e-09
7.0617e-06,0.0049936,0.0027677,0.0036804,5.8444e-07
0.0017805,0.00012088,4.6252e-06,0.00053864,8.6009e-06
0.00041727,0.010848,0.0013842,6.5604e-07,1.0189e-11
0.0018829,0.00027089,0.00023392,4.535e-05,3.5936e-07
0.0019527,0,0,1.9782e-08,2.7585e-10
1.0379e-06,2.7137e-08,2.7007e-06,0.0053755,0.0010194
1.4782e-08,0,1.5264e-08,1.0181e-06,0.0046261
0.0019526,0,0,0,1.2443e-07
4.7051e-07,1.4504e-06,2.6103e-07,0.0011376,0.0038625
0.0017094,0.0018386,3.0845e-05,6.9096e-06,2.7864e-10
0,0.00014873,0.020743,4.1168e-05,4.047e-06
1.0945e-06,0,3.5922e-11,5.4514e-08,0.0046242
1.8686e-07,2.3797e-07,2.8638e-05,0.0038742,0.0020223
0.0016785,4.1228e-06,3.5617e-07,5.2121e-06,0.00064471
0.0012208,0.0036152,0.0028393,5.0405e-07,1.5397e-10
0.00039601,2.7994e-06,7.1244e-07,0.0054891,6.8716e-06
0.0017859,1.4168e-05,8.1887e-06,0.00058008,0
0.0017794,0.0011885,0.00016158,1.476e-05,4.5408e-09
1.1505e-05,9.8459e-09,5.0509e-06,0.0066384,0.00014724
0.00182,0,3.0712e-07,1.2224e-06,0.00031351
0.0019431,3.1888e-08,0,9.1867e-08,2.2571e-05
6.6158e-05,0.0097127,0.00088617,0.0019215,2.2571e-06
3.9796e-05,1.6775e-07,3.466e-06,0.0054793,0.00085772
0.00051822,0.0014277,0.0010388,0.0039532,8.1537e-05
0.0017913,0.00025004,0.00031035,4.2727e-05,0.00020873
7.9903e-07,0,2.7457e-08,3.2805e-07,0.0046247
0.0011671,0,1.3124e-05,0.00011754,0.0017798
2.7591e-05,2.1883e-07,7.1708e-08,0.0065314,0.00018192
0.0019412,3.9856e-05,6.697e-06,1.978e-05,1.6401e-07
0.00057178,0,7.0102e-08,1.6196e-06,0.0032709
0.0013516,3.4067e-06,0.00027393,0.00029439,0.0011656
0.0019502,0,0,0,5.8814e-06
3.5041e-07,0.00046339,5.6767e-05,0.006666,1.4466e-06
6.598e-08,1.4842e-06,6.2141e-05,0.0068784,4.6747e-07
0.0015217,0.00080024,0.0031577,0.00012272,2.9704e-07
0.00058018,0.002872,0.010233,0.00018645,3.8973e-08
0.0019524,0,1.7244e-09,6.8557e-08,6.7202e-07
0.0019523,1.2036e-06,1.1856e-06,3.7583e-07,9.89e-10
0.0014147,2.8149e-07,3.9876e-06,0.0011229,0.00052079
0.001808,9.2226e-07,0,6.2187e-06,0.00033839
0.00061151,0.0050883,0.007359,0,0
1.808e-05,9.9711e-05,0.00046824,0.0050632,0.0010556
3.5071e-05,5.5959e-06,0.0028011,0.0058517,3.9739e-06
0.0019527,0,0,5.3744e-09,1.3387e-08
6.3803e-09,3.4621e-06,2.4632e-05,0.0068899,4.9471e-07
0.0015962,2.7142e-05,8.9574e-06,0.0011575,5.8063e-05
8.7925e-06,8.3696e-07,5.2487e-07,0.0068568,7.9858e-06
0.0019527,0,0,1.3102e-09,3.4256e-11
0.0019498,2.5032e-07,1.8004e-07,7.1722e-06,1.9094e-06
0.0012279,0,0,8.0231e-08,0.0017173
3.0329e-05,0.0033781,0.0011434,0.0048007,4.6989e-05
0.0019469,0,0,1.9372e-05,6.6659e-07
0.0018232,0.00082643,0.00023508,1.9698e-06,3.0061e-11
0.0010436,1.2725e-07,1.3637e-06,0.0031845,1.8393e-05
0.0019525,1.9667e-09,3.9773e-10,4.5173e-07,1.3444e-08
0.0019229,4.7506e-05,0.0001676,2.8617e-05,2.2896e-08
0.0019182,9.8812e-05,0.00023399,0,1.1595e-10
3.7832e-05,0,1.8473e-06,3.4862e-05,0.0045134
0.0019507,0,1.53e-12,8.2117e-10,4.545e-06
0.0019527,2.953e-09,4.0348e-10,3.3713e-10,1.4825e-11
0.0019526,0,0,1.1012e-07,7.2364e-11
0,0.0094566,0.0019639,0.0014613,0.00030988
3.1752e-06,0,5.0597e-14,3.2968e-07,0.0046191
0,0,4.4577e-09,4.2338e-07,0.0046266
0.00026063,0,0,5.6118e-07,0.0040089
0.0019526,9.5808e-09,1.4172e-07,2.3066e-08,8.7611e-11
0.0019345,4.4211e-08,2.1707e-08,6.3886e-05,1.4607e-07
4.9234e-06,2.4161e-05,0.00029942,0.0067447,1.9612e-05
2.7496e-05,0,4.0316e-12,3.6428e-08,0.0045617
5.92e-06,0.0078561,0.0096067,0.00013619,5.1163e-11
0.0014104,0,0,1.7243e-06,0.0012837
2.5022e-05,5.2276e-08,3.6381e-07,0.00037502,0.004316
3.7562e-05,0.00023587,0.00067542,0.0064317,4.6168e-06
0.00039063,0,4.8618e-08,9.5173e-07,0.0037006
0.0019526,0,0,5.9451e-08,1.176e-07
0.0016599,0.00027364,0.00016916,0.00077016,5.6016e-05
0.0014384,0,1.4642e-06,0,0.0012182
0.0019523,2.4454e-06,5.0696e-08,3.3327e-08,5.5811e-08
3.5486e-05,0.0078959,0.0076831,0.00063435,5.5726e-06
6.7139e-06,0.013243,0.0012994,0.00038134,7.2682e-08
0.0016971,8.9764e-10,1.2269e-06,3.2667e-05,0.00058331
0.0019527,0,0,3.3657e-10,1.7483e-08
9.352e-05,0.0041588,0.011996,0.00065158,5.9201e-05
1.8992e-07,0.0008816,0.00064247,0.0062854,3.3442e-10
1.1151e-06,0,7.2988e-14,5.6379e-10,0.0046242
0,0.01493,0.00017196,9.6409e-07,0
0.0011882,0,0,7.3803e-05,0.001762
1.057e-08,0,1.571e-12,1.8596e-07,0.0046267
0.0019524,0,9.2046e-10,1.1072e-09,5.2464e-07
0.00030186,5.6385e-05,0.011816,0.0019424,2.08e-07
0.0018126,5.1568e-09,6.2911e-08,2.3465e-06,0.0003303
1.2378e-06,0,4.9499e-10,1.723e-08,0.0046239
0.0018619,0.00067987,2.6946e-05,0,2.0489e-07
0.0012577,0.004591,0.00065315,0.00013732,3.167e-07
1.1143e-05,0.00017947,0.0061485,0.0047108,3.8001e-05
0.0019515,0,0,1.4354e-07,2.5529e-06
0.0019501,1.6753e-05,0,7.5506e-07,4.4092e-07
0.001523,0,9.8382e-10,4.1431e-10,0.0010181
0.00012145,0.0014146,0.017801,0,0
0.0018636,0,2.745e-09,2.9554e-10,0.00021112
1.5642e-06,3.5752e-06,0.00039554,4.1609e-07,0.004535
0.0019474,3.9162e-05,8.8026e-07,2.3021e-07,8.2285e-09
0.00011493,7.8885e-09,2.5473e-09,2.5742e-06,0.0043528
0.00021079,0.011175,0.002825,0.00010882,2.6604e-07
0.0019527,0,0,2.6457e-12,3.4941e-10
0.0019446,3.1547e-05,2.5843e-05,5.6399e-06,6.2207e-10
1.7481e-07,0.00038434,0.020548,2.2338e-06,0
0.0017568,0,0,0.00062655,4.4031e-05
0.0019367,0.00011925,2.2617e-06,8.1647e-07,1.0683e-07
1.9312e-10,0,3.4027e-17,1.6925e-11,0.0046268
0.0018776,0,0,5.5932e-10,0.00017788
0.0019526,0,0,3.7213e-12,7.6448e-08
0.0018906,2.7381e-06,2.0153e-06,0.00021728,2.3168e-09
0.0016387,4.1676e-09,1.1079e-07,8.7497e-05,0.00068513
0.0018429,0,1.1702e-09,1.5199e-07,0.00025997
0.0019511,0,1.8889e-09,6.3124e-08,3.5736e-06
0.00043225,0,9.8322e-07,0.00020114,0.0034675
0.001931,8.4063e-07,2.79e-06,6.2648e-05,8.5158e-06
6.6212e-05,0.00087861,0.00054113,0.0060856,6.7505e-07
7.4795e-05,0,4.8335e-14,3.0042e-10,0.0044496
0.0019513,5.9241e-06,5.3509e-07,1.9243e-06,3.146e-08
2.236e-05,5.2682e-09,1.229e-06,1.7101e-05,0.0045621
1.8807e-05,0.0010007,0.011056,0.0027587,1.3207e-08
3.7956e-09,0,1.1566e-07,0.0068938,4.3285e-06
0.0014058,0,0.0059085,0,0
2.3188e-05,0,1.5353e-09,3.4567e-05,0.0045487
5.9227e-07,3.6828e-08,2.8396e-06,0.0063688,0.00035433
0.00073049,0.0014045,0.0011566,0.0029833,0.00021024
0.00090301,0,0,7.3271e-08,0.0024871
0.0019527,0,6.8135e-10,9.0573e-14,1.2738e-13
0.0019421,0,2.3633e-05,1.2851e-05,1.1258e-05
9.4474e-05,0.0056983,0.012048,1.3783e-05,1.4791e-12
0.0014807,0.00018795,0.0032207,0.00050578,1.5056e-05
3.4252e-05,0,1.568e-05,0.0012529,0.0037021
0.0019082,0.00020369,0.00018483,3.2364e-06,1.0826e-10
0.0011848,0.0056755,0.00030838,1.1087e-05,4.066e-08
1.3556e-06,1.566e-07,1.1802e-06,0.0067734,8.1617e-05
1.9263e-05,0,0,9.6335e-09,0.0045812
5.434e-06,4.7539e-06,1.154e-05,0.00548,0.00093549
9.5273e-06,0.0050953,0.01193,0.00060983,1.2756e-05
0.0018055,0,0.001398,3.194e-05,2.0744e-05
0.0019514,0,1.3112e-06,1.6787e-06,1.6715e-06
0.0016044,0,8.2923e-06,2.3044e-06,0.00082181
0,3.9439e-06,0.0010385,0.0063683,0.00012776
0.0012311,5.1798e-08,2.7029e-07,0.0019901,0.00037533
0.0019527,0,0,4.6202e-10,3.186e-08
0,0.014927,9.2268e-05,2.7527e-05,6.749e-07
0.0019523,1.3789e-06,1.1165e-08,4.6927e-07,3.4609e-08
8.9251e-06,0.013493,0.0016829,0.00013381,1.5683e-08
0.001952,0,6.1845e-06,2.737e-07,1.8933e-09
5.5845e-10,0,7.128e-14,2.4778e-08,0.0046268
0.00014733,4.6706e-08,3.8429e-08,0.0059973,0.0002564
0.0014983,2.357e-06,1.3031e-06,0.001602,1.4266e-06
0.0019483,0,2.018e-05,8.339e-06,2.5061e-07
0.0018164,0,0,5.604e-10,0.00032285
0.0017732,8.2883e-06,0.00043564,5.3862e-06,0.00032348
0.0013866,0.00023334,4.9133e-05,0.0018752,1.3795e-06
0.001952,0,1.5945e-11,7.3e-11,1.6918e-06
0.00033437,0.00012087,0.0004937,0.0051752,0.00021899
0,0.0049759,0.00074157,0.00083131,0.0023775
0.00016166,0.00057295,0.00062111,0.0058628,3.2089e-07
0.00072316,0,8.5076e-10,3.4616e-07,0.0029131
0.0019527,0,0,0,0
0.0006749,7.1291e-08,2.9307e-06,1.5164e-06,0.003026
0.00034709,0.0042864,0.0018086,0.0030857,2.1344e-05
0.0019527,0,0,1.3008e-09,5.7062e-09
0.0018043,0.0011306,1.8062e-05,7.3687e-08,1.2492e-09
0.001517,0.00021712,0.00077838,0.0011068,5.2795e-05
0.0019526,3.6981e-10,2.9669e-09,6.4916e-08,2.5844e-09
0.0018458,0,2.5681e-08,4.0042e-07,0.00025296
7.4886e-09,1.1177e-08,6.2043e-07,0.0066621,0.00015957
0,0.0059862,0.012707,0,0
6.7778e-08,0.012729,0.0030626,6.3828e-05,2.8737e-10
0.0015835,0,0,9.3842e-08,0.0008746
4.5933e-05,0.0043739,0.01447,0,0
0.0019527,0,0,1.4212e-10,1.6024e-12
2.325e-05,0,4.8222e-09,3.9024e-08,0.0045717
0.0019523,0,1.9835e-12,1.1815e-09,8.0704e-07
0.0001344,3.2093e-05,3.9352e-05,0.00059745,0.0038893
0.001952,0,0,3.0051e-10,1.4668e-06
0.0018014,0,0.0012046,0.00014045,3.3413e-09
5.4012e-05,0,2.4795e-09,0.00031985,0.0042844
3.959e-05,0.013706,0.00073542,0.00023747,0
0,0.012956,0.002111,0.00027152,0
0,0,0,3.4379e-08,0.0046268
0.001855,0,1.6711e-11,4.7307e-10,0.00023134
0.0013304,0,6.6463e-08,7.1245e-07,0.0014739
0.00094642,8.4585e-05,2.4786e-05,0.00086522,0.0017727
0.0019367,7.4035e-05,5.9937e-05,2.5684e-06,1.4331e-07
0.0018783,0,1.3088e-06,1.1432e-05,0.00016829
0,0,0,0,0
3.8892e-05,6.3955e-06,0.0013353,0.0063231,5.5841e-08
8.3008e-08,6.4065e-07,2.7237e-05,0.0068825,5.6073e-06
0.000196,3.1974e-05,2.0427e-05,0.0059846,0.0001353
0.0019484,0,3.0164e-10,6.2305e-10,1.0029e-05
0.00082103,1.4968e-05,2.0501e-05,0.0039368,3.2576e-05
0.001876,2.0877e-09,1.3112e-08,5.1302e-07,0.00018121
2.2136e-07,0.0015043,0.018961,7.9363e-06,2.401e-11
5.6829e-08,0,8.053e-11,3.2785e-06,0.0046245
0.0019527,9.1633e-09,1.1406e-10,7.8734e-11,3.432e-10
0.0019526,0,0,5.7531e-08,3.1142e-09
5.0301e-07,0,2.3133e-10,5.6163e-08,0.0046256
0.0017017,0,0,0.00079309,6.2832e-05
0.0019526,1.2691e-10,8.1273e-10,2.0666e-08,4.9346e-08
2.1597e-09,0,1.4429e-14,1.803e-08,0.0046268
0.0001973,0,7.5933e-12,3.3577e-09,0.0041593
0.0019184,0,9.0768e-11,8.3096e-09,8.1084e-05
0.0010178,1.0957e-09,3.2412e-07,1.0129e-05,0.0022082
0,0,0,1.0055e-06,0.0046262
0.0011977,0,6.4248e-11,2.096e-09,0.0017889
2.0972e-07,9.7921e-07,9.586e-07,0.0035656,0.002235
2.119e-05,0.00022562,0.00097383,0.0064023,7.8174e-07
0.0018972,1.7234e-06,9.8109e-06,0.00019205,0
2.7847e-06,3.9846e-11,4.88e-10,8.5921e-07,0.0046197
0.0014782,0,0,1.3879e-05,0.001115
0.0019397,6.9004e-05,2.9367e-05,3.4937e-06,8.0378e-07
1.0727e-07,0.015042,1.699e-05,7.8648e-10,0
0,0,2.9144e-13,6.0235e-10,0.0046268
0.0017799,4.1527e-09,7.2341e-08,0.00059899,7.7751e-06
0.0018841,0,1.6107e-08,1.5326e-06,0.00016145
0.001951,0,1.803e-05,2.4443e-08,7.4529e-08
0.00046362,0,6.2639e-13,7.7233e-10,0.0035283
0.00039024,0,2.6707e-06,0.00035693,0.0034622
0.0019422,0,0,8.5673e-07,2.4214e-05
8.344e-06,0,4.3361e-07,6.1439e-06,0.0046029
0.00026008,0,0,0,0.0040106
0.0019523,2.9244e-06,2.51e-08,1.364e-08,1.5362e-11
1.0365e-06,0.0037293,0.0015674,0.0046745,7.8014e-08
0.00038552,0.011973,0.00014708,2.1046e-06,6.322e-08
3.3047e-05,7.863e-05,6.2667e-05,0.0056251,0.00073885
0.00012184,5.6968e-06,0.00095606,0.0057792,0.0002516
0.0019498,6.22e-08,2.928e-07,9.2986e-06,5.0113e-07
0.00010666,0,1.0898e-11,1.9031e-09,0.0043741
0.0019016,0.00017231,0.00012897,5.93e-05,9.6295e-09
0.0019527,0,0,0,0
3.9454e-05,3.3489e-09,4.7648e-09,9.4533e-06,0.004527
0.0018857,0.00050074,1.1382e-06,5.9111e-06,6.3122e-07
0.0019518,0,3.587e-08,1.8006e-08,2.0045e-06
0.00021394,0.0059622,0.008712,0.00056181,3.0197e-09
0.0019527,0,0,0,0
9.7827e-05,0,1.348e-09,3.8748e-06,0.0043924
0.0019486,0,3.6802e-05,2.3008e-06,4.9467e-08
5.4511e-05,0.00034652,0.00014554,0.0064963,3.3219e-06
0.00112,0.00020637,0.0010378,0.0024852,1.555e-05
0,0,0,0,0
0.0013046,2.1735e-07,1.5393e-05,0.0021368,9.9383e-05
0.0003227,0.00011353,4.1854e-05,0.0054223,0.00018237
0.0018754,0,1.0488e-12,1.0402e-08,0.00018304
0.0014195,0.0021393,0.0024107,0.00011486,3.5517e-10
0.00050808,0.010936,8.5099e-05,6.4212e-05,1.7352e-07
0.0019512,1.1185e-05,3.4482e-07,8.6174e-08,1.4018e-09
0.0009391,3.7876e-06,1.8192e-05,0.0034956,5.2558e-05
1.6942e-10,1.1546e-10,2.5637e-07,0.0064107,0.00032825
0.0019491,0,0,3.9641e-11,8.4789e-06
0.00065204,2.4023e-08,0,2.2405e-06,0.0030803
0.0015588,1.7717e-05,1.3796e-05,0.0010312,0.00023329
1.83e-06,0,1.6561e-09,1.4165e-05,0.004613
0,0,0.013015,0,0.0017723
0.0018712,0.00058516,4.9848e-05,3.0391e-06,1.2907e-07
7.084e-06,0.0065945,0.0015443,0.0033205,1.8168e-05
1.3981e-05,0.00037693,5.3165e-05,0.0030577,0.0024159
0.00023439,9.2951e-06,0.00011484,0.0060295,4.9517e-07
0.0019525,0,3.3332e-10,1.9354e-09,2.9778e-07
0.0013907,1.4114e-05,4.7775e-05,0.0018933,4.7307e-05
0.001946,1.3473e-05,5.2676e-05,0,1.9339e-09
2.1876e-06,7.1884e-08,2.7244e-07,9.524e-05,0.0045577
0.001541,0.0031231,2.5401e-06,2.0291e-05,1.5277e-06
1.5094e-08,5.0209e-06,0.0016536,0.0046267,0.0011603
0.0019018,0.0001049,0.0002848,3.855e-05,4.8201e-11
0.0019067,1.9626e-08,6.1453e-08,0.00014595,1.0959e-05
0.0019526,3.7358e-09,5.1003e-08,7.4913e-08,8.2965e-08
2.9304e-06,0.014728,0.00042563,2.4611e-07,1.1419e-11
0.0019506,1.5639e-05,4.9178e-08,8.8223e-09,1.3892e-11
0.0019115,1.2702e-06,6.0564e-07,3.6625e-05,7.2504e-05
0.0014466,0,2.986e-11,3.9459e-10,0.0011991
0.0019526,2.3924e-08,2.5892e-09,4.8126e-08,9.3416e-09
0.0019526,1.8367e-07,6.5368e-09,2.6057e-07,2.9361e-09
1.0105e-05,0,0,3.4998e-09,0.0046029
0.0019525,1.3055e-07,5.0019e-08,9.1275e-08,2.6579e-07
0.001948,3.597e-05,1.7181e-07,5.6051e-08,1.6143e-09
0.0018027,0.00079968,0.00036248,4.4372e-05,2.5375e-07
0.0012139,0,1.4378e-05,0.00043089,0.0014584
0.00039074,1.9593e-07,2.3925e-05,0.0052191,0.00019612
1.9167e-06,1.5524e-07,1.2559e-06,0.0031801,0.0024897
0.00050819,3.0405e-05,0.0012919,0.0045028,0.00011075
0.0014334,6.1728e-07,0.00023016,6.4187e-05,0.0011366
2.6296e-06,0,2.5005e-12,3.597e-10,0.0046206
0.0019029,0.00026115,0.00011344,1.8902e-05,1.0491e-08
0.0011404,0,1.387e-10,2.2634e-08,0.0019248
0.0010773,0.00016411,0.00052798,0.0021637,0.0004571
0.0019527,0,1.7678e-09,2.7835e-11,1.1477e-09
0.0019366,3.1282e-08,1.005e-06,1.934e-05,2.4814e-05
0.00044353,0.010798,0.0011728,1.6348e-07,5.3598e-11
4.6013e-06,5.7855e-08,2.0028e-05,0.0019338,0.0033149
6.0007e-05,0,4.6245e-06,5.6288e-05,0.0044459
0,6.2281e-09,1.2106e-06,2.0804e-07,0.0046264
0.0001155,0.0019395,0.016948,5.9394e-05,1.8342e-10
0.00047779,0.011359,1.5545e-05,3.8209e-07,1.2281e-10
0.00043798,0,5.4365e-11,1.6897e-09,0.003589
7.8759e-06,0.0036963,0.0072892,0.0027939,6.0313e-08
9.7395e-06,0.0071057,0.006837,0.0013564,1.0895e-05
1.605e-06,0,3.271e-08,1.1445e-06,0.0046223
0.0019526,2.2125e-09,4.0913e-09,5.4436e-08,1.876e-08
0.0019482,0,5.9163e-09,1.2616e-08,1.0515e-05
0.0018321,5.4846e-07,3.6875e-06,4.0143e-05,0.00025775
0.0019487,1.9678e-09,7.9545e-07,1.3862e-05,0
0.0019259,3.8189e-05,0.00021946,5.1591e-06,2.5536e-09
0.0017937,1.8745e-06,1.0252e-06,0.00040425,0.00010474
4.0636e-10,0,9.4683e-09,0.00015639,0.004522
0.00042413,0,6.8356e-06,0.00010462,0.0035502
0.0019473,3.4474e-05,6.9637e-06,6.9675e-07,1.1875e-07
0.0019285,0,6.3439e-06,1.2428e-06,5.4924e-05
0,9.3851e-08,0.00016173,0.0063973,0.00030182
0.0019527,0,0,0,0
0.00088384,0,3.2319e-11,1.5636e-08,0.0025326
0.0017444,0.00070383,2.4873e-05,0.00040435,5.4247e-07
0.0019527,0,1.2724e-10,1.0187e-10,0
1.5772e-06,0.00075214,0.019241,0.00025628,1.567e-08
8.5542e-06,0.0075427,0.0091626,0.00040873,4.7389e-06
0.0019246,0.00011977,0.00011826,5.3406e-06,2.4188e-07
0.0019514,9.3615e-12,3.221e-11,2.4325e-07,2.821e-06
0.0019522,2.05e-07,8.4925e-08,1.2904e-06,1.5136e-07
0.00061964,0.003927,0.0013523,0.0024168,3.4555e-05
0.0019174,2.5286e-08,0.000149,7.2528e-06,4.5923e-05
0.0018869,0,8.1141e-07,0.00016044,4.8073e-05
0.0019217,0.00023058,7.1725e-06,1.2596e-06,1.7611e-11
1.4739e-07,2.263e-05,0.0043097,0.0054795,1.8003e-07
4.2846e-09,0.00047956,0.0015052,0.006188,1.3298e-07
0.0019468,0,2.8692e-05,1.7092e-06,6.4195e-06
3.7846e-05,2.2507e-06,2.1919e-05,0.0067492,6.1635e-06
0.00010675,0,1.1434e-08,2.9509e-07,0.0043737
0.0019523,0,0,1.1661e-06,3.7975e-12
8.1557e-05,0.0043813,0.0043113,0.002811,0.00025661
9.4631e-07,0.013627,0.0019897,4.0012e-07,1.9358e-10
0.0019527,0,0,7.4116e-13,1.821e-08
4.2838e-08,0,1.7675e-12,2.3539e-08,0.0046267
2.009e-10,0,1.1835e-15,2.1445e-09,0.0046268
0.001917,1.2885e-05,8.6093e-07,0.00011291,4.5305e-06
8.9233e-06,0,3.5362e-06,0.00010203,0.0045365
1.5299e-07,8.0491e-05,0.0019689,0.0062184,3.0974e-07
0.001952,3.7116e-06,1.2849e-06,3.0379e-07,1.7589e-09
0.0019527,0,8.7624e-10,1.7616e-09,7.106e-10
9.4396e-08,0,2.0425e-14,8.4051e-10,0.0046266
0.0019522,9.591e-07,3.5e-07,8.5208e-07,1.6154e-07
9.8294e-05,1.3483e-05,0.0001168,0.00035789,0.0041242
0.0015751,1.3593e-06,2.0315e-06,0.0012429,6.0294e-05
0.0018568,6.5364e-05,4.2747e-05,0.00028586,5.9761e-06
3.2744e-07,2.2879e-09,7.9525e-08,0.0061821,0.00048079
0.0018728,4.424e-06,5.2043e-07,6.9801e-05,0.00014097
0.00030301,0.012632,0.00012032,7.6315e-08,2.925e-09
0.00069065,0,4.7263e-09,2.0535e-06,0.002989
4.127e-05,0,7.5304e-07,3.8445e-08,0.0045289
0.00020259,0,6.1643e-06,0.002746,0.0023042
0.001408,3.998e-07,2.2378e-05,0.001903,9.4193e-06
0.0019392,1.2454e-06,0.000136,8.5319e-07,1.1137e-06
2.2645e-05,0.012104,0.00089865,0.00097635,1.5163e-06
3.1763e-05,0,3.5759e-11,6.193e-06,0.0045474
0.0019172,0,0.00037849,1.1829e-06,1.2871e-07
4.1696e-08,1.0295e-09,1.3426e-09,6.6048e-05,0.0045825
7.2852e-05,0,3.8425e-09,2.8977e-07,0.004454
8.4382e-09,7.5449e-06,0.00020929,0.0068258,1.7407e-06
9.6044e-07,0,8.3395e-14,4.3974e-10,0.0046246
6.5105e-06,8.1076e-06,0.00051537,0.0042446,0.0016498
0,0.0087054,0.0074392,0.00047642,2.7071e-07
1.8521e-07,4.8491e-08,1.1473e-06,0.0068645,2.3336e-05
0.0019188,0,0,2.2237e-08,8.0313e-05
0.0019417,0,0,6.2882e-10,2.5987e-05
0.00048046,0,5.7789e-08,3.9104e-07,0.0034881
0.0019518,4.154e-06,5.4062e-07,8.3715e-07,8.0977e-10
0.00077426,0,2.1859e-05,2.5444e-07,0.0027873
0.0014553,0.0038273,1.0402e-05,1.7431e-08,2.522e-10
0.0017514,0,7.2101e-10,4.7433e-07,0.00047655
0.0019527,0,0,1.8158e-11,6.5629e-13
2.2891e-06,8.4754e-12,5.6594e-10,0,0.0046214
0.0013287,0.00027428,0.00044694,0.0017513,0.00012185
3.6166e-06,0,6.2709e-11,1.6674e-08,0.0046183
3.2793e-06,0.00055256,0.017068,0.00097083,5.4857e-05
0.0018986,0,0,1.4102e-08,0.00012807
7.2174e-07,0.00012635,0.0067731,0.0046242,1.0648e-07
0.0017696,0.00037286,2.1966e-05,0.00046878,0
9.5921e-06,0,2.5191e-06,6.0397e-05,0.0045631
0.0019525,0,0,0,3.7891e-07
0.0012547,1.3777e-07,1.0031e-06,0.0001395,0.00156
2.2987e-08,0,2.5057e-10,9.7622e-06,0.0046202
0.0014287,1.7515e-07,1.3912e-05,0.00022218,0.0010895
0.0019385,0,2.8666e-09,1.005e-06,3.2806e-05
1.3988e-05,5.1753e-05,4.0294e-05,0.0067796,2.3025e-05
0.0011749,0,0,1.2007e-08,0.0018429
0.0018791,0.00018554,0.00042512,2.598e-05,6.5622e-06
0.0019516,0,2.1277e-13,6.6386e-11,2.5223e-06
9.0481e-12,0,1.0877e-12,1.1398e-07,0.0046268
0,0,2.0753e-15,7.0841e-09,0.0046268
0.00042409,8.4377e-06,9.8511e-06,0.0053896,3.3053e-06
0.0018719,0,2.0233e-10,4.5191e-09,0.00019139
0.0019527,0,0,2.2803e-08,4.2624e-09
0.0019471,4.0667e-05,3.2505e-06,0,0
0.0019527,0,0,6.0429e-12,2.2565e-08
0.0018851,0,7.2657e-06,0.00016455,4.8228e-05
0.0019526,9.2649e-08,4.2564e-10,9.5247e-09,4.7686e-10
0.0010972,0.0037179,0.003766,8.6517e-05,4.3237e-07
0.00074033,3.1765e-08,9.8327e-08,0.00041039,0.0025974
9.848e-05,6.9705e-10,0,1.8498e-05,0.0043811
2.8851e-06,0,7.0961e-14,1.7433e-09,0.00462
0.0019511,0,1.1616e-09,1.9869e-07,3.6178e-06
0.0018957,0,0,0.00020144,1.102e-09
0.0017312,0,0.00018293,0.00050936,0.00014301
0.00098733,0,9.4115e-11,1.013e-07,0.0022873
0.0019526,6.5216e-09,1.395e-09,2.4819e-07,1.0379e-09
1.1437e-06,1.362e-07,9.3219e-06,0.00064387,0.0041903
6.0329e-06,0,0,3.4962e-09,0.0046125
0.0019462,0,1.0333e-07,1.1139e-07,1.5328e-05
0.0019525,1.0213e-07,1.5871e-07,2.5481e-07,1.9122e-07
3.2475e-06,7.6833e-09,1.1431e-07,0.0027117,0.0028008
0,0,0,0,0
0.0019366,4.3369e-05,4.5773e-05,1.3211e-07,1.4654e-05
0.00084425,2.923e-07,8.6991e-07,0.00079641,0.0020921
0.0019527,0,0,0,0
0,0,0,0,0
0.001914,0.00025067,1.1952e-05,1.5911e-05,1.3004e-06
1.0015e-07,0,1.1793e-12,9.351e-09,0.0046266
0.00082548,0,6.5118e-08,2.0425e-06,0.0026695
0.00011302,0,1.3586e-11,2.7526e-08,0.004359
0.0019479,2.3943e-07,1.8418e-05,1.0494e-05,1.9626e-07
0.001435,0,0,0.0017444,5.7036e-05
0.0019506,3.2274e-08,8.8829e-08,1.2626e-07,4.8781e-06
0.0019237,0,0,0.00010243,6.7644e-09
0.00033752,7.25e-10,3.2788e-10,7.5052e-05,0.0037768
7.3564e-05,1.5823e-09,1.627e-06,0.0007649,0.0039393
1.8852e-05,0.0010796,0.01922,5.1928e-05,1.9106e-09
2.08e-06,0.009258,0.0080938,2.0885e-06,3.1785e-14
7.6735e-07,9.9198e-10,1.185e-07,0.00011492,0.0045479
0.0019525,9.5561e-07,1.1526e-08,4.2454e-11,0
5.4762e-10,2.6846e-10,1.474e-07,0.0052272,0.0011218
0.0018264,7.8131e-05,0.0011028,4.8582e-05,7.5588e-07
0.0019523,1.338e-09,5.3224e-07,7.6954e-07,1.3942e-07
7.8323e-09,1.1633e-09,8.5735e-08,0.0030138,0.002606
0.0019084,2.1263e-08,3.2982e-06,7.9231e-05,5.1053e-05
0.00026326,0,5.5073e-14,5.3639e-10,0.004003
0.0019526,3.2737e-07,7.539e-09,1.4616e-09,1.5223e-12
9.3247e-05,0.0039273,0.010735,0.0012594,5.2529e-08
0.0019527,0,0,0,3.5615e-11
0.0017901,0.000143,7.7587e-05,0.00048293,5.0115e-07
0.0019521,0,2.6126e-08,1.1286e-07,1.3554e-06
3.4346e-05,3.0177e-10,6.1222e-09,6.4991e-08,0.0045454
0.0019524,1.9674e-10,2.2166e-10,9.8105e-10,5.4213e-07
0.0018896,0,3.4106e-10,1.1995e-08,0.00014936
0.0018719,2.4639e-07,1.0842e-06,0.00011685,0.00011278
0.0019345,8.6449e-05,4.8669e-05,8.5746e-06,1.6383e-09
4.4015e-06,0.011513,0.0045217,0.00012884,8.0723e-09
8.3647e-08,5.8702e-08,1.546e-06,0.00026328,0.0044497
0.0018842,0,1.7579e-10,7.4474e-07,0.00016183
0.0019523,0,2.3772e-11,5.6736e-09,9.5242e-07
0.001767,0,0,0.00043087,0.00015104
5.1763e-05,0.0040249,0.01477,0,2.7705e-05
2.4331e-09,3.6634e-11,3.8867e-10,1.4918e-05,0.0046168
0.00037554,4.7143e-06,9.39e-05,0.0055346,3.8873e-06
0.00051849,2.1623e-05,0.00054102,0.0043235,0.00037398
0.001461,0.0034042,0.00041922,1.6318e-05,1.5925e-05
0.0019523,5.1123e-07,1.1059e-07,8.4333e-07,0
1.0265e-06,4.7104e-10,1.3387e-07,9.263e-05,0.0045623
2.4741e-07,0.00040556,0.00068703,0.0064883,3.5257e-07
0.001949,8.3922e-07,1.6296e-07,7.3141e-08,8.3629e-06
0.00037691,0,2.1804e-09,1.0597e-06,0.003733
4.2527e-05,9.7554e-07,0.0019092,0.0060573,4.5491e-05
0.0018783,0,2.0024e-08,0,0.00017629
4.2647e-06,0.0047895,0.0054609,0.0029035,1.2785e-07
0.00032687,0,5.6472e-09,1.85e-07,0.0038522
0.0019233,6.4794e-06,0.00025357,8.7473e-07,1.1421e-05
9.1056e-05,0.0033284,0.013578,0.00061156,9.1081e-09
0.0019461,5.0467e-05,0,0,0
8.0012e-05,0.013408,0.0013566,2.8104e-05,1.7007e-09
0.0019496,0,0,1.524e-09,7.3605e-06
0.0019453,0,2.2632e-05,1.3205e-05,3.5582e-06
0.001711,5.8987e-08,2.1603e-07,4.7985e-06,0.00056937
0.00020791,0,7.6345e-13,0,0.0041342
0,1.5442e-10,5.3226e-08,3.9546e-05,0.0046003
0.00189,1.4094e-08,1.8951e-07,0.00018864,2.2e-05
0.0015642,0.002941,7.5237e-05,0,2.0047e-09
3.1211e-05,0.00061154,0.0085892,0.003695,3.4635e-06
0.00029555,0,9.0999e-12,5.2688e-09,0.0039265
0.0019514,1.0018e-05,1.0489e-08,0,0
0.0019527,0,0,0,0
8.7833e-05,0,2.7595e-09,6.5872e-09,0.0044187
0.0015045,0,1.5367e-08,2.0327e-07,0.0010619
2.6167e-05,1.7707e-07,8.9738e-06,0.006763,2.8047e-05
8.3501e-07,3.6026e-09,1.7781e-07,0.00018403,0.0045014
1.178e-05,0.014945,2.4429e-05,7.2031e-07,2.4813e-10
0.0019467,6.3041e-06,6.0537e-06,6.1716e-07,1.0428e-05
0.0019526,8.6239e-08,5.5415e-09,1.0464e-07,4.8732e-10
0.0012833,1.5954e-06,3.011e-06,0.00063574,0.0011586
0.0017743,0,0,0.00062909,8.6213e-07
0.00014944,0.0013465,0.0093959,0.0026788,1.9237e-06
0.0016267,5.0283e-08,4.0569e-07,0.00018958,0.00064513
0.0019522,0,5.0527e-10,1.1662e-09,1.0057e-06
0.0016435,2.5163e-08,4.9085e-08,3.2795e-07,0.00073243
0.0017922,0,7.8518e-10,3.4011e-09,0.00038028
0.00019006,5.6943e-05,1.2185e-05,0.0044841,0.0011496
1.2836e-05,3.5435e-07,0,7.8467e-05,0.0045437
0.0012829,0,0,4.037e-11,0.0015869
0.0019526,0,0,2.3976e-07,4.117e-09
0.00014847,1.0444e-07,1.5348e-06,0.0063742,6.2811e-07
3.7822e-08,1.7405e-05,4.1481e-05,0.0068758,1.9308e-06
0.0019527,0,0,0,1.7768e-10
0.0019484,6.0564e-10,2.9738e-09,1.0234e-06,9.4071e-06
0.001952,0,0,1.2546e-08,1.5788e-06
0,0,0,0.0031395,0.0025217
0.0018258,0,0,0.00042928,1.2776e-05
0.0010099,0.00012064,5.3354e-06,4.4968e-05,0.0021654
0.0012718,0.0046259,0.0008705,9.8315e-07,9.5311e-11
0.00036492,5.5198e-09,5.6957e-10,8.9157e-06,0.0037562
0.0017678,1.8191e-05,2.6266e-05,0.0006341,1.4512e-06
0,0,0,0,0
0.0018084,1.0997e-05,0.00058861,0.00029698,1.0257e-05
0.0014083,1.878e-06,5.4121e-05,0.0018778,1.8288e-05
1.178e-09,0,2.0896e-12,2.4125e-07,0.0046267
5.1483e-07,8.3655e-07,0.011976,0.0023621,0.00041483
0.0018186,0,2.5422e-07,2.0921e-06,0.00031629
0.0019526,0,0,6.0886e-11,1.2322e-07
0.0019305,0,1.8095e-09,5.9817e-08,5.2394e-05
2.5677e-06,3.192e-11,6.0038e-10,1.7994e-06,0.0046195
4.6854e-06,0.01496,8.1701e-05,1.6975e-08,7.7481e-14
0.0019501,0,0,8.934e-06,4.5619e-13
4.2006e-06,6.1547e-09,2.0892e-06,0.0057656,0.00075044
2.3906e-08,0,3.4107e-07,5.9796e-05,0.0045866
0.001247,0,9.2293e-08,4.2047e-06,0.0016692
0.0017573,0,0,0.00068617,2.7638e-06
0.0019522,8.4744e-09,5.5808e-09,1.4586e-06,3.4867e-08
0.0019527,0,0,0,0
0.00045323,0,6.8832e-09,5.4636e-07,0.0035525
0.0019527,0,0,0,0
9.9249e-05,0.011926,0.0030284,9.261e-05,1.4995e-09
0,0,0,0,0
5.6414e-07,1.8125e-08,8.5062e-08,0.001832,0.0033971
0.00018535,0.013603,2.9573e-05,5.0846e-07,2.1481e-10
2.2917e-07,4.0912e-07,3.8603e-05,0.0030816,0.0025514
0.0019473,0,0,4.0297e-08,1.2795e-05
0.00076284,0,1.3639e-07,1.283e-05,0.0028107
0.00022198,1.5956e-07,1.3052e-06,0.0059178,0.00013249
0.001943,9.9154e-09,4.672e-05,0,1.2608e-05
2.227e-07,7.0546e-07,3.772e-05,0.0068664,1.3747e-05
0.0019527,0,0,5.089e-12,2.9307e-10
0.0001637,0.0018288,0.016739,8.3155e-06,2.3205e-10
0.001608,0.00012641,0.0023863,0.00037938,1.4268e-07
0.0019525,0,0,1.194e-09,3.1321e-07
0.0019127,5.0983e-05,5.5276e-05,9.1412e-05,5.5721e-06
2.0857e-05,0,2.0876e-06,0.00043539,0.004285
0.0019526,5.0494e-13,1.9593e-10,0,4.8597e-08
0.00020445,0.010766,0.0037957,1.5233e-06,2.5815e-09
0.0016067,0.0024037,0.00020513,5.2967e-05,4.6658e-07
0.0013132,7.4947e-08,1.0976e-08,1.5225e-05,0.001505
0.0019527,0,0,8.7083e-10,2.7936e-12
6.8235e-05,1.6911e-06,5.6867e-05,0.006625,9.9121e-06
1.5849e-05,0.00047667,0.0002072,0.0065502,5.2452e-06
0.0019283,0,0,1.7829e-08,5.7615e-05
3.0318e-05,0,0,1.5986e-05,0.0045443
0.0017561,0,0,0.0006933,8.0394e-07
0.0019458,7.798e-09,2.0985e-08,2.1412e-05,1.9541e-06
3.9018e-08,1.6275e-07,7.0138e-08,0.0001517,0.004525
0.0018039,5.7435e-07,1.9768e-06,0.00052459,1.2164e-07
2.9824e-05,2.3236e-05,5.226e-05,0.0037655,0.0020127
0.0010029,0,1.0796e-11,6.1617e-11,0.0022504
8.7477e-05,6.9155e-08,5.2479e-07,0.0056895,0.00060444
0.0017762,0.001192,1.1659e-05,7.3393e-05,9.6615e-10
0.0019415,0,0,3.5423e-09,2.6419e-05
0.0019515,0,0,1.0688e-10,2.8492e-06
4.1933e-09,0,5.526e-15,0,0.0046268
0.0019526,3.997e-07,0,0,0
2.2124e-07,0,3.8553e-11,4.655e-07,0.004626
1.8296e-06,5.275e-06,2.1808e-05,0.0053826,0.0010069
3.6648e-05,4.2511e-07,5.5886e-05,0.0067382,9.4507e-06
0,0,0,0,0
0.0019201,0.00024651,6.0766e-06,2.5635e-08,3.0822e-12
6.5348e-07,0.002177,0.008623,0.0030796,3.3442e-08
0.0019433,0,1.4591e-10,2.4597e-07,2.1981e-05
9.4937e-07,0.00020696,0.0028652,0.0056327,0.00015573
0.00010383,0.013875,0,0.00017363,2.0441e-08
0.001908,0,0,4.3218e-10,0.00010584
5.7236e-05,3.86e-08,5.3972e-08,3.0499e-06,0.0044891
0.0019383,0,0,3.7778e-10,3.4077e-05
2.7561e-07,0.014755,0.00033182,2.7751e-05,4.0582e-10
0.001896,0.00014419,8.0934e-06,0.00011959,8.0835e-06
0.00074113,0,1.7366e-06,4.0751e-05,0.002843
0.0018228,0.00098357,1.1653e-05,4.406e-06,2.9001e-10
0.0019526,0,1.2731e-08,2.4717e-10,1.3146e-07
0.0015716,0,5.4983e-07,1.2634e-06,0.00090192
1.4288e-06,0,0.0021751,0.0061796,2.809e-06
0.0001264,5.8172e-08,0.00033047,0.0062752,4.7148e-05
0.0019463,4.2764e-05,1.7804e-06,2.3107e-06,1.213e-09
0.0013355,0.0041771,0.00078529,9.5134e-06,0
0.00091506,2.5915e-05,4.3075e-06,0.0036524,6.8725e-07
0.0017396,2.5802e-09,1.0547e-07,0.00012902,0.00041836
2.6347e-07,0,2.6705e-13,4.5781e-11,0.0046262
0.00017444,2.9552e-06,1.7074e-06,0.0023941,0.0026069
0.0019509,0,5.194e-11,0,4.2645e-06
0,0,0,0,0
2.0443e-06,0.0073329,0.010787,3.6569e-06,1.0787e-14
0.0017012,0.0018155,9.4591e-05,2.5662e-05,2.4177e-09
4.5135e-05,0.014545,0.0002267,7.7804e-08,5.6054e-11
0.0013605,0,0.00099427,1.0748e-06,0.0011844
0,0,0,0,0
2.2815e-06,2.5604e-07,2.3823e-06,0.0031051,0.0025388
0.0019267,4.9055e-05,6.1896e-07,6.9014e-05,8.8321e-09
0.00029389,0.011654,0.0015648,8.1681e-06,2.2374e-12
1.1209e-06,0,5.9304e-08,4.5806e-05,0.0045935
0.0019219,0,3.4787e-13,6.6416e-09,7.2846e-05
0.00039331,0.011518,0.00069442,3.9154e-06,1.7575e-07
0,0,4.3022e-06,9.6752e-07,0.0046252
0.0017031,1.4811e-05,6.0685e-05,0.000308,0.00036687
1.7137e-06,0,0,1.5903e-09,0.0046228
3.9717e-07,7.15e-05,0.018991,0.00065411,6.2128e-11
1.9813e-05,0.0003047,0.020455,0,0
0.0019527,3.0845e-11,7.8305e-10,2.4163e-08,1.8631e-08
0.001935,0,0.00016319,7.2883e-06,1.0665e-06
0.0019519,0,0,0,1.9076e-06
0.0019527,1.5763e-09,4.0163e-08,0,0
7.044e-07,5.1473e-08,1.2699e-06,0.0068485,3.28e-05
0.0015098,1.1797e-11,1.0889e-11,4.9131e-06,0.0010461
1.4703e-06,0.00027456,2.7872e-05,0.0067575,1.7714e-06
4.0908e-07,0,2.185e-08,3.7346e-06,0.0046234
0.00025903,0,0.00010984,0.0053242,0.00041896
0.00091622,1.3164e-05,3.2136e-06,0.0036553,1.6311e-07
0.0015715,0,5.9093e-05,0.00023499,0.0007326
0,0,1.9906e-05,0.0068707,1.5515e-05
0.0007639,2.8815e-05,0.0032148,0.0021432,0.00066576
0.0015096,4.0977e-05,5.9607e-05,0.0015274,2.8088e-08
0.0019174,6.3935e-11,2.3549e-10,3.8618e-06,8.0994e-05
4.3793e-06,2.9075e-06,5.313e-05,0.004332,0.0016992
0.0015913,7.0013e-08,3.6098e-07,0.0011742,6.8881e-05
0.0019526,4.8094e-07,9.4266e-10,1.7462e-08,8.7722e-11
0.00017046,1.0452e-07,0.00065884,0.00068458,0.0036194
6.8215e-10,0,2.4417e-12,4.1886e-08,0.0046268
9.1729e-05,0,1.3656e-09,6.2622e-06,0.0044053
0.0019306,3.0843e-08,6.4669e-07,7.7582e-05,1.1244e-07
0.0018509,0,9.6959e-12,1.882e-09,0.00024111
0.0015438,6.9598e-06,1.6951e-05,0.0013779,3.9131e-05
0.0013462,1.691e-05,1.1406e-05,0.001951,0.00012121
0.0017917,0.00024729,0.00076326,0.00020575,1.2923e-08
0.0018039,0,3.649e-12,4.3038e-08,0.0003524
0.00030559,0.011978,0.00072094,8.2535e-05,7.8502e-06
0.001212,0,1.2767e-09,3.8331e-05,0.0017293
0.00013963,0.0011276,0.010884,0.0023207,6.0985e-06
0.0019475,0,0,2.0916e-06,1.0784e-05
0.0019482,2.7296e-05,8.7454e-06,4.5146e-07,5.7125e-09
1.8122e-05,1.0207e-05,1.2696e-05,0.0068101,1.1657e-05
0.00195,3.5331e-09,2.5407e-08,0,6.2671e-06
0.0019527,0,0,6.7434e-09,2.4809e-10
0.0019512,0,2.3301e-10,4.9136e-10,3.5411e-06
0.0019524,1.7575e-06,1.229e-07,1.1693e-07,4.2815e-10
0.0019525,1.0676e-07,2.4728e-08,5.9099e-07,5.5856e-09
0.0016791,0.0018437,0.00036401,2.2996e-06,1.2611e-07
0.0019521,3.0969e-06,5.1092e-08,4.9156e-07,1.8842e-11
0.0019526,0,4.3629e-14,8.0221e-12,1.7338e-07
0,1.6608e-08,1.199e-06,0.00027495,0.0044422
3.3439e-07,1.3273e-12,1.4518e-09,1.346e-05,0.004617
0.0019526,0,9.9608e-09,5.8919e-10,6.9224e-08
0,3.5311e-07,9.9374e-07,0.0063282,0.00038327
0.0014283,0,0,2.5403e-07,0.0012422
0.0019527,0,1.8261e-09,6.0063e-09,1.5728e-08
0.00033966,1.7735e-06,1.1952e-06,0.004316,0.00092724
0.0019245,3.296e-07,9.4583e-07,1.5161e-05,5.6164e-05
1.7681e-05,0,2.6242e-10,1.3738e-09,0.0045849
0.0019527,0,0,0,0
0.001952,1.1779e-07,2.7799e-07,2.1188e-06,6.6398e-08
0.0017967,1.1669e-08,5.7007e-07,0.00015365,0.00026645
0.0019256,0,0,4.7802e-10,6.415e-05
0.0012895,2.1768e-07,2.2131e-06,0.0023424,1.3697e-07
0.0010137,0.00096771,0.0011377,0.0019625,0.0003621
0.00033851,0,2.9425e-09,0,0.0038247
0.0019477,3.528e-05,4.4501e-06,3.2079e-08,6.8028e-09
0.0012729,0,4.0855e-12,2.5747e-07,0.0016106
0.0019477,2.242e-05,1.6606e-05,1.6142e-06,3.292e-08
7.1429e-06,0.0039618,0.00019501,0.0049642,2.0898e-05
0.0019013,0.00017728,1.1577e-05,1.7314e-05,5.3046e-05
2.8752e-05,1.4691e-11,5.3912e-11,0.00033588,0.0043335
0.0017204,0,1.4956e-05,9.1611e-05,0.00048568
0.00036872,2.6337e-08,1.4187e-08,7.8007e-05,0.0037008
0.0019527,0,0,0,0
0.001952,2.4344e-08,1.3611e-06,1.7343e-06,1.4733e-12
9.3626e-09,0,5.2312e-12,2.9721e-08,0.0046268
0.0019386,0,0,4.9703e-05,8.6624e-08
1.5957e-12,0,5.7896e-14,2.0056e-08,0.0046268
0,1.3752e-07,2.5867e-07,0.0064547,0.00029868
2.8212e-05,0,5.4982e-06,9.5569e-05,0.0044947
4.5289e-06,7.4795e-05,0.020804,4.5215e-05,9.7422e-09
0.0005966,4.6351e-05,0.011889,0.00088191,0
6.8433e-05,0.003642,0.015253,4.4826e-09,1.8865e-12
0.00072019,0.00021095,1.6866e-05,0.0042175,2.3854e-05
3.5417e-06,1.3867e-08,2.5964e-05,0.0068341,3.0309e-05
1.921e-06,1.4041e-05,3.708e-05,0.0068357,2.6361e-05
1.1623e-09,0,7.1226e-16,2.5963e-09,0.0046268
7.4496e-06,0.00052909,0.00077119,0.0063496,1.99e-05
0.0019524,0,0,3.6349e-07,3.5479e-07
0.00013628,0,5.8586e-09,5.0494e-06,0.0043005
0.0019527,0,0,0,0
2.6431e-08,1.287e-08,1.3745e-07,0.0068176,5.5369e-05
0.0019518,0,2.2171e-11,1.2174e-08,2.1461e-06
3.9393e-06,7.8793e-11,2.3894e-08,5.6047e-05,0.0045799
0.001951,0,0,5.4807e-06,2.3169e-07
0.0010674,0.0038683,0.00013505,0.00075004,0.00037625
0.0018915,0,0,1.8354e-05,0.0001327
1.8397e-05,7.5525e-08,4.5487e-06,0.00045621,0.0042763
0.0019527,0,1.0163e-11,0,6.9107e-09
0.0019462,0,4.5141e-09,2.27e-05,9.1901e-09
0.0019306,0,5.378e-14,5.1901e-10,5.2245e-05
0.0019407,2.6701e-10,4.5161e-09,2.0671e-06,2.7074e-05
0.0019525,2.6763e-07,3.3796e-07,2.0601e-07,4.2742e-11
0,6.4438e-07,5.6714e-05,0.0068815,0
0.0001493,0,0.00060935,0.00091706,0.0035245
0.0019526,7.2579e-09,3.4005e-08,1.2072e-07,1.009e-08
0,0,0,0,0
0.00018423,2.2669e-05,0.0002451,0.0061226,2.4248e-05
0.00026915,0,8.7149e-05,0.0044443,0.00098993
2.667e-06,8.4938e-07,2.1466e-05,0.0067406,9.5789e-05
9.7252e-06,4.745e-07,7.3764e-07,0.0068499,1.0444e-05
0.00065449,0.0079668,0.0012275,0.00040884,8.4165e-05
6.2532e-06,5.57e-05,3.069e-05,0.0068354,4.8723e-06
0.0019495,5.7545e-06,7.4127e-07,8.3189e-06,4.5647e-08
0.0019024,0,1.3685e-08,4.2654e-08,0.00011915
0.0019522,3.6025e-09,1.195e-08,1.1405e-06,2.2822e-07
0.0019527,0,1.8885e-08,1.3603e-08,3.4262e-09
0.0019257,3.3412e-08,7.8062e-08,1.2891e-05,5.5116e-05
0.00063628,0.0052513,0.0060635,0.00026149,1.8041e-08
0.00048754,0,0.00035518,0.0044183,0.00043111
1.0303e-05,0.00074821,0.0052862,0.0047918,2.0153e-08
0.0019527,0,0,0,0
0.0019393,8.8349e-06,0.00013243,0,0
0.0019526,0,2.7847e-08,7.1256e-08,0
4.2927e-05,0.014605,0.00016315,1.1165e-06,1.7435e-11
0.0019196,3.2939e-05,0.00029984,3.5111e-06,1.8899e-09
0.0015537,2.7789e-06,2.3891e-05,0.0013179,5.5623e-05
0.00071808,2.6633e-07,8.9344e-07,0.0043624,0
1.389e-05,1.3027e-05,0.0012048,0.0063966,3.6586e-05
6.4987e-06,0,5.6304e-09,3.5584e-06,0.0046091
