0.00047142,8.311e-07,0.00016316,5.6339e-06,0.0026021
1.1059e-05,0.0001713,0.0034465,0.00029887,0.00026626
1.7883e-06,3.1699e-10,0.0039375,3.0273e-10,8.0056e-13
7.3705e-05,8.1905e-07,0.0037459,0.00030345,3.0718e-05
0.0035305,7.5673e-06,2.5482e-05,4.8213e-05,0.00019896
0.00015675,8.4712e-07,1.5336e-06,1.9181e-06,0.0029881
9.2546e-05,0.0095314,5.7242e-05,2.6088e-06,7.504e-08
2.6192e-06,7.9935e-06,0.0038858,0.00015166,6.8012e-06
0.00012598,0.00022341,4.834e-05,0.00086873,0.0027295
0.0003002,0.0056475,0.0011984,0.00037469,7.2239e-05
3.5727e-06,9.9714e-07,1.2823e-07,3.7524e-05,0.0031071
1.0509e-05,4.2194e-07,0.00023167,0.00015604,0.0028942
1.0954e-06,1.3246e-05,0.0039112,8.2396e-05,4.1524e-07
4.2211e-09,1.419e-05,8.3125e-05,0.0042492,0.0021815
0.00013822,1.1789e-06,7.8863e-07,2.0279e-05,0.0029999
0.0031751,4.3446e-06,0.00065736,9.0369e-09,1.9952e-07
1.9618e-05,5.2256e-05,6.9913e-06,4.4247e-05,0.0030711
5.6851e-08,5.8322e-08,2.4924e-07,9.1639e-05,0.0030991
4.4441e-10,1.0896e-08,1.3153e-07,5.7647e-05,0.0031062
8.0995e-05,0.0015109,0.0032532,6.6292e-06,5.3708e-07
1.9484e-05,2.5898e-06,0.0014901,0.0085856,0.00017147
2.0892e-06,1.3998e-07,1.7792e-06,7.6714e-05,0.0030993
2.9903e-08,0.0086405,0.00049674,3.9103e-05,5.1169e-07
0.0028587,4.2218e-08,0.00026524,6.7076e-06,0.00056931
2.4757e-05,0.00014269,0.0019444,0.0001041,0.0014927
5.064e-06,0.0044769,0.0013892,0.00094576,0.00041413
0.0030453,1.6061e-07,1.3485e-05,1.8335e-06,0.00061695
2.3885e-06,0.0017937,0.0026717,0.00095729,0.00024234
0.00018742,0.0010414,2.0817e-06,6.0045e-05,0.0026236
1.415e-07,9.6448e-10,3.1485e-08,1.3047e-05,0.0031153
9.5965e-07,1.254e-07,1.0299e-08,6.8691e-09,0.0031173
0.00014029,1.8619e-06,0.00017048,0.014046,4.1431e-06
0.0037418,1.4806e-06,6.3191e-06,8.906e-06,5.1233e-05
0.0004895,1.9575e-06,1.7842e-06,3.7568e-05,0.0027082
1.2991e-08,5.0243e-06,2.8809e-07,5.3526e-05,0.0031054
0.0028134,3.0873e-06,1.8472e-07,0.0038574,3.0118e-05
3.5607e-05,6.7725e-09,8.9759e-07,1.0065e-05,0.0030862
0.00030336,0.0046764,0.0014705,0.00081861,6.9011e-05
0.00010505,1.2857e-07,0.0038306,7.5009e-08,1.2761e-07
2.7548e-05,2.6358e-05,9.2464e-05,1.4912e-05,0.0030111
2.7849e-05,1.5363e-05,0.00015976,0.00023581,0.002916
0.0016222,0.0045383,3.8997e-05,0.0015855,1.0833e-05
0.00011209,0.0011199,0.0018515,0.0054318,0.00010145
0.00010008,3.6923e-06,1.6433e-06,1.5655e-05,0.0030306
2.5221e-07,0.0051053,0.00086566,0.00037681,0.00075086
1.2576e-08,1.1634e-08,5.6892e-07,1.5283e-05,0.0031145
0.0034835,1.9456e-05,0.00010286,0.00018731,0.00014404
0.001164,0.0050892,0.00029329,0.0011085,0.00010828
9.2245e-05,6.2859e-08,3.1109e-07,1.5446e-05,0.0030393
1.8017e-07,7.8498e-07,0.0037639,0.00065964,4.0114e-06
0.0033091,5.5894e-06,3.4037e-05,0.00037583,0.00030703
1.1985e-05,3.1882e-08,8.0827e-08,9.8558e-07,0.003108
2.0796e-05,5.8751e-06,0.00016223,0.00070197,0.0028277
2.4729e-05,0.0024438,0.00088229,0.00020282,0.0015899
0.00078765,0.0015242,2.0446e-05,0.0097054,0
1.8053e-07,0.0010113,0.0028192,0.0014491,0.00027312
0.00032844,7.6559e-05,0.0013172,0.0016049,0.0014556
0.0029859,0.0016909,5.9286e-05,0.00020753,5.5814e-05
0.0035729,8.923e-06,8.6603e-06,3.9683e-07,0.0001869
2.8943e-05,9.0536e-05,0.0036035,0.00019223,0.00017453
0.00071341,8.065e-08,1.4187e-06,6.1043e-05,0.0025212
0.0034908,1.587e-06,3.5397e-06,0.00043949,0.00017088
7.3606e-06,0.0001459,0.003582,0.00097739,3.1725e-05
3.2476e-05,9.4757e-05,1.8984e-05,0.00019104,0.0030078
0.0030797,0.0014658,3.8019e-05,0.00049525,8.0023e-06
0.00045098,0.0019737,0.002235,0.0012655,0.0001018
6.3665e-07,0.00278,0.0025162,0.0012073,5.8301e-06
0.0013552,0.00027596,0.001602,0.001448,0.00036006
0.0038013,2.231e-05,2.0776e-06,3.8873e-06,4.2875e-07
0.0036173,0.0002107,9.9279e-05,7.5549e-05,1.4037e-07
5.8957e-05,0.00022401,0.00050131,0.00012277,0.0025776
5.5741e-05,0.0055822,3.1718e-06,0.002478,0.00080988
2.6535e-06,0.0077118,0.00036776,0.001958,1.2017e-06
1.626e-06,0.00022382,0.00037352,0.00018363,0.0027133
1.8293e-05,0.00069837,0.0021146,0.0058145,2.4433e-05
2.4161e-05,0.00013533,0.0035284,6.3765e-05,0.00025001
3.8269e-07,0.0025219,0.00032684,5.6078e-05,0.0020548
0.00098068,1.2452e-06,2.5679e-06,7.9596e-05,0.0022976
1.2582e-07,4.5281e-09,6.7906e-07,5.1218e-05,0.003107
0.0038075,1.5072e-07,2.4818e-06,1.1937e-06,2.5357e-06
1.3343e-05,0.0018706,0.0031178,0.00021372,7.7658e-06
0.00045102,0.00054889,0.0032361,9.3757e-06,1.3409e-05
0.00017349,0.0001473,0.0036131,0.00028046,1.2918e-05
3.6069e-05,0.00035546,0.0037597,4.672e-06,0
2.6422e-05,1.1554e-06,7.1917e-06,0.00047381,0.0029938
0.00038797,0.00014797,2.6229e-07,7.401e-05,0.002739
0.0037589,4.5562e-05,3.7471e-05,2.5888e-06,2.7541e-08
0.00012904,0.0076011,0.00040826,0.00021594,0.00025578
0.0010704,0.0012521,0.0020483,0.0011098,1.6694e-06
3.6349e-05,1.5091e-05,0.0038954,1.2945e-06,5.5293e-08
1.1098e-07,1.5471e-06,7.596e-10,5.2638e-07,0.0031174
0.00016492,0.0074786,0.00072512,0.00024134,8.9457e-06
0.00012547,0.00051454,0.0035689,0.00014175,0
0.0024846,4.0146e-07,1.133e-06,6.6755e-05,0.0010719
4.465e-05,0.0030427,0.0021174,0.0016889,0.00010469
2.1909e-05,0.00048803,0.0037225,8.4672e-07,1.5925e-07
4.211e-05,0.0059199,0.0010908,0.00052191,0.00025279
3.3687e-06,0.00010067,1.5975e-06,0.00021998,0.0030376
3.4057e-05,1.3362e-05,4.7525e-07,1.3608e-06,0.0030854
0.00018652,0.00025105,5.2042e-05,0.013787,3.4569e-05
2.0936e-07,8.6785e-07,0.0039388,1.4599e-07,5.3831e-10
8.6734e-06,0.0084103,2.6957e-05,0.00013252,0.00041862
3.7027e-05,3.4229e-07,7.7835e-06,2.1501e-05,0.0030772
1.4365e-06,1.8735e-05,0.0039304,4.8422e-09,1.9144e-12
0.003497,2.6475e-06,8.5109e-07,4.2159e-05,0.00024858
0.0013314,1.2767e-05,2.1457e-05,0.0074034,0.00049911
0.00074002,1.787e-05,0.0011609,0.0011269,0.0013588
4.6672e-05,2.3213e-05,0.0038243,4.5477e-05,3.6359e-05
1.5523e-05,1.5955e-06,1.7304e-05,0.00038026,0.0030137
0.0016906,3.6805e-05,0.00025102,0.0033274,0.00084714
1.0504e-05,0.00062779,0.0003855,0.00065663,0.0024731
4.0369e-05,0.0084175,2.5672e-05,0.0017617,5.9304e-05
3.8696e-05,8.3476e-05,0.003864,4.7697e-08,1.7465e-06
0.00039778,9.0764e-06,0.0035065,5.0009e-05,4.3046e-06
0.001597,1.3682e-05,0.0022797,1.4144e-05,6.3043e-07
1.3204e-05,0.00035858,0.0030942,0.0015467,0.00023007
0.00053968,0.0017113,0.002691,4.4347e-06,7.9298e-06
0.0011633,0.0041462,0.0004866,9.8893e-05,0.00045807
0.0031419,0.00016733,0.00060905,6.1177e-05,1.9028e-06
5.0825e-05,1.7485e-05,0.0038799,2.0286e-08,4.9049e-11
1.4577e-05,1.5431e-05,0.00014824,0.00051731,0.0028785
9.003e-10,2.0649e-08,0.0039392,7.1054e-07,3.6074e-10
0.00028085,2.1237e-06,5.1358e-05,3.0079e-05,0.002841
0.00035863,0.00048986,0.0032017,0.00045157,4.4538e-05
4.7922e-07,0.0066899,1.6282e-05,0.0043547,0.00011382
1.8201e-05,0.0021515,3.0753e-05,0.00016104,0.0023696
0.0037364,2.0444e-06,3.7017e-05,5.6306e-05,2.1525e-05
0.0033088,0.00081746,1.3822e-05,4.8848e-06,0.00014367
0.0015945,0.0023643,0.00088849,0.0018038,0
0.00023553,1.4719e-07,1.1526e-07,6.9962e-06,0.0029239
0.0038107,7.8402e-09,2.546e-06,3.5411e-07,7.7976e-08
6.367e-05,1.8125e-08,0.0038626,4.2439e-05,5.7145e-09
1.4968e-06,4.5634e-07,0.0004927,0.00048956,0.0026269
2.2471e-07,2.0498e-06,1.3266e-07,2.7271e-06,0.0031166
0.0037454,7.0203e-09,6.7058e-05,1.043e-05,4.2866e-07
8.0991e-06,1.1831e-06,1.4418e-07,2.5796e-08,0.003111
0.0030823,0.00069296,0.00010872,0.00045225,0.00020166
0.0038061,4.0898e-07,4.8906e-06,1.2203e-06,1.7314e-06
0.002063,3.0736e-06,0.0016951,0.00036146,1.4837e-05
0.0017776,8.4281e-05,0.0020481,6.6185e-06,1.5639e-05
0.0021297,0.0036617,0.00028283,3.3299e-06,1.0005e-06
8.3164e-06,0.00037191,0.0028356,2.6572e-05,0.00074454
0.0012624,3.7626e-06,0.002512,0.00010866,7.4245e-05
4.4487e-06,0.0067789,0.00010926,0.0020273,0.00048351
9.558e-05,5.158e-07,0.0029111,0.0036007,1.4999e-06
0.0027802,2.8184e-07,0.00044172,0.0020687,7.3366e-05
1.8793e-06,0.00027835,0.0037392,4.6649e-06,6.8473e-05
6.1812e-06,1.3897e-05,0.00050347,0.0015314,0.0023979
2.1728e-06,8.03e-07,9.0032e-05,2.0354e-06,0.0030444
2.2465e-05,1.652e-07,2.0156e-08,7.7445e-06,0.0030981
1.139e-06,6.9693e-06,1.1572e-06,2.7642e-05,0.0031084
2.8212e-06,0.00040333,0.0012493,8.2265e-05,0.0019833
0.00043095,0.0003113,7.3152e-05,5.1416e-06,0.0026089
1.7981e-05,8.4564e-07,7.6221e-07,2.0291e-06,0.0031021
2.9496e-05,9.9595e-05,0.0014337,0.0092454,4.2979e-05
0.0025562,0.0030243,1.3206e-05,0.00012325,4.1621e-05
9.9397e-05,2.1899e-06,2.5867e-05,0.00011389,0.0029924
5.2508e-05,5.436e-08,1.9006e-05,7.156e-06,0.0030586
0.0013319,5.8844e-05,0.0025376,9.2931e-06,8.1733e-08
0.00087391,1.3542e-05,0.00071439,0.00011875,0.0018096
0.00027184,6.1616e-06,0.00011113,0.00972,0.00082425
1.4268e-06,1.4124e-08,0.0039363,5.3609e-06,1.9461e-07
2.2184e-08,3.0509e-10,0.0039393,1.9916e-10,8.2104e-13
0.0025265,3.5585e-07,0.0012229,3.2804e-08,8.4152e-05
0.00029357,1.1128e-07,3.1603e-07,1.6576e-05,0.0028744
0.0037779,1.3221e-05,2.2627e-05,2.8726e-05,1.0708e-06
0.0023663,0.00024341,0.00078496,0.0022582,2.4972e-05
0.00020759,1.1053e-08,0.0037232,3.1048e-06,7.373e-07
2.3498e-06,2.6369e-06,8.5886e-05,0.00037447,0.002971
0.00012507,0.0094949,9.0232e-06,0.0001161,0
0.0036509,1.6015e-05,7.8693e-06,9.6461e-06,0.00011965
0.0022799,2.247e-06,2.3981e-06,0.00024383,0.0012016
1.2463e-05,0.0010817,0.00018057,0.0020252,0.002212
1.0541e-05,3.4497e-05,0.0039118,1.0631e-05,1.6406e-07
0.00020652,0.0022925,0.00010574,0.00077362,0.0019871
3.0053e-05,4.3705e-05,0.0038777,3.8733e-06,9.7077e-06
0.0020413,0.0037825,0.00031741,4.0901e-05,2.8903e-07
0.00091885,2.0587e-05,9.1799e-06,0.00031134,0.0022896
6.0942e-05,8.4916e-05,1.9827e-05,0.0096756,0.0010533
8.3981e-05,0.0089191,0.00027509,0.00011694,3.8467e-06
4.3784e-05,3.1158e-05,0.0036397,0.00053716,8.2057e-05
0.0004895,1.9575e-06,1.7842e-06,3.7568e-05,0.0027082
8.4544e-05,0.00065467,0.003574,6.9834e-05,9.9009e-09
2.7763e-07,1.0829e-09,2.8205e-07,3.5897e-07,0.0031176
0.001489,0.0032993,0.0010502,6.0849e-05,1.9648e-05
0.0016893,1.6811e-08,6.1254e-06,7.924e-06,0.0017303
0.00063207,0.00072996,0.00047841,0.0092825,0.00010063
1.4408e-06,4.8572e-06,0.00016001,0.0099895,0.00095212
2.7694e-08,1.6796e-06,0.0039383,1.4225e-06,2.9191e-09
0.0037993,2.2665e-05,2.1748e-06,1.2184e-05,1.7872e-07
9.4161e-05,2.7595e-05,0.0038272,1.3039e-05,4.152e-07
2.8436e-07,0.00050193,6.7027e-06,7.7549e-06,0.0029532
0.0037608,4.8781e-07,2.3632e-05,1.8635e-07,2.407e-05
0.0034782,0.00050157,2.2717e-06,9.6564e-05,9.4919e-05
8.9521e-05,3.203e-08,8.3461e-07,1.8143e-05,0.0030405
0.0030322,3.4431e-05,2.9501e-05,0.0027506,4.381e-05
9.5187e-09,2.5012e-09,0.0039393,4.1693e-09,3.3478e-11
0.00012131,0.0062123,0.00073875,0.00024934,0.00043031
7.4924e-05,0.002798,0.00092936,0.00068587,0.0013018
0.0020432,3.0588e-07,0.0018166,4.3269e-05,6.8264e-07
2.5937e-07,0.0098946,7.7254e-06,5.3442e-06,8.6261e-09
0.0001559,1.0895e-05,0,0.002375,0.002503
0.0037383,1.9761e-06,1.7066e-06,5.7367e-05,4.7743e-05
1.6142e-06,0.00061422,0.0026619,0.0001197,0.00079229
6.481e-05,1.6539e-07,0.00049243,0.0003039,0.0026133
2.2072e-06,6.9083e-06,6.0467e-07,2.4224e-08,0.0031136
9.09e-05,4.0804e-05,0.00014743,0.00057632,0.0027967
0.00061976,1.6862e-07,7.9982e-07,7.1239e-07,0.0026105
2.7547e-05,2.428e-07,2.6227e-07,1.1604e-05,0.0030929
5.0066e-05,0.00018198,0.0037846,0.00011263,1.412e-06
0.0037994,2.8216e-05,1.7746e-06,3.977e-06,3.6082e-07
0.0032139,2.1294e-07,0.00041732,0.00012836,0.00013366
5.7678e-05,0.0064227,0.001318,3.5198e-05,1.3656e-06
1.4e-07,0.00026008,3.8458e-06,7.6431e-05,0.0030176
0.00043104,2.9108e-05,0.0034537,7.0261e-05,8.5152e-06
0.0026126,8.8177e-05,9.2471e-06,2.4636e-05,0.00094179
3.224e-07,6.3981e-06,2.5382e-05,0.00036522,0.0030213
8.1044e-05,4.2332e-08,0.0038545,3.2702e-08,9.1824e-07
0.0024276,0.00056023,0.00014341,0.0038393,6.0711e-05
6.5632e-05,0.0074998,0.00086516,2.7229e-05,1.629e-05
0.00072926,4.5736e-06,2.2429e-05,3.1434e-08,0.0025026
0.00027452,0.00029346,0.0030492,0.0011087,0.00016182
0.00032769,2.3117e-06,0.0030929,1.7772e-06,0.00040093
8.5064e-06,0.0082073,0.00027025,3.6205e-05,0.00030964
0.0036309,5.048e-05,3.9763e-06,0.00010994,0.00010781
0.0018789,4.0276e-07,1.6003e-06,3.0477e-06,0.0015797
5.2312e-06,1.4645e-05,1.1667e-06,1.234e-05,0.0031058
0.0034525,1.1385e-05,6.111e-05,8.2165e-05,0.00022639
0.00013256,0.00015107,0.00015,1.9143e-06,0.0028431
1.2638e-05,0.00049307,7.316e-05,0.012668,0.0003121
4.1786e-05,1.5372e-05,0.00064504,2.4611e-05,0.0025635
0.00062083,2.4476e-06,0.00053785,0.00011435,0.0021607
1.7445e-05,4.1436e-05,8.4783e-05,7.8065e-06,0.0030221
0.00012394,0.00053812,0.00079733,0.0097156,0.0002357
0.00037591,0.00081493,0.0031557,0.00021068,1.3762e-05
0.0012212,0.00043138,0.0017266,0.0013972,0.00033242
0.0020205,4.0567e-05,0.00045574,0.00023742,0.0010441
0.00025532,1.6435e-07,0.0036719,1.3971e-05,7.7204e-09
0.0017749,0.0033417,8.3346e-06,0.00024615,0.00055946
1.3e-08,3.8371e-05,0.0030908,0.0029095,6.6393e-05
4.4411e-06,3.8226e-09,4.3939e-08,9.1226e-07,0.0031142
0.0037929,3.7108e-06,1.3235e-05,1.6549e-05,1.7515e-06
2.8987e-05,0.0023102,0.0022691,0.0027416,1.3057e-05
0.00030299,0.0052303,0.00040012,0.0032298,0.00025084
0.0035782,6.8073e-07,5.4809e-05,0.00012963,0.00012233
0.00022684,0.00030387,4.8243e-05,6.0886e-06,0.0027977
4.2834e-06,0.00060884,2.6557e-05,0.014221,2.7627e-06
3.7364e-05,2.0582e-06,5.59e-05,5.2843e-05,0.0030319
2.2144e-07,5.1975e-06,2.0308e-08,1.2401e-05,0.0031137
4.7707e-05,3.173e-06,3.1594e-06,7.0299e-05,0.0030613
1.2831e-06,2.7981e-06,0.0027591,0.0001835,0.00089486
7.1214e-06,5.8239e-07,1.3009e-06,6.8023e-05,0.0030972
0.0034697,2.71e-08,4.9315e-07,2.1797e-07,0.00028062
0.00039837,0.00074304,0.0032262,5.3814e-06,4.0713e-06
0.0037083,4.7655e-06,1.0635e-05,0.00029768,1.5299e-05
0.0037552,8.6549e-05,1.2019e-05,4.6291e-05,1.4406e-06
0.00073866,0.0014582,0.001454,0.00014696,0.00087488
0.00056618,1.393e-07,2.4722e-06,7.6389e-05,0.0026376
1.6864e-05,0.0042779,0.0021706,0.00019832,9.0709e-07
0.0017909,0.0017376,1.1474e-05,6.7175e-05,0.0010847
0.0035994,8.5269e-08,0.00017647,0.00014357,5.9793e-06
1.8826e-08,3.6281e-07,0.0039392,2.7733e-08,5.9075e-10
0.0026037,0.0004755,1.4497e-05,0.0016753,0.00048665
0.00167,1.348e-08,1.032e-05,3.4849e-07,0.0017443
1.6966e-06,1.2198e-08,1.1015e-06,1.0761e-06,0.0031156
0.0034568,0.00023933,0.00027299,1.8921e-07,1.8182e-07
7.1811e-06,0.0047742,9.6534e-06,6.1478e-06,0.0016024
0.0001573,3.394e-07,0.0037742,4.6796e-06,1.0472e-06
9.3466e-07,5.6332e-09,0.0039384,6.61e-08,1.3809e-10
0.0037351,6.8466e-06,7.7722e-05,2.7257e-07,3.2794e-07
9.344e-06,0.0048686,2.5784e-06,0.0003661,0.0015032
0.0012953,0.0047831,0.00011624,0.0021806,1.8671e-05
7.106e-05,0.0074609,0.00029844,0.0012274,0.00022797
0.00020536,0.00026535,0.0035685,0.00011516,1.8745e-05
0.0032605,0.0013326,1.4425e-05,3.6409e-05,1.4332e-05
4.7917e-05,3.0944e-05,6.9293e-05,0.00066476,0.0028788
1.2534e-05,0.0085828,0.00041308,1.5377e-05,7.9484e-05
0.0038128,3.5685e-07,3.6405e-07,3.8418e-07,3.5459e-08
0.0017469,6.1168e-05,0.00014543,0.0076292,0
3.4975e-05,0.0081882,0.0003698,0.00084685,4.9932e-05
0.0021337,0.00085221,0.001365,0.00010762,3.2026e-06
0.0022496,3.7575e-08,5.1896e-05,1.3453e-06,0.0012373
1.2025e-07,6.5838e-05,0.00034063,0.0044924,0.0019118
0.0022984,5.2259e-06,0.0010863,1.3279e-05,0.00037465
0.00035489,0.00043283,0.00032109,0.0028806,0.0018504
4.8452e-08,1.2786e-05,5.9687e-08,0.00083328,0.0029441
1.5351e-06,5.5375e-06,0.0038084,0.00049104,5.2536e-07
0.0033434,0.00021206,0.00040132,1.3911e-08,3.3645e-10
6.6835e-05,0.0090139,0.00025131,0.00010081,1.0192e-05
0.00071803,1.1101e-07,7.2573e-06,0.00090909,0.0023399
0.0027963,0.002368,3.4432e-05,9.573e-06,5.7961e-05
3.9802e-07,0.0065409,0.0012493,0.00032473,6.4034e-06
3.8152e-05,1.4874e-07,8.182e-08,0.00011326,0.0030637
0.00024294,9.6455e-07,0.0033081,0.00013436,0.0002733
3.0042e-06,0.0010775,0.0035067,1.6478e-07,1.2201e-06
9.4519e-11,1.1155e-10,1.6233e-08,1.6172e-07,0.003118
0.00012183,1.0508e-06,2.0526e-06,1.0072e-05,0.0030145
2.0118e-05,0.00016048,0.00032778,0.013532,3.2936e-05
3.1285e-05,0.0010926,0.003473,1.9543e-07,4.0712e-08
0.00038941,8.3752e-08,2.9409e-06,4.3105e-06,0.0027965
0.0036601,0.00013557,5.1751e-05,2.9809e-07,4.166e-05
0.0038047,1.1749e-10,1.9209e-08,7.3703e-07,6.9188e-06
2.0162e-06,0.0098899,9.0222e-06,5.8681e-07,8.9622e-10
2.0083e-09,4.7972e-06,8.4847e-07,0.00030543,0.0030536
0.00053191,0.000137,0.0027216,0.002115,5.4709e-05
0.00026483,0.00010922,0.003161,0.00027016,0.00031013
0.0037608,1.0692e-05,9.6044e-06,0.00014323,2.8189e-06
8.4142e-06,6.628e-06,0.0039168,4.1693e-05,3.8256e-07
0.00012613,0.0073239,0.00022016,0.00031586,0.00047383
4.9071e-08,1.503e-05,1.7386e-06,2.2435e-06,0.0031115
9.4826e-06,0.0085651,0.00052508,9.4721e-06,8.3322e-08
1.4404e-05,9.8951e-05,0.003846,0.00015203,1.7043e-08
7.8854e-06,1.301e-07,0.0039104,8.0628e-05,9.0925e-09
0.0037305,2.6743e-06,4.2704e-08,1.4928e-06,6.6629e-05
2.6045e-07,1.8134e-07,0.0039247,5.5732e-05,6.1811e-09
0.00039439,0.0084112,0.00014339,0.00017207,2.7052e-06
1.7673e-05,0.00096034,0.0023305,0.0046765,3.6475e-06
0.0036284,0.00026458,6.2393e-05,6.565e-05,5.3212e-06
0.0032086,0.00038692,2.3334e-06,0.0002938,0.00031111
0.0017833,6.1688e-06,2.7685e-05,0.00020607,0.0015941
1.5872e-07,0.0089634,0.00020887,0.00065272,1.6332e-06
0.0036875,6.4554e-07,1.2714e-05,0.00038261,1.4693e-05
0.00053527,0.00054191,0.0010607,0.0028716,0.001085
0.0029396,0.0008337,0.00020316,0.0013851,9.1841e-06
0.0029968,0.00020037,1.2174e-05,0.00076357,0.0004394
3.0525e-05,5.5126e-05,0.00025051,0.012879,0.00025177
0.00036462,0.00089205,0.0028073,0.001415,2.8991e-05
1.6758e-05,7.8888e-05,3.2136e-06,1.0173e-06,0.0030768
0.00070724,4.9143e-06,1.881e-06,0.0001709,0.0025019
0.0025871,0.00011694,0.00065169,0.001609,0.00012206
0.0019181,6.7849e-05,0.00015784,0.0065986,5.8207e-05
0.00099241,8.5829e-06,0.0029082,9.5354e-06,1.0971e-07
0.0018028,1.0856e-07,4.2878e-05,6.9638e-05,0.0015958
0.003518,1.9774e-09,1.4043e-07,2.4429e-08,0.00024139
3.3606e-05,3.7174e-05,3.2789e-05,0.0024452,0.0025545
0.0034838,2.7526e-06,4.5817e-06,0.00018044,0.00022819
0.0029444,0.0016022,0.00021167,0.00010621,1.7689e-05
9.4455e-05,7.8185e-05,9.0865e-05,0.0134,0.00021244
0.00030389,0.00062096,0.00074716,0.00014642,0.0020532
8.2016e-05,0.0088274,0.00034304,1.8744e-05,5.2481e-07
4.3767e-06,8.0714e-07,3.142e-08,4.134e-06,0.0031134
0.00037572,3.4635e-06,1.5683e-05,0.0016131,0.0024685
3.3092e-06,0.0097155,3.3956e-05,0.00016629,2.3893e-07
0.00043547,0.00010298,0.0001595,0.0002814,0.002546
0.0025621,0.00013276,0.0011108,0.00050063,1.2262e-07
7.5186e-07,0.00028315,0.0038259,9.6631e-07,1.4286e-08
0.0032245,3.1815e-07,0.00057723,4.0097e-09,2.4541e-05
0.00029923,0.00029773,3.9756e-05,5.9167e-05,0.0027363
0.0031766,0.00081995,0.00031221,7.7091e-05,4.2718e-08
2.4206e-05,0.0094179,0.00015953,5.4877e-05,3.5438e-08
2.5033e-05,1.6874e-08,0.0037694,0.00018455,7.639e-05
0.00084684,1.8186e-06,4.4827e-07,6.8097e-05,0.0024108
4.543e-07,8.2438e-05,0.0039009,1.8299e-05,4.505e-07
1.7423e-06,0.0059842,0.00057668,0.0018276,0.00040628
9.0239e-09,2.9364e-09,1.0662e-09,3.2235e-07,0.003118
3.0917e-07,0.00011542,0.00077087,0.0035751,0.0017425
4.1951e-06,2.762e-07,5.384e-08,0.0004776,0.0030172
0.00040839,3.9393e-06,0.0014636,0.00015488,0.0015929
0.00032798,2.7204e-05,0.00013765,0.00027482,0.0026764
1.1658e-05,1.8675e-06,0.0039217,4.8048e-06,2.9004e-06
0.0034795,1.9413e-05,0.00020746,0.00012669,7.6852e-05
0.0033654,6.0771e-07,0.00011666,1.2297e-06,0.00027352
0.00048962,0.0085048,5.2823e-05,1.0205e-05,9.549e-08
5.2887e-06,7.9625e-06,0.003866,0.00025119,3.6084e-09
1.925e-05,0.00087862,1.3617e-05,0.0049512,0.0018059
0.00014322,7.707e-08,1.534e-05,2.878e-05,0.002983
0.00077775,0.0030612,0.0019102,6.8241e-06,6.4113e-06
4.0027e-07,1.4847e-08,2.3805e-08,1.4046e-07,0.0031177
2.7689e-07,0.00033531,0.0038047,4.5321e-06,1.6956e-08
0.00014788,0.00011626,1.3074e-06,2.8206e-05,0.0029538
5.8201e-06,6.1272e-05,0.0038655,8.1417e-07,3.4235e-05
0.0029506,0.00027964,0.00068498,0.00023464,2.758e-05
1.5288e-05,8.2748e-06,1.3205e-05,0.0020033,0.0026841
0.0034239,0.0003491,0.00012486,0.00019135,7.0907e-05
0.0035036,0.00011249,0.00023578,1.2194e-05,2.8863e-05
4.5988e-06,0.00063097,0.0036796,1.5529e-05,3.3439e-07
2.6161e-07,1.4233e-05,1.2384e-05,0.00018002,0.0030669
3.1631e-06,0.00096837,7.5712e-06,0.0016383,0.0024711
0.0028561,0.00011119,4.3661e-05,0.0033891,2.2254e-05
9.2807e-06,7.0561e-09,1.2373e-05,5.3188e-06,0.0030996
0.0033047,0.0010813,9.4154e-05,1.6344e-06,1.1437e-06
8.8789e-06,4.8429e-09,2.473e-07,3.4636e-06,0.0031099
0.00088746,0.0071647,6.5557e-05,0.00042409,1.6626e-06
0.0037586,9.22e-07,3.7206e-05,6.8621e-05,1.0879e-06
0.0013435,2.6718e-05,0.00039819,0.00010281,0.001675
0.00058206,6.8752e-07,0.00045005,1.0102e-05,0.0022837
0.00036875,1.1671e-07,9.5961e-06,0.00019857,0.0027685
0.0021588,0.0033038,0.000321,0.00025047,9.0949e-06
3.1484e-05,0.0033553,0.0020737,0.0018682,1.5266e-05
7.5177e-09,9.2886e-09,3.3563e-09,1.4743e-07,0.0031181
0.00010809,0.00015249,0.00010798,0.0013772,0.0026155
0.00029503,2.2315e-09,0.0036319,9.8438e-06,1.2884e-07
0.0010603,0.0059746,0.00046005,4.2611e-05,4.8891e-10
0.00077962,0.00016024,0.00013613,0.0018128,0.0019529
5.356e-05,7.4489e-05,1.0595e-05,5.1914e-05,0.0030319
1.234e-05,3.1492e-06,1.8478e-06,0.0023712,0.0026221
8.1231e-06,0.0079108,0.00078849,1.5395e-06,1.7124e-08
0.0035428,0.00024412,1.8802e-05,0.00063571,0
2.3852e-06,4.3815e-08,3.2537e-08,0.0001097,0.0030937
0.0028581,1.8268e-05,0.00033824,0.0009266,0.00031874
3.0662e-06,2.0762e-07,1.9351e-08,2.996e-06,0.0031149
5.0227e-05,0.0035905,0.0024317,8.1812e-05,6.8559e-06
7.7038e-08,6.8607e-08,3.5407e-08,3.8502e-06,0.0031172
2.632e-07,2.0244e-05,6.7246e-05,4.2015e-06,0.0030574
5.4656e-05,0.0010092,0.0034794,9.5993e-06,1.2247e-07
0.00024824,1.6031e-06,0.0036008,0.00026923,9.5666e-06
2.2586e-05,8.669e-06,0.0029435,0.0011171,0.0005393
4.5677e-06,1.2067e-08,2.8108e-06,9.5666e-05,0.0030926
1.3344e-06,0.0026724,1.6656e-07,0.00012753,0.0022507
0.00017767,0.0073637,0.00081827,2.4645e-05,5.0914e-06
0.0016442,0.00015463,0.0016478,2.0406e-05,0.00041664
0.0038121,3.9752e-07,1.0842e-06,5.5274e-08,6.3828e-08
0.001114,3.4191e-07,5.774e-06,1.0507e-05,0.0022004
0.0018008,0.0043478,0,0.00075778,0.00012429
0.0025851,0.0015688,0.00055771,0.00030234,8.0704e-06
0.0029328,2.1272e-06,5.3199e-06,4.3978e-05,0.00070615
6.4435e-11,1.482e-07,4.3387e-07,8.6639e-05,0.0031
0.00039291,0.0012893,6.6182e-05,0.00025214,0.0022877
3.1403e-06,0.0047114,0.0020397,5.1797e-05,9.3183e-06
0.00023178,5.0459e-06,1.4829e-06,3.3874e-05,0.0029189
8.6227e-06,2.0237e-08,1.6992e-06,1.2995e-06,0.0031094
3.5269e-05,5.8773e-05,7.0427e-06,0.012883,0.00043871
0.00052843,0.0019754,0.0023999,0.0006085,4.131e-05
0.0016074,0.0025611,0.0012535,3.7786e-06,5.6385e-06
0.0036565,4.4729e-06,5.4853e-05,2.1028e-06,8.3061e-05
4.9477e-06,2.2446e-05,0.0039252,5.682e-09,1.2343e-07
2.0706e-06,0.0088204,9.3102e-05,0.00061033,0.0001453
0.0028937,3.0902e-07,4.7851e-05,7.1833e-06,0.00071257
0.0014183,0.0013392,0.00014747,0.0044102,0.00052153
6.2111e-07,3.0654e-06,2.3536e-08,1.4812e-06,0.0031163
2.7151e-06,0.00011038,7.198e-05,0.013562,0.00025927
0.0027107,5.5527e-06,0.0010545,1.5053e-05,6.2177e-05
3.7881e-05,0.003409,7.1141e-05,0.00086074,0.0017836
8.062e-07,4.6855e-09,0.0039382,5.9919e-08,2.3704e-07
5.1065e-05,0.00056386,0.0035723,0.0003503,7.1435e-08
0.0019996,0.00043277,0.00034785,0.0047041,0.00011266
0.0037993,3.7118e-06,1.8938e-07,1.1386e-06,9.9837e-06
0.0031577,0.00038172,0.00052551,7.6382e-07,0
0.0037702,9.195e-06,8.3977e-06,0.00010252,4.8438e-06
0.0036397,1.5117e-07,5.9548e-06,1.8664e-05,0.0001335
4.4247e-05,0.00038181,0.001756,0.00689,0.00016724
0.0037174,6.1516e-06,9.4439e-07,0.00036721,9.3274e-07
2.7938e-06,0.00020085,0.0038561,5.5992e-07,3.2138e-07
0.00040517,2.03e-08,5.8655e-06,0.000723,0.0026348
0.00011437,0.0065975,0.0011961,1.3108e-05,1.001e-06
0.0019449,0.00080634,0.0009561,0.00096539,0.0003207
9.0636e-07,1.827e-08,1.2557e-06,5.1381e-08,0.0031163
0.0013028,4.5055e-07,2.5704e-05,0.00030469,0.0019703
0.0010421,0.00055238,0.00016706,0.00060464,0.0018368
6.3685e-05,1.0694e-06,9.8959e-05,2.3984e-06,0.0029869
0.0037493,0.00011285,1.8465e-05,1.1328e-05,0
2.0707e-07,1.2158e-07,7.2641e-10,3.2945e-06,0.0031172
1.4134e-06,3.3055e-09,0.0039193,7.2141e-05,4.6088e-11
0.00035137,7.1093e-05,0.0035311,6.5119e-05,2.1537e-07
3.2774e-05,5.2967e-05,2.4731e-06,3.4304e-06,0.003072
1.1131e-05,8.9169e-07,3.4056e-06,2.6768e-05,0.0031006
0.0028956,7.2129e-08,6.2504e-06,2.397e-05,0.00074063
8.6305e-05,0.00019289,0.0036967,0.0002571,8.4317e-06
4.0185e-05,0.0021046,0.0028183,0.00088948,1.1545e-05
0.00062717,0.00033084,0.00064169,0.00010261,0.0019724
0.00058462,7.6212e-06,3.7259e-06,0.00041808,0.0025495
3.0353e-08,3.2784e-08,0.0039393,1.6985e-08,3.783e-13
1.2024e-08,2.8714e-09,0.0039387,2.3655e-06,6.8068e-10
0.0013381,0.0063589,2.542e-05,2.2377e-05,1.7287e-07
4.5309e-06,2.4685e-07,8.2367e-05,0.00012192,0.0030243
0.0032731,3.9501e-05,0.0002589,0.0010777,4.7315e-06
0.00013632,0.0018848,0.0010368,0.0022508,0.0011346
5.6627e-07,0.00011542,5.4579e-06,0.00014091,0.0030483
0.0038011,1.7516e-08,6.8336e-08,1.5355e-05,6.8968e-06
0.002768,0.0022573,7.8082e-05,0.00036053,9.857e-06
4.4362e-06,0.00046419,1.4573e-05,0.00030544,0.0028947
1.9913e-05,6.4264e-11,2.9472e-08,2.6379e-07,0.0031017
0.00023584,1.7008e-05,0.0025337,0.001384,0.0006323
0.0028118,0.00047083,0.00021377,0.0012006,0.00025699
7.9796e-08,2.6716e-07,4.3582e-08,8.1464e-06,0.0031163
0.00098708,5.6869e-06,0.00092321,2.6007e-05,0.0015732
0.00014139,1.7219e-07,1.3885e-05,1.2583e-05,0.0029889
0.00055109,1.1641e-07,0.0025913,0.00042277,0.00053016
1.9663e-07,3.1278e-09,2.6448e-11,2.2319e-06,0.0031175
4.9665e-06,1.4465e-06,1.0625e-06,6.1337e-07,0.0031126
4.2568e-06,9.2166e-07,0.0039339,2.3184e-06,9.6897e-08
2.7934e-07,1.7491e-08,0.0039265,4.8725e-05,1.4186e-09
9.6882e-07,7.1716e-09,0.0039384,4.2091e-10,1.45e-12
3.1179e-05,3.9726e-06,0.0039036,1.6681e-06,1.22e-06
4.1466e-05,1.5584e-06,8.0128e-08,9.8832e-06,0.0030816
0.0003026,2.3657e-05,0.00011226,8.3091e-06,0.0027727
1.0873e-06,4.3958e-06,9.7604e-06,0.00021372,0.0030645
0.00070891,7.8759e-09,5.3184e-07,7.9014e-08,0.002538
0.0038055,6.5063e-07,3.5222e-07,9.7373e-07,5.7494e-06
0.00017893,2.4174e-06,1.14e-06,0.00031608,0.0029057
1.6171e-06,3.2746e-06,8.1045e-06,2.1276e-06,0.0031089
2.7983e-06,5.2029e-08,1.3341e-07,8.9258e-06,0.0031139
0.00010394,4.1288e-05,8.6138e-05,0.0020715,0.0025296
2.5118e-05,3.1472e-05,6.9377e-07,0.00070319,0.0029438
0.00099132,1.5507e-06,4.8458e-05,3.4536e-06,0.002268
0.0037356,5.552e-08,5.7638e-09,3.3605e-06,6.2906e-05
0.0001181,0.0030476,0.0025348,1.4897e-05,5.4049e-05
1.9044e-10,5.791e-06,4.5947e-05,0.0071807,0.0016159
4.534e-07,9.402e-05,0.00060793,0.0049718,0.0015934
1.2384e-07,0.0046777,4.2225e-05,0.0015233,0.0013034
0.0004986,0.00020465,6.4532e-05,0.0014494,0.0022995
6.7938e-05,2.9779e-06,0.0038672,2.8457e-06,4.3891e-08
0.0037272,9.6365e-08,1.8303e-05,1.9882e-07,5.5923e-05
0.0001571,0.0070691,0.00076601,0.00078926,0
0.0010498,2.229e-08,0.0028548,1.823e-07,1.2059e-08
8.2032e-05,0.00034161,0.00032184,0.00017441,0.0026533
1.0314e-05,6.8409e-06,1.8115e-06,7.4633e-06,0.0031046
7.08e-08,4.835e-08,3.6877e-09,7.2789e-07,0.0031179
0.00043765,0.0013633,0.0026813,0.00078757,4.8738e-05
9.6423e-06,6.2226e-07,9.6935e-09,6.7044e-06,0.0031086
0.0037677,9.1136e-07,2.4515e-06,9.2173e-06,3.3273e-05
0.00086708,8.5863e-05,0.00011326,0.00012202,0.0022676
0.0014986,0.0058666,4.4706e-05,5.7602e-05,1.2549e-06
0.0019431,0.00042343,0.0017638,5.8895e-07,7.2851e-09
0.0038018,1.521e-05,3.8287e-06,5.6117e-06,5.365e-07
0.0037961,7.9055e-07,2.3861e-06,1.2393e-05,9.4673e-06
0.00043599,5.0666e-05,0.0034638,1.607e-05,7.062e-07
0.0038,2.5049e-09,1.7434e-07,6.9727e-08,1.0788e-05
4.0728e-06,0.0030318,0.0027011,0.00011575,1.1048e-08
7.3941e-07,0.0095783,3.0319e-07,0.00049016,6.0727e-06
8.1263e-05,1.4985e-05,0.0037156,0.00051869,2.0417e-07
1.0526e-06,2.771e-08,4.9149e-05,7.5228e-05,0.003063
4.531e-06,3.9699e-06,0.003932,3.8792e-06,4.779e-08
0.0020249,5.9235e-06,6.7278e-06,0.00010709,0.0014334
0.003761,1.4438e-08,4.2185e-05,4.2393e-07,9.3346e-06
7.0075e-05,0.0021699,0.0030035,4.3273e-06,4.0637e-07
0.00045194,3.41e-06,6.4662e-06,0.00049332,0.0026418
3.7277e-05,0.0011292,0.00072146,0.00069045,0.0020208
0.0032097,5.5479e-05,0.00059763,5.2203e-06,2.0408e-06
1.1811e-06,0.0080299,0.0006326,0.00018131,5.501e-05
1.146e-09,3.0109e-09,4.4844e-09,7.5401e-05,0.0031027
3.187e-06,3.6437e-08,0.0039349,4.3076e-06,5.519e-10
0.00080532,1.3464e-06,1.4018e-05,0.0018154,0.002078
7.059e-07,5.8421e-07,0.003937,5.4919e-06,6.5199e-10
0.001523,0.00012773,0.0022859,8.1306e-05,6.7413e-06
0.0004433,0.00061402,0.0029117,0.0008777,7.9002e-05
0.0031258,0.0011677,0.00013207,0.00044423,4.9259e-08
3.7782e-05,0.0043626,0.00017219,0.0014028,0.0012934
0.0020598,0.0010195,0.0012573,0.00055374,5.3032e-06
0.00067545,6.6125e-05,0.0011152,0.0080917,1.2635e-05
1.7255e-05,1.2561e-05,0.0038041,3.0798e-06,8.84e-05
1.546e-07,2.4935e-08,0.0039391,1.5267e-07,6.8713e-12
5.3221e-05,0.00052602,3.1592e-05,0.00016745,0.0028501
0.0034218,0.00021314,2.7007e-05,6.5454e-05,0.00021851
0.0035262,1.8345e-07,3.8214e-06,2.897e-06,0.00023113
0.0021351,0.0010241,0.00038933,0.0033174,6.5822e-05
0.00098898,0.0046141,0.0010397,3.2208e-05,2.9354e-05
8.8185e-07,1.7121e-07,0.00045424,1.8978e-05,0.0027539
0.0037471,6.6304e-05,2.7044e-05,4.5446e-05,2.7269e-06
0.00051563,0.0012775,0.0026672,0.00047339,8.7164e-05
7.615e-07,1.853e-05,0.0039312,4.5631e-08,3.6336e-08
0.00015597,0.0059754,0.001253,2.3331e-05,0.00011546
4.0402e-07,1.4562e-06,0.0039361,5.1428e-06,7.1428e-07
0.00059931,7.5354e-07,0.0029526,0.0013802,9.3933e-06
7.5606e-05,0.0034957,0.0024519,9.8823e-06,1.4573e-05
0.0022394,8.7318e-05,0.0012471,6.8436e-05,0.00025854
1.1091e-08,3.381e-10,3.8303e-07,2.1066e-06,0.0031174
0.0016494,0.00020164,0.002152,8.2166e-06,9.8859e-07
9.9585e-07,5.023e-07,1.3442e-06,2.4807e-05,0.003111
0.00024606,0.00057198,0.0025608,0.0032052,5.6703e-05
0.002671,2.1725e-06,0.0001351,8.3482e-05,0.00080949
0.00062831,0.00018996,0.00045826,0.0077261,0.00060674
3.1416e-07,8.9362e-05,0.0036996,7.4947e-05,0.00014614
4.5344e-06,1.1539e-06,0.0034307,0.0014983,9.3034e-05
0.0035221,1.6843e-06,2.1038e-07,4.3186e-06,0.00023658
0.0024171,5.5353e-05,0.00019861,0.001729,0.00061461
0.00061217,0.0001304,0.003245,3.6545e-05,6.3083e-07
0.00018163,0.0020195,0.0017599,0.00042249,0.0008556
1.0657e-06,6.6672e-08,1.7636e-07,3.4855e-07,0.003117
5.694e-05,0.0073307,0.0001411,0.0032138,0
6.4102e-06,2.2486e-06,2.1893e-06,0.0012786,0.0028497
2.4126e-06,8.0403e-07,8.4892e-06,0.0010037,0.0029045
0.0004197,0.00036974,0.00052522,0.0016943,0.0018975
3.0954e-07,4.4609e-07,9.9247e-06,0.00013397,0.0030825
8.3856e-05,0.0054257,0.00010497,3.7865e-05,0.001253
0.00021171,1.4851e-06,0.0015291,0.0038428,0.00095073
3.2445e-05,0.0008188,0.0034836,2.9467e-05,7.0759e-05
0.0022506,0.00020482,0.0005698,0.0025047,0.00025181
0.0003163,1.2394e-05,7.0179e-05,2.8708e-05,0.0027942
0.00032119,0.00015909,0.0034753,3.1221e-05,4.8345e-05
4.1032e-05,0.00010484,0.0038542,4.037e-06,9.1733e-08
0.0001915,9.1155e-06,0.0001847,0.0001296,0.002786
2.1492e-05,0.00017706,0.0038018,0.00015911,3.1835e-06
0.00054178,1.2159e-06,1.2606e-08,4.0286e-07,0.0026746
8.5201e-05,4.4644e-07,0.00049553,7.4644e-05,0.0026408
2.0107e-05,0.00093141,0.0001672,0.00051618,0.0025713
0.0034121,9.4887e-06,0.0002777,4.257e-05,9.6687e-05
1.8924e-08,5.0378e-05,4.5383e-06,0.0053352,0.0020109
6.7429e-08,6.7883e-07,4.2933e-07,0.002598,0.0025878
0.0001185,4.9703e-06,0.0001564,0.0009655,0.002699
0.0034526,0.00021599,0.00019428,0.00022574,2.7332e-05
0.0037005,6.2681e-05,3.8904e-05,0.00016898,7.3262e-06
1.6586e-06,0.0083352,0.00050358,4.4922e-05,8.8543e-05
0.00064864,2.5559e-06,0.0029191,9.2378e-05,0.00025751
1.0059e-05,5.0508e-07,2.2638e-07,4.658e-06,0.0031086
0.00010652,0.0020405,0.0028762,0.00022148,6.7754e-05
1.2348e-06,0.002244,0.0013421,0.006604,2.9423e-06
0.00017307,0.00013863,0.0036377,1.5837e-06,5.3337e-05
0.0033005,1.2785e-05,7.1154e-05,9.7465e-05,0.0003392
0.0034571,0.0004931,4.7865e-05,0.00041038,1.4745e-05
2.9418e-08,2.5474e-06,1.6387e-06,1.2015e-05,0.0031135
6.8165e-06,0.00066548,0.0035461,0.00046147,2.4197e-06
0.00062852,0.0081911,3.5181e-05,4.5211e-07,1.1065e-06
7.4936e-07,1.6355e-05,0.0039194,3.77e-05,2.3767e-06
0.00050566,9.7749e-07,1.3996e-05,0.00037859,0.0026161
0.0031962,6.3493e-06,1.9194e-05,1.6508e-05,0.00048413
3.8774e-11,1.753e-09,6.2075e-10,2.2705e-07,0.003118
0.0031197,0.0012621,0.00021487,1.4333e-06,4.4218e-08
6.7675e-05,0.00012952,0.0012163,8.4451e-05,0.0020421
5.5437e-06,0.00078534,0.0033142,0.00031333,0.00017948
0.0027192,0.00011196,0.0010849,3.7186e-06,2.364e-08
0.001477,5.8601e-05,0.0015246,0.00012972,0.00065876
7.4814e-06,1.0093e-07,1.5489e-06,5.6619e-06,0.0031096
0.00033033,0.0015133,0.00040893,0.00051083,0.0019444
1.1953e-08,7.0614e-07,0.003939,4.0792e-08,8.9682e-09
4.3083e-07,0.00035938,0.00035437,0.0053311,0.0016374
3.6414e-05,0.0009084,0.0014242,0.0051548,0.0006245
7.3177e-05,0.0012338,0.0018119,0.0048707,0.00024323
5.5222e-06,0.0021287,0.0030871,2.5477e-07,7.5746e-07
6.0615e-06,0.005193,5.1696e-05,9.2907e-06,0.0014378
3.8446e-05,1.8604e-05,7.5332e-06,0.00011655,0.0030511
3.657e-06,3.5645e-09,3.357e-07,7.0742e-06,0.0031134
0.0012462,0.00041886,9.3601e-05,0.0015303,0.0015813
0.0017561,0.0035499,0.00039799,0.0012287,6.6231e-07
1.593e-07,1.4872e-05,0.0039333,1.9714e-08,1.4431e-08
1.8902e-08,3.928e-05,6.0384e-06,7.7224e-06,0.0030994
0.00036565,2.5305e-07,1.6365e-06,1.9708e-05,0.0028137
8.2448e-05,4.8149e-05,0.0038182,1.0888e-06,1.3117e-05
8.75e-05,2.9017e-06,0.0038458,5.0304e-08,1.5704e-06
0.0036753,3.4865e-06,6.6033e-05,2.3776e-08,5.9561e-05
6.0267e-05,0.00027863,0.0033137,0.00035537,0.00028587
0.00083497,2.4068e-06,0.0014061,8.7732e-06,0.0013198
0.0030344,0.0002545,0.00058124,0.00046381,2.3522e-06
0.002764,0.0017108,0.00011135,0.0005399,0.00012201
1.8872e-07,0.0001482,1.457e-05,0.013074,0.00039431
0.0024462,3.5915e-08,1.0277e-08,7.8502e-08,0.0011179
4.8105e-05,5.2431e-07,9.64e-07,0.00046216,0.0029836
0.00046054,1.0231e-06,0.00012155,2.2637e-06,0.0026445
0.0007558,0.00051049,0.0014853,0.0054358,5.5746e-05
0.0002894,2.0804e-05,0.0034907,5.4011e-08,0.00011192
6.2005e-06,0.00020222,0.00064835,0.0027039,0.001985
0.002858,6.8357e-06,0.00051668,0.00029254,0.00031042
0.00029124,3.2628e-05,0.0012335,0.0059725,0.0006757
0.0012594,3.7599e-06,0.0026352,1.4205e-06,9.9331e-07
2.6362e-05,7.9071e-05,0.00030814,0.013529,6.9558e-05
0.00015972,1.3954e-06,6.4579e-05,6.2901e-05,0.0029231
4.0635e-07,5.3129e-09,0.0039389,3.009e-09,5.6666e-13
0.002506,5.6418e-07,5.0763e-05,0.0034624,0.00032275
4.657e-07,2.3061e-05,0.0039212,3.1805e-05,2.4343e-07
5.5337e-05,6.1664e-05,3.8133e-07,0.013874,0.0002245
0.00067554,8.4763e-06,0.0032177,1.6736e-05,1.2737e-05
0.0026559,1.4503e-05,8.7907e-06,1.7912e-05,0.00093125
0.0013631,0.0018758,0.0017324,0.00014181,1.3627e-05
0.00055127,9.308e-07,2.51e-05,1.6144e-05,0.0026439
0.0025049,7.9393e-06,0.0012993,7.5265e-05,2.3639e-05
2.3878e-05,9.8621e-08,4.9601e-06,0.0025922,0.0025661
0.0010933,0.0056413,6.3453e-05,0.00013647,0.00037257
0.0036107,2.2913e-07,5.5519e-09,1.1332e-06,0.00016542
0.0026394,0.0013608,0.00058959,0.00011666,4.164e-05
0.0017475,3.4317e-06,1.7511e-05,6.423e-05,0.0016612
0.0017655,6.2757e-05,0.00045193,3.2286e-05,0.0012905
4.875e-10,2.4237e-08,9.5935e-09,5.0536e-06,0.003117
3.8752e-06,0.0092135,0.00025795,6.3609e-05,1.2327e-06
0.00066089,2.1791e-07,0.00046643,1.2704e-05,0.0022059
0.00034916,7.4965e-06,0.002987,8.5923e-05,0.00044844
0.00027674,0.00027212,0.00060612,0.00054422,0.0022155
7.0627e-06,2.7156e-07,4.2183e-08,1.9218e-07,0.0031122
0.00010701,0.0002461,1.6183e-05,0.00048657,0.0028412
0.0031672,0.0012078,0.00010683,0.00026714,9.6436e-06
3.8017e-05,9.2793e-05,0.0038209,8.1657e-05,1.6819e-05
0.0025644,0.00028196,0.00038682,0.00021326,0.00058293
0.0012247,1.2202e-05,0.0026,9.1569e-05,3.6211e-05
3.225e-08,9.5147e-10,4.4033e-10,7.6639e-08,0.0031181
0.0033204,4.4303e-06,3.7148e-05,1.3451e-05,0.00036958
4.7983e-05,0.00059099,0.003647,3.0266e-05,1.8968e-07
0.0038087,3.928e-07,2.7344e-06,1.2623e-06,1.3141e-06
0.0033881,4.9901e-06,9.0278e-06,1.3196e-07,0.00033905
0.0032534,4.1959e-05,7.1612e-05,0.0018219,1.6551e-05
7.8073e-08,0.0042632,0.00018056,2.8077e-06,0.0016343
0.0034689,1.0362e-06,1.5167e-06,4.6582e-06,0.00027917
0.0011148,6.5533e-06,0.00018193,4.8732e-06,0.0020595
0.0032,6.8691e-06,4.8173e-05,0.0018706,7.9883e-05
0.0012121,3.2994e-07,0.0021368,0.00027629,0.00037921
0.0038033,7.7007e-08,1.2214e-06,3.2006e-05,7.2999e-07
0.0027389,4.1946e-07,0.001107,6.8095e-07,2.0748e-06
0.0003338,0.00012479,0.0029705,0.00082891,0.00028574
4.1746e-05,2.5727e-05,8.0401e-05,0.01474,7.0694e-06
0.00077196,2.6216e-06,8.7097e-09,1.8339e-05,0.0024823
0.00038309,0.0085583,8.9406e-05,5.6418e-05,3.2015e-05
1.0573e-08,1.6304e-07,5.4084e-06,1.3716e-05,0.003111
0.0018745,0.0012617,0.0012097,0.00010234,0.00021037
0.0028182,1.7949e-10,1.5714e-07,5.3915e-07,0.00081348
0.0032096,0.00085925,0.00026944,4.5397e-05,1.0325e-06
6.1561e-05,1.601e-09,0.0038002,0.00029323,1.5297e-08
7.1529e-06,2.4211e-07,4.3446e-08,2.3419e-06,0.0031117
0.0019406,0.0035418,0.00021236,0.00045821,0.00015638
7.1883e-06,9.0342e-05,9.4284e-06,0.00067897,0.0029379
0.0030854,2.45e-05,0.00017954,0.00020537,0.00040361
2.0867e-07,3.1738e-07,0.003939,2.8871e-09,6.5473e-12
0.00067599,0.0074655,0.00027506,2.4909e-06,1.1916e-07
1.6237e-06,1.382e-11,0.0039377,1.5026e-09,3.3965e-11
0.0018275,0.0047403,0.00016433,1.6089e-05,1.8767e-07
0.001509,0.00011661,0.002302,2.8053e-05,1.9784e-05
0.0037655,2.8605e-05,3.2942e-05,1.9823e-05,8.9723e-08
0.0024422,0.00092744,0.00084638,0.00020426,0.000118
0.00029869,0.0043669,0.0013709,0.00018362,0.00037843
0.00038535,0.0013571,0.0028441,6.9541e-05,0.000111
2.4124e-06,1.1657e-06,1.1858e-05,5.5833e-05,0.003095
0.0014529,0.0023289,0.0014949,2.4527e-05,9.6902e-06
2.8315e-05,5.9123e-05,0.0030324,0.0007156,0.00053026
0.0020397,0.0036127,0.0002458,0.00039469,3.9512e-05
0.00022864,0.0090933,6.9747e-05,7.8573e-05,1.1678e-06
0.0002507,0.00034719,0.0031562,0.0002669,0.0002513
9.4398e-06,6.7962e-08,2.0267e-05,1.1925e-05,0.0030919
0.00098312,1.2313e-05,9.796e-05,0.0010437,0.00202
0.0032698,2.2787e-06,1.9864e-05,1.9324e-05,0.00042412
0.0017312,0.0034729,0.00018779,0.0017649,0.00010227
0.0001544,0.0022068,0.0019993,0.0030121,0.00010154
1.2153e-07,0.00099357,0.0025985,0.0031254,0.0001117
0.0017712,0.0026211,0.0002152,0.0033133,0
0.00017647,4.7817e-08,4.1971e-06,0.00024796,0.0029199
0.0036036,3.9981e-06,0.00013982,1.2574e-05,5.7028e-05
6.0706e-06,0.00010685,0.00013243,9.8991e-05,0.0029545
2.2181e-07,0.00014227,4.4717e-07,0.00037528,0.0029963
0.0016825,2.7763e-08,3.3751e-07,3.592e-05,0.0017348
0.0020711,0.00097046,2.337e-05,0.0052749,2.558e-05
0.0033671,2.0157e-05,0.00045297,2.0378e-07,2.9082e-08
0.00020252,0.0043662,0.0018421,0.00011835,9.764e-05
0.0034786,6.4298e-05,0.00028955,0.00011928,0
0.0037898,2.5677e-08,2.3705e-05,2.5951e-07,4.4125e-07
1.891e-06,0.0098783,1.7457e-06,2.4129e-05,4.6828e-06
0.0036732,4.3498e-06,6.8029e-06,0.00015638,7.6029e-05
0.00072519,7.6745e-08,4.6234e-05,3.5629e-05,0.0024812
0.0023042,0.0010034,0.0011055,0.00021358,0
0.00086967,1.6004e-05,6.606e-06,0.0001098,0.0023744
3.3608e-05,0.0080305,7.5242e-05,0.0002188,0.00046182
3.2383e-05,3.1372e-07,9.6222e-05,6.508e-05,0.0030021
0.0027602,0.00054805,0.00086311,1.535e-05,2.5454e-06
0.00015624,3.9798e-06,0.0037664,3.8833e-05,2.9359e-09
0.0035038,1.2254e-05,3.9152e-05,0.00017092,0.00018348
5.901e-09,0.0022407,0.00048301,0.0096455,6.4877e-05
0.0004912,4.4828e-08,6.488e-09,6.5914e-07,0.0027163
0.00021545,2.1284e-05,0.0036996,2.9778e-05,8.8387e-07
0.0022901,0.0030341,0.00024778,3.289e-05,8.8879e-05
3.6368e-05,1.3247e-11,2.7042e-07,6.8269e-08,0.0030881
0.00088177,1.2805e-09,0.0027997,0.00011107,0.0001584
0.0034865,3.8479e-05,1.5531e-05,0.00056646,0.00012745
0.00058844,0.00012062,0.00088588,6.8536e-05,0.0018839
0.0014455,0.0045229,0.00064681,9.4929e-08,2.2916e-06
0.0036337,1.6633e-06,8.3269e-05,6.5976e-07,8.0389e-05
5.103e-05,0.0023193,0.00014893,0.0027632,0.001666
0.00023648,0.001266,0.0031408,0.00018772,2.4486e-06
3.9784e-06,5.6661e-06,5.3216e-05,4.1207e-07,0.0030709
0.0021266,1.0931e-08,6.8973e-07,7.084e-06,0.0013772
0.0035801,0.00021291,0.00015595,1.3581e-06,9.694e-08
5.6268e-06,0.00021462,7.8073e-05,0.00010066,0.0029637
4.3032e-05,0.00019235,0.0037311,4.9467e-05,5.9122e-05
0.0021721,0.0004675,0.00023834,7.2398e-05,0.00099162
0.0034673,0.00054957,9.6707e-05,1.6205e-05,3.0355e-05
0.00036226,0.0040764,0.0016767,0.00031957,0.00014805
5.4822e-05,2.4804e-09,0.003881,6.7541e-06,8.2366e-10
0.0013514,0.0003537,0.00074151,0.0048774,0.00032057
0.00045587,9.0597e-05,9.587e-05,0.0031803,0.0019926
1.1186e-05,6.5925e-09,2.0793e-08,1.9709e-06,0.0031085
0.00054195,0.00029866,0.0029886,7.2196e-06,0.00021405
7.0579e-07,3.8874e-09,2.728e-07,8.5284e-06,0.0031156
7.6899e-09,1.0342e-06,1.3218e-05,0.011479,0.00076711
2.2704e-09,1.1045e-06,2.9297e-07,3.3442e-05,0.0031107
0.00070436,2.1447e-07,3.3405e-06,4.9782e-05,0.0025293
0.0029528,0.00079639,0.00025072,0.0009226,6.6733e-05
0.0027275,0.0014858,0.00018439,0.0011578,3.8822e-05
4.3865e-05,0.00050012,0.0036248,0.00019865,1.5367e-05
0.0021335,0.00059814,0.00084938,0.0017075,0.00016509
0.0026144,6.7848e-05,3.37e-05,0.0026664,0.00038873
1.3975e-06,6.9808e-07,8.7134e-07,3.4271e-06,0.0031153
2.2976e-06,0.00069086,4.3128e-06,5.082e-05,0.0028852
0.00059576,0.0013872,1.619e-05,0.010359,7.0075e-05
1.7899e-09,5.8364e-07,1.2606e-07,1.5523e-05,0.0031146
3.6097e-06,1.1445e-06,0.0039352,2.4484e-08,1.2564e-13
0.00013784,0.00019702,0.0028721,0.0003349,0.00060188
0.0023127,8.8357e-05,0.00064679,0.0018907,0.00030187
0.00049128,6.465e-06,3.0849e-05,9.0806e-05,0.0026714
7.8154e-06,1.6955e-05,0.0039238,1.5093e-07,5.9711e-07
0.0036319,1.0929e-05,1.0287e-05,7.7054e-07,0.0001367
1.4005e-10,2.1295e-07,2.4011e-08,1.6733e-05,0.0031146
0.00010118,8.8082e-06,0.00012602,0.00028699,0.0028743
0.0038103,1.0342e-08,1.6617e-07,7.9423e-08,2.3984e-06
5.2274e-05,2.0434e-07,1.5026e-07,8.2738e-07,0.003075
0.00027925,2.1839e-06,1.3236e-05,0.00025479,0.0028267
0.00069697,0.00021492,0.0029288,9.7274e-05,0.00014262
5.2722e-05,0.0013299,0.0030664,0.00096755,3.2486e-05
0.000535,0.00056813,2.77e-05,0.0014392,0.0021867
1.1869e-05,2.6778e-07,0.0039264,2.442e-06,4.7454e-09
1.5517e-07,4.2421e-06,1.5221e-06,1.3289e-05,0.0031127
0.00010008,3.6923e-06,1.6433e-06,1.5655e-05,0.0030306
0.0013171,7.6264e-08,0.0025629,6.146e-05,4.984e-10
0.0033529,0.00052196,0.0001548,0.00023429,4.2167e-05
4.8104e-05,6.7703e-06,5.754e-05,0.0037992,0.0022565
0.001029,4.1168e-06,2.9631e-06,1.1487e-05,0.0022707
0,0.00037352,0.0033538,9.0317e-05,0.00032766
0.0003554,0.0056704,0.0013129,2.1811e-05,1.1932e-06
0.0012427,8.4975e-07,0.00019714,0.00082979,0.0017765
4.0217e-06,0.0017523,0.0010689,0.0039435,0.00091386
1.6382e-07,8.0271e-05,0.0039059,5.2966e-06,2.699e-09
0.00027426,0.0001645,0.0028657,0.0024896,6.6275e-05
0.0036303,4.4421e-06,3.0336e-05,8.7173e-05,0.00010656
0.0031823,6.7912e-05,0.0003968,6.7734e-06,0.0001792
1.6114e-08,5.7345e-09,0.0039393,1.454e-08,6.2935e-10
1.762e-05,0.0035479,0.0024104,9.9362e-06,7.8414e-05
2.0535e-05,0.0040216,1.0347e-05,0.0045141,0.00090849
0.00021401,1.1107e-06,3.4739e-06,1.2133e-05,0.0029375
0.00044008,0.0017604,0.0013058,0.0037561,0.0004055
1.2363e-05,2.2605e-05,0.0018868,0.0030434,0.00098693
0.0036406,7.1929e-06,1.7566e-06,1.0167e-05,0.0001356
2.5152e-05,2.3211e-05,0.0039041,3.939e-08,1.3003e-09
2.609e-05,0.00023818,0.00038061,8.4558e-05,0.0027034
0.0011459,2.6905e-05,0.0025514,7.1835e-06,0.00015172
0.00074166,2.2252e-05,0.002392,3.0716e-06,0.00061071
0.0015565,0.00028674,0.0022126,1.1407e-05,1.6678e-06
0.00096082,0.00011499,0.0028886,2.4857e-06,9.3705e-06
0.0032904,9.0831e-05,0.00037573,0.00012513,7.6149e-05
0.00025536,3.6862e-08,0.0036685,2.7341e-05,9.7558e-09
1.5514e-06,0.0011219,0.00016346,0.00020167,0.0025936
0.0036184,2.7212e-07,0.00013116,4.3683e-06,5.4638e-05
0.00045455,1.0134e-05,0.00055456,0.0019869,0.0018992
1.0744e-05,0.0069215,0.00040339,0.00015197,0.00058303
0.00047873,0.0016509,0.00042835,0.0091654,0
9.9732e-07,3.1167e-06,0.0039329,1.431e-05,3.9678e-07
0.0035358,0.00059148,5.1795e-05,3.2953e-07,2.9999e-09
0.0027148,0.0020007,0.0003401,3.0952e-07,8.1541e-08
0.00025487,2.1634e-06,0.00066364,3.3038e-05,0.002377
0.0033488,0.00014655,0.00033321,0.00034362,0
1.2394e-05,0.00013332,0.0015603,0.0032572,0.001167
0.00028571,7.7182e-07,4.4971e-07,0.00028018,0.0028268
0.0023199,8.8577e-07,0.00051216,0.00015349,0.00078425
9.8664e-07,5.0682e-07,1.326e-07,3.5069e-09,0.003117
6.5615e-05,0.00088072,0.0017942,0.0058734,0.00016993
0.0037955,5.726e-08,2.5655e-07,7.8103e-08,1.4411e-05
0.0021195,2.9571e-07,2.7971e-07,6.9197e-05,0.0013707
0.0019699,0.0012871,0.00025933,0.0043777,4.9766e-06
0.00015079,2.7349e-07,7.8154e-06,0.0087921,0.001196
0.00027457,0.00018964,0.0014375,0.0054921,0.00057641
3.0968e-10,1.5331e-05,0.0039333,1.9581e-08,8.8787e-12
0.0036949,4.5131e-06,3.4565e-06,8.956e-05,7.4495e-05
0.00020606,0.0071469,0.00087431,4.2796e-05,1.9785e-06
4.7625e-07,0.0017927,0.00072817,0.00040209,0.0018958
0.0030887,4.0022e-08,0.00028865,1.9723e-05,0.00036008
9.6351e-07,3.9078e-05,0.0029601,0.0032483,9.975e-05
0.00015273,8.3987e-07,1.3046e-07,8.0923e-06,0.0029912
2.8702e-06,0.0019186,0.0029121,0.00099623,4.4864e-06
2.7376e-07,9.1908e-05,1.2077e-06,7.3585e-05,0.003073
0.0012813,1.4978e-05,0.000132,7.5317e-05,0.0019459
0.0012154,0.00076942,0.0001056,1.3459e-05,0.0017961
2.5599e-05,9.1184e-05,0.00011296,0.00013297,0.002952
0.00054044,3.2e-07,1.7898e-05,0.00048437,0.0025632
6.4539e-07,0.00019205,2.2393e-05,0.0002099,0.0029967
0.0032743,0.00010676,0.0001306,9.7749e-06,0.00030191
0.0026899,0.0012776,0.00063795,4.9357e-05,1.9798e-06
6.2917e-05,9.7545e-05,0.0038309,3.2789e-06,3.0812e-06
0.00010137,0.0010838,0.0030083,0.00051809,0.00020775
0.0025138,3.8599e-05,0.00132,1.3518e-05,2.8923e-06
3.8142e-10,4.064e-09,1.6719e-08,2.9145e-07,0.003118
0.0028265,6.2564e-05,0.00061006,5.9736e-05,0.00029226
1.7272e-05,2.8851e-06,3.0467e-06,1.5446e-05,0.0030975
0.0037067,1.334e-05,1.6112e-06,9.4929e-05,6.2444e-05
5.6049e-06,0.0050926,0.00095708,0.0036287,1.5128e-05
0.00040377,0.0088393,1.0785e-05,2.4675e-06,3.7974e-09
6.2717e-07,3.0039e-06,2.6069e-05,0.00076965,0.0029391
0.00019053,2.4185e-07,0.000661,5.1096e-06,0.002438
0.0022649,0.00013052,6.0678e-05,0.0055252,5.0617e-05
0.0033661,0.00076961,7.687e-05,0.00027225,7.4455e-06
8.268e-05,0.0012615,0.0022898,0.0039884,2.8344e-05
3.0176e-08,9.8855e-09,0.0039393,3.4567e-08,4.0196e-14
5.2852e-06,5.9973e-08,9.7168e-07,0.00020607,0.003071
0.003541,2.4658e-08,8.6426e-08,3.6661e-06,0.00022194
6.2004e-06,0.0041495,0.00060781,0.00019882,0.0012869
1.0863e-09,2.4824e-08,5.5849e-08,2.2703e-07,0.003118
0.0037961,2.4192e-05,7.9894e-06,3.5046e-07,1.012e-07
9.8008e-06,4.5005e-08,8.7738e-06,7.6263e-06,0.0031016
6.903e-06,0.00088474,0.0001041,0.012187,0.00026721
0.00079458,0.0075661,1.2296e-05,0.00026563,2.5852e-05
0.00030519,1.9823e-07,2.251e-06,0.0050053,0.0018462
2.7694e-05,4.9464e-05,0.0038802,3.8034e-05,9.0402e-07
0.0037881,2.3061e-07,4.0374e-08,9.1705e-05,1.8702e-06
0.0037958,1.4038e-05,9.2972e-06,1.0059e-05,5.3075e-07
0.0032142,0.00049344,3.1091e-05,0.0011957,6.6436e-05
0.00087054,0.0025597,0.00050138,0.0023033,0.00073512
5.0791e-06,0.0097552,5.8515e-05,3.4205e-06,6.2324e-08
2.9282e-07,2.2353e-09,7.6174e-09,2.2437e-06,0.0031174
0.00043752,0.0061614,4.6476e-05,0.0024954,0.00027776
6.38e-06,0.0002947,7.7582e-05,0.0036927,0.002206
3.1826e-07,1.6981e-08,0.0039389,4.7228e-07,1.493e-10
5.5977e-09,5.3681e-05,0.00019206,0.0029369,0.0023504
1.6359e-06,8.8988e-05,0.0038764,6.553e-05,7.1522e-06
0.0015738,0.00049151,0.0019648,0.00036623,4.6827e-05
0.0026021,0.00069327,0.00074587,5.0848e-05,0.00017172
1.6788e-06,3.8621e-05,0.0031293,0.0017089,0.00027923
0.0032447,0.00052642,0.00030275,0.00025851,7.2036e-06
0.0036261,4.2658e-05,1.621e-05,0.00061814,8.6328e-07
0.003606,2.7689e-06,9.8371e-05,1.2971e-05,8.8168e-05
4.0092e-06,1.1429e-08,1.4429e-06,1.6444e-05,0.0031103
0.0016362,3.1919e-07,4.6978e-06,3.3802e-05,0.0017695
0.0010326,0.005386,0.00024866,0.00043718,0.00029458
9.8982e-05,2.0176e-08,7.7057e-08,6.4028e-06,0.0030358
0.00034747,0.00088689,0.0026287,0.0022433,1.7114e-05
6.6569e-08,4.8804e-06,9.1134e-05,0.010498,0.00090406
0.0034044,0.0007831,0.0001093,1.9484e-06,1.2816e-06
6.1523e-07,4.0417e-09,1.4799e-07,5.2566e-05,0.0031068
0.00044344,0.0069387,0.00056403,0.00057041,1.1386e-05
0.00036641,1.0507e-07,0.00013232,0.0004404,0.0026239
9.83e-05,0.004618,0.0017453,0.00071109,5.9483e-05
1.5062e-05,4.8919e-06,2.3038e-06,0.010451,0.00097179
0.0037361,0.00013242,1.8587e-05,3.1509e-05,4.1379e-07
0.0036965,0.00019958,3.4241e-05,2.816e-05,0
0.00044883,0.00061599,0.0032136,4.7275e-05,4.1559e-06
0.0035874,0.00024976,3.0194e-05,0.00029593,2.2032e-05
0.0012265,1.6359e-07,3.246e-06,0.00019747,0.0020724
0.0031754,0.0013355,9.6447e-05,0.00012483,0
7.8304e-05,0.009105,2.713e-05,0.00047164,7.399e-05
9.8387e-06,7.0503e-05,0.001077,7.3368e-05,0.0022205
0.0006068,0.0029904,0.00053561,0.0059682,4.1106e-05
0.0036298,2.9076e-08,1.4132e-07,4.1596e-05,0.00014152
0.0037979,3.3323e-07,1.5709e-05,4.1416e-08,1.5398e-07
0.0038132,1.2234e-09,6.8446e-08,1.0705e-09,9.4268e-08
0.0033548,3.36e-08,8.3052e-07,2.0502e-06,0.00037386
5.2918e-05,0.0016377,0.00044618,0.0037003,0.0014524
0.0030833,0.00042592,7.5301e-05,3.9389e-05,0.00039542
0.0028475,6.3687e-05,7.6523e-06,2.934e-06,0.00076311
4.2266e-05,0.0022297,0.00010173,0.0046301,0.0013581
0.0030974,2.5362e-05,0.00013714,0.0017256,0.00011715
6.7383e-09,3.1796e-09,7.1212e-07,1.6646e-06,0.0031172
0.00071118,0.0079701,5.1995e-06,0.00010582,5.2513e-06
0.00046928,0.00030585,0.00020642,0.0029476,0.0018739
6.431e-05,0.00017624,0.00094391,0.009868,0.00025112
0.00013989,1.9154e-06,4.997e-05,3.6821e-06,0.0029628
1.5859e-05,0.0009356,0.0028552,0.0026794,4.7696e-06
1.4485e-09,0.00050609,0.0037343,1.5497e-05,7.9926e-08
3.0677e-07,2.1964e-07,5.8193e-05,1.333e-05,0.003069
9.9946e-07,1.5165e-06,0.0039371,2.0923e-06,5.7867e-08
0.0034728,7.9049e-06,3.7304e-06,3.0478e-05,0.00026687
0.00049291,0.00019593,0.0033494,2.4177e-06,1.8739e-06
1.3505e-05,0.009173,0.00028162,1.5996e-06,4.1e-09
3.7008e-06,0.00024015,0.0013691,0.0037139,0.0011987
6.0895e-06,0.0045658,4.6729e-05,0.0048437,0.00065321
0.00063934,4.6426e-07,3.183e-07,9.9016e-05,0.0025747
9.2855e-08,8.2911e-09,3.1784e-09,1.7359e-05,0.0031145
0.003784,2.1176e-06,6.3337e-08,1.4136e-06,2.303e-05
0.0010386,0.00047826,9.1873e-05,0.0086265,0.00028707
6.1112e-08,8.8885e-08,1.2047e-08,2.563e-06,0.0031175
6.9705e-05,0.0011338,0.00041356,0.011592,1.3932e-05
0.00016291,4.6898e-09,9.9483e-08,2.3012e-06,0.0029843
8.7867e-08,2.8719e-05,1.8162e-07,0.0003055,0.0030466
0.0003627,1.2355e-05,0.0035076,6.3701e-06,4.0034e-05
0.0028091,0.0022396,0.00012914,7.2604e-05,1.0189e-07
1.6249e-07,1.583e-05,0.0039326,3.38e-09,2.6122e-07
6.6453e-06,1.9206e-05,0.0039027,2.2198e-05,1.2989e-05
1.9951e-06,0.0051185,0.0018049,0.00036914,3.4484e-06
0.0034177,0.00022646,0.00031676,7.2163e-06,1.4886e-07
4.124e-08,2.0313e-07,0.0039389,1.3364e-06,9.2577e-10
0.0029142,1.9142e-06,5.3331e-07,0.0036015,0
1.7481e-05,5.362e-05,3.164e-05,0.0032412,0.0024011
0.0016432,3.3542e-06,0.00036475,0.0060198,0.00025748
8.7107e-06,2.0171e-07,1.6971e-07,1.8486e-05,0.003107
0.0024905,5.4977e-07,1.31e-05,1.1108e-05,0.0010689
4.977e-08,0.00044995,0.0037606,9.1338e-08,4.7346e-10
0.0036391,3.5249e-07,1.6634e-07,1.359e-06,0.00014201
0.00020491,8.3607e-08,0.0035445,0.00035356,7.2912e-05
8.3563e-05,5.0055e-05,0.0015639,0.0087926,3.5742e-06
2.3066e-05,2.0108e-05,0.0039063,3.8962e-07,9.4129e-07
2.5623e-05,4.792e-07,4.9491e-09,3.8237e-07,0.0030969
0.0013251,0.00012055,0.0025212,1.9921e-06,7.545e-07
0.0037979,2.1199e-07,1.039e-06,1.9819e-05,7.7149e-06
0.0034029,0.00073358,9.982e-06,0.00046502,2.3457e-06
0.00066858,3.6917e-07,5.8097e-06,6.9203e-05,0.0025526
0.00030382,2.2981e-08,0.0035606,1.9021e-05,4.7495e-05
0.0023278,0.00075171,0.0005088,0.002703,2.4582e-05
5.7075e-05,3.7542e-05,0.0038205,0.00010225,1.4723e-05
3.1565e-05,2.5654e-05,0.00018705,0.0082388,0.0012565
0.0001598,0.0091416,0.00013863,1.7042e-05,2.7577e-07
0.0037901,2.9813e-06,5.4923e-07,5.9113e-06,1.6445e-05
0.0011305,0.00070357,0.0012241,0.0049175,1.0641e-06
0.0027809,0.0011425,0.00019886,0.00033277,0.00025983
4.7775e-05,9.3346e-06,0.0035916,0.0011323,2.4158e-06
1.6503e-06,4.7122e-06,4.5985e-05,0.014747,7.2269e-05
9.2934e-05,2.357e-05,3.777e-06,0.0065739,0.0016915
0.00029577,0.00016442,0.00020363,0.0035173,0.0019463
0.0001544,0.0022068,0.0019993,0.0030121,0.00010154
0.0037169,4.5394e-07,2.1735e-05,6.242e-05,4.8859e-05
0.0010046,0.00021346,0.000199,0.0078151,0.00047872
0.0025101,3.1242e-05,0.001084,5.7369e-05,0.00018615
0.0033819,5.0464e-07,0.00044456,2.1793e-06,3.0001e-07
0.0018789,0.0038736,4.4756e-06,0.001768,0
5.1601e-07,4.203e-08,4.881e-07,7.9209e-05,0.0031011
2.4332e-06,2.0239e-08,0.0039355,5.0043e-06,1.7568e-10
0,0.0027378,0.0028282,1.4085e-05,1.592e-05
0.00010616,3.9589e-06,0.0038175,1.0266e-06,8.2337e-06
0.00023011,8.9903e-05,0.0033403,9.0511e-05,0.00023934
0.00030038,0.00055413,0.0033773,9.4171e-05,5.8935e-06
0.0019187,0.00013328,0.00048088,0.0054815,9.1889e-06
7.174e-05,1.367e-05,1.4351e-05,0.00029369,0.0029839
1.6804e-05,0.0040548,0.0010583,0.00012499,0.00096647
1.9787e-08,0.0034561,0.0025663,1.2144e-06,1.4862e-09
1.2216e-05,5.9757e-05,7.473e-05,0.0013696,0.0027509
