1.5835e-11,1.4847e-14,7.7726e-12,3.7852e-08,0.0045869
0.0010366,1.6446e-06,6.3627e-05,0.0026156,0.00026916
5.3952e-08,9.154e-06,0.011204,0.0027973,3.5801e-07
0.0020683,1.2319e-05,1.004e-05,7.4532e-07,5.9685e-08
0.0020644,2.0437e-06,5.3953e-05,4.0583e-06,7.6489e-08
0.0019582,1.0768e-14,7.9897e-14,7.7584e-11,0.00025089
1.7665e-05,2.0752e-06,2.6252e-05,0.0059156,7.2801e-08
7.2946e-05,0.0088776,0.0064022,6.7763e-07,1.3288e-12
0.0018753,1.7432e-08,1.7734e-07,8.2424e-05,0.00037113
0.0019164,0.00097521,3.4978e-05,3.3688e-06,1.0771e-08
0.0019911,0.00027024,0.00038799,1.539e-06,1.6209e-07
0.0020414,3.4014e-06,0,8.3295e-05,1.434e-06
0.0020715,2.181e-10,4.4067e-10,0,0
1.0489e-05,0.006186,0.011037,6.5973e-05,7.2382e-11
0.0020687,1.5659e-13,0,0,6.2487e-06
0.0020706,1.9475e-09,0,2.6642e-06,4.2979e-08
0.0020405,2.1325e-07,9.3262e-07,4.9248e-05,3.0466e-05
0.00011297,9.5038e-09,1.5299e-07,9.0402e-06,0.0043298
2.644e-09,4.6747e-12,1.7045e-09,3.2836e-06,0.0045844
0.0020714,2.9434e-09,1.187e-09,2.7417e-09,1.6052e-07
1.9964e-05,2.7827e-10,1.4371e-08,0.00014858,0.0044286
7.8853e-11,1.5074e-10,5.9516e-10,8.3668e-05,0.0045227
4.5349e-07,0.01315,0.00034582,2.3616e-05,2.7031e-08
1.7228e-07,6.2807e-12,1.1514e-09,2.7493e-07,0.0045863
0.0019253,0.00050717,0.00063086,1.7305e-05,4.1758e-09
9.4211e-06,0.0050771,0.011897,0.0003191,5.3356e-12
4.7116e-07,5.5228e-13,1.3773e-11,6.213e-09,0.0045859
1.4765e-05,0.0055655,0.0099718,0.00063146,2.1881e-08
2.1439e-06,0.00026822,0.020416,6.7409e-05,7.2446e-08
8.4058e-05,2.0956e-05,0,6.6027e-05,0.0043429
1.6313e-05,1.1227e-16,1.3356e-14,1.7784e-11,0.0045508
0.0020714,6.0386e-11,2.1767e-11,1.953e-07,9.6976e-08
0.00023835,2.0068e-08,4.7e-06,2.9944e-05,0.0040351
0.0020703,1.4992e-14,1.1603e-13,1.2264e-10,2.5665e-06
1.058e-07,1.8429e-05,3.068e-06,0.0055195,0.00034248
2.3282e-07,1.8284e-12,7.8492e-09,4.5085e-05,0.0045518
0.00012961,3.0505e-12,8.2347e-11,2.8714e-07,0.0042997
0.0020673,7.0193e-07,2.293e-06,5.0485e-06,4.6921e-06
5.7842e-05,0.0005236,0.019305,0.00010764,2.8022e-08
0.0020692,2.828e-06,2.6536e-06,4.7337e-06,2.9232e-09
0.0019321,0.0005262,0.00034588,6.9867e-05,1.1473e-07
0.0020715,1.8764e-11,2.367e-10,0,0
0.0020709,2.5582e-06,7.6453e-07,3.3858e-07,7.1619e-10
0.00067646,3.38e-10,1.3646e-08,8.1403e-06,0.0030828
4.6432e-09,2.2039e-11,3.9853e-09,0.0011843,0.0036777
8.6787e-05,1.1031e-05,0.00057678,0.0054929,4.8694e-05
0.0020715,5.5823e-11,0,2.6335e-08,1.7985e-08
0.001982,0.00052271,8.7454e-05,6.6469e-07,2.4966e-14
0.0017624,2.3477e-10,1.9556e-08,2.3451e-07,0.00068427
2.6004e-07,5.9114e-08,3.5439e-07,2.4504e-05,0.0045674
0.0020715,1.3198e-11,4.8506e-11,3.5925e-09,6.9671e-08
0.0020563,7.6949e-12,2.7396e-09,5.763e-09,3.3697e-05
0.0020707,1.9281e-07,2.5595e-06,3.951e-07,8.0895e-07
0.0017934,0.00024028,0.001753,0.00019827,3.4121e-07
0.0020235,0.00020483,3.6201e-05,3.7159e-05,2.8521e-09
0.0013217,0.0032273,0.00022142,0.00066333,3.525e-07
5.274e-07,4.4677e-08,1.3737e-05,0.0034754,0.0019147
0.0020647,5.1089e-07,1.0387e-06,1.8678e-05,3.5341e-07
0.002051,1.2257e-09,2.0022e-08,2.6528e-07,4.515e-05
0.0020701,5.4054e-06,5.9758e-06,4.671e-08,1.7068e-11
0.0020715,3.8738e-16,7.4383e-13,1.8852e-14,4.4367e-09
0.0020706,1.0376e-06,4.1004e-06,3.6823e-07,5.2089e-07
0.0015556,0.0033018,6.4834e-05,3.4024e-07,8.0157e-12
0.0020708,6.5137e-07,9.3186e-07,1.296e-06,1.8451e-08
0.0020688,1.3991e-06,2.746e-06,4.5688e-06,1.4445e-06
0.0011929,0,0.0089478,2.5379e-08,1.3889e-12
0.0019431,9.4543e-05,1.0002e-07,0.00024263,6.5743e-05
0.00097893,8.0225e-05,0.00024006,0.0030458,1.4165e-06
0,0,0,0,0
0.0020712,3.3574e-08,3.3968e-08,7.8951e-07,3.3349e-08
6.5535e-05,0.0012672,0.018438,2.5848e-07,4.4595e-11
0.00088813,2.7412e-10,1.1035e-08,0.0030381,0.00028797
0.0020686,8.7379e-09,2.034e-07,3.9826e-06,3.2732e-06
0.00071286,0.00012976,0.00081084,0.0035936,2.9005e-05
0.0020701,2.3639e-08,0,2.503e-06,1.0823e-06
0.00028117,0.011602,2.3171e-06,1.073e-10,1.7984e-14
2.0624e-05,0.012298,0.00094962,0.0001735,3.1012e-08
5.0002e-05,7.7913e-10,3.0382e-07,2.7729e-06,0.004474
1.1626e-07,0.0044899,0.014041,7.0887e-09,3.2069e-14
0.0018939,1.0883e-11,1.0246e-11,1.1247e-06,0.00039247
3.9229e-05,0.012562,0.00093089,7.9412e-06,3.6445e-09
0.00027762,0.0039667,0.0066338,0.0015302,2.7067e-08
0.0019622,0.00055322,0.00011655,3.5757e-05,1.6204e-07
1.9745e-06,0.0091524,3.1925e-05,0.0018867,4.4283e-07
2.1352e-05,1.2346e-05,2.4923e-06,0.0035673,0.0017963
0.0020715,9.675e-14,0,0,0
0.0020715,8.0256e-09,2.1788e-10,1.3722e-10,5.3172e-08
8.2676e-05,0.00019897,0.0012984,0.0052796,4.6889e-07
0.00018836,0.0014883,0.00047552,0.0046346,3.778e-08
0.0020686,1.2944e-05,9.0671e-06,2.2035e-08,2.0863e-09
2.8314e-05,1.1364e-09,1.5262e-07,6.1596e-06,0.0045194
0.0020701,6.3394e-07,4.1575e-08,2.7714e-06,6.8242e-07
0.0012468,1.5251e-07,2.0785e-09,1.8032e-06,0.0018247
2.1514e-05,7.1063e-10,4.2742e-07,1.0469e-05,0.0045311
2.0199e-08,0.013318,0.00013155,1.1089e-05,4.6839e-12
0.0014877,0.0004452,0.0019587,0.00085129,6.1134e-05
0.0017381,4.7746e-05,4.991e-06,0.0009342,3.6788e-06
4.7711e-06,0.0001633,0.00050677,0.005745,6.7902e-09
0.002071,4.2444e-13,1.1325e-12,2.5162e-10,1.1726e-06
1.1212e-06,0.0011958,0.0023861,0.0047634,3.1712e-07
0.00010498,0.010783,0.0028108,7.7596e-05,1.0306e-08
2.641e-06,1.7461e-07,1.879e-05,0.0055067,0.00034949
1.8448e-05,5.9693e-10,2.4675e-06,0.00018939,0.0044001
0.0020263,0.00018722,2.7363e-05,3.9358e-05,1.336e-08
0.0020713,1.9725e-12,0,2.1943e-10,4.5611e-07
0.0020715,1.1309e-09,0,4.4516e-09,2.596e-10
0.0019342,5.521e-08,8.8178e-08,7.3395e-06,0.0002984
2.7768e-11,1.3083e-13,4.2051e-12,2.1717e-05,0.0045702
3.9571e-11,1.7583e-15,1.4563e-13,1.6104e-06,0.0045857
0.0020713,1.2573e-06,1.5381e-07,6.7851e-08,1.6721e-09
0.0020697,1.1094e-05,7.9648e-07,8.5639e-09,4.9463e-09
9.7474e-06,0.0010551,0.0073453,0.0033895,5.7741e-06
0.0017851,0.00048812,0.0021142,9.8755e-06,1.7227e-07
0.0020661,1.2023e-06,2.8187e-06,1.1115e-05,2.3723e-06
1.4719e-10,1.62e-11,2.0463e-09,0.00075082,0.0040105
0.00051657,3.5002e-05,3.8324e-05,0.0044534,3.9291e-06
0,0.011957,0.002309,1.1954e-07,3.654e-15
0.0001173,1.0797e-06,8.6699e-05,0.0030072,0.0019994
0.00012978,2.3927e-06,0.0002971,0.0055151,2.1781e-07
0.0020672,2.5432e-05,2.3092e-06,5.3262e-07,1.0372e-09
0.001941,2.9951e-06,0.00032624,0.00027435,6.3019e-06
0,0.00058948,0.0032734,0.0047699,1.2009e-05
0.0020596,3.7952e-12,2.1346e-12,1.2156e-10,2.6274e-05
2.1086e-05,2.3452e-05,0.00059757,0.0057341,2.4659e-07
1.7623e-05,0.011634,0.0017859,0.0002412,2.812e-09
0.00062483,4.8683e-10,3.3083e-09,4.9293e-05,0.0031655
0,0,0,0,0
0.0015747,2.9828e-05,0,0.0014196,2.0459e-08
0.0019963,3.0432e-05,9.5764e-05,0.00017576,4.5686e-07
0.00061151,6.6854e-15,3.438e-13,1.6345e-08,0.0032328
0.0020707,4.061e-09,2.1181e-08,5.0121e-09,1.7963e-06
1.6159e-06,4.7909e-07,2.3013e-06,0.0059123,4.387e-05
7.7902e-06,2.3448e-11,1.7115e-09,3.2952e-05,0.0045444
2.5859e-07,6.899e-11,1.5578e-08,9.2391e-08,0.0045863
0,0,0,0,0
0,0,0,0,0
0.00087665,0.0013908,0.009805,5.0526e-05,1.6353e-08
5.0326e-06,7.5915e-11,4.2753e-08,0.00068078,0.0040531
0.00016039,5.6228e-07,1.2409e-07,0.00033122,0.0039773
0.00016982,0.0093652,0.0046512,2.0282e-07,5.9013e-13
0.0020715,5.9741e-09,6.9832e-10,1.622e-08,3.4896e-10
0.00011382,0.010799,0.002371,0.0001696,6.1736e-11
1.4529e-06,3.1455e-08,1.3421e-07,0.00012055,0.0044911
0.00013285,0.0095943,0.00091977,0.0010614,1.6053e-07
0.0020709,3.4647e-06,6.9204e-07,1.0683e-08,7.3151e-11
0.0019167,1.461e-10,4.2827e-08,1.1656e-05,0.00033374
3.389e-05,0.00098687,0.01185,0.0020814,4.4545e-07
0.0020709,3.8901e-07,1.7197e-06,6.221e-07,2.333e-07
1.464e-09,3.064e-14,2.4131e-11,6.8615e-08,0.0045868
6.1528e-08,6.8916e-14,3.35e-11,1.1903e-05,0.0045776
0.0019825,0.00017035,5.5822e-06,0.00017832,7.6104e-07
2.2596e-05,5.6988e-05,0.0055429,0.0041801,0.00010328
3.2431e-07,2.4002e-14,3.4116e-11,4.4049e-08,0.0045861
0.0014283,9.5105e-14,1.2213e-11,2.3113e-09,0.0014243
1.065e-06,1.4146e-09,5.0982e-08,0.0059394,2.4924e-05
0.0020677,9.5244e-06,1.4022e-05,2.6498e-06,5.0471e-08
0.001971,1.0222e-12,7.8831e-12,7.9867e-09,0.00022255
1.2851e-05,2.0129e-11,7.1184e-10,3.3231e-08,0.0045584
0.0017265,0.002228,1.2906e-05,3.6624e-09,1.2039e-10
0.0018109,0.00072553,8.9568e-05,0.00026744,0.00010441
0.0020714,1.3245e-09,2.8345e-09,3.4058e-08,8.4345e-08
2.422e-06,4.697e-13,9.5263e-13,1.4032e-07,0.0045814
3.4124e-05,0.013159,7.2388e-05,8.9621e-09,6.9692e-11
0.00034771,4.4046e-11,1.219e-09,1.783e-08,0.003817
0.0020666,3.4157e-12,5.2954e-11,6.6774e-09,1.0743e-05
0.00017334,4.3431e-05,4.3684e-05,0.0014038,0.0031011
0.0020569,2.7038e-07,1.2611e-05,3.8456e-05,8.0405e-09
0.0017948,9.3718e-07,0.0002042,0.00073508,3.6493e-06
0.0013304,1.5008e-06,1.5502e-05,0.0019224,0.00016127
0.00037443,0.0031334,0.0020911,0.0029,6.388e-06
0.00069731,1.3828e-13,2.1377e-09,0,0.0030429
9.4435e-06,2.2302e-13,1.097e-10,8.5443e-10,0.004566
6.9782e-07,1.1881e-09,5.6504e-08,0.0014308,0.0034869
0.0019423,0.00050338,0.00036013,4.6199e-05,3.1577e-07
0.00012573,3.0278e-05,0.0011097,0.0052659,1.4295e-05
0.0020715,3.8701e-08,0,7.2488e-09,4.5733e-14
0.00051206,0.0089212,0.0018326,8.8805e-06,3.9838e-10
0.00054472,9.7513e-10,2.3588e-06,0.002132,0.0017436
0.00043238,8.4001e-07,0,0.004719,6.4487e-06
3.9174e-05,0.0004558,0.019596,0.0001093,1.4387e-08
0.0017987,0.0010472,0.0010639,1.9565e-05,2.9425e-09
0.0020707,3.1322e-14,3.1547e-13,2.0838e-10,1.7638e-06
1.312e-05,0.010853,0.0029376,0.00027406,9.4358e-07
4.4544e-05,1.3578e-09,3.8251e-09,2.0103e-05,0.0044728
0.002065,4.1083e-05,1.6201e-06,1.42e-08,1.1737e-09
0.00083984,1.9312e-12,2.7477e-10,1.333e-06,0.0027262
0.00023962,1.4523e-06,1.8347e-05,0.005261,1.3008e-05
1.2991e-05,0.0085044,0.0032727,0.001226,9.014e-10
6.0011e-08,0.012754,0.0010315,6.9602e-06,6.0861e-09
0,0,0,0,0
0.0020668,0,4.5826e-05,5.1529e-07,6.5096e-09
0.002045,0.00013043,1.1085e-05,8.1116e-06,5.3899e-06
1.1085e-05,2.3898e-17,1.0885e-14,4.3552e-11,0.0045624
0.0016932,5.1014e-08,1.4301e-05,0.00038749,0.00053697
1.9365e-06,4.1428e-13,1.0429e-11,1.9002e-09,0.0045826
0.0020715,9.0673e-10,0,1.2512e-07,6.8979e-10
0.0020539,6.301e-06,0.00012053,7.7146e-07,9.933e-06
0,0.0017769,0.00072774,0.0046399,0.00025966
0.0020117,0.00014257,9.9231e-05,3.7155e-05,3.3656e-05
6.9661e-06,2.6609e-08,4.5357e-07,0.0059177,2.8431e-05
0.00098196,0.00029831,0.00037347,0.0028948,7.1026e-06
0.0020092,0.00028965,0,5.0747e-05,2.7237e-09
0.0020712,3.7377e-12,0,3.0261e-07,5.3437e-07
0.0020715,2.606e-11,1.3893e-08,1.2822e-10,1.4477e-08
7.5009e-05,3.862e-08,0.00049463,0.00072786,0.0037545
5.7203e-08,1.6833e-13,1.6698e-09,6.0143e-07,0.0045863
0.0020705,3.0594e-08,1.074e-07,1.0037e-06,1.306e-06
0.0020715,8.472e-09,1.086e-09,3.5093e-09,2.7834e-08
0.002059,3.1076e-11,0,7.1779e-08,2.7657e-05
0.0012978,0.00042997,0.00087219,0.0017926,4.8641e-07
0.0020714,1.7022e-07,9.6626e-08,4.3439e-08,4.7935e-08
1.4567e-05,1.7162e-09,2.6433e-10,3.1151e-05,0.0045307
0.001996,9.9434e-06,0.00068068,1.8441e-05,1.6998e-06
0.0006047,0.0091493,9.2666e-05,0.00013202,6.8397e-07
1.0202e-08,4.3099e-06,0.00024667,0.0052255,0.00052023
0.0020496,2.6522e-07,2.5155e-06,3.1811e-05,2.3436e-05
0.00039763,0.010801,1.5906e-05,1.0922e-05,4.7155e-06
2.1307e-10,5.4156e-12,3.3069e-11,9.969e-07,0.0045861
0.0020715,5.1492e-12,8.7615e-12,5.8815e-10,1.6515e-08
2.0931e-05,6.2033e-08,8.4128e-07,0.005444,0.00036107
1.4125e-05,5.3774e-12,5.6544e-09,1.689e-08,0.0045556
1.6828e-05,0,0.020902,6.7628e-06,2.4742e-09
0.00050206,1.3966e-08,4.9087e-08,7.373e-06,0.0034695
8.0084e-12,1.2752e-10,1.4742e-10,0.0046237,0.0010373
0.0018488,1.9641e-07,4.4862e-07,0.00064193,2.1412e-07
3.5439e-08,2.7675e-13,2.614e-08,5.4666e-07,0.0045864
0.0020668,2.0624e-05,6.0293e-06,2.3426e-06,1.3653e-07
8.9404e-05,6.3533e-05,0.0012349,0.0053335,4.2825e-06
0.0017453,4.5364e-11,5.3901e-10,4.4409e-09,0.0007222
3.5302e-05,5.6147e-08,4.1983e-06,0.0055103,0.00027765
0.002028,1.2107e-07,2.0247e-06,0,9.5756e-05
0.00066666,6.8138e-10,7.7696e-08,7.4937e-07,0.0031101
1.0151e-05,0.00039739,0.019367,0.00028384,1.9456e-08
4.1638e-05,0.00057086,0.019697,2.2316e-05,1.9623e-11
2.5983e-05,0.013176,0.00012187,1.8229e-06,1.5442e-09
0.0007761,2.7564e-10,3.2765e-08,1.0861e-06,0.0028676
0.0020715,6.7339e-09,1.0025e-09,9.9336e-08,6.0379e-10
2.6257e-05,1.8353e-08,7.1872e-07,0.0055886,0.00023828
0.0020621,2.1445e-07,1.3477e-07,2.6911e-05,3.8857e-09
5.6565e-06,0.0017507,0.012908,0.001524,6.0691e-09
0.0020701,7.1922e-10,7.1175e-08,1.6435e-08,3.026e-06
0.0020715,1.2416e-11,0,4.6877e-10,2.2176e-09
0.0020198,0.00021515,0.00016895,5.4305e-06,3.8563e-09
0.0016576,1.106e-07,3.8822e-06,0.0011469,3.5214e-05
6.6143e-13,9.8392e-15,2.6713e-13,4.2054e-05,0.0045546
0.0020599,4.3971e-05,3.5845e-05,2.6443e-06,7.3951e-07
0.00033729,0.00010138,0,0.0049564,4.3554e-07
2.8006e-08,1.5934e-10,2.3631e-07,0.00042966,0.0042569
1.8677e-05,2.8609e-13,3.3432e-09,1.6971e-07,0.0045454
1.4192e-07,1.004e-14,4.3588e-12,5.661e-07,0.0045862
0.0019987,3.9454e-05,8.3181e-06,0.00015388,2.7846e-05
0.00032657,4.4902e-10,1.7408e-08,1.0489e-05,0.0038557
6.1625e-06,4.9395e-11,6.6142e-08,1.4171e-06,0.0045722
0.0020702,8.1118e-06,5.5562e-08,3.5112e-09,4.4335e-11
0.0020711,1.5675e-09,2.2748e-08,8.3437e-07,1.6086e-07
0.00085078,1.2244e-06,1.0244e-05,0.0034881,2.2586e-05
0.0020087,2.3303e-06,6.7968e-06,0.00012425,4.1371e-05
0.0020715,8.3794e-13,2.0133e-10,2.2853e-09,1.8336e-08
0.00076858,0.0078659,0.00070269,5.8632e-05,1.836e-12
1.1989e-05,2.1666e-08,9.3753e-09,0.0058332,8.2274e-05
0,0,0,0,0
2.0715e-06,0.0041174,0.0004351,0.004013,3.215e-07
0.0020602,6.0071e-06,7.9581e-06,2.7426e-05,1.3313e-07
1.2699e-09,6.715e-12,9.4113e-11,2.1626e-07,0.0045867
5.133e-08,6.8616e-11,2.3382e-09,2.7995e-06,0.0045846
0.0019449,2.1478e-09,1.9413e-07,1.2493e-06,0.0002793
5.8923e-10,2.7229e-08,7.8617e-07,0.0025086,0.0026609
0.0020613,1.0018e-08,1.6341e-07,6.1947e-07,2.2116e-05
1.6309e-10,5.6771e-09,6.8143e-06,0.0059632,7.5756e-06
0.0020715,7.0416e-11,1.0604e-11,2.8937e-10,2.8328e-09
0.00011058,0.0031254,0.0065919,0.0023912,5.4371e-06
0,0.010264,0.00041514,0.0012422,3.6577e-05
6.828e-05,0.012309,0.0010602,7.115e-08,3.2889e-13
0.0019395,0.0003149,0.00061663,6.5726e-05,2.8095e-07
0.0020715,1.5783e-08,2.4386e-09,1.1686e-07,2.5098e-10
1.5852e-07,5.6831e-08,2.6082e-06,0.0055335,0.00033795
4.6892e-10,6.1099e-13,1.6495e-09,1.5711e-07,0.0045868
0.0020715,3.5041e-11,0,5.1989e-09,9.1691e-08
6.8614e-06,9.0789e-05,9.618e-06,0.0047789,0.00086988
0.0020707,0,0,2.407e-06,1.5735e-10
0.00048789,0.0021326,0.012065,0.00020163,6.4972e-09
1.9007e-07,8.2002e-14,1.1382e-11,8.0853e-09,0.0045865
7.235e-10,8.541e-09,6.9131e-07,0.0059268,3.6816e-05
0.0018372,0.0001182,6.5457e-06,1.4777e-05,0.0004656
0.00082151,0.0052295,0.0045123,2.5295e-07,4.6925e-12
0.00019459,4.085e-06,8.3233e-07,0.0054077,3.0166e-06
7.8091e-07,8.9928e-07,3.5547e-06,0.0059396,2.4307e-05
0.0020487,0.00011347,4.9511e-05,1.3563e-06,3.5566e-09
1.744e-08,1.1665e-09,7.2651e-08,0.0059434,2.4166e-05
0.0019201,3.5089e-08,9.3778e-07,3.9913e-06,0.00033199
0,9.4882e-09,1.7768e-06,5.3369e-06,0.0045824
3.8498e-05,0.0084854,0.00097794,0.0018093,1.1284e-06
2.2233e-05,1.54e-07,2.2116e-05,0.0050729,0.00063843
0.00090087,0.0006919,0.00044582,0.0028507,7.0333e-05
0.0020675,8.4072e-06,2.535e-06,2.7394e-06,3.4146e-06
7.826e-07,8.3073e-10,1.1119e-07,9.4769e-07,0.0045844
0.001398,1.3323e-07,8.1959e-05,0.00013448,0.0013701
0.00032994,4.5252e-08,5.9227e-07,0.0029083,0.0016235
0.0020291,9.6443e-05,6.4877e-06,7.7595e-05,2.1756e-08
0.00062144,9.7825e-08,2.1751e-07,3.6012e-06,0.003208
0.0019511,5.7815e-07,8.2703e-05,3.0038e-05,0.00022531
0.0020714,6.5652e-14,0,3.2221e-12,3.0091e-07
0.000134,0.00080686,0.00059124,0.0050577,3.2912e-06
1.9271e-08,1.8717e-06,1.3969e-05,0.0059701,4.1802e-08
0.0019796,0.00037901,0.00024842,2.6116e-05,3.6184e-10
0.00027803,0.0029181,0.012822,0.00024308,7.4932e-09
0.0020708,2.4262e-08,1.1495e-07,9.2365e-07,8.7137e-07
0.0020175,0.00013574,0.00017485,4.57e-05,4.3879e-08
0.0013457,5.5801e-07,8.8264e-06,0.0016348,0.00034994
0.001627,3.6785e-06,0.00021671,0.00013937,0.00082893
7.3756e-06,0.013146,0.00030496,1.7211e-05,2.615e-10
4.1454e-06,7.4424e-05,0.00045942,0.0057781,1.6606e-05
0.00052642,0.0002472,0.00067597,0.0041459,7.117e-06
0.0020715,3.262e-11,6.7259e-11,3.4397e-08,1.5358e-08
3.4457e-09,2.7402e-06,2.3269e-05,0.0059669,1.5981e-07
0.0020475,3.9386e-05,2.495e-05,1.969e-05,1.9196e-05
9.1616e-07,7.1371e-07,5.6025e-07,0.0059668,3.8371e-06
0.0020715,7.0711e-10,6.4464e-11,1.8447e-09,7.2875e-11
0.0020647,5.2344e-07,4.5348e-07,1.7408e-05,1.5112e-06
0.0020422,5.7005e-14,1.2962e-11,4.4901e-08,6.4942e-05
1.4064e-05,0.0024653,0.001451,0.0044081,1.4043e-05
0,1.0549e-07,1.4751e-06,0.0059388,2.7436e-05
0.001887,0.00097005,0.0003529,5.5654e-07,7.0527e-12
0.0020158,3.6808e-09,3.1652e-07,0.0001491,8.7427e-06
0.0020713,4.3206e-09,0,6.2929e-07,2.061e-08
0.001972,0.00020129,0.00048353,6.0298e-05,3.9197e-08
0.0013148,0.0046936,0.00011873,6.0356e-05,6.4623e-10
3.268e-05,8.2942e-08,8.9535e-07,7.0596e-06,0.0045089
0.0020693,6.7678e-13,4.2628e-12,4.4075e-10,4.7941e-06
0.0020715,6.2352e-09,0,6.1565e-10,2.6607e-11
0.0020715,1.1682e-08,4.5092e-09,1.2184e-08,4.1961e-11
0.0020715,3.7075e-08,1.4428e-07,1.2267e-08,1.7674e-08
3.8652e-07,8.9282e-15,0,3.989e-07,0.0045857
0.0020307,1.5643e-10,0,0.00011766,0
2.0398e-05,1.6814e-13,3.2782e-12,1.7323e-07,0.0045416
0.0020715,2.2188e-08,0,3.9184e-08,9.4826e-11
0.0020713,3.0769e-07,0,0,2.3556e-07
2.5528e-06,1.9157e-05,0.00037224,0.0058449,6.6831e-06
3.816e-05,9.8907e-16,7.195e-13,1.3426e-08,0.0045024
2.9616e-06,0.0050326,0.012511,0.00018357,8.6017e-13
0.0018722,2.436e-09,1.5315e-07,1.63e-05,0.00042873
1.9603e-05,1.0282e-07,7.8491e-07,0.0008754,0.0038713
2.4984e-05,0.00024903,0,0.0057874,3.6119e-06
0.00061559,2.9136e-09,3.9622e-07,1.5234e-06,0.0032225
0.0020714,1.163e-08,4.9435e-10,3.2973e-07,3.9947e-08
0.001895,0.00064457,0.00078438,0,0
0.0020623,3.1057e-12,2.4441e-10,8.7658e-12,2.0408e-05
0.0020715,6.4808e-09,4.7329e-08,3.2934e-10,5.6573e-09
3.6095e-05,0.0059674,0.01077,0.00016501,3.7338e-09
1.0611e-06,0.0049658,0.0040866,0.0026046,2.8258e-08
1.3792e-05,6.1337e-10,4.2716e-07,0.00068806,0.0040281
0.0020715,4.1421e-12,3.1963e-12,5.2218e-09,2.1452e-08
3.6714e-05,0.0032069,0.013408,0.0006173,2.0997e-05
9.6089e-07,0.0089473,0.004295,0.00077408,4.7062e-11
7.8621e-07,6.3934e-15,3.5512e-13,2.8285e-09,0.0045852
3.1806e-05,0.013117,0.00016153,0,3.0333e-10
0.00061121,1.5347e-10,8.3602e-09,0.0004866,0.00286
1.7894e-05,3.2489e-09,7.371e-08,0.00035134,0.0042775
0.0020685,4.1041e-08,1.1519e-07,4.2222e-08,6.6012e-06
0.00012507,4.4091e-05,0.011868,0.0022333,9.2519e-08
0.0019353,8.8808e-09,1.8159e-07,4.5233e-06,0.00029797
1.0544e-06,1.1792e-12,1.6412e-09,5.2489e-08,0.0045845
0.0019211,0.00094272,4.716e-05,6.5566e-07,1.2282e-07
0.00097728,0.0065504,0.00064843,5.744e-05,1.7307e-09
5.148e-06,0.00014984,0.0053328,0.0043817,1.1074e-06
0.0020687,5.5044e-12,4.9875e-10,1.3061e-07,6.0821e-06
0,0.0079492,0.0060544,0.00071865,3.1637e-06
0.0020682,2.245e-14,3.1739e-10,2.1542e-12,7.2533e-06
0.00099215,0.00019517,0.0079004,0.00060838,0.00013861
0.00063193,1.4812e-08,4.5305e-09,5.5983e-09,0.0031876
0.00031897,0.0020797,0.014122,5.2667e-05,5.9308e-05
0.0020504,0.00013177,6.2407e-06,4.8346e-07,2.5863e-09
0.00014711,1.5674e-08,6.8153e-09,7.6093e-06,0.0042553
0.00086523,0.0064784,0.001635,0.00013299,1.9721e-07
0.0020715,8.2906e-11,3.9702e-12,9.2079e-13,2.564e-11
0.0020622,4.3469e-05,0,7.4096e-06,9.0091e-10
1.4691e-08,0.0069635,0.010127,7.9437e-06,3.0641e-11
0.0013098,1.6192e-05,1.0634e-06,0.0021403,3.7649e-05
0.0020294,0.00027005,2.744e-06,3.6051e-07,6.6295e-10
3.9421e-10,4.6062e-21,2.0221e-17,3.0621e-12,0.0045869
0.002022,1.166e-09,5.1156e-09,1.6391e-09,0.00010954
0.0020694,1.0627e-08,1.6155e-07,3.9958e-10,4.691e-06
0.0019268,5.8691e-06,5.4986e-06,0.00041319,2.3331e-09
0.0019223,1.4682e-10,2.1019e-08,3.6847e-06,0.00032757
0.0019197,1.4207e-10,7.3964e-09,5.957e-07,0.00033569
0.0020694,2.8089e-09,0,7.2209e-08,4.4774e-06
0.00051163,6.7734e-08,0,0.00032493,0.0032045
0.0020298,2.8795e-06,1.5152e-05,0.00010886,4.5869e-06
3.7417e-05,0.0006061,0.00072804,0.0053907,3.6e-07
9.2569e-05,5.9502e-14,3.3796e-13,1.9275e-09,0.0043819
0.0020682,1.0751e-05,1.7002e-06,4.1043e-06,3.6902e-08
1.0564e-05,1.3307e-08,2.3003e-06,5.8087e-05,0.0045184
8.0405e-06,0.00063382,0.011485,0.002417,4.7626e-09
3.2681e-08,5.2386e-07,4.23e-06,0.0059654,6.1685e-06
7.3124e-07,1.7242e-08,2.4014e-06,0.0010032,0.0038146
0.0004846,1.0015e-09,8.3234e-09,0.00019597,0.0033634
3.51e-07,2.7657e-08,3.9096e-06,0.005784,0.00014493
0.0016236,0.00017982,0.00050759,0.00050653,0.00043121
0.00077473,8.4192e-13,1.5837e-12,6.6195e-07,0.0028709
0.0020715,2.8096e-08,0,3.2686e-13,1.3609e-14
0.0019824,1.1558e-06,0.0003778,0.0001401,7.2109e-06
3.3204e-06,0.013392,0,5.554e-06,4.4728e-12
0.0010943,0.00038296,0.0064757,0.00081122,2.3923e-06
1.9378e-05,6.7364e-07,5.2841e-05,0.0032056,0.0020714
0.0019991,0.00045641,0,5.5895e-06,1.6175e-10
0.00080699,0.0077695,0.00060506,1.8335e-05,2.2118e-08
4.6262e-07,1.1857e-07,1.323e-06,0.0059279,3.4806e-05
3.6001e-06,1.2693e-13,3.6976e-12,4.1853e-06,0.0045757
2.4798e-06,4.8632e-06,1.256e-05,0.0054874,0.0003644
3.3962e-06,0.00348,0.013963,0.00046159,3.5817e-07
0.0016415,9.672e-06,0.0042748,2.5084e-05,7.6549e-08
0.002071,6.2787e-09,3.3044e-07,8.0198e-08,9.2829e-07
0.0017247,4.5836e-07,2.353e-05,5.9331e-06,0.00075814
2.0876e-06,6.7104e-07,5.5095e-05,0.0059528,2.0357e-07
0.0018326,3.9005e-09,0,0.00011297,0.00044231
0.0020715,6.9892e-13,3.2418e-12,5.033e-10,2.5086e-08
9.6022e-07,0,1.6077e-05,0.0058489,9.1126e-05
0.002069,7.9565e-06,1.4771e-07,3.5681e-06,1.4255e-07
8.7865e-07,0.0094177,0.0049598,0.00037669,1.5672e-08
0.0020682,1.4071e-06,2.8187e-05,9.7408e-07,5.6924e-10
1.5009e-07,3.4285e-15,1.2665e-13,1.5664e-09,0.0045866
0.00050498,2.1371e-08,2.8696e-08,0.0044655,4.0571e-05
0.00088968,4.195e-06,3.474e-06,0.0034046,1.0448e-06
0.0020539,4.3069e-05,6.0479e-05,1.4373e-05,2.8058e-08
0.0018373,2.9504e-14,0,2.3382e-09,0.00051848
0.002064,8.0949e-06,2.7312e-06,1.1313e-05,4.4975e-06
0.00084546,0.00028482,0.00010926,0.0033784,2.0256e-07
0.0020715,9.064e-17,0,4.1829e-12,3.7853e-08
9.8053e-05,6.9353e-05,0.00015663,0.0056126,3.3487e-06
4.1968e-05,0.0015486,5.4643e-06,0.0033054,0.0014262
9.8403e-05,0.00065034,0.00070606,0.0052016,1.521e-07
0.0001878,2.2191e-11,8.8625e-09,1.7983e-06,0.0041697
0.0020715,6.9545e-10,1.3476e-10,6.753e-09,1.2984e-08
0.00046442,1.6965e-07,2.8621e-06,6.0818e-06,0.0035532
1.5108e-06,8.8699e-05,0.00011354,0.00586,2.9901e-05
0.0020715,6.447e-12,1.6981e-11,7.5976e-09,5.719e-09
0.0020582,8.3336e-05,4.9291e-06,7.586e-09,8.4665e-10
0.0012578,0.00026164,0.0017145,0.0017048,3.0993e-05
0.0020715,8.6588e-10,0,1.0475e-07,5.167e-09
0.0019418,1.5832e-09,9.9279e-08,1.2746e-06,0.00028614
3.3943e-10,3.1369e-10,8.2597e-08,0.0058735,7.7856e-05
0.0017171,7.8147e-07,4.152e-05,0.0008193,0.00014651
3.5354e-08,0.010906,0.0038339,3.5549e-05,8.8441e-12
0.0020551,7.7531e-12,1.3078e-09,4.0487e-06,3.3136e-05
6.4173e-06,0.011239,0.0031054,7.539e-05,8.8718e-10
0.0020715,5.6805e-10,1.6359e-10,1.6993e-12,1.3187e-13
2.6229e-05,3.8404e-12,1.7961e-09,8.2111e-09,0.0045288
0.002071,4.9346e-13,7.4792e-12,3.153e-09,1.0053e-06
0.00017506,8.6128e-05,9.2404e-05,0.0014716,0.00302
0.0020709,3.0589e-10,9.0592e-10,2.0081e-09,1.378e-06
0.0016719,0.0021329,6.3157e-05,0.00018559,1.5717e-09
3.316e-05,2.6518e-10,1.6681e-08,0.0011333,0.0036435
0.00012722,0.012334,0.00040914,3.1314e-06,8.7887e-09
0.0018368,0.0012266,0.00039596,1.8892e-05,1.4886e-08
1.1631e-09,6.4582e-14,8.4412e-11,4.0265e-08,0.0045869
0.0019933,3.6851e-12,1.2164e-10,2.0847e-09,0.00017307
0.0014427,1.184e-09,1.8477e-07,1.7228e-06,0.0013909
0.0011179,0.00010369,3.1125e-05,0.0011012,0.0012239
0.0020152,0.00024833,0.00015821,6.8607e-06,1.5643e-07
0.0013436,4.3077e-07,7.6509e-05,0.00042644,0.0012677
0,0,0,0,0
3.5836e-06,0.0024094,0.0026267,0.0041483,1.4352e-07
6.9826e-10,5.8095e-07,2.9642e-05,0.0059635,2.1543e-06
0.0017727,3.1642e-05,0,0.00084008,5.9598e-06
0.0020713,1.3355e-10,1.8546e-10,4.8189e-09,3.4159e-07
6.7914e-05,6.3429e-06,5.1057e-05,0.005749,9.8538e-06
0.0019727,6.701e-09,3.649e-08,1.8736e-06,0.00021731
4.09e-08,0.0015249,0.018699,4.7044e-07,3.4039e-13
6.1497e-08,2.6719e-13,4.9546e-10,8.1315e-06,0.0045805
0.0020715,2.3271e-08,4.3927e-10,2.4816e-10,4.5945e-11
0.0020453,0.00016898,7.6104e-08,4.3363e-07,9.8175e-09
8.011e-06,1.2957e-10,1.3291e-09,1.0485e-07,0.0045691
0.00024291,8.4779e-08,4.1196e-07,0.0050685,0.00015789
0.0020715,2.5813e-10,0,4.3945e-08,6.6046e-08
2.4642e-10,9.8281e-16,1.2394e-13,1.5476e-07,0.0045868
0.00010267,2.9723e-14,1.7467e-11,2.4115e-08,0.0043595
0.00058661,4.6276e-11,0,3.5853e-07,0.0032877
5.0289e-07,2.6148e-11,2.6598e-08,8.1793e-05,0.004523
2.3931e-08,1.6216e-14,3.2925e-13,1.205e-05,0.0045776
0.00070204,7.9942e-10,4.8194e-10,1.5988e-08,0.0030324
1.1655e-09,4.303e-07,8.0984e-07,0.0043589,0.0012403
4.7059e-06,0.00014991,0.00053447,0.0057432,1.1478e-07
0.0020609,2.0723e-06,2.4395e-06,2.7146e-05,1.4086e-06
4.0479e-07,1.7092e-11,1.2468e-10,9.9827e-08,0.0045859
0.00034556,2.9748e-08,5.3001e-09,3.33e-05,0.0037961
0.0020646,4.2378e-05,2.0384e-06,5.6469e-07,1.6621e-09
1.7134e-07,0.013206,0.00034391,5.7878e-10,3.0304e-17
1.7742e-09,5.604e-16,9.3986e-14,3.454e-10,0.0045869
0.0020105,1.4338e-09,0,0.0001511,1.9043e-05
0.0020221,6.8995e-08,1.5676e-07,6.5544e-06,0.00010428
0.0020477,5.556e-05,0.00015383,1.304e-07,7.016e-08
2.9314e-05,5.6617e-14,8.4886e-13,3.9404e-09,0.004522
0.00028043,1.2658e-08,1.4821e-05,0.0011615,0.003071
0.0020642,1.6081e-13,2.9623e-11,4.9005e-08,1.6178e-05
0.00043853,4.3538e-10,1.187e-07,0.00063515,0.0031282
0.00029767,3.0303e-08,0,9.5185e-06,0.0039205
0.0020703,7.5131e-06,8.4483e-08,5.9805e-08,1.4074e-11
2.7635e-07,0.0034905,0.00229,0.0037722,4.1278e-08
0.00040144,0.010752,7.4027e-05,1.0901e-05,2.6229e-07
8.3207e-06,9.6865e-05,5.0427e-05,0.0057676,9.6676e-05
3.3043e-05,7.0593e-06,0.0013763,0.0054737,1.0025e-05
0.0017291,5.9966e-06,4.1688e-05,0.00094409,2.219e-05
6.7344e-06,2.4716e-14,2.6691e-11,7.1158e-09,0.004572
0.0020274,5.8201e-05,0.0001071,7.0834e-05,1.2313e-10
0.0019955,3.9393e-07,0.00077358,0,0
6.3307e-07,3.8065e-10,1.7287e-09,0.00010004,0.0045087
0.0020018,0.00041615,5.9304e-06,5.0784e-06,6.9248e-06
0.0020557,4.8923e-07,3.4163e-06,9.9848e-07,3.3209e-05
0.00014519,0.0072131,0.0077274,0.00015775,1.384e-12
0.002069,2.3249e-13,2.5378e-12,2.4759e-09,5.5778e-06
1.683e-05,0,3.7837e-09,7.2873e-06,0.004544
0.0012173,0.00015161,0.0080937,0.00010322,7.1005e-07
0.0011845,0.0036889,0.00060838,0.00073878,4.4192e-06
0.00072931,0.00017519,0.0016812,0.0033053,9.2162e-06
0.0020715,0,0,0,0
0.00086471,2.461e-07,2.5538e-05,0.0033909,6.3386e-05
0.0010699,7.4877e-05,6.0408e-05,0.0020983,0.00056832
0.0019752,4.6076e-13,8.1828e-13,1.7724e-09,0.00021316
0.00035214,0.0020458,0.014198,2.7756e-05,1.0177e-12
0.00038576,0.01075,0.00014267,3.8078e-05,2.4464e-09
0.0020696,1.1522e-05,1.1718e-06,1.4514e-07,3.4984e-10
0.00035538,5.794e-06,1.9693e-05,0.0041692,0.00059306
5.1299e-11,1.8279e-10,2.2546e-07,0.0058111,0.00012577
0.0020699,7.6131e-14,2.2761e-13,9.6867e-11,3.5783e-06
0,5.0122e-08,6.7407e-08,1.2258e-05,0.0045775
0.00010871,7.6004e-06,8.008e-06,0.0050313,0.00047942
2.2224e-06,7.9218e-11,5.9016e-09,4.0009e-05,0.0045513
0.00042429,9.0363e-06,0.0023322,0.0037576,0.00025262
0.00047378,0.010083,2.1504e-05,0.00011146,2.9305e-06
7.074e-06,0.0097509,0.0046644,0.00029361,4.9178e-07
7.3326e-06,0.00063506,9.5566e-05,0.0040229,0.0012446
1.1509e-07,2.964e-07,3.0854e-06,0.0059734,1.3804e-07
0.0020713,4.9287e-11,0,4.2581e-09,4.9209e-07
0.0019976,1.4417e-05,4.7543e-05,0.00016743,1.9909e-05
0.002069,1.4291e-05,3.0026e-06,2.6931e-09,2.8753e-11
4.5066e-05,6.1544e-08,4.5869e-08,0.0022038,0.0027952
0.0018113,0.0016652,1.1014e-05,6.3328e-06,1.7646e-08
7.3522e-09,5.2162e-06,0.0020883,0.0053312,3.8373e-05
0.0020265,0.00016598,0,5.5931e-05,7.9762e-11
0.0019622,3.4769e-08,2.0507e-07,0.00030167,1.0271e-05
0.0020714,3.936e-09,4.0095e-10,1.6019e-07,1.6616e-09
1.7925e-06,0.013133,0.00044278,1.1538e-07,1.7006e-13
0.0020683,2.0757e-05,1.874e-07,4.6696e-09,1.9062e-11
0.0019806,3.2904e-06,2.6609e-06,0.00012365,0.0001047
0.0019932,5.8609e-16,1.1019e-12,4.7175e-12,0.00017339
0.0020715,3.4977e-08,7.6247e-09,1.0022e-07,7.1534e-09
0.0020712,3.7952e-07,1.8321e-08,5.6215e-07,3.8302e-09
7.5151e-06,9.1094e-11,6.1291e-12,1.7111e-08,0.0045702
0.0020713,3.0739e-07,1.3031e-07,1.8767e-07,1.7622e-07
0.0020169,0.00035385,2.9424e-07,4.7192e-08,2.3827e-10
0.0014771,0.0003798,0.0012204,0.0011953,3.4076e-06
0.0010085,1.9127e-06,0,0.00076418,0.0017666
7.1331e-07,3.776e-07,3.3641e-05,0.0058688,7.2496e-05
9.97e-07,1.0404e-08,1.6921e-07,0.00016823,0.0044555
0.00026801,1.5236e-05,6.1249e-05,0.0051769,6.7554e-07
0.0019027,1.3474e-06,0.00068101,0.00016885,9.5665e-05
6.4863e-05,7.1661e-12,6.1339e-11,9.2143e-09,0.0044433
0.0019625,0.0004311,0.00028866,4.0814e-05,9.5714e-09
0.0011923,5.2937e-11,1.0442e-09,1.0834e-07,0.0019468
0.00090173,0.00022202,0.00079751,0.0027629,0.00021989
0.0020715,3.3959e-08,8.7727e-09,5.601e-11,8.5602e-11
0.002043,8.8646e-08,2.6199e-06,4.5682e-05,2.739e-05
0.00086796,0.0073087,0.00077282,9.0804e-08,1.5682e-11
7.7666e-06,1.4953e-07,7.1782e-05,0.0054716,0.00035353
1.9938e-05,1.5576e-07,3.6802e-06,8.0246e-05,0.0044803
0.001523,2.1108e-08,1.8572e-05,7.474e-07,0.0012099
5.0246e-05,0.001678,0.017751,5.6073e-05,6.6041e-11
0.001267,0.0052067,1.1876e-05,1.0438e-07,5.8922e-11
0.00096136,3.4414e-11,5.8455e-09,1.4863e-08,0.0024582
2.2511e-05,0.0024217,0.011667,0.0015282,1.4605e-08
1.1823e-05,0.0036644,0.0051894,0.0028401,2.7784e-07
1.033e-05,7.4682e-10,1.1717e-06,1.131e-05,0.0045551
0.0020714,8.1255e-09,9.6135e-09,1.2358e-07,2.1124e-08
0.0020714,8.7183e-13,2.0237e-10,9.7261e-11,2.8423e-07
0.0019502,1.5544e-06,7.8509e-06,8.8022e-05,0.00019886
2.1158e-05,2.2538e-12,2.0865e-10,3.6595e-07,0.0045398
0.0019852,0.00014354,0.00060591,1.3488e-05,4.0029e-09
0.0013656,1.8399e-07,8.8846e-07,0.001952,6.4272e-05
6.2874e-10,1.5754e-12,3.2229e-09,2.4356e-05,0.0045682
0.00068508,4.1807e-06,4.6661e-05,0.00036878,0.0027753
0.0020593,6.3315e-05,1.7935e-05,1.8233e-06,8.1925e-08
0.0020518,3.965e-06,2.2243e-05,2.8271e-06,3.5291e-05
6.2422e-09,3.7627e-09,3.0438e-06,0.0059717,1.7904e-06
0.0020715,2.3816e-12,0,0,0
0.0008602,1.2426e-10,6.5207e-11,1.684e-07,0.002682
0.001712,0.001349,0,0.00043571,5.8094e-07
0.0020715,2.0929e-10,0,1.5529e-10,6.4421e-11
5.0037e-07,0.0005011,0.019553,0.00021289,4.7546e-10
4.2127e-08,0.0091464,0.0063595,0.00010346,6.089e-09
0.0019677,0.00038208,0.00039704,1.658e-05,2.3716e-07
0.0020693,2.0566e-11,0,4.7197e-07,4.4136e-06
0.0020703,4.2054e-07,2.4963e-07,3.0009e-06,1.2802e-07
0.00033445,0.0042607,0.0017959,0.0025822,1.7931e-05
0.0020644,5.9538e-08,1.2165e-06,1.9139e-05,7.8881e-07
0.0019049,3.2685e-06,2.7423e-06,0.00039414,6.4548e-05
0.0020112,0.00037477,1.7099e-05,2.2565e-06,1.7304e-11
5.5371e-10,2.8716e-05,0.0040727,0.0048087,1.6992e-08
9.2664e-09,0.00060245,0.0017262,0.0052178,1.3535e-07
0.0020704,1.0353e-06,8.6224e-06,3.7174e-07,0
1.1477e-05,1.6016e-06,2.2567e-05,0.0059318,2.2876e-06
2.1638e-05,5.7229e-08,7.1646e-08,1.112e-06,0.0045381
0.0013858,0.0042755,0.00025124,4.11e-06,8.5452e-13
2.6098e-06,6.5112e-05,0.00026331,0.0051642,0.00053715
4.731e-07,0.011957,0.0023014,8.8343e-07,7.9619e-12
0.0020715,1.7214e-13,1.5754e-13,7.6044e-12,3.1073e-08
5.0277e-08,2.9453e-14,5.6502e-12,7.2515e-08,0.0045867
9.5571e-09,0,1.4735e-13,1.5096e-08,0.0045869
0.0020316,1.47e-05,0,0.00010406,3.4412e-06
0.00025182,4.5549e-06,0.00035177,0.00032699,0.0037002
7.8081e-08,6.606e-05,0.0025762,0.0052156,8.537e-08
0.0020278,0.00021565,0,2.9891e-05,1.9642e-07
0.0020715,3.6426e-10,0,9.4219e-11,7.1856e-11
1.6072e-08,4.0054e-15,1.29e-13,1.5528e-09,0.0045869
0.0020703,2.1362e-06,1.2404e-06,1.981e-06,2.3997e-07
0.0019641,4.6558e-06,0.00053344,0.00015675,0
3.1498e-06,2.4091e-07,3.0365e-07,0.0058216,0.00011059
0.0019965,0.00020684,2.0642e-05,0.00011446,3.0804e-06
2.2772e-07,1.6248e-09,1.0123e-07,0.0057138,0.00019995
0.0019203,1.5852e-05,2.2568e-06,0.00020076,0.0001747
0.00022106,0.011896,0.00015219,1.0274e-07,2.8042e-09
7.4103e-05,6.4056e-11,6.1533e-08,6.4126e-06,0.0044179
0.0015952,1.133e-07,2.4222e-06,9.0136e-06,0.0010472
4.5275e-05,6.8474e-07,1.4133e-05,0.0044425,0.0010729
0.0012134,6.1888e-07,0,0.0024602,1.1194e-05
0.0011631,5.8111e-05,0.0047902,0.0011858,3.9744e-05
1.9956e-05,0.011661,0.00057627,0.00056495,1.543e-08
1.5147e-05,3.1864e-13,0,1.2686e-06,0.0045524
0.0019424,5.5857e-05,0.001218,2.5523e-06,8.9954e-08
4.0485e-08,2.8084e-10,4.9068e-10,6.0031e-06,0.0045822
0.00098436,3.6178e-13,0,1.1916e-05,0.0023981
5.0209e-09,5.6816e-06,0.00024629,0.0059021,4.6737e-07
8.7266e-07,7.0448e-16,2.8427e-13,9.7588e-10,0.004585
1.6989e-06,2.8123e-07,8.6834e-05,0.0059366,6.6981e-06
4.323e-05,0.0050055,0.012354,0.00012402,3.6241e-08
7.7912e-08,5.227e-08,1.2891e-06,0.0059651,7.0907e-06
0.0020677,8.8988e-11,2.021e-08,1.1711e-07,8.2208e-06
0.0012614,9.5613e-12,7.1182e-11,1.6361e-06,0.0017925
0.0005398,4.6435e-09,1.9361e-07,1.3807e-06,0.0033905
0.0020695,6.9549e-06,1.665e-06,2.2538e-06,1.0545e-09
0.0016718,6.6108e-08,9.741e-06,1.8137e-05,0.00086896
6.7899e-05,0.012941,7.0776e-05,9.1002e-08,4.9358e-10
0.0020714,5.8144e-08,3.3858e-10,4.9711e-09,1.2802e-07
0.0020715,1.715e-07,1.2946e-09,4.8964e-10,6.5036e-14
2.4799e-08,5.4191e-12,5.3894e-11,2.4295e-06,0.004585
0.0009699,0.00037614,0.00070918,0.0027129,7.3877e-05
4.532e-06,2.4983e-12,2.1072e-10,4.6574e-08,0.0045768
1.8029e-07,0.00020596,0.0053719,0.0034027,0.00073596
0.0020437,0,1.8908e-13,0,6.1522e-05
5.4497e-06,6.2089e-05,0.011279,0.0027362,7.7783e-07
0.002057,1.6404e-05,2.8301e-06,3.1616e-05,1.6096e-06
3.1034e-05,3.0897e-10,6.2705e-06,0.00054447,0.0040988
0.0020714,4.3665e-12,6.1804e-11,7.7535e-09,2.1372e-07
0.00096329,3.0761e-08,0,2.2117e-05,0.0024369
8.158e-08,2.3915e-14,7.6246e-10,3.2625e-07,0.0045865
0.001592,3.3079e-07,5.4428e-05,0.00042048,0.00072694
0.0020563,7.4368e-09,0,1.6347e-06,3.2485e-05
1.0344e-06,7.8112e-06,4.3753e-05,0.0057876,0.00012939
0.0014449,4.7158e-09,5.6177e-08,4.9602e-08,0.0013875
0.0016819,0.00012078,0.0035631,5.941e-05,1.1512e-06
0.0020715,5.2666e-18,0,3.1554e-14,1.0292e-07
1.0734e-12,4.6667e-16,7.0337e-13,4.4578e-07,0.0045866
4.2206e-09,1.918e-15,1.3027e-14,3.0498e-08,0.0045869
0.00021345,8.1704e-06,1.6589e-05,0.005349,1.4949e-06
0.0019832,1.4521e-12,5.7533e-10,1.3102e-08,0.00019553
0.0020715,1.1726e-10,1.3375e-08,3.5067e-08,5.8523e-09
0.0020577,8.8883e-05,7.7402e-07,9.445e-09,3.3105e-11
0.0020715,1.6159e-10,1.6635e-11,7.8126e-11,2.9688e-08
0.0018015,3.5346e-06,5.3496e-05,0.00069446,5.1953e-05
0.0020715,1.4139e-07,1.7897e-09,2.3589e-09,1.3646e-12
0.00070587,0.0047179,0.0061044,0.00011034,1.8659e-07
0.0010518,1.1056e-07,2.2887e-07,0.00069969,0.0017206
1.1117e-06,4.4622e-10,5.3678e-10,2.4637e-05,0.0045655
3.5177e-06,1.3106e-14,6.2087e-13,1.0888e-08,0.0045791
0.0020683,8.4283e-11,0,4.2741e-07,6.6745e-06
0.0003536,0.0086801,0.0037253,3.7233e-05,4.716e-12
0.001803,0,0.00042995,0.0004931,0.00012261
8.5477e-05,1.6639e-11,1.6415e-11,1.5672e-07,0.0043975
0.0020713,1.0608e-08,3.7978e-09,4.6513e-07,6.1052e-10
4.9534e-08,8.4089e-08,3.57e-06,0.0012043,0.0036615
3.4469e-07,1.612e-16,1.0815e-13,1.0689e-09,0.0045861
0.0020675,1.2195e-09,6.359e-08,1.9529e-08,8.7283e-06
0.002071,2.3735e-07,4.3604e-07,8.4113e-07,1.8336e-07
2.2899e-08,4.5856e-11,1.9147e-09,0.00017544,0.0044522
0.0020715,0,0,0,0
0.0020126,0.00011204,0.00042042,2.2187e-07,5.0463e-07
0.00076048,4.1265e-07,1.9026e-06,0.0014386,0.001798
0.0020715,6.6327e-10,2.4578e-09,0,0
0,0,0,0,0
0.0017719,0.0011428,0.00028773,0.00026135,9.7627e-06
8.2971e-08,6.166e-14,8.8268e-12,2.6956e-08,0.0045867
8.7071e-05,2.5221e-09,3.2431e-07,1.0001e-05,0.0043864
0.00026135,6.4446e-11,1.1329e-10,4.874e-08,0.0040082
0.0020508,1.3578e-06,0,5.8952e-05,9.1259e-08
0.0016892,4.9926e-07,1.0182e-07,0.0010412,4.696e-05
0.0020697,9.077e-08,2.3554e-07,3.1432e-07,3.5956e-06
0.0020646,7.8244e-08,4.379e-08,1.9842e-05,1.0381e-08
0.00040878,1.856e-09,1.1124e-09,0.00020112,0.0035274
0.00016458,2.9429e-09,1.7924e-06,0.0031469,0.0018062
7.9508e-06,0.0007146,0.019732,4.5698e-05,5.4946e-11
8.8165e-07,0.0075921,0.009149,2.703e-06,1.1513e-14
8.1726e-07,2.7773e-10,4.1364e-08,1.5425e-05,0.0045732
0.0020711,2.3114e-06,0,5.5756e-11,6.8434e-14
5.8767e-10,3.8297e-10,9.8602e-08,0.002814,0.0024266
0.0016428,0.00012177,0.0037576,0.00011753,4.9234e-07
0.0018213,2.942e-07,0.00020582,0.0006473,1.2205e-05
5.4954e-09,1.1806e-09,1.05e-07,0.0036625,0.0017752
0.0020697,5.4686e-10,8.3792e-07,2.3775e-06,2.0717e-06
0.00025991,1.6713e-14,2.8876e-13,3.4897e-09,0.0040114
0.0020714,8.428e-07,0,8.0682e-10,1.1926e-13
0.00019525,0.003123,0.0097299,0.0012662,1.6995e-07
0.0020714,1.7634e-08,0,1.3754e-07,1.3285e-11
0.0017439,0.00023332,0.00021218,0.00078039,3.5444e-07
0.0020709,2.6625e-09,0,1.2329e-07,1.3108e-06
0.00050285,6.042e-09,2.1044e-07,5.1133e-06,0.0034695
0.0020715,4.6811e-10,4.9748e-10,3.9498e-10,9.3733e-08
0.0020126,5.5039e-11,1.0355e-09,3.1556e-08,0.00013044
0.0020458,1.1211e-08,2.5495e-07,6.7941e-06,5.1629e-05
0.0019828,0.00027367,0.00034672,3.5913e-05,6.0711e-09
2.3979e-06,0.0086665,0.0069605,0.00013999,4.1535e-09
8.663e-08,1.0972e-07,3.7335e-06,0.00052029,0.0041864
0.001921,6.1291e-11,0,1.7344e-06,0.00033191
0.0020714,1.3335e-11,2.6573e-11,2.9956e-09,2.7185e-07
0.0013299,1.4166e-05,1.4131e-05,0.0019572,0.00013175
3.2562e-08,0.00063451,0.0078723,0.0034604,2.0088e-06
2.6953e-09,7.3247e-12,9.1769e-11,2.5669e-06,0.0045849
0.0015952,1.7455e-05,0.00066889,0.0011762,3.7551e-07
0.0012775,6.6154e-06,0.00031,0.0012966,0.00069316
0.00019874,0.012049,0.0001211,5.3021e-06,0
0.0020708,0,5.105e-08,1.8881e-06,0
4.6859e-08,1.2091e-10,8.8371e-10,2.7159e-06,0.0045847
2.8813e-08,0.00034295,0.0010289,0.0055307,1.3976e-07
0.0020681,2.086e-05,1.9878e-07,2.2432e-07,9.539e-08
5.7672e-06,2.372e-10,5.9278e-11,3.265e-06,0.0045716
2.3663e-07,1.4343e-05,0.00043856,0.0058428,6.8624e-07
0.002043,1.1405e-09,9.1007e-08,3.1724e-07,6.2908e-05
1.2532e-06,0.0035747,0.0070439,0.0023856,5.1478e-08
0.00034007,2.304e-11,2.9193e-08,7.2711e-07,0.0038333
0.0020686,2.5345e-06,1.6168e-06,4.1946e-06,2.0749e-06
5.4591e-05,0.002796,0.014012,0.00060494,2.2323e-09
0.0020652,3.8122e-05,4.2333e-06,0,0
9.9649e-06,0.012748,4.9472e-05,0.0002591,2.5202e-09
0.0020681,7.0055e-12,1.3782e-10,1.8332e-08,7.5284e-06
0.002049,1.792e-07,9.6823e-05,3.3339e-05,3.0119e-06
0.0014629,3.8561e-07,5.2333e-07,2.0076e-05,0.0013321
2.4968e-05,4.7136e-16,2.7309e-14,1.9908e-11,0.0045316
7.8947e-08,2.299e-11,1.2727e-08,0.00019749,0.0044351
0.0018795,2.676e-08,5.5992e-07,0.00052617,2.104e-05
0.002062,1.6839e-05,7.0424e-05,1.7842e-09,6.9173e-11
6.2472e-05,0.00051957,0.010534,0.0025789,1.0148e-06
2.3615e-05,5.0879e-13,7.0922e-11,1.7389e-08,0.0045346
0.0020054,0.0003428,1.2081e-06,3.6785e-05,6.8922e-07
0.0020714,5.3599e-07,4.5614e-07,0,0
7.1139e-05,1.1412e-09,1.4363e-08,2.1343e-08,0.0044294
0.0016002,4.3128e-10,4.7315e-08,5.8069e-07,0.0010431
7.2558e-06,1.4167e-07,9.0747e-06,0.0059393,9.3235e-06
1.1493e-06,1.232e-08,5.0965e-07,0.00047095,0.0042227
5.6361e-06,0.013373,2.4103e-05,4.5404e-07,1.1536e-11
0.0020714,6.0314e-08,1.1323e-07,6.5235e-08,1.9698e-07
0.0020714,1.5242e-07,1.6148e-08,2.1724e-07,5.5263e-10
0.0012234,3.1878e-06,8.6346e-06,0.0014106,0.00079214
5.1991e-06,2.7005e-08,1.0704e-06,0.0059569,2.1398e-06
8.7177e-05,0.0013846,0.010853,0.0020335,7.717e-08
0.0016217,1.339e-07,9.4235e-07,0.0003496,0.00072745
0.0020708,8.4257e-11,0,2.7251e-09,1.6464e-06
4.8209e-06,3.0071e-10,1.6332e-09,2.1696e-07,0.0045761
0.0020666,2.3651e-12,0,6.5194e-09,1.0907e-05
0.00044974,0.00051664,0,0.0040522,0.00030372
7.6228e-06,3.1989e-07,2.0316e-07,0.00027171,0.0043613
0.0013625,5.1418e-12,1.2131e-11,2.5251e-09,0.0015698
0.0020709,2.9739e-09,4.5952e-09,1.6067e-06,6.4141e-09
0.0010394,6.6583e-08,0,0.0029658,8.5442e-06
4.4137e-07,8.2688e-05,0.00031518,0.0058465,8.3198e-07
0.0020711,4.652e-10,4.9589e-10,1.1094e-06,5.5963e-08
0.0020676,6.467e-10,4.1519e-09,1.6139e-06,7.2794e-06
0,2.0322e-05,3.6378e-06,0.00036965,0.0042954
0.00082574,2.8464e-05,8.2104e-07,0.0028314,0.00057491
3.2581e-05,7.9871e-10,5.0261e-09,0.0058387,3.2458e-05
0.0012679,0.00038117,1.8893e-05,0.00013933,0.001538
0.0010416,0.005867,0.0012681,6.4227e-07,8.0412e-12
0.00048539,7.3414e-09,1.2777e-09,2.6623e-05,0.0034917
0.00092641,1.0134e-05,8.3868e-05,0.0032675,5.4467e-06
0,0,0,0,0
0.0018826,1.4737e-05,0,0.00053793,2.9486e-07
0.0018407,9.7977e-07,0,0.00059581,5.3267e-05
1.3463e-09,1.3042e-13,1.6901e-11,1.3074e-06,0.0045859
1.4795e-09,1.3075e-06,0.00021507,0.00587,3.3353e-05
0.0019481,6.9315e-10,7.0794e-08,2.8166e-07,0.00027305
0.0020712,1.7855e-09,8.3586e-07,8.879e-09,5.2866e-07
0.0020452,3.1347e-10,1.1481e-08,2.3942e-07,5.801e-05
2.6647e-06,6.9203e-11,1.9714e-09,4.0126e-06,0.0045779
1.2308e-05,0.013271,0.00011831,9.9948e-08,1.508e-14
0.0018496,0.00067767,0.00094577,7.0599e-05,9.3979e-14
6.8888e-07,3.3721e-09,6.7733e-09,0.00016885,0.0044558
3.4799e-08,1.6924e-09,2.35e-06,0.00026971,0.0043793
0.0017672,1.7162e-08,6.0446e-06,2.7139e-05,0.00065167
0.001639,2.1276e-06,5.6039e-06,0.0012432,1.2279e-06
0.0020704,1.4636e-08,1.4864e-08,3.0751e-06,3.3928e-08
0.0020715,5.599e-08,1.3346e-07,0,0
0.00015847,0,3.1976e-09,1.8387e-05,0.0042219
0.0020684,1.978e-05,0,0,0
1.5025e-05,0.011522,0.0027053,3.8011e-05,3.4943e-11
0,0,0,0,0
5.4569e-09,1.1369e-09,2.2598e-08,0.0028087,0.0024307
4.1181e-05,0.013146,2.0662e-05,3.7779e-08,6.9608e-12
4.0394e-07,1.2683e-07,2.5439e-05,0.0058834,6.383e-05
0.0020631,1.3506e-11,4.5589e-10,3.5618e-06,1.5782e-05
0.0013987,3.7929e-08,4.5742e-07,4.3156e-05,0.0014565
5.6559e-06,2.132e-07,2.3416e-06,0.0052448,0.00054744
5.9023e-05,7.1175e-08,0.0011374,1.2467e-05,0.0041993
1.6775e-07,2.0538e-05,4.5665e-06,0.0059513,9.7762e-06
0.0020715,3.0827e-10,1.0823e-10,6.4509e-11,3.9632e-10
0.00010554,0.00155,0.017551,1.0178e-05,3.8494e-12
0.0011807,0.00021039,0.0081475,0.00016811,2.2881e-07
0.0020715,5.1512e-15,3.7498e-14,7.1533e-12,7.2806e-10
0.00198,7.4373e-05,0.00015601,0.00017739,7.0962e-06
0.0010741,2.0971e-08,1.745e-05,0.00047383,0.001841
0.0020715,7.1629e-13,9.0797e-13,2.9096e-10,1.3239e-09
0.00053333,0.0079874,0.0031143,8.6194e-08,4.1211e-10
0.0019018,0.00088488,0.00033335,1.2657e-06,2.9681e-08
0.0014672,6.5528e-09,2.1625e-09,3.0218e-06,0.0013357
0.0020714,1.0917e-07,2.2658e-08,2.8061e-07,4.5587e-11
3.566e-05,1.2844e-06,6.0776e-05,0.0058488,4.205e-06
3.8559e-06,0.00038557,0.00038221,0.005682,1.5601e-06
0,1.7456e-10,8.0574e-10,6.0183e-06,0.0045823
5.1709e-06,6.165e-12,4.3574e-11,7.6337e-06,0.0045696
0.00096323,2.5944e-05,3.3002e-05,0.0031754,2.4954e-07
0.0020315,5.5145e-08,2.4809e-07,0.00010942,4.4847e-06
2.3797e-08,1.3986e-06,3.3865e-07,0.0020981,0.0029756
0.002057,5.9208e-08,7.1301e-07,4.1456e-05,1.5375e-07
8.1754e-06,1.3506e-05,3.2074e-05,0.0008477,0.0039064
0.0018609,1.161e-11,1.1701e-10,9.5756e-11,0.00046632
5.2257e-07,2.0014e-08,4.3753e-08,0.0056969,0.00021229
0.00061238,0.0082241,0,0.00054877,5.765e-09
0.0012181,3.4337e-12,9.1141e-12,1.848e-06,0.0018883
0.0020675,3.2203e-12,3.438e-12,1.229e-07,8.6526e-06
6.9786e-10,2.085e-18,0,8.1073e-11,0.0045869
0.0020518,1.0894e-06,2.6032e-05,4.857e-05,1.9691e-07
1.4664e-08,4.7405e-14,9.4368e-11,1.1014e-06,0.004586
1.4041e-05,1.7764e-06,2.0401e-05,0.0019749,0.0030346
1.061e-05,1.9577e-07,5.2929e-05,0.005927,1.7167e-06
0,0,0,0,0
0.0020173,0.00034402,1.1665e-05,4.5887e-08,4.354e-13
5.0624e-06,0.00058931,0.010565,0.002706,1.1237e-08
0.0020663,2.305e-13,0,4.813e-07,1.1163e-05
7.6682e-07,0.00017035,0.0032322,0.0049752,4.8947e-06
0.0014561,0.0036934,2.9311e-05,0.00012316,0
4.5156e-06,1e-14,7.5001e-13,8.7202e-08,0.0045768
6.9834e-05,1.952e-07,1.8457e-07,2.366e-05,0.004414
0.0020537,7.2411e-14,3.2143e-13,3.9176e-09,3.9405e-05
1.1393e-07,0.013287,0.00019743,5.917e-06,1.4821e-12
0.0020697,9.6894e-06,1.69e-08,3.4101e-07,4.7774e-07
0.00065554,7.0054e-11,8.0363e-07,8.2088e-06,0.0031289
0.002063,4.9935e-05,6.9545e-06,1.7347e-07,1.2806e-11
0.0020714,1.0661e-07,1.0013e-07,1.271e-09,1.0612e-07
0.0018059,0,4.0435e-05,1.8838e-05,0.00056476
2.2667e-07,3.3896e-05,0.00063097,0.0057803,1.7154e-07
1.204e-06,2.7476e-08,5.4384e-05,0.0059425,1.0427e-05
0.0020714,2.6575e-07,3.6528e-07,1.8674e-09,1.2615e-11
0.00098788,0.0060874,0.0014383,9.2021e-06,1.7514e-09
0.0006431,4.1167e-05,0,0.0041006,8.3315e-07
0.00040376,2.6024e-10,0,3.0764e-05,0.0036692
2.6521e-07,1.025e-14,2.4369e-13,2.559e-10,0.0045863
2.8699e-05,3.1442e-06,3.2782e-06,0.0033013,0.0019872
0.0020706,7.0806e-13,0,2.0151e-08,1.9523e-06
0,0,0,0,0
6.9412e-07,0.0059805,0.011682,3.1156e-06,1.0604e-15
0.0016777,0.0023292,0.00020575,4.1044e-05,1.6985e-09
7.6997e-06,0.013278,0.0001548,4.9229e-08,6.7512e-14
0.0020426,4.0258e-05,6.1224e-06,1.7528e-05,3.5457e-05
0.0020715,0,0,0,0
5.2198e-06,4.5894e-08,1.3272e-06,0.00061615,0.004102
0.0020514,8.3111e-05,1.4075e-06,2.0646e-05,5.0616e-11
0.00012042,0.012544,0.00015907,1.0375e-07,2.122e-13
1.5818e-06,1.1855e-10,1.2994e-07,0.00016054,0.0044601
0.0014829,1.0722e-13,0,4.8604e-08,0.0013032
0.0020578,2.6583e-05,9.7789e-05,4.0632e-09,1.0646e-09
0.0001584,5.8776e-06,0.00012864,3.0255e-05,0.0041829
0.0017099,2.893e-05,0.00017226,0.00064445,0.00025851
0,1.0896e-13,6.4212e-12,1.642e-08,0.0045869
4.8115e-08,6.8586e-05,0.019413,0.00044624,7.203e-12
0.00025529,0.00037557,0.017428,0.00013559,2.87e-10
0.0020715,7.7401e-11,0,5.5397e-08,3.4214e-08
0.0020337,0.00012948,0.00017811,9.052e-07,2.6451e-08
0.0020714,7.4936e-14,0,9.2809e-09,1.8632e-07
0.0020714,7.0331e-09,0,2.9561e-07,3.4038e-09
8.4308e-06,4.7585e-08,4.7334e-06,0.0055263,0.00032471
0.0017262,3.943e-11,3.6084e-11,8.0056e-06,0.00075836
1.6005e-05,0.0025443,0.00013267,0.0047582,5.6836e-07
7.4799e-06,4.0214e-09,1.1845e-07,3.0709e-05,0.0045467
0.00029374,0.011024,0.00013217,0.00016098,1.8066e-05
0.0012575,1.8694e-05,0,0.002339,3.9829e-07
0.0016877,1.194e-06,2.5018e-06,5.8412e-05,0.00080396
3.2526e-08,0.00021026,3.0911e-05,0.0058718,5.4671e-07
0.0017355,9.2895e-07,0.0010787,0.00010388,0.00042934
0.0019188,1.3289e-05,0,0.00043456,9.3941e-09
0.0016261,1.8255e-09,5.9132e-09,5.9336e-05,0.00094065
2.2151e-06,8.9206e-07,9.7814e-06,0.0059094,4.3025e-05
0.0020139,4.099e-09,0,6.4033e-05,7.8287e-05
0.0020715,2.9265e-08,4.59e-10,1.1353e-09,1.0469e-10
0.00050645,2.9681e-07,0.00016137,0.0042493,0.00016818
1.4706e-09,1.571e-13,8.2226e-12,1.4108e-07,0.0045868
0.00013012,5.0602e-10,3.0666e-09,1.3999e-05,0.004288
0.0020102,7.8137e-08,0,0.0001764,2.0187e-07
0.0019584,2.3417e-12,7.456e-11,8.0065e-09,0.00025046
0.0012824,1.1015e-05,3.5156e-05,0.0022194,3.2029e-05
0.0011701,3.4118e-05,4.2211e-05,0.0024148,0.00012139
0.0020657,9.5808e-07,5.6773e-05,3.2682e-07,2.8934e-09
0.0010424,6.2027e-12,7.3936e-11,1.0258e-06,0.002278
4.6617e-05,0.010187,0.00084121,0.0010381,2.3753e-05
0.00025651,1.1911e-10,0,0.00011073,0.0039339
2.8013e-05,0.0007644,0.013216,0.0018107,2.1817e-07
0.0020585,7.2097e-09,1.0291e-08,2.0075e-05,1.3386e-05
0.0020529,9.1857e-05,4.2683e-05,5.8396e-07,2.5864e-09
9.6728e-08,2.8701e-06,9.9321e-07,0.005968,3.913e-06
0.0020244,1.548e-09,1.2712e-08,3.2923e-07,0.00010414
0.0020715,2.2557e-10,1.2819e-10,3.8147e-08,3.0551e-10
0.0020714,4.4103e-15,1.7603e-11,3.4461e-13,1.5339e-07
0.0020711,2.1995e-06,3.3924e-07,2.0424e-07,3.119e-10
0.002071,3.3605e-07,7.8416e-08,1.295e-06,5.1385e-09
0.0018297,0.0012959,0.0004258,1.5915e-07,2.5922e-08
0.0020658,3.6446e-05,1.0396e-07,2.822e-07,4.1977e-12
0.0020714,3.6192e-16,0,5.1842e-13,2.0567e-07
0.0020708,2.1265e-13,0,1.3147e-09,1.4378e-06
3.1695e-07,1.9926e-13,4.5523e-10,2.3619e-06,0.0045844
0.0020715,7.7614e-08,5.9455e-08,1.0115e-09,4.0629e-08
1.3314e-05,2.0107e-07,1.294e-06,0.0057056,0.00017695
0.0014494,4.116e-12,7.7179e-10,2.5009e-06,0.0013757
0.0020715,5.8963e-10,3.1583e-09,3.6783e-09,1.1167e-08
0.0010689,3.0745e-07,8.2486e-07,0.00053423,0.0018097
0.0020438,8.4154e-07,2.5823e-06,2.5463e-05,4.095e-05
5.9016e-08,7.4897e-12,7.6385e-11,8.4326e-07,0.0045861
0.0020712,0,9.0229e-08,0,5.6337e-07
0.002071,2.803e-07,1.7403e-07,9.9973e-07,1.1431e-07
0.0014561,8.615e-08,5.7668e-06,0.0008018,0.00074576
0.0020597,6.1981e-16,4.1296e-14,8.3415e-10,2.6029e-05
0.00088219,2.5219e-07,4.3678e-06,0.0034289,8.8587e-08
0.00072862,0.0013664,0.0018812,0.0024512,0.00021596
0.00041032,1.503e-08,6.9752e-07,5.4487e-06,0.003674
0.0020571,7.7835e-05,2.3835e-05,8.1769e-08,4.7617e-09
0.001222,5.9569e-14,0,4.331e-07,0.0018808
0.002061,2.9748e-05,4.0816e-05,5.3768e-06,3.441e-08
1.39e-06,0.003521,0.00016217,0.0043482,7.6069e-06
0.0019713,0.00041361,3.1513e-05,3.6454e-05,4.5777e-05
2.9524e-05,2.1049e-11,2.6905e-11,0.00033899,0.0042613
0.0017921,1.3736e-06,3.8076e-05,0.00026135,0.00040928
0.00038439,1.2137e-07,8.0634e-08,0.00023517,0.0035552
0.0020715,5.4525e-14,0,0,0
0.0020713,7.4129e-08,0,4.2248e-07,1.8454e-12
4.6294e-09,6.2787e-13,6.2157e-11,3.1913e-08,0.0045869
0.0020601,4.3715e-05,5.6475e-07,1.3146e-05,5.6044e-09
3.9699e-12,2.1815e-15,2.8399e-13,8.5532e-08,0.0045868
3.8325e-08,6.2784e-08,2.2408e-08,0.0059748,0
3.2564e-07,5.6087e-08,1.1311e-06,0.00023792,0.0044033
4.8466e-07,7.9986e-05,0.020832,3.8077e-05,3.076e-10
0.0010018,7.8808e-05,0.00015984,0.0023527,0.00050068
9.8177e-05,0.010906,0.0029606,3.0604e-08,3.2389e-15
0.00037499,0.00030717,1.4204e-05,0.0047474,4.0417e-06
1.322e-07,2.1597e-08,2.0231e-05,0.0059519,1.2969e-05
9.3311e-07,1.0191e-05,4.2819e-05,0.0059448,8.315e-06
1.6636e-12,4.8139e-22,1.2942e-19,5.7748e-12,0.0045869
3.5202e-06,0.00041426,0.00097351,0.0054936,8.5923e-06
0.0020706,7.1506e-08,1.4838e-08,2.442e-06,2.4374e-09
7.3863e-05,1.564e-11,0,3.1204e-07,0.0044231
0.0020715,3.4343e-19,3.2007e-18,0,0
7.5963e-08,1.8156e-09,0,0.0047245,0.00095976
0.0020664,5.4247e-13,0,2.8941e-08,1.1183e-05
5.6275e-06,1.1394e-10,4.1622e-08,0.00015009,0.0044592
0.0008009,1.0402e-08,1.0853e-07,0.0036212,3.3526e-05
0.00048383,0.0040731,0.00021485,0.002706,0
0.0020679,6.0725e-09,4.7237e-07,1.0361e-05,0
1.3494e-05,1.9721e-07,1.3369e-05,0.0011357,0.0036822
0.0020715,1.8227e-14,0,1.8964e-11,1.0021e-08
0.0020572,6.7099e-09,0,4.1028e-05,6.0388e-08
0.0020566,7.1746e-14,5.1507e-13,8.5324e-10,3.2891e-05
2.5285e-05,3.5438e-10,5.8998e-06,4.0411e-05,0.0044986
0.0020713,5.164e-07,0,3.971e-07,7.8993e-11
7.0555e-05,2.7844e-12,0,5.5372e-08,0.0044306
0.00012905,3.0069e-05,0.0013207,0.0017418,0.0026666
0.0020715,3.6237e-10,0,6.2385e-09,1.1573e-08
0,0,0,0,0
4.4865e-05,1.0822e-05,0.00017539,0.0057883,2.1075e-06
2.3168e-05,2.9493e-07,3.2509e-06,0.0058311,5.8299e-05
5.0795e-09,6.7009e-09,5.6674e-07,0.0059051,5.3501e-05
4.5619e-06,3.6085e-07,7.4314e-07,0.0059551,4.8222e-06
0.00060577,0.0085132,0.0012523,8.4457e-05,2.2772e-08
0.00053592,4.0893e-05,7.4076e-05,0.0042335,0.00012015
0.0020639,1.2098e-05,2.4322e-06,1.5921e-05,2.9472e-08
0.0020647,6.7732e-09,4.3613e-08,9.4937e-08,1.4933e-05
0.0020709,1.5046e-09,0,1.5246e-06,8.9446e-08
0.0020715,4.2455e-09,0,8.6547e-08,7.0876e-10
0.0020494,4.3625e-08,4.9858e-08,6.4267e-06,4.3924e-05
0.00034824,0.0060563,0.0069573,0.00030494,8.1691e-09
0.00014615,4.1469e-07,0.00056811,0.0051658,0.00017389
4.2807e-06,0.00050818,0.0059011,0.0040652,8.5855e-09
0.0020715,1.0864e-07,6.7362e-08,0,0
0.0020701,8.5549e-06,6.9787e-07,4.2784e-09,2.8053e-13
0.0020715,8.3683e-08,0,1.5625e-08,3.8522e-08
1.3976e-06,0.013378,6.1092e-05,7.7208e-08,9.182e-13
0.0020136,8.5996e-05,0.00044212,3.6098e-06,1.314e-10
0.001462,7.2331e-06,1.7227e-05,0.0016946,4.2527e-05
7.2095e-08,1.0789e-09,3.9174e-08,0.00011327,0.0044998
0.00086941,1.7273e-06,0.0069628,0.0011243,0.00028424
7.6609e-06,2.6624e-12,3.8632e-10,0,0.0045699
